# This file uses meters as units for non-parametric coordinates.

mtllib 3rdflooor.mtl
g default
v -13282.695345 0.000594 5313.077821
v -10626.156434 -0.000000 5313.077821
v -7969.617524 -0.000000 5313.077821
v -5313.077821 -0.000000 5313.077821
v -2656.538911 -0.000000 5313.077821
v 216.480079 -0.000000 5313.077821
v 2656.539900 -0.000000 5313.077821
v 5313.077821 -0.000000 5313.077821
v 7969.617524 -0.000000 5313.077821
v 10626.157226 -0.000000 5313.077821
v 13282.695345 -0.000000 5313.077821
v -13282.695345 0.000594 2656.538911
v -5313.077821 0.000594 2656.538911
v -2656.538911 0.000594 2656.538911
v 2656.539900 -0.000000 2656.538911
v 5313.077821 -0.000000 2656.538911
v 7969.617524 0.000594 2656.538911
v 2656.539900 0.000000 0.000000
v 7969.617524 0.000000 0.000000
v 2656.539900 0.000594 -2656.539900
v 7969.617524 0.000594 -2656.539900
v 216.480079 0.000594 -5313.077821
v 7969.617524 0.000594 -5313.077821
v -10626.157226 0.000594 -4769.621323
v -7969.617524 0.000000 -4758.845750
v 216.480079 0.000594 -4737.294998
v 2656.539900 0.000594 -4888.149070
v 7969.617524 0.000594 -4888.149070
v 10626.157226 0.000594 -4888.149070
v 10626.157226 0.000594 -7085.579510
v 7969.617524 0.000000 -7085.579510
v 216.480079 0.000594 -7172.655771
v -7969.617524 0.000594 -7172.655771
v -10626.156434 0.000594 -7172.655771
v -7438.309425 0.000594 -7172.655771
v -7438.309425 0.000000 -5313.077821
v -7438.309425 0.000594 -4758.845750
v -7438.309425 0.000594 -2656.539900
v -7438.309425 0.000594 0.000000
v -7438.309425 0.000594 2656.538911
v -7438.309425 -0.000000 5313.077821
v -11423.118187 0.000000 -7172.655771
v -11423.118187 0.000594 -5313.077821
v -11423.120562 0.000594 -4769.621323
v -11423.118187 0.000594 -2656.539900
v -11423.118187 0.000594 0.000000
v -11423.118187 -0.000000 2656.538911
v -11423.118187 0.000594 5313.077821
v 13282.695345 0.000594 4250.462415
v 10626.157226 0.000594 4250.462415
v 7969.617524 0.000594 4250.462415
v 5313.077821 0.000594 4469.159729
v 2656.539900 0.000594 3703.719528
v 216.480079 0.000594 4250.462415
v -2656.538911 0.000594 3946.720765
v -5313.077821 -0.000000 4379.016777
v -7438.309425 0.000594 4250.462415
v -7969.617524 0.000594 4250.462415
v -10626.157226 0.000594 4250.462415
v -11423.118187 0.000594 4250.462415
v -13282.695345 0.000594 4250.462415
v -7013.263104 0.000594 -4888.149070
v -7013.263104 0.000000 -2656.539900
v -7013.263104 0.000000 0.000000
v -7013.263104 0.000594 2656.538911
v -7013.263104 0.000594 3751.644525
v -7013.263104 -0.000000 5313.077821
v -2221.139196 0.000000 -4888.149070
v -2221.139196 0.000594 -2656.539900
v -2221.139196 0.000000 0.000000
v -2221.139196 -0.000000 2656.538911
v -2221.139196 0.000594 4250.462415
v -2221.139196 0.000594 5313.077821
v -1700.185085 0.000594 -7172.655771
v -1700.185085 0.000594 -5313.077821
v -1700.185085 0.000594 -4726.520217
v -1700.185085 0.000000 -2656.539900
v -1700.185085 0.000000 0.000000
v -1700.185085 -0.000000 2656.538911
v -1700.185085 -0.000000 4250.462415
v -1700.185085 -0.000000 5313.077821
v 2125.231802 0.000000 -7172.655771
v 2125.231802 0.000000 -5313.077821
v 2125.231802 0.000000 -4726.520217
v 2125.231802 0.000000 -2656.539900
v 2125.231802 0.000000 0.000000
v 2125.231802 -0.000000 2656.538911
v 2125.231802 -0.000000 4250.463603
v 2125.231802 0.000594 5313.077821
v 7438.309425 0.000594 -4888.149070
v 7438.309425 0.000594 -2656.539900
v 7438.309425 0.000594 0.000000
v 7438.309425 0.000594 2656.538911
v 7438.309425 0.000594 3780.263667
v 7438.309425 0.000594 5313.077821
v 12325.197696 0.000000 -4888.149070
v 12325.197696 0.000594 -2656.539900
v 12325.197696 0.000594 0.000000
v 12325.197696 0.000594 2656.538911
v 12325.197696 0.000594 4250.462415
v 12325.197696 0.000594 5313.077821
v 11741.903521 0.000594 -7085.579510
v 11741.903521 0.000594 -4888.149070
v 11741.903521 0.000000 -2656.539900
v 11741.903521 0.000000 0.000000
v 11741.903521 -0.000000 2656.538911
v 11741.903521 -0.000000 4250.462415
v 11741.903521 -0.000000 5313.077821
v -11423.120562 0.000000 -4144.201825
v -10626.157226 0.000000 -4144.201825
v -7969.617524 0.000000 -4144.201825
v -7438.309425 0.000000 -4144.201825
v -7013.263104 0.000000 -4144.201825
v -2221.139196 0.000000 -4144.201825
v -1700.185085 0.000000 -4144.201825
v 216.480079 0.000000 -4144.201825
v 2125.231802 0.000594 -4144.201825
v 2656.539900 0.000594 -4144.201825
v 7438.309425 0.000594 -4144.201825
v 7969.617524 0.000594 -4144.201825
v 10626.157226 0.000594 -4144.201825
v 11741.903521 0.000594 -4144.201825
v 12325.197696 0.000594 -4144.201825
v -3984.808366 -0.000000 5313.077821
v -3984.808366 0.000594 4379.016777
v -3984.808366 0.000594 2656.538911
v -4648.942896 0.000594 5313.077821
v -4648.942896 0.000594 4460.218944
v -4648.942896 -0.000000 2656.538911
v -3320.673638 -0.000000 2656.538911
v -3320.673638 0.000594 4233.536836
v -3320.673638 0.000594 5313.077821
v -6163.170463 0.000594 2656.538911
v -6163.170463 -0.000000 4187.134297
v -6163.170463 -0.000000 5313.077821
v -2337.754368 0.000594 5313.077821
v -2337.754368 0.000594 3769.271560
v -2337.754368 0.000594 2656.538911
v 6800.740340 -0.000000 5313.077821
v 6800.740340 -0.000000 4108.309241
v 6800.740340 -0.000000 2656.538911
v 5908.142750 -0.000000 5313.077821
v 5908.142750 -0.000000 4370.745779
v 5908.142750 -0.000000 2656.538911
v 4516.116465 -0.000000 5313.077821
v 4516.116465 -0.000000 4436.355211
v 4516.116465 -0.000000 2656.538911
v 3586.327886 -0.000000 5313.077821
v 3586.327886 -0.000000 4250.462415
v 3586.327886 -0.000000 2656.538911
v 7310.795766 -0.000000 2656.538911
v 7310.795766 -0.000000 3845.873098
v 7310.795766 -0.000000 5313.077821
v -13282.695345 -0.000000 1426.933387
v -11423.118187 -0.000000 1426.933387
v -7438.309425 -0.000000 1426.933387
v -7013.263104 -0.000000 1426.933387
v -6163.170463 -0.000000 1426.933387
v -3320.673440 -0.000000 1426.933387
v -2656.538911 -0.000000 1426.933387
v -2337.754368 -0.000000 1426.933387
v -2221.139196 -0.000000 1426.933387
v -1700.185085 -0.000000 1426.933387
v 2125.231802 -0.000000 1426.933387
v 2656.539900 -0.000000 1426.933387
v 3586.327886 -0.000000 1426.933387
v 6800.740340 -0.000000 1426.933387
v 7310.795766 -0.000000 1426.933387
v 7438.309425 -0.000000 1426.933387
v 7969.617524 0.000594 1426.933387
v 11741.903521 0.000594 1426.933387
v 12325.197696 0.000594 1426.933387
v -13282.695345 0.000594 1609.056454
v -11423.118187 0.000594 1609.056454
v -7438.309425 -0.000000 1609.056454
v -7013.263104 -0.000000 1609.056454
v -6163.170463 -0.000000 1609.056454
v -5313.077821 -0.000000 1609.056454
v -4648.942896 -0.000000 1609.056454
v -3984.808366 -0.000000 1609.056454
v -3320.673440 0.000594 1609.056454
v -2656.538911 0.000594 1609.056454
v -2337.754368 0.000594 1609.056454
v -2221.139394 -0.000000 1609.056454
v -1700.185085 -0.000000 1609.056454
v 2125.231802 -0.000000 1609.056454
v 2656.539900 -0.000000 1609.056454
v 3586.327886 -0.000000 1609.056454
v 4516.116465 0.000594 1609.056454
v 5313.077821 0.000594 1609.056454
v 5908.142750 0.000594 1609.056454
v 6800.740340 -0.000000 1609.056454
v 7310.795766 0.000594 1609.056454
v 7438.309425 0.000594 1609.056454
v 7969.617524 0.000594 1609.056454
v 11741.903521 0.000594 1609.056454
v 12325.197696 0.000594 1609.056454
v -11900.739616 -0.000000 5313.077821
v -11900.739616 -0.000000 4250.462415
v -11900.739616 -0.000000 2656.538911
v -11900.739616 -0.000000 1609.056454
v -11900.739616 -0.000000 1426.933387
v -11900.739616 0.000000 0.000000
v -11900.739616 0.000000 -2656.539900
v -11900.739616 0.000000 -4144.201825
v -11900.739616 0.000000 -4888.149070
v -741.852478 0.000594 -7172.655771
v -741.852478 0.000594 -4726.520217
v -741.852478 0.000594 -4144.201825
v -741.852478 -0.000000 4250.462415
v -741.852478 -0.000000 5313.077821
v -11900.739616 0.000000 -1328.269950
v -11423.118187 0.000000 -1328.269950
v -7438.309425 0.000000 -1328.269950
v -7013.263104 0.000000 -1328.269950
v -2221.139196 0.000000 -1328.269950
v -1700.185085 0.000000 -1328.269950
v 2125.231802 0.000594 -1328.269950
v 2656.539900 0.000594 -1328.269950
v 7438.309425 0.000594 -1328.269950
v 7969.617524 0.000000 -1328.269950
v 11741.903521 0.000594 -1328.269950
v 12325.197696 0.000594 -1328.269950
v -13282.695345 0.000594 1024.920691
v -11900.739616 0.000594 1024.920691
v -11423.118187 0.000594 1024.920592
v -7438.309425 -0.000000 1024.920592
v -7013.263104 -0.000000 1024.920592
v -2221.139196 -0.000000 1024.920592
v -1700.185085 -0.000000 1024.920592
v 2125.231802 0.000594 1024.920592
v 2656.539900 0.000594 1024.920691
v 7438.309425 0.000594 1024.920592
v 7969.617524 0.000594 1024.920691
v 11741.903521 0.000594 1024.920592
v -9878.987720 0.000594 5313.077821
v -9878.987720 0.000594 4250.462415
v -9878.987720 0.000594 -4144.201825
v -9878.987720 0.000594 -4769.621323
v -9878.987720 0.000594 -5313.077821
v -9878.987720 0.000000 -7172.655771
v -8908.091957 0.000000 -7172.654980
v -8908.091165 0.000594 -5313.077821
v -8908.091957 0.000594 -4758.845354
v -8908.091957 0.000594 -4144.201825
v -8908.091957 0.000594 4250.462415
v -8908.091165 -0.000000 5313.077821
v -197.358864 0.000000 -7172.654980
v -197.358864 0.000594 -5313.077821
v -197.358864 0.000594 -4726.520217
v -197.358864 0.000594 -4144.201825
v -197.358864 0.000594 4250.462415
v -197.358864 -0.000000 5313.077821
v 671.398621 -0.000000 5313.077821
v 671.398571 0.000594 4250.462415
v 671.398621 0.000594 -4144.201825
v 724.285217 0.000594 -4737.294998
v 724.285217 0.000000 -5313.077821
v 724.285168 0.000594 -7172.655771
v -11423.118187 0.000594 -6354.343966
v -9878.987720 0.000594 -6354.343966
v -8908.091957 0.000594 -6354.342383
v -7438.309425 0.000594 -6354.343966
v -1700.185085 0.000594 -6354.343966
v -197.358864 0.000000 -6354.342383
v 216.480079 0.000000 -6354.343966
v 724.285168 0.000594 -6354.343966
v 2125.231802 0.000594 -6354.343966
v 7969.617524 0.000594 -6354.343966
v 2217.877547 0.000594 -7172.655771
v 2217.877547 0.000000 -6354.343966
v 2217.877547 0.000000 -5313.077821
v 2217.877547 0.000594 -4843.013663
v 2217.877547 0.000594 -4144.201825
v 2217.877547 0.000594 -2656.539900
v 2217.877547 0.000000 -1328.269950
v 2217.877547 0.000594 0.000000
v 2217.877547 0.000594 1024.920691
v 2217.877547 0.000594 1426.933387
v 2217.877547 0.000594 1609.056454
v 2217.877547 0.000594 2656.538911
v 2267.980936 0.000594 4103.566500
v 2267.980936 0.000594 5313.077821
v 9474.175932 0.000594 5313.077821
v 9474.175932 0.000594 4250.462415
v 9474.175932 0.000594 -4144.201825
v 9474.175932 0.000594 -4888.149070
v 9474.175932 0.000594 -5313.077821
v 9474.175932 0.000594 -6354.343966
v 9474.175932 0.000594 -7085.579510
v 10401.920316 0.000594 -7085.579510
v 10401.920316 0.000594 -6354.343966
v 10401.920316 0.000594 -5313.077821
v 10401.920316 0.000594 -4888.148674
v 10401.920316 0.000594 -4144.201825
v 10401.920316 0.000594 4250.462415
v 10401.920316 0.000594 5313.077821
v 11906.582438 0.000594 -7085.579510
v 11906.582438 0.000594 -6354.343966
v 11906.582438 0.000594 -5313.077821
v 11906.582438 0.000000 -4888.149070
v 11906.582438 0.000594 -4144.201825
v 11906.582438 0.000594 -2656.539900
v 11906.582438 0.000594 -1328.269950
v 11906.582438 0.000594 0.000000
v -7013.263104 0.000594 3423.112841
v -6163.170463 0.000594 3425.356944
v -5313.077821 0.000594 3427.599068
v -4648.942896 0.000594 3429.352706
v -3984.808366 0.000594 3431.105949
v -3320.673440 0.000594 3432.858399
v -2656.538911 0.000594 3434.609663
v -2337.754368 0.000594 3435.451647
v 2656.539900 -0.000000 3494.283246
v 3586.327490 -0.000000 3493.242147
v 4516.116465 0.000594 3492.201840
v 5313.077821 0.000594 3491.308790
v 5908.142750 0.000594 3490.643358
v 6800.740340 0.000594 3489.643032
v 7310.795766 0.000594 3489.072604
v 13282.695345 0.000594 3294.108986
v 12325.197696 0.000594 3294.108986
v 2125.231802 0.000594 -4843.831500
v 2217.877547 0.000594 -4727.873250
v 11909.351049 0.000594 1426.933387
v 11909.703360 0.000594 1609.056454
v 11911.736473 0.000594 2656.538911
v 11912.096701 0.000594 2842.568870
v 11914.830477 0.000594 4250.462415
v 11916.892090 0.000594 5313.077821
v -11423.118187 300.000646 0.000000
v -11423.118187 300.000646 1024.920592
v -10626.157226 300.000646 1024.920691
v -10626.156434 300.000646 0.000000
v -9878.987720 300.000646 1024.920691
v -9878.987720 300.000646 0.000000
v -11423.118187 300.000003 -2656.539900
v -11423.118187 300.000646 -1328.269950
v -10626.156434 300.000646 -1328.269950
v -10626.156434 300.000646 -2656.539900
v -9878.987720 300.000646 -1328.269950
v -9878.987720 300.000646 -2656.539900
v -7969.617524 300.000003 -1328.269950
v -7438.309425 300.000003 -1328.269950
v -7438.309425 300.000003 -2656.539900
v -7969.617524 300.000003 -2656.539900
v -7969.617524 300.000003 1024.920691
v -7438.309425 300.000003 1024.920592
v -7438.309425 300.000003 0.000000
v -7969.617524 300.000003 0.000000
v -7438.309425 300.000003 4250.462415
v -7969.617524 300.000003 4250.462415
v -7438.309425 300.000003 2656.538911
v -7969.617524 300.000003 2656.538911
v -9878.987720 300.000003 4250.462415
v -10626.157226 300.000003 4250.462415
v -9878.987720 300.000003 2656.538911
v -10626.156434 300.000646 2656.538911
v -11423.118187 300.000646 2656.538911
v -11423.118187 300.000646 4250.462415
v -11423.120562 300.000646 -4144.201825
v -10626.157226 300.000646 -4144.201825
v -9878.987720 300.000646 -4144.201825
v -7438.309425 300.000646 -4144.201825
v -7969.617524 300.000646 -4144.201825
v -11423.118187 300.000646 1426.933387
v -10626.156434 300.000646 1426.933387
v -11423.118187 300.000646 1609.056454
v -10626.156434 300.000646 1609.056454
v -9878.987720 300.000646 1609.056454
v -9878.987720 300.000646 1426.933288
v -7969.617524 300.000646 1609.056454
v -7438.309425 300.000646 1609.056454
v -7438.309425 300.000646 1426.933387
v -7969.617524 300.000646 1426.933387
v -8908.091165 300.000646 2656.538911
v -8908.091957 300.000646 4250.462415
v -8908.091165 300.000646 1609.056454
v -8908.091165 300.000646 1426.933387
v -8908.091957 300.000646 1024.920691
v -8908.091165 300.000646 0.000000
v -8908.091165 300.000646 -1328.269950
v -8908.091165 300.000646 -2656.539900
v -8908.091957 300.000003 -4144.201825
v -197.358864 300.000646 0.000000
v -197.358864 300.000646 1024.920691
v 216.480079 300.000646 1024.920691
v 216.480079 300.000646 0.000000
v -197.358864 300.000003 -2656.539900
v -197.358864 300.000003 -1328.269950
v 216.480079 300.000003 -1328.269950
v 216.480079 300.000003 -2656.539900
v -197.358864 300.000003 2656.538911
v -197.358864 300.000003 4250.462415
v 216.480079 300.000003 4250.462415
v 216.480079 300.000003 2656.538911
v 671.398621 300.000003 -1328.269950
v 671.398621 300.000003 -2656.539900
v 671.398621 300.000003 1024.920691
v 671.398621 300.000003 0.000000
v 671.398571 300.000003 4250.462415
v 671.398621 300.000003 2656.538911
v -197.358864 300.000003 -4144.201825
v 216.480079 300.000003 -4144.201825
v 671.398621 300.000003 -4144.201825
v -197.358864 300.000003 1426.933387
v 216.480079 300.000003 1426.933387
v -197.358864 300.000003 1609.056454
v 216.480079 300.000003 1609.056454
v 671.398621 300.000646 1609.056454
v 671.398621 300.000003 1426.933387
v -741.852478 300.000003 -4144.201825
v -741.852478 300.000003 -2656.539900
v -1700.185085 300.000003 -4144.201825
v -1700.185085 300.000003 -2656.539900
v -1700.185085 300.000003 -1328.269950
v -741.852478 300.000003 -1328.269950
v -1700.185085 300.000003 0.000000
v -1700.185085 300.000003 1024.920592
v -741.852478 300.000003 1024.920592
v -741.852478 300.000003 0.000000
v -741.852478 300.000003 1426.933387
v -741.852478 300.000003 1609.056454
v -1700.185085 300.000003 1426.933387
v -1700.185085 300.000003 1609.056454
v -741.852478 300.000003 2656.538911
v -1700.185085 300.000003 2656.538911
v -1700.185085 300.000027 4250.462415
v -741.852478 300.000003 4250.462415
v 2125.231802 300.000003 4250.463603
v 2125.231802 300.000003 2656.538911
v 2125.231802 300.000003 1609.056454
v 2125.231802 300.000003 1426.933387
v 2125.231802 300.000003 1024.920592
v 2125.231802 300.000003 0.000000
v 2125.231802 300.000027 -1328.269950
v 2125.231802 300.000003 -2656.539900
v 2125.231802 300.000003 -4144.201825
v 7969.617524 300.000003 1024.920691
v 9474.175932 300.000003 1024.920691
v 9474.175932 300.000003 0.000000
v 7969.617524 300.000003 0.000000
v 7969.617524 300.000003 -1328.269950
v 9474.175932 300.000003 -1328.269950
v 9474.175932 300.000003 -2656.539900
v 7969.617524 300.000003 -2656.539900
v 9474.175932 300.000003 4250.462415
v 7969.617524 300.000003 4250.462415
v 9474.175932 300.000003 2656.538911
v 7969.617524 300.000003 2656.538911
v 10626.157226 300.000003 -1328.269950
v 11741.903521 300.000003 -1328.269950
v 11741.903521 300.000003 -2656.539900
v 10626.157226 300.000003 -2656.539900
v 10626.157226 300.000003 1024.920691
v 11741.903521 300.000003 1024.920592
v 11741.903521 300.000003 0.000000
v 10626.157226 300.000003 0.000000
v 11741.903521 300.000003 4250.462415
v 10626.157226 300.000003 4250.462415
v 11741.903521 300.000003 2656.538911
v 10626.157226 300.000003 2656.538911
v 9474.175932 300.000003 -4144.201825
v 7969.617524 300.000003 -4144.201825
v 11741.903521 300.000003 -4144.201825
v 10626.157226 300.000003 -4144.201825
v 7969.617524 300.000003 1609.056454
v 9474.175932 300.000003 1609.056454
v 9474.175932 300.000003 1426.933387
v 7969.617524 300.000003 1426.933387
v 10626.157226 300.000003 1609.056454
v 11741.903521 300.000003 1609.056454
v 11741.903521 300.000003 1426.933387
v 10626.157226 300.000003 1426.933387
v 10401.920316 300.000003 2656.538911
v 10401.920316 300.000003 4250.462415
v 10401.920316 300.000003 1609.056454
v 10401.920316 300.000003 1426.933387
v 10401.920316 300.000003 1024.920691
v 10401.920316 300.000003 0.000000
v 10401.920316 300.000003 -1328.269950
v 10401.920316 300.000003 -2656.539900
v 10401.920316 300.000003 -4144.201825
v -11423.118187 300.000003 -5313.077821
v -11423.120562 300.000027 -4769.621323
v -10626.157226 300.000003 -4769.621323
v -10626.156434 300.000003 -5313.077821
v -9878.987720 300.000003 -4769.621323
v -9878.987720 300.000003 -5313.077821
v -11423.118187 300.000003 -7172.655771
v -11423.118187 300.000003 -6354.343966
v -10626.156434 300.000003 -6354.343966
v -10626.156434 300.000003 -7172.655771
v -9878.987720 300.000003 -6354.343966
v -9878.987720 300.000003 -7172.655771
v 7969.617524 300.000003 -4888.149070
v 9474.175932 300.000003 -4888.149070
v 9474.175932 300.000003 -5313.077821
v 7969.617524 300.000003 -5313.077821
v 7969.617524 300.000003 -6354.343966
v 9474.175932 300.000003 -6354.343966
v 9474.175932 300.000003 -7085.579510
v 7969.617524 300.000003 -7085.579510
v -7969.617524 300.000003 -6354.343966
v -7438.309425 300.000003 -6354.343966
v -7438.309425 300.000003 -7172.655771
v -7969.617524 300.000003 -7172.655771
v -7969.617524 300.000003 -4758.845750
v -7438.309425 300.000003 -4758.845750
v -7438.309425 300.000003 -5313.077821
v -7969.617524 300.000003 -5313.077821
v -8908.091165 300.000003 -5313.077821
v -8908.091957 300.000003 -4758.845354
v -8908.091957 300.000027 -7172.654980
v -8908.091957 300.000003 -6354.342383
v -13282.695345 300.000003 5313.077821
v -11900.739616 300.000003 5313.077821
v -11900.739616 300.000003 4250.462415
v -13282.695345 300.000003 4250.462415
v -11900.739616 300.000003 2656.538911
v -13282.695345 300.000003 2656.538911
v -13282.695345 300.000003 1609.056454
v -11900.739616 300.000003 1609.056454
v -11900.739616 300.000003 1426.933387
v -13282.695345 300.000003 1426.933387
v -11900.739616 300.000003 1024.920691
v -13282.695345 300.000003 1024.920691
v 10626.157226 300.000003 -6354.343966
v 11741.903521 300.000003 -6354.343966
v 11741.903521 300.000003 -7085.579510
v 10626.157226 300.000003 -7085.579510
v 10626.157226 300.000027 -4888.149070
v 11741.903521 300.000003 -4888.149070
v 11741.903521 300.000003 -5313.077821
v 10626.157226 300.000003 -5313.077821
v 10401.920316 300.000027 -5313.077821
v 10401.920316 300.000027 -4888.148674
v 10401.920316 300.000003 -6354.343966
v 10401.920316 300.000003 -7085.579510
v 11906.582438 300.000003 -6354.343966
v 11906.582438 300.000027 -7085.579510
v 11906.582438 300.000003 -5313.077821
v 11906.582438 300.000003 -4888.149070
v -1700.185085 300.000003 -7172.655771
v -1700.185085 300.000003 -6354.343966
v -741.852478 300.000003 -6354.343966
v -741.852478 300.000003 -7172.655771
v -1700.185085 300.000003 -5313.077821
v -1700.185085 300.000003 -4726.520217
v -741.852478 300.000003 -4726.520217
v -741.852478 300.000003 -5313.077821
v -197.358864 300.000003 -6354.342383
v -197.358864 300.000003 -7172.654980
v -197.358864 300.000003 -4726.520217
v -197.358864 300.000003 -5313.077821
v 724.285217 300.000003 -4737.294998
v 724.285217 300.000003 -5313.077821
v 2125.231802 300.000003 -4726.520217
v 2125.231802 300.000003 -4843.831500
v 2125.231802 300.000003 -5313.077821
v 724.285168 300.000003 -6354.343966
v 724.285168 300.000003 -7172.655771
v 2125.231802 300.000003 -6354.343966
v 2125.231802 300.000003 -7172.655771
v -10626.156434 300.000200 5313.077821
v -9878.987720 300.000448 5313.077821
v -7969.617524 300.000003 5313.077821
v -7438.309425 300.000003 5313.077821
v -5313.077821 300.000003 5313.077821
v -4648.942896 300.000225 5313.077821
v -2656.538911 300.000003 5313.077821
v -2337.754368 300.000225 5313.077821
v 216.480079 300.000003 5313.077821
v 671.398621 300.000003 5313.077821
v 2656.539900 300.000003 5313.077821
v 3586.327886 300.000003 5313.077821
v 5313.077821 300.000003 5313.077821
v 5908.142750 300.000003 5313.077821
v 7969.617524 300.000003 5313.077821
v 9474.175932 300.000225 5313.077821
v 10626.157226 300.000003 5313.077821
v 11741.903521 300.000003 5313.077821
v 13282.695345 300.000003 5313.077821
v 13282.695345 300.000225 4250.462415
v -13582.694977 0.000198 2656.538911
v -13582.694977 0.000198 1609.056454
v 2656.539900 300.000003 -0.000007
v 2656.539900 300.000225 -1328.269950
v 2656.539900 300.000225 -2656.539900
v 2656.539900 300.000225 -4144.201825
v -7438.309425 300.000225 -4758.845750
v -7013.263104 300.000225 -4888.149070
v -7013.263104 300.000003 5313.077821
v -11423.118187 300.000225 5313.077821
v 13282.695345 300.000225 3294.108986
v -6163.170463 300.000003 5313.077821
v -7013.263104 300.000003 -4144.201825
v -7013.263104 300.000003 -2656.539900
v -7013.263104 300.000003 -1328.269950
v -7013.263104 300.000003 0.000000
v -7013.263104 300.000003 1024.920592
v -2221.139196 300.000003 -4888.149070
v -1700.185283 300.000225 -4726.520217
v -2221.139196 300.000225 5313.077821
v -1700.185085 300.000003 5313.077821
v -2221.139196 300.000003 -4144.201825
v -2221.139196 300.000225 -2656.539900
v -2221.139196 300.000003 -1328.269950
v -2221.139196 300.000003 0.000000
v -2221.139196 300.000003 1024.920592
v 2125.231802 300.000225 5313.077821
v 2267.980936 300.000225 5313.077821
v 7438.309425 300.000225 -4888.149070
v 7969.617524 300.000225 -4888.149070
v 7438.309425 300.000225 5313.077821
v 7438.309425 300.000225 -4144.201825
v 7438.309425 300.000225 -2656.539900
v 7438.309425 300.000225 -1328.269950
v 7438.309425 300.000225 0.000000
v 7438.309425 300.000225 1024.920691
v 12325.197696 300.000225 5313.077821
v 11916.892090 300.000225 5313.077821
v 2656.539900 300.000225 -4888.149070
v -3984.808366 300.000003 5313.077821
v -3320.673638 300.000250 5313.077821
v 6800.740340 300.000003 5313.077821
v 7310.795766 300.000003 5313.077821
v 4516.116465 300.000003 5313.077821
v -6163.170463 300.000003 1426.933387
v -6163.170463 300.000003 1609.056454
v -3320.673440 300.000003 1426.933288
v -3320.673440 300.000225 1609.056454
v 2656.539900 300.000003 1426.933486
v 2656.539900 300.000225 1024.920790
v -7013.263104 300.000003 1426.933387
v -2656.538911 300.000003 1426.933288
v -2337.754368 300.000003 1426.933288
v -2221.139196 300.000003 1426.933288
v 3586.327886 300.000003 1426.933387
v 6800.740340 300.000003 1426.933288
v 7310.795766 300.000003 1426.933288
v 7438.309425 300.000003 1426.933387
v 3586.327886 300.000003 1609.056454
v 6800.740340 300.000003 1609.056454
v -5313.077821 300.000003 1609.056454
v -4648.942896 300.000003 1609.056454
v -3984.808366 300.000003 1609.056454
v 4516.116465 300.000225 1609.056454
v 5313.077821 300.000225 1609.056454
v 5908.142750 300.000225 1609.056454
v -11900.739616 300.000027 5313.077821
v -11900.739616 300.000003 -4888.149070
v -11423.120562 300.000225 -4769.621323
v -11900.739616 300.000003 -0.000029
v -11900.739616 300.000003 -1328.269950
v -11900.739616 300.000003 -2656.539900
v -11900.739616 300.000003 -4144.201825
v -741.852478 300.000003 5313.077821
v -197.358864 300.000003 5313.077821
v -11900.739616 300.000225 1024.920691
v 12325.197696 300.000003 -4888.149070
v 12325.197696 300.000225 -4144.201825
v 12325.197696 300.000225 -2656.539900
v 12325.197696 300.000225 -1328.269950
v 12325.197696 300.000225 -0.000000
v 12325.197696 300.000225 1426.933387
v 12325.197696 300.000225 1609.056454
v 12325.197696 300.000225 2656.538911
v 12325.197696 300.000225 3294.108986
v -8908.091165 300.000003 5313.077821
v 2217.877547 300.000151 -4843.013663
v 10401.920316 300.000225 5313.077821
v 11906.582438 300.000003 -4888.149070
v 2656.539900 120.000204 3703.719528
v 2656.539900 120.000006 3494.283246
v 5313.077821 120.000204 4469.159729
v 4516.116465 119.999994 4436.355211
v -2656.538911 120.000204 3946.720765
v -3320.673638 120.000204 4233.536836
v -5313.077821 119.999994 4379.016777
v -6163.170463 120.000006 4187.134297
v -3984.808366 120.000204 4379.016777
v -4648.942896 120.000192 4460.218944
v -7013.263104 120.000204 3751.644525
v -2337.754368 120.000204 3769.271560
v -2337.754368 120.000192 3435.451647
v 6800.740340 120.000006 4108.309241
v 5908.142750 120.000006 4370.745779
v 3586.327886 119.999994 4250.462415
v 7310.795766 120.000006 3845.873098
v -7013.263104 120.000204 3423.112841
v -6163.170463 120.000192 3425.356944
v -5313.077821 120.000192 3427.599068
v -4648.942896 120.000204 3429.352706
v -3984.808366 120.000204 3431.105949
v -3320.673440 120.000204 3432.858399
v -2656.538911 120.000192 3434.609663
v 7310.795766 120.000204 3489.072604
v 3586.327490 119.999994 3493.242147
v 4516.116465 120.000192 3492.201840
v 5313.077821 120.000192 3491.308790
v 5908.142750 120.000192 3490.643358
v 6800.740340 120.000192 3489.643032
v 216.480079 300.000225 -4737.294998
v 724.285217 300.000225 -4737.294998
v 216.480030 300.000225 -7172.655771
v -197.359000 300.000003 -7172.654980
v -9878.987720 300.000225 -4769.621323
v -8908.091957 300.000225 -4758.845354
v -8908.091957 300.000003 -7172.654980
v -9878.987720 300.000003 -7172.655771
v -197.358864 300.000225 -4726.520217
v 724.285168 300.000225 -7172.655771
v 9474.175932 300.000225 -4888.149070
v 10401.920316 300.000225 -4888.148674
v 10401.920316 300.000225 -7085.579510
v 9474.175932 300.000225 -7085.579510
v -1700.185085 300.000003 5313.077821
v -741.852478 300.000003 5313.077821
vt 0.000000 0.300000
vt 0.100000 0.300000
vt 0.200000 0.300000
vt 0.300000 0.300000
vt 0.400000 0.300000
vt 0.500000 0.300000
vt 0.600000 0.300000
vt 0.700000 0.300000
vt 0.800000 0.300000
vt 0.900000 0.300000
vt 1.000000 0.300000
vt 0.000000 0.400000
vt 0.100000 0.400000
vt 0.200000 0.400000
vt 0.300000 0.400000
vt 0.400000 0.400000
vt 0.500000 0.400000
vt 0.600000 0.400000
vt 0.700000 0.400000
vt 0.800000 0.400000
vt 0.900000 0.400000
vt 0.100000 0.500000
vt 0.200000 0.500000
vt 0.500000 0.500000
vt 0.600000 0.500000
vt 0.800000 0.500000
vt 0.900000 0.500000
vt 0.100000 0.600000
vt 0.200000 0.600000
vt 0.500000 0.600000
vt 0.600000 0.600000
vt 0.800000 0.600000
vt 0.900000 0.600000
vt 0.100000 0.700000
vt 0.200000 0.700000
vt 0.500000 0.700000
vt 0.800000 0.700000
vt 0.900000 0.700000
vt 0.100000 0.680000
vt 0.200000 0.680000
vt 0.500000 0.680000
vt 0.600000 0.680000
vt 0.800000 0.680000
vt 0.900000 0.680000
vt 0.900000 0.770000
vt 0.800000 0.770000
vt 0.500000 0.770000
vt 0.200000 0.770000
vt 0.100000 0.770000
vt 0.220000 0.770000
vt 0.220000 0.700000
vt 0.220000 0.680000
vt 0.220000 0.600000
vt 0.220000 0.500000
vt 0.220000 0.400000
vt 0.220000 0.300000
vt 0.070000 0.770000
vt 0.070000 0.700000
vt 0.070000 0.680000
vt 0.070000 0.600000
vt 0.070000 0.500000
vt 0.070000 0.400000
vt 0.070000 0.300000
vt 1.000000 0.340000
vt 0.900000 0.340000
vt 0.800000 0.340000
vt 0.700000 0.340000
vt 0.600000 0.340000
vt 0.500000 0.340000
vt 0.400000 0.340000
vt 0.300000 0.340000
vt 0.220000 0.340000
vt 0.200000 0.340000
vt 0.100000 0.340000
vt 0.070000 0.340000
vt 0.000000 0.340000
vt 0.236000 0.680000
vt 0.236000 0.600000
vt 0.236000 0.500000
vt 0.236000 0.400000
vt 0.236000 0.340000
vt 0.236000 0.300000
vt 0.420000 0.680000
vt 0.420000 0.600000
vt 0.420000 0.500000
vt 0.420000 0.400000
vt 0.420000 0.340000
vt 0.420000 0.300000
vt 0.436000 0.770000
vt 0.436000 0.700000
vt 0.436000 0.680000
vt 0.436000 0.600000
vt 0.436000 0.500000
vt 0.436000 0.400000
vt 0.436000 0.340000
vt 0.436000 0.300000
vt 0.580000 0.770000
vt 0.580000 0.700000
vt 0.580000 0.680000
vt 0.580000 0.600000
vt 0.580000 0.500000
vt 0.580000 0.400000
vt 0.580000 0.340000
vt 0.580000 0.300000
vt 0.780000 0.680000
vt 0.780000 0.600000
vt 0.780000 0.500000
vt 0.780000 0.400000
vt 0.780000 0.340000
vt 0.780000 0.300000
vt 0.970000 0.680000
vt 0.970000 0.600000
vt 0.970000 0.500000
vt 0.970000 0.400000
vt 0.970000 0.340000
vt 0.970000 0.300000
vt 0.942000 0.770000
vt 0.942000 0.700000
vt 0.942000 0.680000
vt 0.942000 0.600000
vt 0.942000 0.500000
vt 0.942000 0.400000
vt 0.942000 0.340000
vt 0.942000 0.300000
vt 0.070000 0.656000
vt 0.100000 0.656000
vt 0.200000 0.656000
vt 0.220000 0.656000
vt 0.236000 0.656000
vt 0.420000 0.656000
vt 0.436000 0.656000
vt 0.500000 0.656000
vt 0.580000 0.656000
vt 0.600000 0.656000
vt 0.780000 0.656000
vt 0.800000 0.656000
vt 0.900000 0.656000
vt 0.942000 0.656000
vt 0.970000 0.656000
vt 0.350000 0.300000
vt 0.350000 0.340000
vt 0.350000 0.400000
vt 0.325000 0.300000
vt 0.325000 0.340000
vt 0.325000 0.400000
vt 0.375000 0.400000
vt 0.375000 0.340000
vt 0.375000 0.300000
vt 0.268000 0.400000
vt 0.268000 0.340000
vt 0.268000 0.300000
vt 0.412000 0.300000
vt 0.412000 0.340000
vt 0.412000 0.400000
vt 0.756000 0.300000
vt 0.756000 0.340000
vt 0.756000 0.400000
vt 0.722400 0.300000
vt 0.722400 0.340000
vt 0.722400 0.400000
vt 0.670000 0.300000
vt 0.670000 0.340000
vt 0.670000 0.400000
vt 0.635000 0.300000
vt 0.635000 0.340000
vt 0.635000 0.400000
vt 0.775200 0.400000
vt 0.775200 0.340000
vt 0.775200 0.300000
vt 0.000000 0.446286
vt 0.070000 0.446286
vt 0.100000 0.446286
vt 0.200000 0.446286
vt 0.220000 0.446286
vt 0.236000 0.446286
vt 0.268000 0.446286
vt 0.375000 0.446286
vt 0.400000 0.446286
vt 0.412000 0.446286
vt 0.420000 0.446286
vt 0.436000 0.446286
vt 0.500000 0.446286
vt 0.580000 0.446286
vt 0.600000 0.446286
vt 0.635000 0.446286
vt 0.756000 0.446286
vt 0.775200 0.446286
vt 0.780000 0.446286
vt 0.800000 0.446286
vt 0.900000 0.446286
vt 0.942000 0.446286
vt 0.970000 0.446286
vt 0.000000 0.439430
vt 0.070000 0.439430
vt 0.100000 0.439430
vt 0.200000 0.439430
vt 0.220000 0.439430
vt 0.236000 0.439430
vt 0.268000 0.439430
vt 0.300000 0.439430
vt 0.325000 0.439430
vt 0.350000 0.439430
vt 0.375000 0.439430
vt 0.400000 0.439430
vt 0.412000 0.439430
vt 0.420000 0.439430
vt 0.436000 0.439430
vt 0.500000 0.439430
vt 0.580000 0.439430
vt 0.600000 0.439430
vt 0.635000 0.439430
vt 0.670000 0.439430
vt 0.700000 0.439430
vt 0.722400 0.439430
vt 0.756000 0.439430
vt 0.775200 0.439430
vt 0.780000 0.439430
vt 0.800000 0.439430
vt 0.900000 0.439430
vt 0.942000 0.439430
vt 0.970000 0.439430
vt 0.052021 0.300000
vt 0.052021 0.340000
vt 0.052021 0.400000
vt 0.052021 0.439430
vt 0.052021 0.446286
vt 0.052021 0.500000
vt 0.052021 0.600000
vt 0.052021 0.656000
vt 0.052021 0.680000
vt 0.468000 0.770000
vt 0.468000 0.700000
vt 0.468000 0.680000
vt 0.468000 0.656000
vt 0.468000 0.600000
vt 0.468000 0.500000
vt 0.468000 0.446286
vt 0.468000 0.439430
vt 0.468000 0.400000
vt 0.468000 0.340000
vt 0.468000 0.300000
vt 0.052021 0.550000
vt 0.070000 0.550000
vt 0.100000 0.550000
vt 0.200000 0.550000
vt 0.220000 0.550000
vt 0.236000 0.550000
vt 0.420000 0.550000
vt 0.436000 0.550000
vt 0.468000 0.550000
vt 0.500000 0.550000
vt 0.580000 0.550000
vt 0.600000 0.550000
vt 0.780000 0.550000
vt 0.800000 0.550000
vt 0.900000 0.550000
vt 0.942000 0.550000
vt 0.970000 0.550000
vt 0.000000 0.461419
vt 0.052021 0.461419
vt 0.070000 0.461419
vt 0.100000 0.461419
vt 0.200000 0.461419
vt 0.220000 0.461419
vt 0.236000 0.461419
vt 0.420000 0.461419
vt 0.436000 0.461419
vt 0.468000 0.461419
vt 0.500000 0.461419
vt 0.580000 0.461419
vt 0.600000 0.461419
vt 0.780000 0.461419
vt 0.800000 0.461419
vt 0.900000 0.461419
vt 0.942000 0.461419
vt 0.128126 0.300000
vt 0.128126 0.340000
vt 0.128126 0.400000
vt 0.128126 0.439430
vt 0.128126 0.446286
vt 0.128126 0.461419
vt 0.128126 0.500000
vt 0.128126 0.550000
vt 0.128126 0.600000
vt 0.128126 0.656000
vt 0.128126 0.680000
vt 0.128126 0.700000
vt 0.128126 0.770000
vt 0.164673 0.770000
vt 0.164673 0.700000
vt 0.164673 0.680000
vt 0.164673 0.656000
vt 0.164673 0.600000
vt 0.164673 0.550000
vt 0.164673 0.500000
vt 0.164673 0.461419
vt 0.164673 0.446286
vt 0.164673 0.439430
vt 0.164673 0.400000
vt 0.164673 0.340000
vt 0.164673 0.300000
vt 0.487814 0.770000
vt 0.487814 0.700000
vt 0.487814 0.680000
vt 0.487814 0.656000
vt 0.487814 0.600000
vt 0.487814 0.550000
vt 0.487814 0.500000
vt 0.487814 0.461419
vt 0.487814 0.446286
vt 0.487814 0.439430
vt 0.487814 0.400000
vt 0.487814 0.340000
vt 0.487814 0.300000
vt 0.519067 0.300000
vt 0.519067 0.340000
vt 0.519067 0.400000
vt 0.519067 0.439430
vt 0.519067 0.446286
vt 0.519067 0.461419
vt 0.519067 0.500000
vt 0.519067 0.550000
vt 0.519067 0.600000
vt 0.519067 0.656000
vt 0.519067 0.680000
vt 0.519067 0.700000
vt 0.519067 0.770000
vt 0.070000 0.739196
vt 0.100000 0.739196
vt 0.128126 0.739196
vt 0.164673 0.739196
vt 0.200000 0.739196
vt 0.220000 0.739196
vt 0.436000 0.739196
vt 0.468000 0.739196
vt 0.487814 0.739196
vt 0.500000 0.739196
vt 0.519067 0.739196
vt 0.580000 0.739196
vt 0.800000 0.739196
vt 0.900000 0.739196
vt 0.942000 0.739196
vt 0.585374 0.770000
vt 0.585374 0.739196
vt 0.585374 0.700000
vt 0.585374 0.682000
vt 0.585374 0.656000
vt 0.585374 0.600000
vt 0.585374 0.550000
vt 0.585374 0.500000
vt 0.585374 0.461419
vt 0.585374 0.446286
vt 0.585374 0.439430
vt 0.585374 0.400000
vt 0.585374 0.340000
vt 0.585374 0.300000
vt 0.856636 0.300000
vt 0.856636 0.340000
vt 0.856636 0.400000
vt 0.856636 0.439430
vt 0.856636 0.446286
vt 0.856636 0.461419
vt 0.856636 0.500000
vt 0.856636 0.550000
vt 0.856636 0.600000
vt 0.856636 0.656000
vt 0.856636 0.680000
vt 0.856636 0.700000
vt 0.856636 0.739196
vt 0.856636 0.770000
vt 0.891559 0.770000
vt 0.891559 0.739196
vt 0.891559 0.700000
vt 0.891559 0.680000
vt 0.891559 0.656000
vt 0.891559 0.600000
vt 0.891559 0.550000
vt 0.891559 0.500000
vt 0.891559 0.461419
vt 0.891559 0.446286
vt 0.891559 0.439430
vt 0.891559 0.400000
vt 0.891559 0.340000
vt 0.891559 0.300000
vt 0.951210 0.770000
vt 0.951210 0.739196
vt 0.951210 0.700000
vt 0.951210 0.680000
vt 0.951210 0.656000
vt 0.951210 0.600000
vt 0.951210 0.550000
vt 0.951210 0.500000
vt 0.236000 0.358000
vt 0.268000 0.369862
vt 0.300000 0.373141
vt 0.325000 0.374292
vt 0.350000 0.373019
vt 0.375000 0.370463
vt 0.400000 0.363816
vt 0.412000 0.358000
vt 0.600000 0.352000
vt 0.635000 0.368504
vt 0.670000 0.371829
vt 0.700000 0.372368
vt 0.722400 0.370805
vt 0.756000 0.365569
vt 0.775200 0.358000
vt 1.000000 0.376000
vt 0.970000 0.376000
vt 0.580000 0.684000
vt 0.585374 0.677716
vt 0.950038 0.446286
vt 0.950055 0.439430
vt 0.950153 0.400000
vt 0.950170 0.392997
vt 0.950301 0.340000
vt 0.950400 0.300000
vt 0.070000 0.500000
vt 0.070000 0.461419
vt 0.800000 0.500000
vt 0.800000 0.461419
vt 0.070000 0.600000
vt 0.070000 0.550000
vt 0.800000 0.600000
vt 0.800000 0.550000
vt 0.070000 0.700000
vt 0.070000 0.680000
vt 0.100000 0.680000
vt 0.128126 0.680000
vt 0.128126 0.700000
vt 0.800000 0.680000
vt 0.856636 0.680000
vt 0.856636 0.700000
vt 0.800000 0.700000
vt 0.070000 0.770000
vt 0.070000 0.739196
vt 0.100000 0.770000
vt 0.128126 0.739196
vt 0.128126 0.770000
vt 0.856636 0.739196
vt 0.856636 0.770000
vt 0.800000 0.770000
vt 0.800000 0.739196
vt 0.220000 0.739196
vt 0.220000 0.770000
vt 0.200000 0.770000
vt 0.200000 0.680000
vt 0.220000 0.680000
vt 0.220000 0.700000
vt 0.220000 0.550000
vt 0.220000 0.600000
vt 0.220000 0.461419
vt 0.220000 0.500000
vt 0.000000 0.300000
vt 0.052021 0.300000
vt 0.052021 0.340000
vt 0.000000 0.340000
vt 0.800000 0.340000
vt 0.856636 0.340000
vt 0.800000 0.400000
vt 0.487814 0.340000
vt 0.500000 0.340000
vt 0.200000 0.340000
vt 0.220000 0.340000
vt 0.220000 0.400000
vt 0.100000 0.340000
vt 0.128126 0.340000
vt 0.070000 0.400000
vt 0.070000 0.340000
vt 0.052021 0.400000
vt 0.000000 0.400000
vt 0.519067 0.340000
vt 0.942000 0.770000
vt 0.900000 0.770000
vt 0.900000 0.680000
vt 0.942000 0.680000
vt 0.942000 0.550000
vt 0.942000 0.600000
vt 0.942000 0.461419
vt 0.942000 0.500000
vt 0.900000 0.340000
vt 0.942000 0.340000
vt 0.942000 0.400000
vt 0.100000 0.656000
vt 0.070000 0.656000
vt 0.128126 0.656000
vt 0.220000 0.656000
vt 0.200000 0.656000
vt 0.500000 0.656000
vt 0.487814 0.656000
vt 0.519067 0.656000
vt 0.856636 0.656000
vt 0.800000 0.656000
vt 0.942000 0.656000
vt 0.900000 0.656000
vt 0.052021 0.439430
vt 0.052021 0.446286
vt 0.000000 0.446286
vt 0.000000 0.439430
vt 0.070000 0.446286
vt 0.070000 0.439430
vt 0.220000 0.439430
vt 0.220000 0.446286
vt 0.800000 0.446286
vt 0.800000 0.439430
vt 0.942000 0.439430
vt 0.942000 0.446286
vt 0.436000 0.770000
vt 0.436000 0.739196
vt 0.468000 0.770000
vt 0.436000 0.700000
vt 0.436000 0.680000
vt 0.468000 0.680000
vt 0.468000 0.656000
vt 0.436000 0.656000
vt 0.436000 0.600000
vt 0.436000 0.550000
vt 0.436000 0.500000
vt 0.436000 0.461419
vt 0.436000 0.446286
vt 0.436000 0.439430
vt 0.436000 0.400000
vt 0.436000 0.340000
vt 0.468000 0.340000
vt 0.052021 0.461419
vt 0.000000 0.461419
vt 0.164673 0.340000
vt 0.164673 0.656000
vt 0.164673 0.700000
vt 0.164673 0.680000
vt 0.164673 0.770000
vt 0.164673 0.739196
vt 0.487814 0.739196
vt 0.487814 0.770000
vt 0.487814 0.680000
vt 0.487814 0.700000
vt 0.580000 0.340000
vt 0.580000 0.400000
vt 0.580000 0.439430
vt 0.580000 0.446286
vt 0.580000 0.461419
vt 0.580000 0.500000
vt 0.580000 0.550000
vt 0.580000 0.600000
vt 0.580000 0.656000
vt 0.519067 0.700000
vt 0.519067 0.680000
vt 0.580000 0.680000
vt 0.580000 0.684000
vt 0.580000 0.700000
vt 0.519067 0.770000
vt 0.519067 0.739196
vt 0.580000 0.739196
vt 0.580000 0.770000
vt 0.891559 0.340000
vt 0.891559 0.656000
vt 0.891559 0.700000
vt 0.891559 0.680000
vt 0.891559 0.739196
vt 0.891559 0.770000
vt 0.951210 0.739196
vt 0.951210 0.770000
vt 0.951210 0.700000
vt 0.951210 0.680000
vt 0.000000 0.000000
vt 1.000000 0.000000
vt 1.000000 1.000000
vt 0.000000 1.000000
vt 0.000000 0.000000
vt 1.000000 0.000000
vt 1.000000 1.000000
vt 0.000000 1.000000
vt 0.000000 0.000000
vt 1.000000 0.000000
vt 1.000000 1.000000
vt 0.000000 1.000000
vt 0.000000 0.000000
vt 1.000000 0.000000
vt 1.000000 1.000000
vt 0.000000 1.000000
vt 0.000000 0.000000
vt 1.000000 0.000000
vt 1.000000 1.000000
vt 0.000000 1.000000
vt 0.000000 0.000000
vt 1.000000 0.000000
vt 1.000000 1.000000
vt 0.000000 1.000000
vt 0.000000 0.000000
vt 1.000000 0.000000
vt 1.000000 1.000000
vt 0.000000 1.000000
vt 0.000000 0.000000
vt 1.000000 0.000000
vt 1.000000 1.000000
vt 0.000000 1.000000
vt 0.000000 0.000000
vt 1.000000 0.000000
vt 1.000000 1.000000
vt 0.000000 1.000000
vt 0.000000 0.000000
vt 1.000000 0.000000
vt 1.000000 1.000000
vt 0.000000 1.000000
vt 0.000000 0.000000
vt 1.000000 0.000000
vt 1.000000 1.000000
vt 0.000000 1.000000
vt 0.000000 0.000000
vt 1.000000 0.000000
vt 1.000000 1.000000
vt 0.000000 1.000000
vt 0.000000 0.000000
vt 1.000000 0.000000
vt 1.000000 1.000000
vt 0.000000 1.000000
vt 0.000000 0.000000
vt 1.000000 0.000000
vt 1.000000 1.000000
vt 0.000000 1.000000
vt 0.000000 0.000000
vt 1.000000 0.000000
vt 1.000000 1.000000
vt 0.000000 1.000000
vt 0.000000 0.000000
vt 1.000000 0.000000
vt 1.000000 1.000000
vt 0.000000 1.000000
vt 0.000000 0.000000
vt 1.000000 0.000000
vt 1.000000 1.000000
vt 0.000000 1.000000
vt 0.000000 0.000000
vt 1.000000 0.000000
vt 1.000000 1.000000
vt 0.000000 1.000000
vt 0.000000 0.000000
vt 1.000000 0.000000
vt 1.000000 1.000000
vt 0.000000 1.000000
vt 0.000000 0.000000
vt 1.000000 0.000000
vt 1.000000 1.000000
vt 0.000000 1.000000
vt 0.000000 0.000000
vt 1.000000 0.000000
vt 1.000000 1.000000
vt 0.000000 1.000000
vt 0.000000 0.000000
vt 1.000000 0.000000
vt 1.000000 1.000000
vt 0.000000 1.000000
vt 0.000000 0.000000
vt 1.000000 0.000000
vt 1.000000 1.000000
vt 0.000000 1.000000
vt 0.000000 0.000000
vt 1.000000 0.000000
vt 1.000000 1.000000
vt 0.000000 1.000000
vt 0.000000 0.000000
vt 1.000000 0.000000
vt 1.000000 1.000000
vt 0.000000 1.000000
vt 0.000000 0.000000
vt 1.000000 0.000000
vt 1.000000 1.000000
vt 0.000000 1.000000
vt 0.000000 0.000000
vt 1.000000 0.000000
vt 1.000000 1.000000
vt 0.000000 1.000000
vt 0.000000 0.000000
vt 1.000000 0.000000
vt 1.000000 1.000000
vt 0.000000 1.000000
vt 0.000000 0.000000
vt 1.000000 0.000000
vt 1.000000 1.000000
vt 0.000000 1.000000
vt 0.000000 0.000000
vt 1.000000 0.000000
vt 1.000000 1.000000
vt 0.000000 1.000000
vt 0.000000 0.000000
vt 1.000000 0.000000
vt 1.000000 1.000000
vt 0.000000 1.000000
vt 0.000000 0.000000
vt 1.000000 0.000000
vt 1.000000 1.000000
vt 0.000000 1.000000
vt 0.000000 0.000000
vt 1.000000 0.000000
vt 1.000000 1.000000
vt 0.000000 1.000000
vt 0.000000 0.000000
vt 1.000000 0.000000
vt 1.000000 1.000000
vt 0.000000 1.000000
vt 0.000000 0.000000
vt 1.000000 0.000000
vt 1.000000 1.000000
vt 0.000000 1.000000
vt 0.000000 0.000000
vt 1.000000 0.000000
vt 1.000000 1.000000
vt 0.000000 1.000000
vt 0.000000 0.000000
vt 1.000000 0.000000
vt 1.000000 1.000000
vt 0.000000 1.000000
vt 0.000000 0.000000
vt 1.000000 0.000000
vt 1.000000 1.000000
vt 0.000000 1.000000
vt 0.000000 0.000000
vt 1.000000 0.000000
vt 1.000000 1.000000
vt 0.000000 1.000000
vt 0.000000 0.000000
vt 1.000000 0.000000
vt 1.000000 1.000000
vt 0.000000 1.000000
vt 0.000000 0.000000
vt 1.000000 0.000000
vt 1.000000 1.000000
vt 0.000000 1.000000
vt 0.000000 0.000000
vt 1.000000 0.000000
vt 1.000000 1.000000
vt 0.000000 1.000000
vt 0.000000 0.000000
vt 1.000000 0.000000
vt 1.000000 1.000000
vt 0.000000 1.000000
vt 0.000000 0.000000
vt 1.000000 0.000000
vt 1.000000 1.000000
vt 0.000000 1.000000
vt 0.000000 0.000000
vt 1.000000 0.000000
vt 1.000000 1.000000
vt 0.000000 1.000000
vt 0.000000 0.000000
vt 1.000000 0.000000
vt 1.000000 1.000000
vt 0.000000 1.000000
vt 0.000000 0.000000
vt 1.000000 0.000000
vt 1.000000 1.000000
vt 0.000000 1.000000
vt 0.000000 0.000000
vt 1.000000 0.000000
vt 1.000000 1.000000
vt 0.000000 1.000000
vt 0.000000 0.000000
vt 1.000000 0.000000
vt 1.000000 1.000000
vt 0.000000 1.000000
vt 0.000000 0.000000
vt 1.000000 0.000000
vt 1.000000 1.000000
vt 0.000000 1.000000
vt 0.000000 0.000000
vt 1.000000 0.000000
vt 1.000000 1.000000
vt 0.000000 1.000000
vt 0.000000 0.000000
vt 1.000000 0.000000
vt 1.000000 1.000000
vt 0.000000 1.000000
vt 0.000000 0.000000
vt 1.000000 0.000000
vt 1.000000 1.000000
vt 0.000000 1.000000
vt 0.000000 0.000000
vt 1.000000 0.000000
vt 1.000000 1.000000
vt 0.000000 1.000000
vt 0.000000 0.000000
vt 1.000000 0.000000
vt 1.000000 1.000000
vt 0.000000 1.000000
vt 0.000000 0.000000
vt 1.000000 0.000000
vt 1.000000 1.000000
vt 0.000000 1.000000
vt 0.000000 0.000000
vt 1.000000 0.000000
vt 1.000000 1.000000
vt 0.000000 1.000000
vt 0.000000 0.000000
vt 1.000000 0.000000
vt 1.000000 1.000000
vt 0.000000 1.000000
vt 0.000000 0.000000
vt 1.000000 0.000000
vt 1.000000 1.000000
vt 0.000000 1.000000
vt 0.000000 0.000000
vt 1.000000 0.000000
vt 1.000000 1.000000
vt 0.000000 1.000000
vt 0.000000 0.000000
vt 1.000000 0.000000
vt 1.000000 1.000000
vt 0.000000 1.000000
vt 0.000000 0.000000
vt 1.000000 0.000000
vt 1.000000 1.000000
vt 0.000000 1.000000
vt 0.000000 0.000000
vt 1.000000 0.000000
vt 1.000000 1.000000
vt 0.000000 1.000000
vt 0.000000 0.000000
vt 1.000000 0.000000
vt 1.000000 1.000000
vt 0.000000 1.000000
vt 0.000000 0.000000
vt 1.000000 0.000000
vt 1.000000 1.000000
vt 0.000000 1.000000
vt 0.000000 0.000000
vt 1.000000 0.000000
vt 1.000000 1.000000
vt 0.000000 1.000000
vt 0.000000 0.000000
vt 1.000000 0.000000
vt 1.000000 1.000000
vt 0.000000 1.000000
vt 0.000000 0.000000
vt 1.000000 0.000000
vt 1.000000 1.000000
vt 0.000000 1.000000
vt 0.000000 0.000000
vt 1.000000 0.000000
vt 1.000000 1.000000
vt 0.000000 1.000000
vt 0.000000 0.000000
vt 1.000000 0.000000
vt 1.000000 1.000000
vt 0.000000 1.000000
vt 0.000000 0.000000
vt 1.000000 0.000000
vt 1.000000 1.000000
vt 0.000000 1.000000
vt 0.000000 0.000000
vt 1.000000 0.000000
vt 1.000000 1.000000
vt 0.000000 1.000000
vt 0.000000 0.000000
vt 1.000000 0.000000
vt 1.000000 1.000000
vt 0.000000 1.000000
vt 0.000000 0.000000
vt 1.000000 0.000000
vt 1.000000 1.000000
vt 0.000000 1.000000
vt 0.000000 0.000000
vt 1.000000 0.000000
vt 1.000000 1.000000
vt 0.000000 1.000000
vt 0.000000 0.000000
vt 1.000000 0.000000
vt 1.000000 1.000000
vt 0.000000 1.000000
vt 0.000000 0.000000
vt 1.000000 0.000000
vt 1.000000 1.000000
vt 0.000000 1.000000
vt 0.000000 0.000000
vt 1.000000 0.000000
vt 1.000000 1.000000
vt 0.000000 1.000000
vt 0.000000 0.000000
vt 1.000000 0.000000
vt 1.000000 1.000000
vt 0.000000 1.000000
vt 0.000000 0.000000
vt 1.000000 0.000000
vt 1.000000 1.000000
vt 0.000000 1.000000
vt 0.000000 0.000000
vt 1.000000 0.000000
vt 1.000000 1.000000
vt 0.000000 1.000000
vt 0.000000 0.000000
vt 1.000000 0.000000
vt 1.000000 1.000000
vt 0.000000 1.000000
vt 0.000000 0.000000
vt 1.000000 0.000000
vt 1.000000 1.000000
vt 0.000000 1.000000
vt 0.000000 0.000000
vt 1.000000 0.000000
vt 1.000000 1.000000
vt 0.000000 1.000000
vt 0.000000 0.000000
vt 1.000000 0.000000
vt 1.000000 1.000000
vt 0.000000 1.000000
vt 0.000000 0.000000
vt 1.000000 0.000000
vt 1.000000 1.000000
vt 0.000000 1.000000
vt 0.000000 0.000000
vt 1.000000 0.000000
vt 1.000000 1.000000
vt 0.000000 1.000000
vt 0.000000 0.000000
vt 1.000000 0.000000
vt 1.000000 1.000000
vt 0.000000 1.000000
vt 0.000000 0.000000
vt 1.000000 0.000000
vt 1.000000 1.000000
vt 0.000000 1.000000
vt 0.000000 0.000000
vt 1.000000 0.000000
vt 1.000000 1.000000
vt 0.000000 1.000000
vt 0.000000 0.000000
vt 1.000000 0.000000
vt 1.000000 1.000000
vt 0.000000 1.000000
vt 0.000000 0.000000
vt 1.000000 0.000000
vt 1.000000 1.000000
vt 0.000000 1.000000
vt 0.000000 0.000000
vt 1.000000 0.000000
vt 1.000000 1.000000
vt 0.000000 1.000000
vt 0.000000 0.000000
vt 1.000000 0.000000
vt 1.000000 1.000000
vt 0.000000 1.000000
vt 0.000000 0.000000
vt 1.000000 0.000000
vt 1.000000 1.000000
vt 0.000000 1.000000
vt 0.000000 0.000000
vt 1.000000 0.000000
vt 1.000000 1.000000
vt 0.000000 1.000000
vt 0.000000 0.000000
vt 1.000000 0.000000
vt 1.000000 1.000000
vt 0.000000 1.000000
vt 0.000000 0.000000
vt 1.000000 0.000000
vt 1.000000 1.000000
vt 0.000000 1.000000
vt 0.000000 0.000000
vt 1.000000 0.000000
vt 1.000000 1.000000
vt 0.000000 1.000000
vt 0.000000 0.000000
vt 1.000000 0.000000
vt 1.000000 1.000000
vt 0.000000 1.000000
vt 0.000000 0.000000
vt 1.000000 0.000000
vt 1.000000 1.000000
vt 0.000000 1.000000
vt 0.000000 0.000000
vt 1.000000 0.000000
vt 1.000000 1.000000
vt 0.000000 1.000000
vt 0.000000 0.000000
vt 1.000000 0.000000
vt 1.000000 1.000000
vt 0.000000 1.000000
vt 0.000000 0.000000
vt 1.000000 0.000000
vt 1.000000 1.000000
vt 0.000000 1.000000
vt 0.000000 0.000000
vt 1.000000 0.000000
vt 1.000000 1.000000
vt 0.000000 1.000000
vt 0.000000 0.000000
vt 1.000000 0.000000
vt 1.000000 1.000000
vt 0.000000 1.000000
vt 0.000000 0.000000
vt 1.000000 0.000000
vt 1.000000 1.000000
vt 0.000000 1.000000
vt 0.000000 0.000000
vt 1.000000 0.000000
vt 1.000000 1.000000
vt 0.000000 1.000000
vt 0.000000 0.000000
vt 1.000000 0.000000
vt 1.000000 1.000000
vt 0.000000 1.000000
vt 0.000000 0.000000
vt 1.000000 0.000000
vt 1.000000 1.000000
vt 0.000000 1.000000
vt 0.000000 0.000000
vt 1.000000 0.000000
vt 1.000000 1.000000
vt 0.000000 1.000000
vt 0.000000 0.000000
vt 1.000000 0.000000
vt 1.000000 1.000000
vt 0.000000 1.000000
vt 0.000000 0.000000
vt 1.000000 0.000000
vt 1.000000 1.000000
vt 0.000000 1.000000
vt 0.000000 0.000000
vt 1.000000 0.000000
vt 1.000000 1.000000
vt 0.000000 1.000000
vt 0.000000 0.000000
vt 1.000000 0.000000
vt 1.000000 1.000000
vt 0.000000 1.000000
vt 0.000000 0.000000
vt 1.000000 0.000000
vt 1.000000 1.000000
vt 0.000000 1.000000
vt 0.000000 0.000000
vt 1.000000 0.000000
vt 1.000000 1.000000
vt 0.000000 1.000000
vt 0.000000 0.000000
vt 1.000000 0.000000
vt 1.000000 1.000000
vt 0.000000 1.000000
vt 0.000000 0.000000
vt 1.000000 0.000000
vt 1.000000 1.000000
vt 0.000000 1.000000
vt 0.000000 0.000000
vt 1.000000 0.000000
vt 1.000000 1.000000
vt 0.000000 1.000000
vt 0.000000 0.000000
vt 1.000000 0.000000
vt 1.000000 1.000000
vt 0.000000 1.000000
vt 0.000000 0.000000
vt 1.000000 0.000000
vt 1.000000 1.000000
vt 0.000000 1.000000
vt 0.000000 0.000000
vt 1.000000 0.000000
vt 1.000000 1.000000
vt 0.000000 1.000000
vt 0.000000 0.000000
vt 1.000000 0.000000
vt 1.000000 1.000000
vt 0.000000 1.000000
vt 0.000000 0.000000
vt 1.000000 0.000000
vt 1.000000 1.000000
vt 0.000000 1.000000
vt 0.000000 0.000000
vt 1.000000 0.000000
vt 1.000000 1.000000
vt 0.000000 1.000000
vt 0.000000 0.000000
vt 1.000000 0.000000
vt 1.000000 1.000000
vt 0.000000 1.000000
vt 0.000000 0.000000
vt 1.000000 0.000000
vt 1.000000 1.000000
vt 0.000000 1.000000
vt 0.000000 0.000000
vt 1.000000 0.000000
vt 1.000000 1.000000
vt 0.000000 1.000000
vt 0.000000 0.000000
vt 1.000000 0.000000
vt 1.000000 1.000000
vt 0.000000 1.000000
vt 0.000000 0.000000
vt 1.000000 0.000000
vt 1.000000 1.000000
vt 0.000000 1.000000
vt 0.000000 0.000000
vt 1.000000 0.000000
vt 1.000000 1.000000
vt 0.000000 1.000000
vt 0.000000 0.000000
vt 1.000000 0.000000
vt 1.000000 1.000000
vt 0.000000 1.000000
vt 0.000000 0.000000
vt 1.000000 0.000000
vt 1.000000 1.000000
vt 0.000000 1.000000
vt 0.000000 0.000000
vt 1.000000 0.000000
vt 1.000000 1.000000
vt 0.000000 1.000000
vt 0.000000 0.000000
vt 1.000000 0.000000
vt 1.000000 1.000000
vt 0.000000 1.000000
vt 0.000000 0.000000
vt 1.000000 0.000000
vt 1.000000 1.000000
vt 0.000000 1.000000
vt 0.000000 0.000000
vt 1.000000 0.000000
vt 1.000000 1.000000
vt 0.000000 1.000000
vt 0.000000 0.000000
vt 1.000000 0.000000
vt 1.000000 1.000000
vt 0.000000 1.000000
vt 0.000000 0.000000
vt 1.000000 0.000000
vt 1.000000 1.000000
vt 0.000000 1.000000
vt 0.000000 0.000000
vt 1.000000 0.000000
vt 1.000000 1.000000
vt 0.000000 1.000000
vt 0.000000 0.000000
vt 1.000000 0.000000
vt 1.000000 1.000000
vt 0.000000 1.000000
vn 0.000000 1.000000 0.000000
vn -0.000000 1.000000 0.000000
vn -0.000000 1.000000 0.000000
vn -0.000000 1.000000 0.000000
vn 0.000000 1.000000 0.000000
vn 0.000000 1.000000 0.000000
vn -0.000000 1.000000 0.000000
vn 0.000000 1.000000 0.000000
vn 0.000000 1.000000 0.000000
vn -0.000000 1.000000 0.000000
vn -0.000000 1.000000 0.000000
vn -0.000000 1.000000 0.000000
vn -0.000000 1.000000 0.000000
vn -0.000000 1.000000 0.000000
vn 0.000000 1.000000 0.000001
vn 0.000000 1.000000 0.000001
vn -0.000000 1.000000 0.000000
vn 0.000000 1.000000 0.000000
vn 0.000000 1.000000 0.000000
vn 0.000001 1.000000 0.000000
vn 0.000000 1.000000 0.000000
vn 0.000000 1.000000 0.000000
vn -0.000000 1.000000 0.000000
vn -0.000001 1.000000 0.000000
vn 0.000000 1.000000 0.000000
vn 0.000000 1.000000 0.000000
vn -0.000000 1.000000 0.000000
vn -0.000000 1.000000 0.000000
vn 0.000000 1.000000 0.000000
vn 0.000000 1.000000 0.000000
vn 0.000000 1.000000 0.000000
vn 0.000000 1.000000 0.000000
vn 0.000000 1.000000 0.000000
vn 0.000000 1.000000 -0.000000
vn 0.000000 1.000000 -0.000000
vn 0.000000 1.000000 -0.000000
vn 0.000000 1.000000 0.000000
vn 0.000000 1.000000 -0.000000
vn -0.000000 1.000000 -0.000000
vn -0.000001 1.000000 0.000000
vn 0.000001 1.000000 0.000000
vn 0.000001 1.000000 -0.000000
vn -0.000000 1.000000 -0.000000
vn 0.000000 1.000000 0.000000
vn 0.000001 1.000000 -0.000000
vn 0.000000 1.000000 -0.000000
vn 0.000001 1.000000 -0.000000
vn 0.000000 1.000000 -0.000000
vn 0.000000 1.000000 0.000000
vn 0.000001 1.000000 -0.000000
vn 0.000000 1.000000 0.000000
vn 0.000000 1.000000 0.000000
vn 0.000000 1.000000 0.000000
vn 0.000000 1.000000 0.000000
vn -0.000000 1.000000 -0.000000
vn -0.000000 1.000000 -0.000000
vn -0.000000 1.000000 -0.000000
vn -0.000000 1.000000 -0.000000
vn 0.000000 1.000000 0.000000
vn 0.000000 1.000000 -0.000000
vn 0.000000 1.000000 0.000000
vn -0.000000 1.000000 -0.000000
vn 0.000000 1.000000 -0.000000
vn 0.000000 1.000000 0.000000
vn -0.000001 1.000000 0.000000
vn -0.000000 1.000000 0.000000
vn -0.000000 1.000000 0.000000
vn -0.000000 1.000000 0.000000
vn 0.000000 1.000000 0.000000
vn 0.000001 1.000000 0.000000
vn 0.000001 1.000000 0.000000
vn 0.000000 1.000000 0.000000
vn 0.000000 1.000000 0.000000
vn 0.000000 1.000000 0.000000
vn 0.000000 1.000000 0.000000
vn 0.000000 1.000000 0.000000
vn 0.000000 1.000000 -0.000000
vn 0.000000 1.000000 -0.000000
vn 0.000000 1.000000 -0.000000
vn 0.000000 1.000000 -0.000000
vn 0.000000 1.000000 -0.000000
vn 0.000000 1.000000 -0.000000
vn -0.000000 1.000000 -0.000000
vn 0.000000 1.000000 0.000000
vn 0.000000 1.000000 -0.000000
vn 0.000000 1.000000 -0.000000
vn 0.000000 1.000000 0.000000
vn 0.000000 1.000000 0.000000
vn 0.000000 1.000000 0.000000
vn 0.000000 1.000000 0.000000
vn 0.000000 1.000000 0.000000
vn 0.000000 1.000000 0.000000
vn 0.000000 1.000000 0.000000
vn 0.000000 1.000000 0.000000
vn 0.000000 1.000000 0.000000
vn 0.000000 1.000000 0.000000
vn -0.000001 1.000000 0.000000
vn -0.000000 1.000000 -0.000000
vn -0.000000 1.000000 0.000000
vn -0.000001 1.000000 0.000000
vn 0.000000 1.000000 0.000000
vn 0.000000 1.000000 0.000000
vn 0.000000 1.000000 0.000000
vn 0.000000 1.000000 0.000000
vn -0.000000 1.000000 0.000001
vn -0.000000 1.000000 0.000000
vn -0.000000 1.000000 0.000001
vn -0.000000 1.000000 0.000001
vn -0.000000 1.000000 0.000000
vn -0.000000 1.000000 0.000000
vn 0.000000 1.000000 0.000000
vn 0.000000 1.000000 0.000000
vn 0.000000 1.000000 0.000000
vn -0.000000 1.000000 0.000000
vn -0.000000 1.000000 -0.000000
vn -0.000000 1.000000 0.000000
vn 0.000000 1.000000 0.000000
vn 0.000000 1.000000 0.000000
vn 0.000000 1.000000 0.000000
vn 0.000000 1.000000 0.000000
vn 0.000000 1.000000 0.000000
vn 0.000000 1.000000 0.000000
vn 0.000000 1.000000 0.000000
vn 0.000000 1.000000 0.000000
vn 0.000000 1.000000 0.000000
vn 0.000000 1.000000 0.000000
vn 0.000000 1.000000 0.000000
vn 0.000000 1.000000 0.000000
vn 0.000000 1.000000 0.000000
vn 0.000000 1.000000 0.000000
vn 0.000000 1.000000 0.000000
vn 0.000000 1.000000 0.000000
vn 0.000000 1.000000 0.000000
vn -0.000000 1.000000 0.000001
vn 0.000000 1.000000 0.000000
vn 0.000000 1.000000 0.000000
vn 0.000000 1.000000 0.000000
vn 0.000000 1.000000 0.000000
vn 0.000000 1.000000 0.000000
vn 0.000000 1.000000 -0.000000
vn 0.000000 1.000000 -0.000000
vn 0.000000 1.000000 0.000000
vn 0.000000 1.000000 0.000000
vn 0.000000 1.000000 0.000001
vn 0.000000 1.000000 0.000001
vn 0.000000 1.000000 0.000000
vn 0.000000 1.000000 0.000001
vn 0.000000 1.000000 0.000000
vn 0.000000 1.000000 0.000000
vn 0.000000 1.000000 0.000000
vn 0.000000 1.000000 0.000000
vn 0.000000 1.000000 0.000000
vn 0.000000 1.000000 0.000000
vn 0.000000 1.000000 0.000000
vn 0.000000 1.000000 0.000000
vn 0.000000 1.000000 0.000000
vn 0.000000 1.000000 0.000000
vn -0.000000 1.000000 0.000000
vn 0.000000 1.000000 0.000000
vn 0.000000 1.000000 -0.000000
vn -0.000000 1.000000 -0.000000
vn -0.000000 1.000000 -0.000000
vn 0.000000 1.000000 0.000000
vn -0.000001 1.000000 -0.000000
vn 0.000000 1.000000 0.000000
vn 0.000000 1.000000 0.000000
vn 0.000000 1.000000 0.000000
vn -0.000000 1.000000 0.000000
vn 0.000000 1.000000 -0.000000
vn -0.000000 1.000000 -0.000000
vn -0.000000 1.000000 -0.000000
vn 0.000000 1.000000 -0.000000
vn 0.000000 1.000000 -0.000000
vn 0.000000 1.000000 0.000000
vn 0.000000 1.000000 0.000000
vn 0.000000 1.000000 0.000000
vn 0.000000 1.000000 0.000000
vn 0.000000 1.000000 0.000000
vn 0.000000 1.000000 0.000000
vn -0.000000 1.000000 0.000000
vn -0.000000 1.000000 0.000000
vn 0.000000 1.000000 0.000000
vn 0.000000 1.000000 0.000000
vn 0.000000 1.000000 0.000000
vn 0.000000 1.000000 0.000000
vn 0.000000 1.000000 0.000000
vn 0.000001 1.000000 0.000000
vn 0.000000 1.000000 0.000001
vn 0.000001 1.000000 0.000000
vn 0.000001 1.000000 0.000000
vn 0.000001 1.000000 0.000000
vn 0.000001 1.000000 0.000000
vn 0.000001 1.000000 -0.000000
vn 0.000001 1.000000 0.000000
vn 0.000001 1.000000 0.000000
vn 0.000001 1.000000 -0.000000
vn 0.000000 1.000000 -0.000000
vn 0.000000 1.000000 0.000000
vn 0.000000 1.000000 0.000000
vn 0.000000 1.000000 0.000000
vn -0.000000 1.000000 -0.000000
vn 0.000001 1.000000 -0.000000
vn 0.000001 1.000000 -0.000000
vn -0.000000 1.000000 0.000000
vn 0.000000 1.000000 0.000000
vn -0.000001 1.000000 0.000000
vn 0.000000 1.000000 0.000000
vn -0.000000 1.000000 0.000000
vn -0.000001 1.000000 0.000000
vn 0.000000 1.000000 -0.000000
vn 0.000000 1.000000 0.000000
vn -0.000000 1.000000 0.000000
vn 0.000001 1.000000 0.000000
vn 0.000000 1.000000 0.000000
vn 0.000000 1.000000 0.000000
vn 0.000001 1.000000 0.000000
vn 0.000000 1.000000 0.000000
vn 0.000000 1.000000 0.000000
vn 0.000000 1.000000 0.000000
vn 0.000000 1.000000 0.000000
vn 0.000001 1.000000 -0.000000
vn 0.000001 1.000000 -0.000000
vn 0.000000 1.000000 -0.000000
vn 0.000000 1.000000 -0.000000
vn 0.000001 1.000000 0.000000
vn 0.000000 1.000000 0.000000
vn -0.000000 1.000000 0.000000
vn -0.000001 1.000000 0.000000
vn 0.000001 1.000000 -0.000001
vn 0.000000 1.000000 -0.000000
vn -0.000000 1.000000 -0.000000
vn 0.000000 1.000000 -0.000000
vn 0.000000 1.000000 -0.000000
vn -0.000000 1.000000 -0.000000
vn 0.000000 1.000000 0.000000
vn 0.000000 1.000000 -0.000000
vn 0.000000 1.000000 -0.000000
vn 0.000000 1.000000 0.000000
vn -0.000000 1.000000 0.000000
vn -0.000000 1.000000 0.000000
vn -0.000000 1.000000 -0.000001
vn -0.000000 1.000000 -0.000001
vn 0.000000 1.000000 -0.000000
vn -0.000000 1.000000 0.000000
vn 0.000000 1.000000 0.000000
vn 0.000000 1.000000 0.000000
vn 0.000000 1.000000 0.000000
vn 0.000000 1.000000 0.000000
vn 0.000000 1.000000 -0.000000
vn -0.000000 1.000000 0.000000
vn -0.000000 1.000000 0.000000
vn 0.000000 1.000000 0.000000
vn 0.000000 1.000000 -0.000000
vn 0.000000 1.000000 -0.000000
vn 0.000000 1.000000 -0.000000
vn 0.000000 1.000000 -0.000000
vn 0.000000 1.000000 0.000000
vn -0.000000 1.000000 0.000000
vn 0.000000 1.000000 -0.000000
vn 0.000000 1.000000 0.000000
vn 0.000000 1.000000 0.000000
vn 0.000000 1.000000 0.000000
vn 0.000000 1.000000 0.000000
vn 0.000000 1.000000 0.000000
vn 0.000000 1.000000 0.000000
vn 0.000000 1.000000 0.000000
vn 0.000000 1.000000 0.000000
vn 0.000000 1.000000 0.000000
vn 0.000000 1.000000 0.000000
vn 0.000000 1.000000 0.000000
vn 0.000000 1.000000 0.000000
vn 0.000000 1.000000 0.000000
vn 0.000000 1.000000 0.000000
vn -0.000000 1.000000 0.000000
vn -0.000001 1.000000 0.000000
vn 0.000000 1.000000 0.000000
vn -0.000000 1.000000 0.000000
vn -0.000000 1.000000 0.000000
vn 0.000000 1.000000 -0.000000
vn 0.000000 1.000000 0.000000
vn 0.000000 1.000000 0.000000
vn 0.000000 1.000000 0.000000
vn 0.000000 1.000000 0.000000
vn 0.000000 1.000000 0.000000
vn 0.000000 1.000000 0.000000
vn -0.000001 1.000000 0.000000
vn 0.000000 1.000000 0.000000
vn 0.000000 1.000000 0.000000
vn 0.000000 1.000000 0.000000
vn 0.000000 1.000000 0.000000
vn 0.000000 1.000000 0.000000
vn 0.000000 1.000000 0.000000
vn -0.000000 1.000000 -0.000000
vn -0.000000 1.000000 -0.000000
vn 0.000000 1.000000 0.000000
vn -0.000000 1.000000 0.000000
vn 0.000000 1.000000 -0.000000
vn -0.000000 1.000000 -0.000000
vn 0.000000 1.000000 -0.000000
vn -0.000002 1.000000 0.000000
vn -0.000001 1.000000 0.000000
vn -0.000001 1.000000 -0.000000
vn -0.000000 1.000000 -0.000000
vn 0.000000 1.000000 0.000000
vn 0.000000 1.000000 0.000000
vn -0.000000 1.000000 -0.000001
vn -0.000000 1.000000 -0.000000
vn -0.000000 1.000000 0.000000
vn -0.000000 1.000000 0.000000
vn -0.000000 1.000000 0.000000
vn -0.000000 1.000000 -0.000001
vn 0.000000 1.000000 0.000000
vn 0.000000 1.000000 0.000000
vn 0.000000 1.000000 0.000000
vn 0.000000 1.000000 0.000000
vn 0.000000 1.000000 0.000000
vn 0.000000 1.000000 -0.000000
vn 0.000000 1.000000 0.000000
vn 0.000000 1.000000 0.000000
vn -0.000000 1.000000 0.000000
vn 0.000000 1.000000 0.000000
vn 0.000000 1.000000 0.000000
vn 0.000000 1.000000 0.000001
vn 0.000000 1.000000 -0.000001
vn 0.000000 1.000000 -0.000001
vn 0.000000 1.000000 0.000000
vn 0.000000 1.000000 0.000000
vn 0.000000 1.000000 -0.000000
vn 0.000000 1.000000 -0.000000
vn 0.000000 1.000000 0.000000
vn 0.000000 1.000000 -0.000001
vn 0.000000 1.000000 -0.000003
vn 0.000000 1.000000 -0.000003
vn -0.000000 1.000000 -0.000000
vn -0.000000 1.000000 -0.000000
vn 0.000001 1.000000 -0.000000
vn 0.000001 1.000000 -0.000003
vn 0.000000 1.000000 -0.000000
vn 0.000001 1.000000 -0.000000
vn 0.000000 1.000000 0.000000
vn 0.000000 1.000000 0.000000
vn 0.000000 1.000000 0.000001
vn -0.000000 1.000000 0.000001
vn 0.000000 1.000000 0.000000
vn -0.000000 1.000000 0.000000
vn 0.000000 1.000000 0.000000
vn 0.000000 1.000000 -0.000000
vn 0.000001 1.000000 0.000000
vn 0.000000 1.000000 0.000001
vn 0.000000 1.000000 0.000000
vn 0.000000 1.000000 0.000000
vn -0.000000 1.000000 0.000000
vn 0.000000 1.000000 0.000000
vn -0.000000 1.000000 -0.000002
vn -0.000001 1.000000 -0.000002
vn -0.000000 1.000000 0.000000
vn -0.000001 1.000000 -0.000000
vn -0.000001 1.000000 -0.000000
vn -0.000000 1.000000 -0.000000
vn -0.000001 1.000000 0.000000
vn -0.000000 1.000000 -0.000000
vn 0.000000 1.000000 0.000000
vn 0.000000 1.000000 0.000000
vn 0.000000 1.000000 0.000000
vn 0.000000 1.000000 0.000000
vn 0.000000 1.000000 0.000000
vn 0.000000 1.000000 0.000000
vn 0.000000 1.000000 0.000000
vn 0.000000 1.000000 0.000000
vn 0.000000 1.000000 -0.000000
vn 0.000000 1.000000 -0.000000
vn -0.000000 1.000000 -0.000000
vn -0.000000 1.000000 0.000000
vn 0.000000 1.000000 0.000001
vn 0.000000 1.000000 0.000000
vn -0.000001 1.000000 -0.000000
vn -0.000001 1.000000 0.000000
vn -0.000001 1.000000 0.000000
vn -0.000001 1.000000 0.000000
vn -0.000001 1.000000 0.000000
vn -0.000001 1.000000 0.000000
vn -0.000000 1.000000 0.000001
vn -0.000000 1.000000 0.000001
vn -0.000001 1.000000 -0.000000
vn -0.000000 1.000000 0.000000
vn -0.000000 1.000000 0.000000
vn -0.000001 1.000000 -0.000000
vn -0.000001 1.000000 0.000000
vn -0.000001 1.000000 0.000000
vn -0.000001 1.000000 0.000000
vn -0.000001 1.000000 0.000000
vn -0.000001 1.000000 0.000000
vn -0.000001 1.000000 0.000000
vn 0.000000 1.000000 0.000000
vn 0.000000 1.000000 0.000000
vn 0.000000 1.000000 0.000000
vn 0.000000 1.000000 0.000000
vn 0.000000 1.000000 0.000000
vn 0.000000 1.000000 0.000000
vn 0.000000 1.000000 0.000000
vn 0.000000 1.000000 0.000000
vn -0.000000 1.000000 0.000000
vn -0.000000 1.000000 0.000000
vn 0.000000 1.000000 0.000000
vn 0.000000 1.000000 0.000000
vn 0.000000 1.000000 0.000000
vn 0.000000 1.000000 0.000000
vn 0.000000 1.000000 0.000000
vn -0.000000 1.000000 -0.000000
vn 0.000000 1.000000 0.000000
vn 0.000000 1.000000 0.000000
vn -0.000000 1.000000 0.000000
vn -0.000000 1.000000 -0.000000
vn 0.000000 1.000000 0.000000
vn -0.000000 1.000000 0.000000
vn 0.000000 1.000000 0.000000
vn 0.000000 1.000000 0.000000
vn 0.000000 1.000000 -0.000000
vn 0.000000 1.000000 -0.000000
vn 0.000000 1.000000 -0.000000
vn 0.000000 1.000000 -0.000000
vn -0.000000 1.000000 0.000000
vn -0.000000 1.000000 0.000000
vn 0.000000 1.000000 0.000000
vn 0.000000 1.000000 0.000000
vn 0.000000 1.000000 -0.000000
vn 0.000000 1.000000 -0.000001
vn 0.000001 1.000000 -0.000001
vn -0.000000 1.000000 -0.000000
vn 0.000000 1.000000 0.000000
vn -0.000001 1.000000 0.000000
vn 0.000000 1.000000 0.000000
vn -0.000001 1.000000 0.000000
vn 0.000000 1.000000 0.000000
vn -0.000000 1.000000 -0.000000
vn 0.000000 1.000000 0.000000
vn -0.000000 1.000000 -0.000000
vn 0.000000 1.000000 0.000000
vn -0.000000 1.000000 0.000000
vn 0.000000 1.000000 0.000000
vn -0.000000 1.000000 0.000000
vn -0.000002 1.000000 0.000000
vn -0.000001 1.000000 0.000000
vn -0.000001 1.000000 0.000000
vn 0.000000 1.000000 0.000000
vn 0.000000 1.000000 0.000000
vn 0.000000 1.000000 0.000000
vn -0.000000 1.000000 0.000000
vn -0.000000 1.000000 0.000000
vn 0.000000 1.000000 -0.000000
vn 0.000000 1.000000 -0.000000
vn 0.000000 1.000000 0.000000
vn 0.000000 1.000000 0.000000
vn 0.000000 1.000000 -0.000000
vn 0.000000 1.000000 -0.000000
vn 0.000000 1.000000 0.000000
vn 0.000000 1.000000 0.000000
vn 0.000000 1.000000 0.000000
vn 0.000000 1.000000 0.000000
vn 0.000000 1.000000 0.000000
vn 0.000000 1.000000 0.000000
vn 0.000000 1.000000 -0.000001
vn 0.000000 1.000000 -0.000000
vn 0.000000 1.000000 -0.000000
vn 0.000000 1.000000 -0.000001
vn 0.000000 1.000000 0.000000
vn 0.000000 1.000000 0.000000
vn 0.000000 1.000000 0.000000
vn 0.000000 1.000000 0.000000
vn 0.000000 1.000000 0.000000
vn 0.000000 1.000000 0.000000
vn 0.000000 1.000000 0.000000
vn 0.000000 1.000000 0.000000
vn -0.000000 1.000000 -0.000000
vn -0.000001 1.000000 -0.000000
vn 0.000000 1.000000 -0.000000
vn 0.000000 1.000000 0.000000
vn 0.000000 1.000000 0.000000
vn 0.000000 1.000000 -0.000001
vn 0.000000 1.000000 0.000000
vn -0.000000 1.000000 0.000000
vn -0.000000 1.000000 0.000000
vn -0.000000 1.000000 -0.000000
vn 0.000000 1.000000 0.000000
vn -0.000000 1.000000 -0.000000
vn -0.000000 1.000000 -0.000000
vn 0.000000 1.000000 0.000000
vn 0.000000 1.000000 0.000000
vn 0.000000 1.000000 0.000000
vn 0.000000 1.000000 0.000000
vn 0.000000 1.000000 0.000000
vn 0.000000 1.000000 0.000000
vn 0.000000 1.000000 0.000000
vn 0.000000 1.000000 0.000000
vn 0.000000 1.000000 0.000000
vn 0.000000 1.000000 0.000000
vn 0.000002 1.000000 0.000000
vn 0.000002 1.000000 0.000000
vn 0.000000 1.000000 0.000000
vn 0.000002 1.000000 -0.000000
vn 0.000002 1.000000 -0.000000
vn -0.000001 1.000000 -0.000001
vn -0.000002 1.000000 0.000000
vn 0.000000 1.000000 0.000000
vn -0.000001 1.000000 -0.000000
vn -0.000003 1.000000 -0.000000
vn -0.000004 1.000000 0.000001
vn -0.000006 1.000000 0.000000
vn -0.000005 1.000000 0.000000
vn 0.000000 1.000000 0.000000
vn 0.000000 1.000000 0.000000
vn 0.000000 1.000000 0.000000
vn 0.000000 1.000000 0.000000
vn 0.000000 1.000000 0.000000
vn 0.000000 1.000000 0.000000
vn 0.000000 1.000000 0.000000
vn 0.000000 1.000000 0.000000
vn 0.000000 1.000000 0.000000
vn 0.000000 1.000000 0.000000
vn 0.000000 1.000000 0.000000
vn 0.000000 1.000000 0.000000
vn 0.000000 1.000000 0.000000
vn 0.000000 1.000000 -0.000000
vn 0.000000 1.000000 0.000000
vn 0.000000 1.000000 -0.000000
vn 0.000000 1.000000 0.000000
vn 0.000000 1.000000 0.000000
vn 0.000000 1.000000 0.000000
vn 0.000000 1.000000 0.000000
vn 0.000000 1.000000 0.000000
vn 0.000000 1.000000 0.000000
vn 0.000000 1.000000 0.000000
vn 0.000000 1.000000 0.000000
vn 0.000000 1.000000 0.000000
vn -0.000000 1.000000 0.000000
vn -0.000000 1.000000 0.000000
vn 0.000000 1.000000 0.000000
vn 0.000000 1.000000 0.000000
vn -0.000002 1.000000 0.000000
vn -0.000002 1.000000 0.000000
vn -0.000002 1.000000 0.000000
vn -0.000001 1.000000 -0.000000
vn -0.000001 1.000000 -0.000000
vn -0.000001 1.000000 0.000000
vn -0.000002 1.000000 0.000000
vn -1.000000 -0.000000 0.000000
vn -1.000000 -0.000000 0.000000
vn -1.000000 -0.000000 0.000000
vn -1.000000 -0.000000 0.000000
vn -1.000000 0.000000 0.000001
vn -1.000000 0.000000 0.000000
vn -1.000000 0.000000 0.000000
vn -1.000000 0.000000 0.000001
vn 1.000000 -0.000000 0.000000
vn 1.000000 0.000000 0.000000
vn 1.000000 0.000000 0.000000
vn 1.000000 -0.000000 0.000000
vn 1.000000 0.000000 0.000000
vn 1.000000 -0.000000 0.000000
vn 1.000000 -0.000000 0.000000
vn 1.000000 0.000000 0.000000
vn 0.000000 0.000000 1.000000
vn 0.000000 0.000000 1.000000
vn 0.000000 0.000000 1.000000
vn 0.000000 0.000000 1.000000
vn 1.000000 0.000000 0.000000
vn 1.000000 0.000000 0.000000
vn 1.000000 0.000000 0.000000
vn 1.000000 0.000000 0.000000
vn 0.000000 0.000000 1.000000
vn 0.000000 0.000000 1.000000
vn 0.000000 0.000000 1.000000
vn 0.000000 0.000000 1.000000
vn -1.000000 0.000000 0.000000
vn -1.000000 0.000000 0.000000
vn -1.000000 0.000000 0.000000
vn -1.000000 0.000000 0.000000
vn 0.000000 0.000000 1.000000
vn 0.000000 0.000000 1.000000
vn 0.000000 0.000000 -1.000000
vn 0.000000 0.000000 -1.000000
vn 0.000000 0.000000 -1.000000
vn 0.000000 0.000000 -1.000000
vn -1.000000 0.000000 0.000002
vn -1.000000 0.000000 0.000002
vn 0.000000 0.000000 -1.000000
vn 0.000000 0.000000 -1.000000
vn 1.000000 0.000000 0.000000
vn 1.000000 0.000000 0.000000
vn 0.000000 0.000000 -1.000000
vn 0.000000 0.000000 -1.000000
vn 0.000000 0.000000 -1.000000
vn 0.000000 0.000000 -1.000000
vn -1.000000 0.000000 0.000000
vn -1.000000 0.000000 0.000000
vn -1.000000 0.000000 0.000000
vn -1.000000 0.000000 0.000000
vn 1.000000 0.000000 0.000000
vn 1.000000 0.000000 0.000000
vn 1.000000 0.000000 0.000000
vn 1.000000 0.000000 0.000000
vn 0.000000 0.000000 1.000000
vn 0.000000 0.000000 1.000000
vn 0.000000 0.000000 -1.000000
vn 0.000000 0.000000 -1.000000
vn 0.000000 0.000000 1.000000
vn 0.000000 0.000000 1.000000
vn 0.000000 0.000000 1.000000
vn 0.000000 0.000000 1.000000
vn -0.000001 0.000000 1.000000
vn -0.000001 0.000000 1.000000
vn 0.000000 0.000000 -1.000000
vn 0.000000 0.000000 -1.000000
vn 0.000000 0.000000 -1.000000
vn 0.000000 0.000000 -1.000000
vn 0.000000 0.000000 -1.000000
vn 0.000000 0.000000 -1.000000
vn 0.000000 0.000000 -1.000000
vn 0.000000 0.000000 -1.000000
vn 0.000000 0.000000 -1.000000
vn 0.000000 0.000000 -1.000000
vn -1.000000 0.000000 0.000000
vn -1.000000 0.000000 0.000000
vn -1.000000 0.000000 0.000000
vn -1.000000 0.000000 0.000000
vn -1.000000 0.000000 0.000000
vn -1.000000 0.000000 0.000000
vn -1.000000 -0.000000 0.000000
vn -1.000000 -0.000000 0.000000
vn -1.000000 -0.000000 0.000000
vn -1.000000 -0.000000 0.000000
vn -1.000000 0.000000 0.000000
vn -1.000000 0.000000 0.000000
vn -1.000000 0.000000 0.000000
vn -1.000000 0.000000 0.000000
vn -1.000000 0.000000 0.000000
vn -1.000000 0.000000 0.000000
vn -1.000000 0.000000 0.000000
vn -1.000000 0.000000 0.000000
vn 0.000000 0.000000 1.000000
vn 0.000000 0.000000 1.000000
vn 0.000000 0.000000 1.000000
vn 0.000000 0.000000 1.000000
vn -0.000001 0.000000 1.000000
vn -0.000001 0.000000 1.000000
vn 1.000000 0.000000 0.000000
vn 1.000000 0.000000 0.000000
vn 1.000000 0.000000 0.000000
vn 1.000000 0.000000 0.000000
vn 1.000000 0.000000 0.000000
vn 1.000000 0.000000 0.000000
vn 1.000000 0.000000 0.000000
vn 1.000000 0.000000 0.000000
vn 1.000000 0.000000 0.000000
vn 1.000000 0.000000 0.000000
vn 1.000000 0.000000 0.000000
vn 1.000000 0.000000 0.000000
vn 1.000000 0.000000 0.000000
vn 1.000000 0.000000 0.000000
vn 1.000000 0.000000 0.000000
vn 1.000000 0.000000 0.000000
vn 1.000000 0.000000 0.000000
vn 1.000000 0.000000 0.000000
vn 0.000000 0.000000 -1.000000
vn 0.000000 0.000000 -1.000000
vn -1.000000 0.000000 0.000000
vn -1.000000 0.000000 0.000000
vn -1.000000 0.000000 0.000000
vn -1.000000 0.000000 0.000000
vn -1.000000 0.000000 0.000000
vn -1.000000 0.000000 0.000000
vn -1.000000 0.000000 0.000000
vn -1.000000 0.000000 0.000000
vn 0.000000 0.000000 1.000000
vn 0.000000 0.000000 1.000000
vn 0.000000 0.000000 1.000000
vn 0.000000 0.000000 1.000000
vn -1.000000 0.000000 0.000000
vn -1.000000 0.000000 0.000000
vn -1.000000 0.000000 0.000000
vn -1.000000 0.000000 0.000000
vn 1.000000 0.000000 0.000000
vn 1.000000 0.000000 0.000000
vn 1.000000 0.000000 0.000000
vn 1.000000 0.000000 0.000000
vn 1.000000 0.000000 0.000000
vn 1.000000 0.000000 0.000000
vn 1.000000 0.000000 0.000000
vn 1.000000 0.000000 0.000000
vn 0.000000 0.000000 1.000000
vn 0.000000 0.000000 1.000000
vn 0.000000 0.000000 1.000000
vn 0.000000 0.000000 1.000000
vn 1.000000 0.000000 0.000000
vn 1.000000 0.000000 0.000000
vn 1.000000 0.000000 0.000000
vn 1.000000 0.000000 0.000000
vn 0.000000 0.000000 -1.000000
vn 0.000000 0.000000 -1.000000
vn 0.000000 0.000000 -1.000000
vn 0.000000 0.000000 -1.000000
vn -1.000000 0.000000 0.000000
vn -1.000000 0.000000 0.000000
vn 1.000000 0.000000 0.000000
vn 1.000000 0.000000 0.000000
vn 0.000000 0.000000 -1.000000
vn 0.000000 0.000000 -1.000000
vn 0.000000 0.000000 -1.000000
vn 0.000000 0.000000 -1.000000
vn -1.000000 0.000000 0.000000
vn -1.000000 0.000000 0.000000
vn -1.000000 0.000000 0.000000
vn -1.000000 0.000000 0.000000
vn 1.000000 0.000000 0.000000
vn 1.000000 0.000000 0.000000
vn 1.000000 0.000000 0.000000
vn 1.000000 0.000000 0.000000
vn 0.000000 0.000000 1.000000
vn 0.000000 0.000000 1.000000
vn 0.000000 0.000000 -1.000000
vn 0.000000 0.000000 -1.000000
vn -1.000000 0.000000 -0.000001
vn -1.000000 0.000000 -0.000004
vn -1.000000 0.000000 -0.000004
vn -1.000000 0.000000 -0.000001
vn 0.000000 0.000000 1.000000
vn 0.000000 0.000000 1.000000
vn 0.000000 0.000000 1.000000
vn 0.000000 0.000000 1.000000
vn 0.000000 0.000000 1.000000
vn 0.000000 0.000000 1.000000
vn 1.000000 0.000000 0.000000
vn 1.000000 0.000000 0.000000
vn 1.000000 0.000000 0.000000
vn 1.000000 0.000000 0.000000
vn -1.000000 0.000000 0.000000
vn -1.000000 0.000000 0.000000
vn -1.000000 0.000000 0.000000
vn -1.000000 0.000000 0.000000
vn 0.000000 0.000000 -1.000000
vn 0.000000 0.000000 -1.000000
vn 0.000000 0.000000 -1.000000
vn 0.000000 0.000000 -1.000000
vn 1.000000 0.000000 0.000000
vn 1.000000 0.000000 0.000000
vn 1.000000 0.000000 0.000000
vn 1.000000 0.000000 0.000000
vn 0.000000 0.000000 -1.000000
vn 0.000000 0.000000 -1.000000
vn 0.000000 0.000000 1.000000
vn 0.000000 0.000000 1.000000
vn 0.000000 0.000000 1.000000
vn 0.000000 0.000000 1.000000
vn 1.000000 0.000000 0.000000
vn 1.000000 0.000000 0.000000
vn 1.000000 0.000000 0.000000
vn 1.000000 0.000000 0.000000
vn -1.000000 0.000000 0.000000
vn -1.000000 0.000000 0.000000
vn -1.000000 0.000000 0.000000
vn -1.000000 0.000000 0.000000
vn 1.000000 0.000000 0.000000
vn 1.000000 0.000000 0.000000
vn 1.000000 0.000000 0.000000
vn 1.000000 0.000000 0.000000
vn 0.000000 0.000000 -1.000000
vn 0.000000 0.000000 -1.000000
vn 0.000000 0.000000 -1.000000
vn 0.000000 0.000000 -1.000000
vn -1.000000 0.000000 0.000000
vn -1.000000 0.000000 0.000000
vn -1.000000 0.000000 0.000000
vn -1.000000 0.000000 0.000000
vn 1.000000 0.000000 0.000000
vn 1.000000 0.000000 0.000000
vn 1.000000 0.000000 0.000000
vn 1.000000 0.000000 0.000000
vn 0.000000 0.000000 -1.000000
vn -0.000000 0.000000 -1.000000
vn -0.000000 0.000000 -1.000000
vn 0.000000 0.000000 -1.000000
vn 0.000000 0.000000 1.000000
vn -0.000001 0.000000 1.000000
vn -0.000001 0.000000 1.000000
vn 0.000000 0.000000 1.000000
vn 1.000000 0.000000 0.000000
vn 1.000000 0.000000 0.000000
vn 1.000000 0.000000 0.000000
vn 1.000000 0.000000 0.000000
vn -1.000000 0.000000 0.000000
vn -1.000000 0.000000 -0.000001
vn -1.000000 0.000000 -0.000001
vn -1.000000 0.000000 0.000000
vn 0.000001 0.000000 1.000000
vn 0.000001 0.000000 1.000000
vn -1.000000 0.000000 0.000000
vn -1.000000 0.000000 0.000000
vn -1.000000 0.000000 0.000000
vn -1.000000 0.000000 0.000000
vn -0.000001 0.000000 -1.000000
vn -0.000001 0.000000 -1.000000
vn 0.000000 0.000000 1.000000
vn 0.000000 0.000000 1.000000
vn 0.000000 0.000000 1.000000
vn 0.000000 0.000000 1.000000
vn 1.000000 0.000000 0.000000
vn 1.000000 0.000000 0.000000
vn 1.000000 0.000000 0.000000
vn 1.000000 0.000000 0.000000
vn -1.000000 0.000000 0.000000
vn -1.000000 0.000000 0.000000
vn -1.000000 0.000000 0.000000
vn -1.000000 0.000000 0.000000
vn 1.000000 0.000000 0.000000
vn 1.000000 0.000000 0.000000
vn -1.000000 0.000000 0.000000
vn -1.000000 0.000000 0.000000
vn 1.000000 0.000000 0.000000
vn 1.000000 0.000000 0.000000
vn 1.000000 0.000000 0.000000
vn 1.000000 0.000000 0.000000
vn -1.000000 0.000000 0.000000
vn -1.000000 0.000000 0.000000
vn -1.000000 0.000000 0.000000
vn -1.000000 0.000000 0.000000
vn 1.000000 0.000000 0.000000
vn 1.000000 0.000000 0.000000
vn 0.000000 0.000000 -1.000000
vn 0.000000 0.000000 -1.000000
vn 0.000000 0.000000 -1.000000
vn 0.000000 0.000000 -1.000000
vn -1.000000 0.000000 0.000000
vn -1.000000 0.000000 0.000000
vn -0.000000 0.000000 -1.000000
vn 0.000000 0.000000 -1.000000
vn 0.000000 0.000000 -1.000000
vn -0.000000 0.000000 -1.000000
vn 0.000000 0.000000 1.000000
vn 0.000000 0.000000 1.000000
vn 0.000000 0.000000 1.000000
vn 0.000000 0.000000 1.000000
vn -1.000000 0.000000 0.000000
vn -1.000000 0.000000 0.000000
vn -1.000000 0.000000 0.000000
vn -1.000000 0.000000 0.000000
vn 0.000002 0.000000 1.000000
vn 0.000002 0.000000 1.000000
vn -1.000000 0.000000 0.000000
vn -1.000000 0.000000 0.000000
vn -1.000000 0.000000 0.000000
vn -1.000000 0.000000 0.000000
vn 0.000000 0.000000 -1.000000
vn 0.000000 0.000000 -1.000000
vn 1.000000 0.000000 0.000000
vn 1.000000 0.000000 0.000000
vn 1.000000 0.000000 0.000000
vn 1.000000 0.000000 0.000000
vn -0.000003 0.000000 -1.000000
vn -0.000003 0.000000 -1.000000
vn 1.000000 0.000000 0.000000
vn 1.000000 0.000000 0.000000
vn 1.000000 0.000000 0.000000
vn 1.000000 0.000000 0.000000
vn 0.000000 0.000000 1.000000
vn 0.000000 0.000000 1.000000
vn -1.000000 0.000000 0.000000
vn -1.000000 0.000000 0.000000
vn -1.000000 0.000000 0.000000
vn -1.000000 0.000000 0.000000
vn 0.000000 0.000000 -1.000000
vn 0.000000 0.000000 -1.000000
vn 0.000000 0.000000 -1.000000
vn 0.000000 0.000000 -1.000000
vn -1.000000 0.000000 0.000000
vn -1.000000 0.000000 0.000000
vn -1.000000 0.000000 0.000000
vn -1.000000 0.000000 0.000000
vn 0.000000 0.000000 1.000000
vn 0.000000 0.000000 1.000000
vn 0.000000 0.000000 1.000000
vn 0.000000 0.000000 1.000000
vn 1.000000 0.000000 0.000000
vn 1.000000 0.000000 0.000000
vn 1.000000 0.000000 0.000000
vn 1.000000 0.000000 0.000000
vn 0.000001 0.000000 -1.000000
vn 0.000001 0.000000 -1.000000
vn 0.000000 0.000000 1.000000
vn 0.000000 0.000000 1.000000
vn 1.000000 0.000000 0.000000
vn 1.000000 0.000000 0.000000
vn 1.000000 0.000000 0.000000
vn 1.000000 0.000000 0.000000
vn -1.000000 0.000000 0.000000
vn -1.000000 0.000000 0.000000
vn -1.000000 0.000000 0.000000
vn -1.000000 0.000000 0.000000
vn -0.007691 0.000000 0.999970
vn -0.007691 0.000000 0.999970
vn -0.007691 0.000000 0.999970
vn -0.007691 0.000000 0.999970
vn 1.000000 0.000000 0.000000
vn 1.000000 0.000000 0.000000
vn 1.000000 0.000000 0.000000
vn 1.000000 0.000000 0.000000
vn 1.000000 0.000000 0.000000
vn 1.000000 0.000000 0.000000
vn -1.000000 0.000000 0.000000
vn -1.000000 0.000000 0.000000
vn -1.000000 0.000000 0.000000
vn -1.000000 0.000000 0.000000
vn 1.000000 0.000000 0.000000
vn 1.000000 0.000000 0.000000
vn 1.000000 0.000000 0.000000
vn 1.000000 0.000000 0.000000
vn 0.000000 0.000000 -1.000000
vn 0.000000 0.000000 -1.000000
vn 0.000000 0.000000 -1.000000
vn 0.000000 0.000000 -1.000000
vn 0.000000 0.000000 -1.000000
vn 0.000000 0.000000 -1.000000
vn 0.000000 0.000000 -1.000000
vn 0.000000 0.000000 -1.000000
vn 0.000000 0.000000 -1.000000
vn 0.000000 0.000000 -1.000000
vn 0.000000 0.000000 -1.000000
vn 0.000000 0.000000 -1.000000
vn 0.000000 0.000000 -1.000000
vn 0.000000 0.000000 -1.000000
vn 0.000000 0.000000 -1.000000
vn 0.000000 0.000000 -1.000000
vn 0.000000 0.000000 -1.000000
vn 0.000000 0.000000 -1.000000
vn 0.000000 0.000000 -1.000000
vn 0.000000 0.000000 -1.000000
vn 0.000000 0.000000 -1.000000
vn 0.000000 0.000000 -1.000000
vn 0.000000 0.000000 -1.000000
vn 0.000000 0.000000 -1.000000
vn 0.000000 0.000000 -1.000000
vn 0.000000 0.000000 -1.000000
vn 0.000000 0.000000 -1.000000
vn 0.000000 0.000000 -1.000000
vn 0.000000 0.000000 -1.000000
vn 0.000000 0.000000 -1.000000
vn 0.000000 0.000000 -1.000000
vn 0.000000 0.000000 -1.000000
vn 0.000000 0.000000 -1.000000
vn 0.000000 0.000000 -1.000000
vn 0.000000 0.000000 -1.000000
vn 0.000000 0.000000 -1.000000
vn 0.000000 0.000000 -1.000000
vn 0.000000 0.000000 -1.000000
vn 0.000000 0.000000 -1.000000
vn 0.000000 0.000000 -1.000000
vn -1.000000 0.000000 0.000000
vn -1.000000 0.000000 0.000000
vn -1.000000 0.000000 0.000000
vn -1.000000 0.000000 0.000000
vn -0.000001 1.000000 0.000000
vn -0.000001 1.000000 0.000000
vn -0.000001 1.000000 0.000000
vn -0.000001 1.000000 0.000000
vn -1.000000 0.000000 0.000000
vn -1.000000 -0.000000 0.000000
vn -1.000000 -0.000000 0.000000
vn -1.000000 0.000000 0.000000
vn -1.000000 0.000000 0.000000
vn -1.000000 0.000000 0.000000
vn -1.000000 0.000000 0.000000
vn -1.000000 0.000000 0.000000
vn 0.291041 0.000000 0.956711
vn 0.291041 0.000000 0.956711
vn 0.291041 0.000000 0.956711
vn 0.291041 0.000000 0.956711
vn 0.000000 0.000000 -1.000000
vn 0.000000 0.000000 -1.000000
vn 0.000000 0.000000 -1.000000
vn 0.000000 0.000000 -1.000000
vn -1.000000 0.000000 0.000000
vn -1.000000 0.000000 0.000000
vn 0.000000 0.000000 -1.000000
vn 0.000000 0.000000 -1.000000
vn -1.000000 0.000000 0.000000
vn -1.000000 0.000000 0.000000
vn -1.000000 0.000000 0.000000
vn -1.000000 0.000000 0.000000
vn -1.000000 0.000000 0.000000
vn -1.000000 0.000000 0.000000
vn -1.000000 0.000000 0.000000
vn -1.000000 0.000000 0.000000
vn -1.000000 -0.000000 0.000000
vn -1.000000 -0.000000 0.000000
vn -1.000000 -0.000000 0.000000
vn -1.000000 -0.000000 0.000000
vn -0.296322 -0.000000 0.955088
vn -0.296322 -0.000000 0.955088
vn -0.296322 -0.000000 0.955088
vn -0.296322 -0.000000 0.955088
vn 0.000000 0.000000 -1.000000
vn 0.000000 0.000000 -1.000000
vn 0.000000 0.000000 -1.000000
vn 0.000000 0.000000 -1.000000
vn 1.000000 0.000000 0.000000
vn 1.000000 0.000000 0.000000
vn 1.000000 0.000000 0.000000
vn 1.000000 0.000000 0.000000
vn 1.000000 -0.000000 0.000000
vn 1.000000 0.000000 0.000000
vn 1.000000 0.000000 0.000000
vn 1.000000 -0.000000 0.000000
vn 1.000000 0.000000 0.000000
vn 1.000000 -0.000000 0.000000
vn 1.000000 -0.000000 0.000000
vn 1.000000 0.000000 0.000000
vn 0.000000 0.000000 -1.000000
vn 0.000000 0.000000 -1.000000
vn 0.000000 0.000000 -1.000000
vn 0.000000 0.000000 -1.000000
vn 0.000000 0.000000 1.000000
vn 0.000000 0.000000 1.000000
vn 0.000000 0.000000 1.000000
vn 0.000000 0.000000 1.000000
vn 0.000000 0.000000 -1.000000
vn 0.000000 0.000000 -1.000000
vn 1.000000 0.000000 0.000000
vn 1.000000 0.000000 0.000000
vn 1.000000 0.000000 0.000000
vn 1.000000 0.000000 0.000000
vn 1.000000 0.000000 0.000000
vn 1.000000 0.000000 0.000000
vn 1.000000 0.000000 0.000000
vn 1.000000 0.000000 0.000000
vn 1.000000 0.000000 0.000000
vn 1.000000 0.000000 0.000000
vn 1.000000 0.000000 0.000000
vn 1.000000 0.000000 0.000000
vn 0.000000 0.000000 -1.000000
vn 0.000000 0.000000 -1.000000
vn 0.000000 0.000000 -1.000000
vn 0.000000 0.000000 -1.000000
vn 0.000000 0.000000 -1.000000
vn 0.000000 0.000000 -1.000000
vn -1.000000 0.000000 0.000000
vn -1.000000 0.000000 0.000000
vn 0.000000 0.000000 -1.000000
vn 0.000000 0.000000 -1.000000
vn 0.000000 0.000000 -1.000000
vn 0.000000 0.000000 -1.000000
vn 0.000000 0.000000 -1.000000
vn 0.000000 0.000000 -1.000000
vn 0.000000 0.000000 -1.000000
vn 0.000000 0.000000 -1.000000
vn 0.000000 0.000000 -1.000000
vn 0.000000 0.000000 -1.000000
vn -1.000000 0.000000 0.000000
vn -1.000000 0.000000 0.000000
vn -1.000000 0.000000 0.000000
vn -1.000000 0.000000 0.000000
vn 1.000000 0.000000 0.000000
vn 1.000000 0.000000 0.000000
vn 1.000000 0.000000 0.000000
vn 1.000000 0.000000 0.000000
vn -1.000000 -0.000000 0.000000
vn -1.000000 0.000000 0.000000
vn -1.000000 0.000000 0.000000
vn -1.000000 -0.000000 0.000000
vn 0.000000 0.000000 1.000000
vn 0.000000 0.000000 1.000000
vn 0.000000 0.000000 1.000000
vn 0.000000 0.000000 1.000000
vn 0.000000 0.000000 1.000000
vn 0.000000 0.000000 1.000000
vn 0.000000 0.000000 1.000000
vn 0.000000 0.000000 1.000000
vn 0.000000 0.000000 1.000000
vn 0.000000 0.000000 1.000000
vn 0.000000 0.000000 1.000000
vn 0.000000 0.000000 1.000000
vn 0.000000 -0.000000 1.000000
vn 0.000000 -0.000000 1.000000
vn 0.000000 -0.000000 1.000000
vn 0.000000 -0.000000 1.000000
vn 0.000000 0.000000 1.000000
vn 0.000000 0.000000 1.000000
vn 0.000000 0.000000 1.000000
vn 0.000000 0.000000 1.000000
vn 0.000000 0.000000 1.000000
vn 0.000000 0.000000 1.000000
vn -1.000000 0.000000 0.000000
vn -1.000000 0.000000 0.000000
vn -1.000000 0.000000 0.000000
vn -1.000000 0.000000 0.000000
vn 1.000000 -0.000002 0.000000
vn 1.000000 -0.000002 0.000000
vn 1.000000 -0.000002 0.000000
vn 1.000000 -0.000002 0.000000
vn 0.000000 0.000000 1.000000
vn 0.000000 0.000000 1.000000
vn 0.000000 0.000000 1.000000
vn 0.000000 0.000000 1.000000
vn 0.000000 0.000000 1.000000
vn 0.000000 0.000000 1.000000
vn 0.000000 0.000000 1.000000
vn 0.000000 0.000000 1.000000
vn 0.000000 0.000000 1.000000
vn 0.000000 0.000000 1.000000
vn 0.000000 0.000000 1.000000
vn 0.000000 0.000000 1.000000
vn 0.000000 0.000000 1.000000
vn 0.000000 0.000000 1.000000
vn 0.000000 0.000000 1.000000
vn 0.000000 0.000000 1.000000
vn 0.000000 0.000000 1.000000
vn 0.000000 0.000000 1.000000
vn 0.000000 0.000000 1.000000
vn 0.000000 0.000000 1.000000
vn 0.000000 0.000000 -1.000000
vn 0.000000 0.000000 -1.000000
vn -0.240858 0.000000 0.970560
vn -0.240858 0.000000 0.970560
vn -0.240858 0.000000 0.970560
vn -0.240858 0.000000 0.970560
vn 1.000000 0.000000 0.000000
vn 1.000000 0.000000 0.000000
vn 1.000000 0.000000 0.000000
vn 1.000000 0.000000 0.000000
vn 1.000000 0.000000 0.000000
vn 1.000000 0.000000 0.000000
vn 1.000000 0.000000 0.000000
vn 1.000000 0.000000 0.000000
vn 1.000000 0.000000 0.000000
vn 1.000000 0.000000 0.000000
vn 0.000000 0.000000 -1.000000
vn 0.000000 0.000000 -1.000000
vn 0.000000 0.000000 -1.000000
vn 0.000000 0.000000 -1.000000
vn 1.000000 0.000000 0.000000
vn 1.000000 0.000000 0.000000
vn -1.000000 0.000000 0.000000
vn -1.000000 0.000000 0.000000
vn 1.000000 0.000000 0.000000
vn 1.000000 0.000000 0.000000
vn 1.000000 0.000000 0.000000
vn 1.000000 0.000000 0.000000
vn -1.000000 0.000000 0.000000
vn -1.000000 0.000000 0.000000
vn -1.000000 0.000000 0.000000
vn -1.000000 0.000000 0.000000
vn -1.000000 0.000000 0.000000
vn -1.000000 0.000000 0.000000
vn -1.000000 0.000000 0.000000
vn -1.000000 0.000000 0.000000
vn -1.000000 -0.000000 0.000000
vn -1.000000 -0.000000 0.000000
vn -1.000000 -0.000000 0.000000
vn -1.000000 -0.000000 0.000000
vn -1.000000 0.000000 0.000000
vn -1.000000 0.000000 0.000000
vn -1.000000 0.000000 0.000000
vn -1.000000 0.000000 0.000000
vn -1.000000 0.000000 0.000000
vn -1.000000 0.000000 0.000000
vn 0.000000 0.000000 -1.000000
vn 0.000000 0.000000 -1.000000
vn 0.102353 0.000000 0.994748
vn 0.102353 0.000000 0.994748
vn 0.102353 0.000000 0.994748
vn 0.102353 0.000000 0.994748
vn 0.000000 0.000000 -1.000000
vn 0.000000 0.000000 -1.000000
vn 0.000000 0.000000 1.000000
vn 0.000000 0.000000 1.000000
vn 0.000000 0.000000 1.000000
vn 0.000000 0.000000 1.000000
vn 0.000000 0.000000 1.000000
vn 0.000000 0.000000 1.000000
vn 0.000000 0.000000 1.000000
vn 0.000000 0.000000 1.000000
vn -1.000000 0.000000 0.000000
vn -1.000000 0.000000 0.000000
vn -1.000000 0.000000 0.000000
vn -1.000000 0.000000 0.000000
vn -0.125649 0.000000 0.992075
vn 0.047080 0.000000 0.998891
vn 0.047080 0.000000 0.998891
vn -0.125649 0.000000 0.992075
vn 0.309480 0.000000 0.950906
vn 0.427088 0.000000 0.904210
vn 0.427088 0.000000 0.904210
vn 0.309480 0.000000 0.950906
vn -0.346185 0.000000 0.938166
vn -0.177483 0.000000 0.984124
vn -0.177483 0.000000 0.984124
vn -0.346185 0.000000 0.938166
vn -0.000000 0.000000 1.000000
vn 0.168228 0.000000 0.985748
vn 0.168228 0.000000 0.985748
vn -0.000000 0.000000 1.000000
vn -0.455939 0.000000 0.890011
vn -0.455940 0.000000 0.890011
vn 0.486368 0.000000 0.873754
vn 0.486368 0.000000 0.873754
vn 1.000000 0.000000 0.000000
vn 1.000000 0.000000 0.000000
vn 1.000000 0.000000 0.000000
vn 1.000000 0.000000 0.000000
vn 0.235727 0.000000 0.971819
vn 0.350467 0.000000 0.936575
vn 0.350467 0.000000 0.936575
vn 0.235727 0.000000 0.971819
vn -0.366557 0.000000 0.930396
vn -0.366557 0.000000 0.930396
vn -0.506888 0.000000 0.862012
vn -0.506888 0.000000 0.862012
vn 0.457516 0.000000 0.889201
vn 0.457516 0.000000 0.889201
vn -1.000000 0.000000 0.000000
vn -1.000000 0.000000 0.000000
vn -1.000000 0.000000 0.000000
vn -1.000000 0.000000 0.000000
vn 0.002639 0.000000 -0.999997
vn 0.002640 0.000000 -0.999996
vn 0.002640 0.000000 -0.999996
vn 0.002639 0.000000 -0.999997
vn 0.002639 0.000000 -0.999996
vn 0.002639 0.000000 -0.999996
vn 0.002640 0.000000 -0.999997
vn 0.002640 0.000000 -0.999997
vn 0.002639 0.000000 -0.999997
vn 0.002639 0.000000 -0.999997
vn 0.002638 0.000000 -0.999997
vn 0.002638 0.000000 -0.999997
vn 0.002638 0.000000 -0.999997
vn 0.002638 0.000000 -0.999997
vn 0.002642 0.000000 -0.999997
vn 0.002642 0.000000 -0.999997
vn 1.000000 0.000000 0.000000
vn 1.000000 0.000000 0.000000
vn 1.000000 0.000000 0.000000
vn 1.000000 0.000000 0.000000
vn -0.001119 0.000000 -0.999999
vn -0.001120 0.000000 -0.999999
vn -0.001120 0.000000 -0.999999
vn -0.001119 0.000000 -0.999999
vn -0.001120 0.000000 -0.999999
vn -0.001120 0.000000 -0.999999
vn -0.001119 0.000000 -0.999999
vn -0.001119 0.000000 -0.999999
vn -0.001120 0.000000 -0.999999
vn -0.001120 0.000000 -0.999999
vn -0.001120 0.000000 -0.999999
vn -0.001120 0.000000 -0.999999
vn -0.001119 0.000000 -0.999999
vn -0.001119 0.000000 -0.999999
vn 0.011690 0.000000 0.999932
vn 0.000000 0.000000 1.000000
vn 0.000000 0.000000 1.000000
vn 0.011690 0.000000 0.999932
vn 0.000001 0.000000 1.000000
vn 0.000001 0.000000 1.000000
vn 0.000001 0.000000 1.000000
vn 0.000001 0.000000 1.000000
vn -0.011099 0.000000 0.999938
vn -0.011099 0.000000 0.999938
vn -0.011099 0.000000 0.999938
vn -0.011099 0.000000 0.999938
vn -0.000001 0.000000 1.000000
vn -0.000001 0.000000 1.000000
vn -0.000001 0.000000 1.000000
vn -0.000001 0.000000 1.000000
vn 0.026027 0.000000 0.999661
vn 0.026027 0.000000 0.999661
vn 0.000000 0.000000 1.000000
vn 0.000000 0.000000 1.000000
vn -0.000001 0.000000 1.000000
vn -0.000001 0.000000 1.000000
vn -0.000001 0.000000 1.000000
vn -0.000001 0.000000 1.000000
vn 0.000000 0.000000 1.000000
vn 0.000000 0.000000 1.000000
vn 0.000000 0.000000 1.000000
vn 0.000000 0.000000 1.000000
vn 0.000000 0.000000 -1.000000
vn 0.000000 0.000000 -1.000000
vn 0.000000 0.000000 -1.000000
vn 0.000000 0.000000 -1.000000
s 1
g pPlane1
usemtl initialShadingGroup
f 59/74/1 60/75/2 48/63/3 2/2/4
f 2/2/4 236/276/5 237/277/6 59/74/1
f 56/71/7 134/150/8 135/151/9 4/4/10
f 4/4/10 127/143/11 128/144/12 56/71/7
f 252/313/13 253/314/14 6/6/15 54/69/16
f 282/355/17 283/356/18 7/7/19 53/68/20
f 7/7/19 148/164/21 149/165/22 53/68/20
f 94/109/23 95/110/24 9/9/25 51/66/26
f 9/9/25 284/357/27 285/358/28 51/66/26
f 101/116/29 11/11/30 49/64/31 100/115/32
s 7
f 331/418/33 332/419/34 333/262/35 334/22/36
f 333/262/35 335/281/37 336/282/38 334/22/36
s 8
f 385/308/39 386/309/40 387/269/41 388/24/42
s 1
f 277/350/43 278/351/44 232/271/45 18/25/46
f 92/107/47 233/272/48 234/273/49 19/26/50
s 11
f 439/421/51 440/362/52 441/363/53 442/420/54
s 7
f 337/422/55 338/423/56 339/244/57 340/28/58
f 339/244/57 341/283/59 342/284/60 340/28/58
s 8
f 389/306/61 390/307/62 391/251/63 392/30/64
s 1
f 275/348/65 276/349/66 219/253/67 20/31/68
f 91/106/69 220/254/70 221/255/71 21/32/72
s 11
f 443/425/73 444/364/74 445/365/75 446/424/76
s 14
f 484/426/77 485/427/78 486/428/79 487/34/80
f 486/428/79 488/429/81 489/430/82 487/34/80
s 15
f 249/303/83 250/304/84 26/41/85 22/36/86
s 16
f 496/431/87 497/432/88 498/433/89 499/434/90
s 14
f 490/435/91 491/436/92 492/329/93 493/437/94
f 492/329/93 494/438/95 495/439/96 493/437/94
s 15
f 248/302/97 265/336/98 266/337/99 32/47/100
s 16
f 500/443/101 501/440/102 502/441/103 503/442/104
s 1
f 44/59/105 109/125/106 110/126/107 24/39/108
f 110/126/107 238/285/109 239/286/110 24/39/108
f 250/304/111 251/305/112 116/132/113 26/41/114
f 273/346/115 324/411/116 27/42/117
f 90/105/118 119/135/119 120/136/120 28/43/121
f 120/136/120 286/366/122 287/367/123 28/43/121
s 20
f 504/332/124 505/444/125 506/445/126 507/446/127
f 508/447/128 509/448/129 510/449/130 511/35/131
s 1
f 111/127/132 112/128/133 37/52/134 25/40/135
s 7
f 343/245/136 344/450/137 345/451/138 346/29/139
f 347/263/140 348/452/141 349/453/142 350/23/143
s 1
f 3/3/144 41/56/145 57/72/146 58/73/147
s 25
f 516/454/148 517/455/149 518/456/150 519/457/151
s 1
f 100/115/32 49/64/31 321/408/152 322/409/153
s 11
f 448/458/154 447/459/155 449/359/156 450/460/157
s 1
f 93/108/158 94/109/23 51/66/26 17/20/159
f 314/401/160 315/402/161 150/166/162 15/18/163
f 281/354/164 282/355/17 53/68/20 314/401/160
s 8
f 393/312/165 394/461/166 395/462/167 396/17/168
s 1
f 308/395/169 309/396/170 129/145/171 13/15/172
f 133/149/173 307/394/174 308/395/169 13/15/172
s 7
f 352/463/175 351/464/176 353/465/177 354/14/178
f 356/466/179 355/467/180 357/278/181 358/13/182
f 359/468/183 360/469/184 356/466/179 358/13/182
s 25
f 519/457/151 518/456/150 520/470/185 521/471/186
s 1
f 37/52/134 112/128/133 113/129/187 62/77/188
f 38/53/189 214/246/190 215/247/191 63/78/192
f 39/54/193 227/264/194 228/265/195 64/79/196
f 40/55/197 57/72/146 66/81/198 306/393/199
f 67/82/200 66/81/198 57/72/146 41/56/145
f 312/399/201 313/400/202 138/154/203 14/16/204
f 5/5/205 136/152/206 137/153/207 55/70/208
f 68/83/209 114/130/210 115/131/211 76/91/212
f 69/84/213 216/248/214 217/249/215 77/92/216
f 70/85/217 229/266/218 230/267/219 78/93/220
f 71/86/221 72/87/222 80/95/223 79/94/224
f 72/87/222 73/88/225 81/96/226 80/95/223
s 15
f 266/337/99 267/338/227 259/327/228 32/47/100
f 26/41/85 257/325/229 258/326/230 22/36/86
s 1
f 116/132/113 256/324/231 257/325/232 26/41/114
s 8
f 391/251/63 397/322/233 398/323/234 392/30/64
f 387/269/41 399/320/235 400/321/236 388/24/42
f 395/462/167 401/472/237 402/317/238 396/17/168
s 1
f 6/6/15 254/315/239 255/316/240 54/69/16
f 317/404/241 318/405/242 144/160/243 16/19/244
f 8/8/245 142/158/246 143/159/247 52/67/248
s 42
f 528/341/249 529/342/250 530/473/251 531/474/252
f 532/475/253 533/476/254 534/118/255 535/38/256
s 1
f 121/137/257 122/138/258 103/119/259 29/44/260
s 11
f 451/256/261 452/477/262 453/478/263 454/33/264
f 455/274/265 456/479/266 457/480/267 458/27/268
f 460/481/269 459/482/270 461/483/271 462/21/272
s 1
f 10/10/273 108/124/274 107/123/275 50/65/276
s 7
f 362/484/277 361/485/278 337/422/55 340/28/58
f 340/28/58 342/284/60 363/486/279 362/484/277
f 346/29/139 345/451/138 364/487/280 365/488/281
s 1
f 113/129/187 112/128/133 38/53/189 63/78/192
f 115/131/211 114/130/210 69/84/213 77/92/216
s 8
f 404/489/282 403/490/283 389/306/61 392/30/64
f 392/30/64 398/323/234 405/491/284 404/489/282
s 1
f 118/134/285 274/347/286 275/348/65 20/31/68
f 120/136/120 119/135/119 91/106/69 21/32/72
s 11
f 446/424/76 445/365/75 463/492/287 464/493/288
f 454/33/264 453/478/263 465/494/289 466/495/290
s 1
f 131/147/291 132/148/292 5/5/205 55/70/208
f 130/146/293 311/398/294 312/399/201 14/16/204
f 128/144/12 127/143/11 124/140/295 125/141/296
f 129/145/171 309/396/170 310/397/297 126/142/298
f 126/142/298 310/397/297 311/398/294 130/146/293
f 125/141/296 124/140/295 132/148/292 131/147/291
f 65/80/299 306/393/199 307/394/174 133/149/173
f 135/151/9 134/150/8 66/81/198 67/82/200
f 137/153/207 136/152/206 73/88/225 72/87/222
f 138/154/203 313/400/202 71/86/221
f 152/168/300 153/169/301 95/110/24 94/109/23
f 151/167/302 320/407/303 93/108/158
f 143/159/247 142/158/246 139/155/304 140/156/305
f 144/160/243 318/405/242 319/406/306 141/157/307
f 146/162/308 145/161/309 8/8/245 52/67/248
f 147/163/310 316/403/311 317/404/241 16/19/244
f 149/165/22 148/164/21 145/161/309 146/162/308
f 150/166/162 315/402/161 316/403/311 147/163/310
f 141/157/307 319/406/306 320/407/303 151/167/302
f 140/156/305 139/155/304 153/169/301 152/168/300
s 25
f 522/499/312 523/496/313 524/497/314 525/498/315
s 7
f 367/172/316 366/500/317 368/501/318 369/195/319
f 369/195/319 370/279/320 371/280/321 367/172/316
f 372/196/322 373/502/323 374/503/324 375/173/325
s 1
f 157/175/326 156/174/327 175/197/328 176/198/329
f 158/176/330 157/175/326 176/198/329 177/199/331
f 160/178/332 159/177/333 181/203/334 182/204/335
f 182/204/335 183/205/336 161/179/337 160/178/332
f 162/180/338 161/179/337 183/205/336 184/206/339
f 163/181/340 162/180/338 184/206/339 185/207/341
s 8
f 407/182/342 406/310/343 408/311/344 409/208/345
f 409/208/345 410/318/346 411/319/347 407/182/342
s 1
f 165/184/348 279/352/349 280/353/350 187/210/351
f 187/210/351 188/211/352 166/185/353 165/184/348
f 168/187/354 167/186/355 192/215/356 193/216/357
f 169/188/358 168/187/354 193/216/357 194/217/359
f 170/189/360 169/188/358 194/217/359 195/218/361
s 11
f 467/505/362 468/360/363 469/361/364 470/504/365
f 471/219/366 472/506/367 473/507/368 474/190/369
s 25
f 521/471/186 520/470/185 523/496/313 522/499/312
s 7
f 369/195/319 368/501/318 359/468/183 358/13/182
f 358/13/182 357/278/181 370/279/320 369/195/319
f 354/14/178 353/465/177 373/502/323 372/196/322
s 1
f 176/198/329 175/197/328 40/55/197 65/80/299
f 177/199/331 176/198/329 65/80/299 133/149/173
f 178/200/370 177/199/331 133/149/173 13/15/172
f 13/15/172 129/145/171 179/201/371 178/200/370
f 180/202/372 179/201/371 129/145/171 126/142/298
f 181/203/334 180/202/372 126/142/298 130/146/293
f 182/204/335 181/203/334 130/146/293 14/16/204
f 14/16/204 138/154/203 183/205/336 182/204/335
f 184/206/339 183/205/336 138/154/203 71/86/221
f 185/207/341 184/206/339 71/86/221 79/94/224
s 8
f 409/208/345 408/311/344 393/312/165 396/17/168
f 396/17/168 402/317/238 410/318/346 409/208/345
s 1
f 187/210/351 280/353/350 281/354/164 15/18/163
f 15/18/163 150/166/162 188/211/352 187/210/351
f 189/212/373 188/211/352 150/166/162 147/163/310
f 190/213/374 189/212/373 147/163/310 16/19/244
f 16/19/244 144/160/243 191/214/375 190/213/374
f 192/215/356 191/214/375 144/160/243 141/157/307
f 193/216/357 192/215/356 141/157/307 151/167/302
f 194/217/359 193/216/357 151/167/302 93/108/158
f 195/218/361 194/217/359 93/108/158 17/20/159
s 11
f 450/460/157 449/359/156 468/360/363 467/505/362
f 462/21/272 461/483/271 472/506/367 471/219/366
s 1
f 199/223/376 198/222/377 48/63/3 60/75/2
f 200/224/378 199/223/376 60/75/2 47/62/379
f 201/225/380 200/224/378 47/62/379 174/194/381
f 202/226/382 201/225/380 174/194/381 155/171/383
f 203/227/384 225/260/385 226/261/386 46/61/387
f 204/228/388 212/242/389 213/243/390 45/60/391
f 205/229/392 204/228/388 45/60/391 109/125/106
f 206/230/393 205/229/392 109/125/106 44/59/105
s 50
f 544/508/394 545/509/395 546/335/396 547/510/397
f 548/511/398 549/512/399 550/513/400 551/232/401
s 1
f 76/91/212 115/131/211 209/234/402 208/233/403
s 8
f 413/235/404 412/514/405 414/515/406 415/516/407
f 415/516/407 416/517/408 417/250/409 413/235/404
f 418/518/410 419/519/411 420/268/412 421/236/413
f 423/238/414 422/237/415 424/520/416 425/521/417
f 426/239/418 423/238/414 425/521/417 427/522/419
f 427/522/419 428/523/420 429/524/421 426/239/418
s 1
f 80/95/223 81/96/226 211/241/422 210/240/423
f 213/243/390 212/242/389 203/227/384 46/61/387
s 7
f 339/244/57 338/423/56 331/418/33 334/22/36
f 334/22/36 336/282/38 341/283/59 339/244/57
f 350/23/143 349/453/142 344/450/137 343/245/136
s 1
f 215/247/191 214/246/190 39/54/193 64/79/196
f 217/249/215 216/248/214 70/85/217 78/93/220
s 8
f 417/250/409 416/517/408 418/518/410 421/236/413
f 391/251/63 390/307/62 385/308/39 388/24/42
f 388/24/42 400/321/236 397/322/233 391/251/63
s 1
f 219/253/67 276/349/66 277/350/43 18/25/46
f 221/255/71 220/254/70 92/107/47 19/26/50
s 11
f 442/420/54 441/363/53 444/364/74 443/425/73
f 458/27/268 457/480/267 452/477/262 451/256/261
s 25
f 525/498/315 524/497/314 526/525/424 527/526/425
s 1
f 226/261/386 225/260/385 202/226/382 155/171/383
s 7
f 333/262/35 332/419/34 366/500/317 367/172/316
f 367/172/316 371/280/321 335/281/37 333/262/35
f 375/173/325 374/503/324 348/452/141 347/263/140
s 1
f 228/265/195 227/264/194 156/174/327 157/175/326
f 230/267/219 229/266/218 162/180/338 163/181/340
s 8
f 420/268/412 419/519/411 424/520/416 422/237/415
f 387/269/41 386/309/40 406/310/343 407/182/342
f 407/182/342 411/319/347 399/320/235 387/269/41
s 1
f 232/271/45 278/351/44 279/352/349 165/184/348
f 234/273/49 233/272/48 169/188/358 170/189/360
s 11
f 470/504/365 469/361/364 440/362/52 439/421/51
f 474/190/369 473/507/368 456/479/266 455/274/265
s 1
f 123/139/426 96/111/427 301/388/428 302/389/429
f 97/112/430 123/139/426 302/389/429 303/390/431
f 223/258/432 97/112/430 303/390/431 304/391/433
f 98/113/434 223/258/432 304/391/433 305/392/435
f 172/192/436 98/113/434 305/392/435 325/412/437
f 197/221/438 172/192/436 325/412/437 326/413/439
f 99/114/440 197/221/438 326/413/439 327/414/441
f 100/115/32 322/409/153 328/415/442 329/416/443
f 101/116/29 100/115/32 329/416/443 330/417/444
f 246/300/445 247/301/446 3/3/144 58/73/147
s 7
f 376/299/447 377/527/448 352/463/175 354/14/178
f 378/298/449 376/299/447 354/14/178 372/196/322
f 379/297/450 378/298/449 372/196/322 375/173/325
f 380/296/451 379/297/450 375/173/325 347/263/140
f 381/295/452 380/296/451 347/263/140 350/23/143
f 382/294/453 381/295/452 350/23/143 343/245/136
f 383/293/454 382/294/453 343/245/136 346/29/139
f 384/528/455 383/293/454 346/29/139 365/488/281
s 1
f 244/291/456 245/292/457 111/127/132 25/40/135
s 20
f 512/529/458 513/530/459 508/447/128 511/35/131
f 514/531/460 515/532/461 504/332/124 507/446/127
s 53
f 241/288/462 261/330/463 262/331/464 242/289/465
f 240/287/466 239/286/467 244/291/468 243/290/469
s 1
f 239/286/110 238/285/109 245/292/457 244/291/456
s 7
f 363/486/279 342/284/60 383/293/454 384/528/455
f 342/284/60 341/283/59 382/294/453 383/293/454
f 341/283/59 336/282/38 381/295/452 382/294/453
f 336/282/38 335/281/37 380/296/451 381/295/452
f 335/281/37 371/280/321 379/297/450 380/296/451
f 371/280/321 370/279/320 378/298/449 379/297/450
f 370/279/320 357/278/181 376/299/447 378/298/449
f 357/278/181 355/467/180 377/527/448 376/299/447
s 1
f 237/277/6 236/276/5 247/301/446 246/300/445
s 50
f 547/510/397 546/335/396 552/533/470 553/534/471
f 551/232/401 550/513/400 554/535/472 555/536/473
s 1
f 208/233/403 209/234/402 251/305/112 250/304/111
s 8
f 389/306/61 403/490/283 412/514/405 413/235/404
f 413/235/404 417/250/409 390/307/62 389/306/61
f 385/308/39 390/307/62 417/250/409 421/236/413
f 421/236/413 420/268/412 386/309/40 385/308/39
f 406/310/343 386/309/40 420/268/412 422/237/415
f 408/311/344 406/310/343 422/237/415 423/238/414
f 393/312/165 408/311/344 423/238/414 426/239/418
f 426/239/418 429/524/421 394/461/166 393/312/165
s 1
f 210/240/423 211/241/422 253/314/14 252/313/13
f 255/316/240 254/315/239 89/104/474 88/103/475
s 8
f 402/317/238 401/472/237 430/537/476 431/538/477
f 410/318/346 402/317/238 431/538/477 432/539/478
f 411/319/347 410/318/346 432/539/478 433/540/479
f 399/320/235 411/319/347 433/540/479 434/541/480
f 400/321/236 399/320/235 434/541/480 435/542/481
f 397/322/233 400/321/236 435/542/481 436/543/482
f 398/323/234 397/322/233 436/543/482 437/544/483
f 405/491/284 398/323/234 437/544/483 438/545/484
s 1
f 257/325/232 256/324/231 117/133/485 84/99/486
s 54
f 557/546/487 556/547/488 558/548/489 559/549/490 560/550/491
f 562/551/492 561/552/493 563/553/494 564/554/495
s 14
f 492/329/93 491/436/92 484/426/77 487/34/80
f 487/34/80 489/430/82 494/438/95 492/329/93
s 53
f 262/331/464 261/330/463 240/287/466 243/290/469
s 20
f 504/332/124 515/532/461 512/529/458 511/35/131
f 511/35/131 510/449/130 505/444/125 504/332/124
s 50
f 546/335/396 545/509/395 548/511/398 551/232/401
f 552/533/470 546/335/396 551/232/401 555/536/473
s 15
f 266/337/99 265/336/98 249/303/83 22/36/86
f 22/36/86 258/326/230 267/338/227 266/337/99
s 54
f 563/553/494 561/552/493 557/546/487 560/550/491
s 16
f 499/434/90 498/433/89 501/440/102 500/443/101
s 42
f 535/38/256 534/118/255 529/342/250 528/341/249
s 1
f 82/97/496 268/339/497 271/344/498 270/343/499
f 272/345/500 271/344/498 268/339/497 83/98/501
f 83/98/501 323/410/502 273/346/115 272/345/500
f 275/348/65 274/347/286 117/133/485 85/100/503
f 85/100/503 218/252/504 276/349/66 275/348/65
f 277/350/43 276/349/66 218/252/504 86/101/505
f 86/101/505 231/270/506 278/351/44 277/350/43
f 279/352/349 278/351/44 231/270/506 164/183/507
f 280/353/350 279/352/349 164/183/507 186/209/508
f 281/354/164 280/353/350 186/209/508 87/102/509
f 87/102/509 88/103/475 282/355/17 281/354/164
f 88/103/475 89/104/474 283/356/18 282/355/17
f 296/383/510 297/384/511 10/10/273 50/65/276
s 11
f 475/382/512 476/555/513 460/481/269 462/21/272
f 477/381/514 475/382/512 462/21/272 471/219/366
f 478/380/515 477/381/514 471/219/366 474/190/369
f 479/379/516 478/380/515 474/190/369 455/274/265
f 480/378/517 479/379/516 455/274/265 458/27/268
f 481/377/518 480/378/517 458/27/268 451/256/261
f 482/376/519 481/377/518 451/256/261 454/33/264
f 483/556/520 482/376/519 454/33/264 466/495/290
s 1
f 294/374/521 295/375/522 121/137/257 29/44/260
s 42
f 536/557/523 537/558/524 532/475/253 535/38/256
f 538/559/525 536/557/523 535/38/256 528/341/249
f 539/560/526 538/559/525 528/341/249 531/474/252
s 56
f 290/370/527 289/369/528 292/372/529 291/371/530
f 289/369/528 288/368/531 293/373/532 292/372/529
f 288/368/531 287/367/533 294/374/534 293/373/532
s 1
f 287/367/123 286/366/122 295/375/522 294/374/521
s 11
f 463/492/287 445/365/75 482/376/519 483/556/520
f 445/365/75 444/364/74 481/377/518 482/376/519
f 444/364/74 441/363/53 480/378/517 481/377/518
f 441/363/53 440/362/52 479/379/516 480/378/517
f 440/362/52 469/361/364 478/380/515 479/379/516
f 469/361/364 468/360/363 477/381/514 478/380/515
f 468/360/363 449/359/156 475/382/512 477/381/514
f 449/359/156 447/459/155 476/555/513 475/382/512
s 1
f 285/358/28 284/357/27 297/384/511 296/383/510
s 42
f 529/342/250 540/561/535 541/562/536 530/473/251
f 542/563/537 540/561/535 529/342/250 534/118/255
f 543/564/538 542/563/537 534/118/255 533/476/254
s 1
f 302/389/429 301/388/428 103/119/259 122/138/258
f 303/390/431 302/389/429 122/138/258 104/120/539
f 304/391/433 303/390/431 104/120/539 222/257/540
f 305/392/435 304/391/433 222/257/540 105/121/541
f 40/55/197 306/393/199 65/80/299
f 71/86/221 313/400/202 137/153/207 72/87/222
f 281/354/164 314/401/160 15/18/163
f 93/108/158 320/407/303 152/168/300 94/109/23
f 327/414/441 328/415/442 322/409/153 99/114/440
f 273/346/115 323/410/502 84/99/486 324/411/116
f 324/411/116 84/99/486 117/133/485 274/347/286
f 27/42/117 324/411/116 274/347/286 118/134/285
f 325/412/437 305/392/435 105/121/541 235/275/542 171/191/543
f 326/413/439 325/412/437 171/191/543 196/220/544
f 327/414/441 326/413/439 196/220/544 106/122/545
f 106/122/545 328/415/442 327/414/441
f 329/416/443 328/415/442 106/122/545 107/123/275
f 330/417/444 329/416/443 107/123/275 108/124/274
s 57
f 46/61/546 226/261/547 332/419/548 331/418/549
f 45/26/550 213/273/551 338/421/552 337/420/553
s 58
f 214/60/554 38/243/555 345/423/556 344/422/557
f 227/32/558 39/255/559 349/425/560 348/424/561
s 59
f 58/58/562 57/59/563 351/427/564 352/426/565
s 58
f 57/59/566 40/39/567 353/428/568 351/427/569
s 59
f 59/39/570 237/286/571 355/429/572 356/428/573
s 57
f 47/286/574 60/287/575 360/430/576 359/429/577
s 59
f 60/43/578 59/367/570 356/432/573 360/431/579
s 63
f 110/367/580 109/368/581 361/433/582 362/432/583
s 57
f 109/37/584 45/43/550 337/431/553 361/434/585
s 63
f 238/57/586 110/328/580 362/436/583 363/435/587
s 58
f 38/49/555 112/57/588 364/435/589 345/437/556
s 63
f 112/330/590 111/288/591 365/439/592 364/438/593
s 57
f 155/288/594 174/49/595 368/437/596 366/439/597
s 58
f 175/369/598 156/370/599 374/441/600 373/440/601
s 57
f 174/370/595 47/46/574 359/442/577 368/441/596
s 58
f 40/46/567 175/340/598 373/443/601 353/442/568
s 57
f 213/333/551 46/50/546 331/445/549 338/444/552
s 58
f 39/50/559 214/48/554 344/446/557 349/445/560
s 57
f 226/40/547 155/52/594 366/448/597 332/447/548
s 58
f 156/52/599 227/51/558 348/449/561 374/448/600
s 59
f 246/246/602 58/53/562 352/451/565 377/450/603
s 63
f 111/264/591 245/54/604 384/453/605 365/452/592
f 245/1/604 238/222/586 363/455/587 384/454/605
s 59
f 237/222/571 246/223/602 377/456/603 355/455/572
s 65
f 252/76/606 54/1/607 395/454/608 394/457/609
f 54/66/607 255/358/610 401/459/611 395/458/608
s 66
f 116/20/612 251/66/613 403/458/614 404/460/615
f 256/313/616 116/69/612 404/462/615 405/461/617
f 209/73/618 115/72/619 414/464/620 412/463/621
s 67
f 115/72/622 77/55/623 415/465/624 414/464/625
f 77/74/623 217/277/626 416/467/627 415/466/624
f 78/62/628 230/75/629 419/469/630 418/468/631
f 163/75/632 185/74/633 425/466/634 424/469/635
f 185/223/633 79/224/636 427/470/637 425/456/634
f 79/12/636 80/76/638 428/457/639 427/471/637
s 65
f 80/69/640 210/316/641 429/472/642 428/462/643
s 67
f 217/117/626 78/45/628 418/474/631 416/473/627
f 230/44/629 163/119/632 424/476/635 419/475/630
s 66
f 251/257/613 209/120/618 412/478/621 403/477/614
s 65
f 210/275/641 252/121/606 394/480/609 429/479/642
f 255/65/610 88/123/644 430/482/645 401/481/611
s 70
f 88/123/646 87/122/647 431/483/648 430/482/649
f 87/126/647 186/125/650 432/485/651 431/484/648
f 186/125/650 164/60/652 433/422/653 432/485/651
f 164/285/652 231/126/654 434/484/655 433/486/653
f 231/53/654 86/128/656 435/487/657 434/451/655
f 86/128/656 218/127/658 436/488/659 435/487/657
f 218/132/658 85/305/660 437/490/661 436/489/659
f 85/324/660 117/132/662 438/489/663 437/491/661
s 66
f 117/366/664 256/136/616 405/493/617 438/492/665
s 71
f 19/136/666 234/32/667 439/424/668 442/493/669
f 21/120/670 221/138/671 443/494/672 446/478/673
s 72
f 51/138/674 285/137/675 447/495/676 448/494/677
s 71
f 17/225/678 51/226/679 448/497/680 450/496/681
s 74
f 222/170/682 104/193/683 453/499/684 452/498/685
f 235/171/686 105/194/687 457/501/688 456/500/689
s 72
f 50/197/690 107/174/691 459/503/692 460/502/693
s 74
f 107/189/694 106/218/695 461/505/696 459/504/697
s 77
f 286/220/698 120/191/699 464/507/700 463/506/701
s 71
f 120/224/702 21/225/670 446/496/673 464/470/703
s 74
f 104/193/683 122/12/704 465/471/705 453/499/684
s 77
f 122/194/706 121/62/707 466/468/708 465/501/709
s 71
f 170/55/710 195/197/711 467/502/712 470/465/713
s 74
f 196/218/714 171/20/715 473/460/716 472/505/717
s 71
f 195/122/711 17/220/678 450/506/681 467/483/712
s 74
f 106/89/695 196/334/714 472/509/717 461/508/696
s 71
f 221/231/671 19/89/666 442/508/669 443/510/672
s 74
f 105/90/687 222/91/682 452/512/685 457/511/688
s 71
f 234/91/667 170/233/710 470/513/713 439/512/668
s 74
f 171/234/715 235/131/686 456/515/689 473/514/716
s 72
f 296/131/718 50/92/690 460/516/693 476/515/719
s 77
f 121/92/707 295/249/720 483/517/721 466/516/708
f 295/93/720 286/267/698 463/519/701 483/518/721
s 72
f 285/181/675 296/207/718 476/521/719 447/520/676
s 79
f 43/207/722 44/94/723 485/522/724 484/521/725
s 80
f 44/94/726 24/95/727 486/523/728 485/522/729
f 24/95/727 239/240/730 488/524/731 486/523/728
s 81
f 239/243/732 240/61/733 489/418/734 488/423/735
s 79
f 42/54/736 260/246/737 491/450/738 490/453/739
s 82
f 34/249/740 42/93/741 490/518/742 493/517/743
s 81
f 261/255/744 241/26/745 495/420/746 494/425/747
s 82
f 241/121/748 34/257/740 493/477/743 495/480/749
s 79
f 260/226/737 43/260/722 484/525/725 491/497/738
s 81
f 240/260/733 261/259/744 494/526/747 489/525/734
s off
f 28/259/750 287/170/751 497/498/752 496/526/753
s 83
f 287/261/754 288/171/755 498/500/756 497/419/757
s 84
f 23/174/758 28/264/759 496/452/760 499/503/761
s 83
f 289/267/762 290/181/763 502/520/764 501/519/765
s off
f 290/273/766 31/189/767 503/504/768 502/421/769
s 84
f 31/191/770 269/275/771 500/479/772 503/507/773
s 83
f 288/300/755 289/73/762 501/463/765 498/527/756
s 84
f 269/127/771 23/292/758 499/528/761 500/488/772
s 85
f 263/290/774 35/291/775 506/530/776 505/529/777
s 86
f 35/291/778 33/40/779 507/447/780 506/530/781
s 87
f 25/289/782 37/331/783 509/532/784 508/531/785
s 85
f 37/48/786 36/289/787 510/531/788 509/446/789
s 88
f 243/292/790 244/285/791 513/486/792 512/528/793
s 87
f 244/277/794 25/300/782 508/527/785 513/467/795
s 88
f 242/336/796 262/302/797 515/534/798 514/533/799
s 86
f 33/302/779 242/231/800 514/510/801 507/534/780
s 88
f 262/233/797 243/304/790 512/535/793 515/513/798
s 85
f 36/304/787 263/303/774 505/536/777 510/535/788
s off
f 1/305/802 198/234/803 517/514/804 516/490/805
s 89
f 198/240/806 199/313/807 518/461/808 517/524/809
s 90
f 61/316/810 1/103/811 516/537/812 519/472/813
s 89
f 199/103/807 200/102/814 520/538/815 518/537/808
s 90
f 12/102/816 61/209/810 519/539/813 521/538/817
s 89
f 201/209/818 202/183/819 524/540/820 523/539/821
s 90
f 154/183/822 173/270/823 522/541/824 525/540/825
s 89
f 200/270/814 201/101/818 523/542/821 520/541/815
s 90
f 173/101/823 12/252/816 521/543/817 522/542/824
s 89
f 202/252/819 225/100/826 526/544/827 524/543/820
s off
f 225/100/828 224/133/829 527/545/830 526/544/831
s 90
f 224/133/832 154/324/822 525/491/825 527/545/833
s 92
f 102/326/834 30/325/835 531/547/836 530/546/837
s 93
f 29/325/838 103/99/839 533/548/840 532/547/841
s 94
f 293/99/842 294/410/843 537/549/844 536/548/845
s 93
f 294/410/846 29/98/838 532/550/841 537/549/847
s 94
f 292/327/848 293/338/842 536/552/845 538/551/849
f 291/339/850 292/97/848 538/554/849 539/553/851
s 92
f 30/97/835 291/327/852 539/551/853 531/554/836
s 95
f 299/328/854 298/58/855 541/426/856 540/436/857
s 92
f 298/287/858 102/330/834 530/438/837 541/430/859
s 95
f 300/331/860 299/290/854 540/529/857 542/532/861
f 301/51/862 300/333/860 542/444/861 543/449/863
s 93
f 103/334/839 301/90/864 543/511/865 533/509/840
s 96
f 74/303/866 264/336/867 545/533/868 544/536/869
s 97
f 207/338/870 74/326/871 544/546/872 547/552/873
s 96
f 75/98/874 76/339/875 549/553/876 548/550/877
s 98
f 76/368/878 208/369/879 550/440/880 549/433/881
s 99
f 265/340/882 248/37/883 553/434/884 552/443/885
s 97
f 248/383/886 207/65/870 547/481/873 553/555/887
s 98
f 208/137/879 250/375/888 554/556/889 550/495/880
s 99
f 250/373/890 249/374/891 555/558/892 554/557/893
s 96
f 264/374/867 75/44/874 548/475/877 545/558/868
s 99
f 249/372/891 265/373/882 552/557/885 555/559/892
s 100
f 258/371/894 257/372/895 556/559/896 557/560/897
s off
f 257/45/898 84/371/899 558/560/900 556/474/901
s 101
f 84/375/902 323/366/903 559/492/904 558/556/905
f 323/358/903 83/383/906 560/555/907 559/459/904
s 100
f 259/386/908 267/385/909 561/562/910 562/561/911
s 101
f 268/385/912 82/117/913 564/473/914 563/562/915
s off
f 82/387/916 259/386/917 562/561/918 564/563/919
s 100
f 267/388/909 258/387/894 557/563/897 561/564/910
s 101
f 83/119/906 268/388/912 563/564/915 560/476/907
s 102
f 236/565/920 2/566/921 565/567/922 566/568/923
f 41/569/924 3/570/925 567/571/926 568/572/927
f 127/573/928 4/574/929 569/575/930 570/576/931
f 136/577/932 5/578/933 571/579/934 572/580/935
s 106
f 254/581/936 6/582/937 573/583/938 574/584/939
f 148/585/940 7/586/941 575/587/942 576/588/943
f 142/589/944 8/590/945 577/591/946 578/592/947
f 284/593/948 9/594/949 579/595/950 580/596/951
f 108/597/952 10/598/953 581/599/954 582/600/955
s 111
f 49/601/956 11/602/957 583/603/958 584/604/959
s off
f 12/605/960 173/606/961 586/607/962 585/608/963
s 112
f 219/609/964 18/610/965 587/611/966 588/612/967
f 118/613/968 20/614/969 589/615/970 590/616/971
s off
f 37/617/972 62/618/973 592/619/974 591/620/975
s 102
f 67/621/976 41/622/924 568/623/927 593/624/977
f 2/625/921 48/626/978 594/627/979 565/628/922
s 111
f 321/629/980 49/630/956 584/631/959 595/632/981
s 102
f 135/633/982 67/634/976 593/635/977 596/636/983
s 113
f 62/637/984 113/638/985 597/639/986 592/640/987
f 63/641/988 215/642/989 599/643/990 598/644/991
f 64/645/992 228/646/993 601/647/994 600/648/995
s off
f 68/649/996 76/650/997 603/651/998 602/652/999
s 102
f 81/653/1000 73/654/1001 604/655/1002 605/656/1003
s 116
f 114/657/1004 68/658/1005 602/659/1006 606/660/1007
f 216/661/1008 69/662/1009 607/663/1010 608/664/1011
f 229/665/1012 70/666/1013 609/667/1014 610/668/1015
s 106
f 283/669/1016 89/670/1017 611/671/1018 612/672/1019
s off
f 90/673/1020 28/674/1021 614/675/1022 613/676/1023
s 106
f 9/677/949 95/678/1024 615/679/1025 579/680/950
s 117
f 119/681/1026 90/682/1027 613/683/1028 616/684/1029
f 220/685/1030 91/686/1031 617/687/1032 618/688/1033
f 233/689/1034 92/690/1035 619/691/1036 620/692/1037
s 106
f 11/693/1038 101/694/1039 621/695/1040 583/696/1041
f 330/697/1042 108/698/952 582/699/955 622/700/1043
s 113
f 113/701/985 63/702/988 598/703/991 597/704/986
s 116
f 69/705/1009 114/706/1004 606/707/1007 607/708/1010
s 112
f 27/709/1044 118/710/968 590/711/971 623/712/1045
s 117
f 91/713/1031 119/714/1026 616/715/1029 617/716/1032
s 102
f 132/717/1046 124/718/1047 624/719/1048 625/720/1049
f 124/721/1047 127/722/928 570/723/931 624/724/1048
f 5/725/933 132/726/1046 625/727/1049 571/728/934
f 4/729/929 135/730/982 596/731/983 569/732/930
f 73/733/1001 136/734/932 572/735/935 604/736/1002
s 106
f 153/737/1050 139/738/1051 626/739/1052 627/740/1053
f 139/741/1051 142/742/944 578/743/947 626/744/1052
f 8/745/945 145/746/1054 628/747/1055 577/748/946
f 145/749/1054 148/750/940 576/751/943 628/752/1055
f 95/753/1024 153/754/1050 627/755/1053 615/756/1025
s off
f 158/757/1056 177/758/1057 630/759/1058 629/760/1059
f 181/761/1060 159/762/1061 631/763/1062 632/764/1063
s 112
f 232/765/1064 165/766/1065 633/767/1066 634/768/1067
s off
f 157/769/1068 158/770/1069 629/771/1070 635/772/1071
s 119
f 159/773/1072 160/774/1073 636/775/1074 631/776/1075
f 160/777/1073 161/778/1076 637/779/1077 636/780/1074
f 161/781/1076 162/782/1078 638/783/1079 637/784/1077
s off
f 165/785/1080 166/786/1081 639/787/1082 633/788/1083
s 120
f 167/789/1084 168/790/1085 641/791/1086 640/792/1087
f 168/793/1085 169/794/1088 642/795/1089 641/796/1086
s off
f 166/797/1090 188/798/1091 643/799/1092 639/800/1093
f 192/801/1094 167/802/1095 640/803/1096 644/804/1097
s 121
f 177/805/1098 178/806/1099 645/807/1100 630/808/1101
f 178/809/1099 179/810/1102 646/811/1103 645/812/1100
f 179/813/1102 180/814/1104 647/815/1105 646/816/1103
f 180/817/1104 181/818/1106 632/819/1107 647/820/1105
s 122
f 188/821/1108 189/822/1109 648/823/1110 643/824/1111
f 189/825/1109 190/826/1112 649/827/1113 648/828/1110
f 190/829/1112 191/830/1114 650/831/1115 649/832/1113
f 191/833/1114 192/834/1116 644/835/1117 650/836/1115
s 102
f 48/837/978 198/838/1118 651/839/1119 594/840/979
s off
f 206/841/1120 44/842/1121 653/843/1122 652/844/1123
s 123
f 203/845/1124 212/846/1125 655/847/1126 654/848/1127
f 204/849/1128 205/850/1129 657/851/1130 656/852/1131
f 205/853/1129 206/854/1132 652/855/1133 657/856/1130
s 106
f 253/857/1134 211/858/1135 658/859/1136 659/860/1137
s 123
f 212/861/1125 204/862/1128 656/863/1131 655/864/1126
s 113
f 215/865/989 64/866/992 600/867/995 599/868/990
s 116
f 70/869/1013 216/870/1008 608/871/1011 609/872/1014
s 112
f 20/873/969 219/874/964 588/875/967 589/876/970
s 117
f 92/877/1035 220/878/1030 618/879/1033 619/880/1036
s 123
f 225/881/1138 203/882/1124 654/883/1127 660/884/1139
s 113
f 228/885/993 157/886/1140 635/887/1141 601/888/994
s 116
f 162/889/1142 229/890/1012 610/891/1015 638/892/1143
s 112
f 18/893/965 232/894/1064 634/895/1067 587/896/966
s 117
f 169/897/1144 233/898/1034 620/899/1037 642/900/1145
s 125
f 96/901/1146 123/902/1147 662/903/1148 661/904/1149
f 123/905/1147 97/906/1150 663/907/1151 662/908/1148
f 97/909/1150 223/910/1152 664/911/1153 663/912/1151
f 223/913/1152 98/914/1154 665/915/1155 664/916/1153
f 98/917/1154 172/918/1156 666/919/1157 665/920/1155
f 172/921/1156 197/922/1158 667/923/1159 666/924/1157
f 197/925/1158 99/926/1160 668/927/1161 667/928/1159
f 99/929/1160 322/930/1162 669/931/1163 668/932/1161
s 102
f 247/933/1164 236/934/920 566/935/923 670/936/1165
f 3/937/925 247/938/1164 670/939/1165 567/940/926
s 106
f 6/941/937 253/942/1134 659/943/1137 573/944/938
f 89/945/1017 254/946/936 574/947/939 611/948/1018
s off
f 273/949/1166 27/950/1167 623/951/1168 671/952/1169
s 106
f 7/953/941 283/954/1016 612/955/1019 575/956/942
f 297/957/1170 284/958/948 580/959/951 672/960/1171
f 10/961/953 297/962/1170 672/963/1171 581/964/954
s off
f 301/965/1172 96/966/1173 661/967/1174 673/968/1175
f 322/969/1176 321/970/1177 595/971/1178 669/972/1179
s 106
f 101/973/1039 330/974/1042 622/975/1043 621/976/1040
s off
f 314/977/1180 53/978/1181 674/979/1182 675/980/1183
s 126
f 146/981/1184 52/982/1185 676/983/1186 677/984/1187
s 127
f 131/985/1188 55/986/1189 678/987/1190 679/988/1191
f 134/989/1192 56/990/1193 680/991/1194 681/992/1195
f 128/993/1196 125/994/1197 682/995/1198 683/996/1199
f 56/997/1193 128/998/1196 683/999/1199 680/1000/1194
f 125/1001/1197 131/1002/1188 679/1003/1191 682/1004/1198
f 66/1005/1200 134/1006/1192 681/1007/1195 684/1008/1201
f 55/1009/1189 137/1010/1202 685/1011/1203 678/1012/1190
s off
f 137/1013/1204 313/1014/1205 686/1015/1206 685/1016/1207
s 126
f 143/1017/1208 140/1018/1209 687/1019/1210 688/1020/1211
f 52/1021/1185 143/1022/1208 688/1023/1211 676/1024/1186
f 149/1025/1212 146/1026/1184 677/1027/1187 689/1028/1213
f 53/1029/1214 149/1030/1212 689/1031/1213 674/1032/1215
f 140/1033/1209 152/1034/1216 690/1035/1217 687/1036/1210
s off
f 306/1037/1218 66/1038/1219 684/1039/1220 691/1040/1221
s 130
f 307/1041/1222 306/1042/1223 691/1043/1224 692/1044/1225
f 308/1045/1226 307/1046/1222 692/1047/1225 693/1048/1227
f 309/1049/1228 308/1050/1226 693/1051/1227 694/1052/1229
f 310/1053/1230 309/1054/1228 694/1055/1229 695/1056/1231
f 311/1057/1232 310/1058/1230 695/1059/1231 696/1060/1233
f 312/1061/1234 311/1062/1232 696/1063/1233 697/1064/1235
f 313/1065/1236 312/1066/1234 697/1067/1235 686/1068/1237
s off
f 152/1069/1238 320/1070/1239 698/1071/1240 690/1072/1241
s 131
f 315/1073/1242 314/1074/1243 675/1075/1244 699/1076/1245
f 316/1077/1246 315/1078/1242 699/1079/1245 700/1080/1247
f 317/1081/1248 316/1082/1246 700/1083/1247 701/1084/1249
f 318/1085/1250 317/1086/1248 701/1087/1249 702/1088/1251
f 319/1089/1252 318/1090/1250 702/1091/1251 703/1092/1253
f 320/1093/1254 319/1094/1252 703/1095/1253 698/1096/1255
s 132
f 26/1097/1256 257/1098/1257 705/1099/1258 704/1100/1259
s 133
f 248/1101/1260 32/1102/1261 706/1103/1262 707/1104/1263
s off
f 239/1105/1264 244/1106/1265 709/1107/1266 708/1108/1267
f 241/1109/1268 242/1110/1269 710/1111/1270 711/1112/1271
s 132
f 250/1113/1272 26/1114/1256 704/1115/1259 712/1116/1273
s 133
f 32/1117/1261 259/1118/1274 713/1119/1275 706/1120/1262
s off
f 287/1121/1276 294/1122/1277 715/1123/1278 714/1124/1279
f 290/1125/1280 291/1126/1281 716/1127/1282 717/1128/1283
f 211/1129/1284 81/1130/1285 718/1131/1286 719/1132/1287
