# This file uses meters as units for non-parametric coordinates.

mtllib cylinderstands.mtl
g default
v 71.891953 0.142537 -1217.353638
v 71.891953 715.826985 -1217.353638
v 296.575897 689.482503 -1245.737793
v 293.566162 702.654805 -1245.357666
v 285.343201 712.297505 -1244.318848
v 274.110474 715.826985 -1242.899902
v 291.246765 689.482503 -1273.674438
v 288.308319 702.654805 -1272.919922
v 280.280518 712.297505 -1270.858765
v 269.314209 715.826985 -1268.043091
v 282.458252 689.482503 -1300.722778
v 279.637573 702.654805 -1299.605957
v 271.931335 712.297505 -1296.554810
v 261.404419 715.826985 -1292.386963
v 270.348938 689.482503 -1326.456299
v 267.690491 702.654805 -1324.994751
v 260.427368 712.297505 -1321.001831
v 250.505859 715.826985 -1315.547485
v 255.109802 689.482503 -1350.469238
v 252.655518 702.654805 -1348.686157
v 245.950165 712.297505 -1343.814331
v 236.790497 715.826985 -1337.159424
v 236.981323 689.482503 -1372.382935
v 234.769836 702.654805 -1370.306030
v 228.727951 712.297505 -1364.632446
v 220.474579 715.826985 -1356.881958
v 216.249176 689.482503 -1391.851685
v 214.315414 702.654805 -1389.514038
v 209.032288 712.297505 -1383.127930
v 201.815384 715.826985 -1374.404175
v 193.240524 689.482503 -1408.568359
v 191.614929 702.654805 -1406.006958
v 187.173889 712.297505 -1399.008911
v 181.107239 715.826985 -1389.449585
v 168.318069 689.482503 -1422.269653
v 167.026337 702.654805 -1419.524658
v 163.497406 712.297505 -1412.025146
v 158.676727 715.826985 -1401.780762
v 141.874939 689.482503 -1432.739136
v 140.937454 702.654805 -1429.853882
v 138.376251 712.297505 -1421.971191
v 134.877579 715.826985 -1411.203491
v 114.328125 689.482503 -1439.812012
v 113.759659 702.654805 -1436.832031
v 112.206604 712.297505 -1428.690552
v 110.085083 715.826985 -1417.569092
v 86.112076 689.482503 -1443.376465
v 85.921593 702.654805 -1440.348755
v 85.401176 712.297505 -1432.076904
v 84.690269 715.826985 -1420.777222
v 57.671783 689.482503 -1443.376465
v 57.862267 702.654805 -1440.348755
v 58.382690 712.297505 -1432.076904
v 59.093597 715.826985 -1420.777222
v 29.455761 689.482503 -1439.812012
v 30.024204 702.654805 -1436.832031
v 31.577278 712.297505 -1428.690552
v 33.698807 715.826985 -1417.569092
v 1.908941 689.482503 -1432.739136
v 2.846413 702.654805 -1429.853882
v 5.407639 712.297505 -1421.971191
v 8.906330 715.826985 -1411.203491
v -24.534187 689.482503 -1422.269409
v -23.242500 702.654805 -1419.524536
v -19.713509 712.297505 -1412.025146
v -14.892815 715.826985 -1401.780640
v -49.456604 689.482503 -1408.568359
v -47.831032 702.654805 -1406.006836
v -43.389984 712.297505 -1399.008911
v -37.323326 715.826985 -1389.449341
v -72.465256 689.482503 -1391.851562
v -70.531494 702.654805 -1389.514038
v -65.248352 712.297505 -1383.127808
v -58.031464 715.826985 -1374.404175
v -93.197388 689.482503 -1372.382812
v -90.985840 702.654805 -1370.306030
v -84.943954 712.297505 -1364.632324
v -76.690659 715.826985 -1356.881958
v -111.325897 689.482503 -1350.469116
v -108.871582 702.654805 -1348.686035
v -102.166229 712.297505 -1343.814331
v -93.006500 715.826985 -1337.159424
v -126.564903 689.482503 -1326.456299
v -123.906494 702.654805 -1324.994751
v -116.643402 712.297505 -1321.001831
v -106.721909 715.826985 -1315.547485
v -138.674255 689.482503 -1300.722656
v -135.853577 702.654805 -1299.605957
v -128.147293 712.297505 -1296.554810
v -117.620377 715.826985 -1292.386841
v -147.462799 689.482503 -1273.674438
v -144.524384 702.654805 -1272.919922
v -136.496521 712.297505 -1270.858765
v -125.530243 715.826985 -1268.043091
v -152.791992 689.482503 -1245.737793
v -149.782135 702.654805 -1245.357544
v -141.559280 712.297505 -1244.318848
v -130.326538 715.826985 -1242.899780
v -154.577744 689.482503 -1217.353638
v -151.544006 702.654805 -1217.353638
v -143.255768 712.297505 -1217.353638
v -131.933731 715.826985 -1217.353638
v -152.791962 689.482503 -1188.969482
v -149.782104 702.654805 -1189.349609
v -141.559265 712.297505 -1190.388550
v -130.326538 715.826985 -1191.807495
v -147.462769 689.482503 -1161.032959
v -144.524353 702.654805 -1161.787354
v -136.496490 712.297505 -1163.848633
v -125.530212 715.826985 -1166.664307
v -138.674164 689.482503 -1133.984741
v -135.853546 702.654805 -1135.101440
v -128.147263 712.297505 -1138.152466
v -117.620361 715.826985 -1142.320312
v -126.564865 689.482503 -1108.250977
v -123.906464 702.654805 -1109.712524
v -116.643387 712.297505 -1113.705444
v -106.721893 715.826985 -1119.159790
v -111.325851 689.482503 -1084.238159
v -108.871521 702.654805 -1086.021362
v -102.166183 712.297505 -1090.892944
v -93.006454 715.826985 -1097.547852
v -93.197250 689.482503 -1062.324463
v -90.985779 702.654805 -1064.401245
v -84.943893 712.297505 -1070.074829
v -76.690582 715.826985 -1077.825317
v -72.465210 689.482503 -1042.855713
v -70.531433 702.654805 -1045.193237
v -65.248306 712.297505 -1051.579468
v -58.031418 715.826985 -1060.303223
v -49.456497 689.482503 -1026.139038
v -47.830986 702.654805 -1028.700562
v -43.389885 712.297505 -1035.698486
v -37.323280 715.826985 -1045.257935
v -24.534073 689.482503 -1012.437866
v -23.242416 702.654805 -1015.182861
v -19.713448 712.297505 -1022.682251
v -14.892784 715.826985 -1032.926636
v 1.909019 689.482503 -1001.968323
v 2.846487 702.654805 -1004.853394
v 5.407709 712.297505 -1012.736084
v 8.906387 715.826985 -1023.503906
v 29.455803 689.482503 -994.895386
v 30.024261 702.654805 -997.875427
v 31.577328 712.297505 -1006.016846
v 33.698849 715.826985 -1017.138306
v 57.671829 689.482503 -991.330933
v 57.862312 702.654805 -994.358643
v 58.382736 712.297505 -1002.630554
v 59.093636 715.826985 -1013.930298
v 86.112129 689.482503 -991.330933
v 85.921616 702.654805 -994.358643
v 85.401199 712.297505 -1002.630615
v 84.690285 715.826985 -1013.930298
v 114.328140 689.482503 -994.895447
v 113.759674 702.654805 -997.875488
v 112.206619 712.297505 -1006.016846
v 110.085083 715.826985 -1017.138306
v 141.874939 689.482503 -1001.968323
v 140.937439 702.654805 -1004.853516
v 138.376236 712.297505 -1012.736084
v 134.877548 715.826985 -1023.503906
v 168.318024 689.482503 -1012.437866
v 167.026321 702.654805 -1015.182861
v 163.497360 712.297505 -1022.682251
v 158.676697 715.826985 -1032.926758
v 193.240402 689.482503 -1026.139038
v 191.614914 702.654805 -1028.700562
v 187.173798 712.297505 -1035.698486
v 181.107178 715.826985 -1045.257935
v 216.249100 689.482503 -1042.855835
v 214.315338 702.654805 -1045.193359
v 209.032227 712.297505 -1051.579590
v 201.815308 715.826985 -1060.303223
v 236.981110 689.482503 -1062.324585
v 234.769684 702.654805 -1064.401245
v 228.727783 712.297505 -1070.074951
v 220.474426 715.826985 -1077.825317
v 255.109680 689.482503 -1084.238159
v 252.655365 702.654805 -1086.021362
v 245.949951 712.297505 -1090.893066
v 236.790344 715.826985 -1097.548096
v 270.348694 689.482503 -1108.251099
v 267.690216 702.654805 -1109.712646
v 260.427216 712.297505 -1113.705566
v 250.505676 715.826985 -1119.159912
v 282.457977 689.482503 -1133.984741
v 279.637268 702.654805 -1135.101440
v 271.931091 712.297505 -1138.152710
v 261.404175 715.826985 -1142.320435
v 291.246490 689.482503 -1161.032959
v 288.308167 702.654805 -1161.787476
v 280.280212 712.297505 -1163.848633
v 269.313934 715.826985 -1166.664307
v 296.575745 689.482503 -1188.969482
v 293.565918 702.654805 -1189.349854
v 285.343048 712.297505 -1190.388550
v 274.110352 715.826985 -1191.807495
v 298.361450 689.482503 -1217.353638
v 295.327820 702.654805 -1217.353638
v 287.039490 712.297505 -1217.353638
v 275.717529 715.826985 -1217.353760
v 274.110596 0.142537 -1242.899902
v 289.995972 7.858662 -1244.906616
v 296.575897 26.486989 -1245.737793
v 269.314331 0.142537 -1268.043091
v 284.822937 7.858662 -1272.025024
v 291.246765 26.486989 -1273.674438
v 261.404541 0.142537 -1292.386963
v 276.291748 7.858662 -1298.281250
v 282.458252 26.486989 -1300.722778
v 250.505981 0.142537 -1315.547607
v 264.537048 7.858662 -1323.261230
v 270.348938 26.486989 -1326.456299
v 236.790588 0.142537 -1337.159546
v 249.744263 7.858662 -1346.570923
v 255.109802 26.486989 -1350.469238
v 220.474640 0.142537 -1356.882080
v 232.146606 7.858662 -1367.842896
v 236.981323 26.486989 -1372.382935
v 201.815475 0.142537 -1374.404297
v 212.021652 7.858662 -1386.741455
v 216.249176 26.486989 -1391.851685
v 181.107330 0.142537 -1389.449585
v 189.686768 7.858662 -1402.968628
v 193.240524 26.486989 -1408.568359
v 158.676788 0.142537 -1401.780884
v 165.494186 7.858662 -1416.268555
v 168.318069 26.486989 -1422.269653
v 134.877609 0.142537 -1411.203613
v 139.825470 7.858662 -1426.431519
v 141.874939 26.486989 -1432.739136
v 110.085098 0.142537 -1417.569214
v 113.085373 7.858662 -1433.297241
v 114.328125 26.486989 -1439.812012
v 84.690285 0.142537 -1420.777344
v 85.695641 7.858662 -1436.757324
v 86.112076 26.486989 -1443.376465
v 59.093590 0.142537 -1420.777344
v 58.088219 7.858662 -1436.757324
v 57.671783 26.486989 -1443.376465
v 33.698776 0.142537 -1417.569214
v 30.698509 7.858662 -1433.297241
v 29.455761 26.486989 -1439.812012
v 8.906326 0.142537 -1411.203613
v 3.958437 7.858662 -1426.431519
v 1.908941 26.486989 -1432.739136
v -14.892891 0.142537 -1401.780640
v -21.710312 7.858662 -1416.268433
v -24.534187 26.486989 -1422.269409
v -37.323441 0.142537 -1389.449585
v -45.902870 7.858662 -1402.968506
v -49.456604 26.486989 -1408.568359
v -58.031540 0.142537 -1374.404175
v -68.237732 7.858662 -1386.741333
v -72.465256 26.486989 -1391.851562
v -76.690735 0.142537 -1356.881958
v -88.362686 7.858662 -1367.842896
v -93.197388 26.486989 -1372.382812
v -93.006653 0.142537 -1337.159424
v -105.960327 7.858662 -1346.570801
v -111.325897 26.486989 -1350.469116
v -106.721970 0.142537 -1315.547485
v -120.753052 7.858662 -1323.261108
v -126.564903 26.486989 -1326.456299
v -117.620544 0.142537 -1292.386963
v -132.507767 7.858662 -1298.281128
v -138.674255 26.486989 -1300.722656
v -125.530334 0.142537 -1268.043091
v -141.038910 7.858662 -1272.025024
v -147.462799 26.486989 -1273.674438
v -130.326660 0.142537 -1242.899780
v -146.212067 7.858662 -1244.906616
v -152.791992 26.486989 -1245.737793
v -131.933899 0.142537 -1217.353638
v -147.945526 7.858662 -1217.353638
v -154.577744 26.486989 -1217.353638
v -130.326645 0.142537 -1191.807495
v -146.212036 7.858662 -1189.800659
v -152.791962 26.486989 -1188.969482
v -125.530319 0.142537 -1166.664307
v -141.038864 7.858662 -1162.682251
v -147.462769 26.486989 -1161.032959
v -117.620453 0.142537 -1142.320435
v -132.507721 7.858662 -1136.426147
v -138.674164 26.486989 -1133.984741
v -106.721924 0.142537 -1119.159790
v -120.753006 7.858662 -1111.446167
v -126.564865 26.486989 -1108.250977
v -93.006607 0.142537 -1097.547852
v -105.960251 7.858662 -1088.136475
v -111.325851 26.486989 -1084.238159
v -76.690613 0.142537 -1077.825317
v -88.362579 7.858662 -1066.864502
v -93.197250 26.486989 -1062.324463
v -58.031479 0.142537 -1060.303101
v -68.237656 7.858662 -1047.965942
v -72.465210 26.486989 -1042.855713
v -37.323349 0.142537 -1045.257812
v -45.902794 7.858662 -1031.738770
v -49.456497 26.486989 -1026.139038
v -14.892815 0.142537 -1032.926636
v -21.710220 7.858662 -1018.438843
v -24.534073 26.486989 -1012.437866
v 8.906361 0.142537 -1023.503906
v 3.958488 7.858662 -1008.275879
v 1.909019 26.486989 -1001.968323
v 33.698822 0.142537 -1017.138184
v 30.698559 7.858662 -1001.410095
v 29.455803 26.486989 -994.895386
v 59.093613 0.142537 -1013.930176
v 58.088257 7.858662 -997.950073
v 57.671829 26.486989 -991.330933
v 84.690308 0.142537 -1013.930176
v 85.695679 7.858662 -997.950073
v 86.112129 26.486989 -991.330933
v 110.085129 0.142537 -1017.138184
v 113.085388 7.858662 -1001.410217
v 114.328140 26.486989 -994.895447
v 134.877563 0.142537 -1023.503906
v 139.825439 7.858662 -1008.275879
v 141.874939 26.486989 -1001.968323
v 158.676727 0.142537 -1032.926636
v 165.494141 7.858662 -1018.438965
v 168.318024 26.486989 -1012.437866
v 181.107239 0.142537 -1045.257935
v 189.686707 7.858662 -1031.738770
v 193.240402 26.486989 -1026.139038
v 201.815369 0.142537 -1060.303223
v 212.021561 7.858662 -1047.966064
v 216.249100 26.486989 -1042.855835
v 220.474472 0.142537 -1077.825317
v 232.146454 7.858662 -1066.864624
v 236.981110 26.486989 -1062.324585
v 236.790405 0.142537 -1097.547852
v 249.744080 7.858662 -1088.136475
v 255.109680 26.486989 -1084.238159
v 250.505737 0.142537 -1119.159790
v 264.536835 7.858662 -1111.446289
v 270.348694 26.486989 -1108.251099
v 261.404236 0.142537 -1142.320435
v 276.291443 7.858662 -1136.426147
v 282.457977 26.486989 -1133.984741
v 269.314087 0.142537 -1166.664307
v 284.822632 7.858662 -1162.682373
v 291.246490 26.486989 -1161.032959
v 274.110443 0.142537 -1191.807495
v 289.995789 7.858662 -1189.800781
v 296.575745 26.486989 -1188.969482
v 275.717621 0.142537 -1217.353760
v 291.729218 7.858662 -1217.353638
v 298.361450 26.486989 -1217.353638
v 445.416443 -6.317699 -896.702026
v 445.416443 841.664815 -896.702026
v 714.132629 810.450398 -930.648682
v 710.533081 826.057698 -930.193970
v 700.698608 837.482869 -928.951721
v 687.264526 841.664815 -927.254700
v 707.759155 810.450398 -964.060120
v 704.244812 826.057698 -963.157837
v 694.643799 837.482869 -960.692688
v 681.528381 841.664815 -957.325195
v 697.248291 810.450398 -996.409241
v 693.874817 826.057698 -995.073608
v 684.658325 837.482869 -991.424561
v 672.068420 841.664815 -986.439880
v 682.765869 810.450398 -1027.185913
v 679.586426 826.057698 -1025.437988
v 670.899902 837.482869 -1020.662476
v 659.034058 841.664815 -1014.139282
v 664.540283 810.450398 -1055.904785
v 661.604980 826.057698 -1053.772217
v 653.585571 837.482869 -1047.945679
v 642.630859 841.664815 -1039.986572
v 642.859009 810.450398 -1082.112915
v 640.214172 826.057698 -1079.629150
v 632.988220 837.482869 -1072.843628
v 623.117432 841.664815 -1063.574341
v 618.063965 810.450398 -1105.396973
v 615.751221 826.057698 -1102.601440
v 609.432739 837.482869 -1094.963623
v 600.801514 841.664815 -1084.530396
v 590.546143 810.450398 -1125.389893
v 588.602051 826.057698 -1122.326416
v 583.290649 837.482869 -1113.957031
v 576.035095 841.664815 -1102.524292
v 560.739563 810.450398 -1141.776245
v 559.194702 826.057698 -1138.493164
v 554.974182 837.482869 -1129.524048
v 549.208801 841.664815 -1117.271973
v 529.114258 810.450398 -1154.297485
v 527.993042 826.057698 -1150.846802
v 524.929932 837.482869 -1141.419312
v 520.745605 841.664815 -1128.541382
v 496.169006 810.450398 -1162.756348
v 495.489105 826.057698 -1159.192383
v 493.631683 837.482869 -1149.455444
v 491.094391 841.664815 -1136.154541
v 462.423340 810.450398 -1167.019409
v 462.195526 826.057698 -1163.398438
v 461.573120 837.482869 -1153.505371
v 460.722931 841.664815 -1139.991333
v 428.409485 810.450398 -1167.019409
v 428.637329 826.057698 -1163.398438
v 429.259674 837.482869 -1153.505371
v 430.109985 841.664815 -1139.991333
v 394.663849 810.450398 -1162.756348
v 395.343689 826.057698 -1159.192383
v 397.201141 837.482869 -1149.455444
v 399.738434 841.664815 -1136.154541
v 361.718567 810.450398 -1154.297485
v 362.839783 826.057698 -1150.846802
v 365.902924 837.482869 -1141.419312
v 370.087280 841.664815 -1128.541382
v 330.093262 810.450398 -1141.776001
v 331.638092 826.057698 -1138.493164
v 335.858673 837.482869 -1129.523926
v 341.624115 841.664815 -1117.271973
v 300.286713 810.450398 -1125.389771
v 302.230835 826.057698 -1122.326294
v 307.542236 837.482869 -1113.956909
v 314.797791 841.664815 -1102.524048
v 272.768982 810.450398 -1105.396973
v 275.081696 826.057698 -1102.601318
v 281.400208 837.482869 -1094.963623
v 290.031433 841.664815 -1084.530396
v 247.973877 810.450398 -1082.112915
v 250.618835 826.057698 -1079.629150
v 257.844757 837.482869 -1072.843506
v 267.715515 841.664815 -1063.574219
v 226.292633 810.450398 -1055.904663
v 229.227951 826.057698 -1053.772095
v 237.247375 837.482869 -1047.945557
v 248.202179 841.664815 -1039.986572
v 208.067200 810.450398 -1027.185913
v 211.246567 826.057698 -1025.437866
v 219.933029 837.482869 -1020.662476
v 231.798904 841.664815 -1014.139160
v 193.584717 810.450398 -996.409241
v 196.958176 826.057698 -995.073486
v 206.174713 837.482869 -991.424438
v 218.764618 841.664815 -986.439819
v 183.073853 810.450398 -964.060120
v 186.588104 826.057698 -963.157837
v 196.189224 837.482869 -960.692688
v 209.304611 841.664815 -957.325195
v 176.700287 810.450398 -930.648682
v 180.299988 826.057698 -930.193970
v 190.134308 837.482869 -928.951660
v 203.568344 841.664815 -927.254456
v 174.564545 810.450398 -896.701904
v 178.192841 826.057698 -896.701904
v 188.105347 837.482869 -896.701904
v 201.646210 841.664815 -896.701904
v 176.700317 810.450398 -862.755188
v 180.300018 826.057698 -863.209900
v 190.134323 837.482869 -864.452332
v 203.568344 841.664815 -866.149414
v 183.073883 810.450398 -829.343872
v 186.588135 826.057698 -830.246155
v 196.189255 837.482869 -832.711304
v 209.304642 841.664815 -836.078857
v 193.584824 810.450398 -796.994873
v 196.958191 826.057698 -798.330444
v 206.174713 837.482869 -801.979431
v 218.764633 841.664815 -806.964111
v 208.067245 810.450398 -766.218079
v 211.246613 826.057698 -767.965942
v 219.933060 837.482869 -772.741333
v 231.798904 841.664815 -779.264709
v 226.292709 810.450398 -737.499268
v 229.228027 826.057698 -739.631897
v 237.247421 837.482869 -745.458252
v 248.202209 841.664815 -753.417358
v 247.974045 810.450398 -711.291077
v 250.618881 826.057698 -713.774841
v 257.844849 837.482869 -720.560425
v 267.715576 841.664815 -729.829712
v 272.769012 810.450398 -688.007019
v 275.081757 826.057698 -690.802612
v 281.400238 837.482869 -698.440369
v 290.031464 841.664815 -708.873718
v 300.286835 810.450398 -668.014160
v 302.230896 826.057698 -671.077698
v 307.542358 837.482869 -679.447083
v 314.797852 841.664815 -690.879883
v 330.093414 810.450398 -651.627991
v 331.638214 826.057698 -654.910889
v 335.858765 837.482869 -663.880005
v 341.624146 841.664815 -676.132080
v 361.718689 810.450398 -639.106628
v 362.839844 826.057698 -642.557251
v 365.903015 837.482869 -651.984680
v 370.087341 841.664815 -664.862671
v 394.663910 810.450398 -630.647705
v 395.343781 826.057698 -634.211670
v 397.201202 837.482869 -643.948669
v 399.738495 841.664815 -657.249634
v 428.409515 810.450398 -626.384705
v 428.637360 826.057698 -630.005737
v 429.259766 837.482869 -639.898682
v 430.109985 841.664815 -653.412842
v 462.423431 810.450398 -626.384705
v 462.195526 826.057698 -630.005737
v 461.573181 837.482869 -639.898804
v 460.722931 841.664815 -653.412842
v 496.169037 810.450398 -630.647705
v 495.489105 826.057698 -634.211792
v 493.631744 837.482869 -643.948669
v 491.094452 841.664815 -657.249634
v 529.114258 810.450398 -639.106628
v 527.993042 826.057698 -642.557251
v 524.929932 837.482869 -651.984680
v 520.745605 841.664815 -664.862732
v 560.739502 810.450398 -651.628052
v 559.194702 826.057698 -654.911011
v 554.974121 837.482869 -663.880066
v 549.208740 841.664815 -676.132202
v 590.546021 810.450398 -668.014282
v 588.601990 826.057698 -671.077698
v 583.290527 837.482869 -679.447144
v 576.035034 841.664815 -690.880005
v 618.063843 810.450398 -688.007080
v 615.751099 826.057698 -690.802734
v 609.432617 837.482869 -698.440430
v 600.801392 841.664815 -708.873779
v 642.858826 810.450398 -711.291199
v 640.213989 826.057698 -713.774902
v 632.988037 837.482869 -720.560486
v 623.117188 841.664815 -729.829773
v 664.540100 810.450398 -737.499329
v 661.604797 826.057698 -739.631958
v 653.585327 837.482869 -745.458374
v 642.630615 841.664815 -753.417603
v 682.765564 810.450398 -766.218262
v 679.586060 826.057698 -767.966064
v 670.899719 837.482869 -772.741577
v 659.033813 841.664815 -779.264771
v 697.247925 810.450398 -796.994873
v 693.874451 826.057698 -798.330444
v 684.658081 837.482869 -801.979614
v 672.068176 841.664815 -806.964233
v 707.758789 810.450398 -829.343872
v 704.244629 826.057698 -830.246277
v 694.643433 837.482869 -832.711426
v 681.528015 841.664815 -836.078857
v 714.132446 810.450398 -862.755188
v 710.532776 826.057698 -863.210083
v 700.698425 837.482869 -864.452332
v 687.264404 841.664815 -866.149536
v 716.268066 810.450398 -896.702026
v 712.639893 826.057698 -896.702026
v 702.727295 837.482869 -896.702026
v 689.186584 841.664815 -896.702026
v 687.264709 -6.317699 -927.254700
v 706.263184 2.824757 -929.654724
v 714.132629 24.896657 -930.648682
v 681.528442 -6.317699 -957.325256
v 700.076355 2.824757 -962.087524
v 707.759155 24.896657 -964.060120
v 672.068542 -6.317699 -986.439880
v 689.873291 2.824757 -993.489258
v 697.248291 24.896657 -996.409241
v 659.034180 -6.317699 -1014.139343
v 675.815002 2.824757 -1023.364624
v 682.765869 24.896657 -1027.185913
v 642.630920 -6.317699 -1039.986694
v 658.123169 2.824757 -1051.242432
v 664.540283 24.896657 -1055.904785
v 623.117493 -6.317699 -1063.574341
v 637.076843 2.824757 -1076.683228
v 642.859009 24.896657 -1082.112915
v 600.801636 -6.317699 -1084.530396
v 613.007935 2.824757 -1099.285400
v 618.063965 24.896657 -1105.396973
v 576.035217 -6.317699 -1102.524292
v 586.296021 2.824757 -1118.692627
v 590.546143 24.896657 -1125.389893
v 549.208862 -6.317699 -1117.272095
v 557.362305 2.824757 -1134.599121
v 560.739563 24.896657 -1141.776245
v 520.745667 -6.317699 -1128.541504
v 526.663147 2.824757 -1146.753784
v 529.114258 24.896657 -1154.297485
v 491.094452 -6.317699 -1136.154541
v 494.682678 2.824757 -1154.964966
v 496.169006 24.896657 -1162.756348
v 460.722931 -6.317699 -1139.991333
v 461.925323 2.824757 -1159.103027
v 462.423340 24.896657 -1167.019409
v 430.109924 -6.317699 -1139.991333
v 428.907532 2.824757 -1159.103027
v 428.409485 24.896657 -1167.019409
v 399.738403 -6.317699 -1136.154541
v 396.150146 2.824757 -1154.964966
v 394.663849 24.896657 -1162.756348
v 370.087280 -6.317699 -1128.541504
v 364.169708 2.824757 -1146.753784
v 361.718567 24.896657 -1154.297485
v 341.624023 -6.317699 -1117.271973
v 333.470551 2.824757 -1134.598877
v 330.093262 24.896657 -1141.776001
v 314.797668 -6.317699 -1102.524292
v 304.536865 2.824757 -1118.692627
v 300.286713 24.896657 -1125.389771
v 290.031311 -6.317699 -1084.530396
v 277.824951 2.824757 -1099.285278
v 272.768982 24.896657 -1105.396973
v 267.715393 -6.317699 -1063.574341
v 253.756042 2.824757 -1076.683228
v 247.973877 24.896657 -1082.112915
v 248.201996 -6.317699 -1039.986572
v 232.709717 2.824757 -1051.242432
v 226.292633 24.896657 -1055.904663
v 231.798813 -6.317699 -1014.139282
v 215.018005 2.824757 -1023.364624
v 208.067200 24.896657 -1027.185913
v 218.764404 -6.317699 -986.439819
v 200.959686 2.824757 -993.489197
v 193.584717 24.896657 -996.409241
v 209.304504 -6.317699 -957.325256
v 190.756668 2.824757 -962.087524
v 183.073853 24.896657 -964.060120
v 203.568222 -6.317699 -927.254456
v 184.569702 2.824757 -929.654480
v 176.700287 24.896657 -930.648682
v 201.645996 -6.317699 -896.701904
v 182.496521 2.824757 -896.701904
v 174.564545 24.896657 -896.701904
v 203.568237 -6.317699 -866.149414
v 184.569733 2.824757 -863.749329
v 176.700317 24.896657 -862.755188
v 209.304520 -6.317699 -836.078857
v 190.756699 2.824757 -831.316406
v 183.073883 24.896657 -829.343872
v 218.764526 -6.317699 -806.964233
v 200.959732 2.824757 -799.914795
v 193.584824 24.896657 -796.994873
v 231.798859 -6.317699 -779.264648
v 215.018051 2.824757 -770.039307
v 208.067245 24.896657 -766.218079
v 248.202042 -6.317699 -753.417358
v 232.709808 2.824757 -742.161560
v 226.292709 24.896657 -737.499268
v 267.715546 -6.317699 -729.829651
v 253.756195 2.824757 -716.720886
v 247.974045 24.896657 -711.291077
v 290.031372 -6.317699 -708.873657
v 277.825073 2.824757 -694.118774
v 272.769012 24.896657 -688.007019
v 314.797791 -6.317699 -690.879822
v 304.536987 2.824757 -674.711365
v 300.286835 24.896657 -668.014160
v 341.624115 -6.317699 -676.132019
v 333.470673 2.824757 -658.805054
v 330.093414 24.896657 -651.627991
v 370.087311 -6.317699 -664.862671
v 364.169800 2.824757 -646.650391
v 361.718689 24.896657 -639.106628
v 399.738464 -6.317699 -657.249451
v 396.150208 2.824757 -638.439209
v 394.663910 24.896657 -630.647705
v 430.109985 -6.317699 -653.412720
v 428.907593 2.824757 -634.301025
v 428.409515 24.896657 -626.384705
v 460.722931 -6.317699 -653.412720
v 461.925354 2.824757 -634.301025
v 462.423431 24.896657 -626.384705
v 491.094482 -6.317699 -657.249512
v 494.682739 2.824757 -638.439209
v 496.169037 24.896657 -630.647705
v 520.745605 -6.317699 -664.862671
v 526.663147 2.824757 -646.650391
v 529.114258 24.896657 -639.106628
v 549.208801 -6.317699 -676.132080
v 557.362244 2.824757 -658.805115
v 560.739502 24.896657 -651.628052
v 576.035095 -6.317699 -690.879883
v 586.295898 2.824757 -674.711426
v 590.546021 24.896657 -668.014282
v 600.801514 -6.317699 -708.873718
v 613.007812 2.824757 -694.118774
v 618.063843 24.896657 -688.007080
v 623.117310 -6.317699 -729.829712
v 637.076660 2.824757 -716.720947
v 642.858826 24.896657 -711.291199
v 642.630737 -6.317699 -753.417358
v 658.122986 2.824757 -742.161621
v 664.540100 24.896657 -737.499329
v 659.033936 -6.317699 -779.264771
v 675.814758 2.824757 -770.039490
v 682.765564 24.896657 -766.218262
v 672.068237 -6.317699 -806.964233
v 689.872925 2.824757 -799.914856
v 697.247925 24.896657 -796.994873
v 681.528198 -6.317699 -836.078857
v 700.076050 2.824757 -831.316589
v 707.758789 24.896657 -829.343872
v 687.264526 -6.317699 -866.149414
v 706.262939 2.824757 -863.749390
v 714.132446 24.896657 -862.755188
v 689.186646 -6.317699 -896.702026
v 708.336121 2.824757 -896.702026
v 716.268066 24.896657 -896.702026
v 0.000000 -12.405925 -826.743530
v 0.000000 1023.436787 -826.743530
v 379.088715 985.307149 -874.633484
v 374.010651 1004.372090 -873.992065
v 360.136780 1018.328389 -872.239380
v 341.184845 1023.436787 -869.845276
v 370.097382 985.307149 -921.768311
v 365.139587 1004.372090 -920.495300
v 351.595001 1018.328389 -917.017761
v 333.092590 1023.436787 -912.267090
v 355.269257 985.307149 -967.404541
v 350.510193 1004.372090 -965.520264
v 337.508179 1018.328389 -960.372437
v 319.747070 1023.436787 -953.340332
v 334.838348 985.307149 -1010.822510
v 330.352966 1004.372090 -1008.356567
v 318.098541 1018.328389 -1001.619629
v 301.358978 1023.436787 -992.417053
v 309.126801 985.307149 -1051.337280
v 304.985840 1004.372090 -1048.328735
v 293.672546 1018.328389 -1040.109009
v 278.218262 1023.436787 -1028.880859
v 278.540192 985.307149 -1088.310181
v 274.808960 1004.372090 -1084.806152
v 264.615051 1018.328389 -1075.233643
v 250.689880 1023.436787 -1062.156982
v 243.560760 985.307149 -1121.157959
v 240.298111 1004.372090 -1117.214111
v 231.384354 1018.328389 -1106.439209
v 219.207947 1023.436787 -1091.720459
v 204.740341 985.307149 -1149.362671
v 201.997665 1004.372090 -1145.041016
v 194.504684 1018.328389 -1133.233887
v 184.268982 1023.436787 -1117.105225
v 162.690979 985.307149 -1172.479492
v 160.511566 1004.372090 -1167.848145
v 154.557526 1018.328389 -1155.194946
v 146.424011 1023.436787 -1137.910522
v 118.075905 985.307149 -1190.143799
v 116.494164 1004.372090 -1185.275757
v 112.172905 1018.328389 -1171.976074
v 106.269897 1023.436787 -1153.808594
v 71.598694 985.307149 -1202.077148
v 70.639565 1004.372090 -1197.049316
v 68.019241 1018.328389 -1183.312988
v 64.439781 1023.436787 -1164.548828
v 23.992325 985.307149 -1208.091187
v 23.670935 1004.372090 -1202.982788
v 22.792883 1018.328389 -1189.026367
v 21.593433 1023.436787 -1169.961548
v -23.992395 985.307149 -1208.091187
v -23.671003 1004.372090 -1202.982788
v -22.792946 1018.328389 -1189.026367
v -21.593489 1023.436787 -1169.961548
v -71.598724 985.307149 -1202.077148
v -70.639633 1004.372090 -1197.049316
v -68.019264 1018.328389 -1183.312988
v -64.439804 1023.436787 -1164.548828
v -118.075943 985.307149 -1190.143799
v -116.494225 1004.372090 -1185.275757
v -112.172913 1018.328389 -1171.976074
v -106.269882 1023.436787 -1153.808594
v -162.691025 985.307149 -1172.479248
v -160.511673 1004.372090 -1167.848022
v -154.557541 1018.328389 -1155.194824
v -146.424011 1023.436787 -1137.910400
v -204.740341 985.307149 -1149.362549
v -201.997665 1004.372090 -1145.040771
v -194.504684 1018.328389 -1133.233765
v -184.268967 1023.436787 -1117.104980
v -243.560715 985.307149 -1121.157837
v -240.298050 1004.372090 -1117.213989
v -231.384308 1018.328389 -1106.439087
v -219.207901 1023.436787 -1091.720459
v -278.540161 985.307149 -1088.310059
v -274.808807 1004.372090 -1084.806152
v -264.614899 1018.328389 -1075.233398
v -250.689865 1023.436787 -1062.156860
v -309.126770 985.307149 -1051.337158
v -304.985809 1004.372090 -1048.328613
v -293.672485 1018.328389 -1040.108887
v -278.218079 1023.436787 -1028.880737
v -334.838104 985.307149 -1010.822388
v -330.352844 1004.372090 -1008.356445
v -318.098511 1018.328389 -1001.619629
v -301.358856 1023.436787 -992.416931
v -355.269135 985.307149 -967.404480
v -350.510071 1004.372090 -965.520203
v -337.507935 1018.328389 -960.372375
v -319.746826 1023.436787 -953.340271
v -370.097229 985.307149 -921.768311
v -365.139526 1004.372090 -920.495300
v -351.594849 1018.328389 -917.017761
v -333.092438 1023.436787 -912.267029
v -379.088684 985.307149 -874.633484
v -374.010406 1004.372090 -873.991943
v -360.136780 1018.328389 -872.239319
v -341.184845 1023.436787 -869.845093
v -382.101654 985.307149 -826.743408
v -376.983093 1004.372090 -826.743408
v -362.999115 1018.328389 -826.743408
v -343.896454 1023.436787 -826.743408
v -379.088654 985.307149 -778.853394
v -374.010376 1004.372090 -779.494934
v -360.136749 1018.328389 -781.247681
v -341.184845 1023.436787 -783.641785
v -370.097198 985.307149 -731.718628
v -365.139496 1004.372090 -732.991577
v -351.594818 1018.328389 -736.469238
v -333.092407 1023.436787 -741.219971
v -355.268982 985.307149 -686.082642
v -350.510040 1004.372090 -687.966797
v -337.507904 1018.328389 -693.114563
v -319.746796 1023.436787 -700.146667
v -334.838043 985.307149 -642.664551
v -330.352783 1004.372090 -645.130432
v -318.098480 1018.328389 -651.867249
v -301.358826 1023.436787 -661.070007
v -309.126678 985.307149 -602.149780
v -304.985718 1004.372090 -605.158386
v -293.672394 1018.328389 -613.377930
v -278.218018 1023.436787 -624.606140
v -278.539917 985.307149 -565.176880
v -274.808746 1004.372090 -568.680786
v -264.614807 1018.328389 -578.253479
v -250.689743 1023.436787 -591.330078
v -243.560669 985.307149 -532.329102
v -240.297989 1004.372090 -536.272949
v -231.384247 1018.328389 -547.047852
v -219.207840 1023.436787 -561.766602
v -204.740173 985.307149 -504.124390
v -201.997589 1004.372090 -508.446259
v -194.504517 1018.328389 -520.253296
v -184.268890 1023.436787 -536.382019
v -162.690826 985.307149 -481.007782
v -160.511536 1004.372090 -485.639130
v -154.557434 1018.328389 -498.292145
v -146.423965 1023.436787 -515.576660
v -118.075798 985.307149 -463.343323
v -116.494110 1004.372090 -468.211304
v -112.172791 1018.328389 -481.510925
v -106.269791 1023.436787 -499.678528
v -71.598648 985.307149 -451.409973
v -70.639534 1004.372090 -456.437927
v -68.019188 1018.328389 -470.174255
v -64.439735 1023.436787 -488.938416
v -23.992319 985.307149 -445.396057
v -23.670931 1004.372090 -450.504364
v -22.792873 1018.328389 -464.460815
v -21.593430 1023.436787 -483.525757
v 23.992386 985.307149 -445.396057
v 23.670984 1004.372090 -450.504364
v 22.792925 1018.328389 -464.460938
v 21.593454 1023.436787 -483.525757
v 71.598717 985.307149 -451.410065
v 70.639572 1004.372090 -456.437958
v 68.019257 1018.328389 -470.174255
v 64.439789 1023.436787 -488.938507
v 118.075897 985.307149 -463.343323
v 116.494141 1004.372090 -468.211304
v 112.172867 1018.328389 -481.510925
v 106.269852 1023.436787 -499.678558
v 162.690918 985.307149 -481.007874
v 160.511536 1004.372090 -485.639252
v 154.557449 1018.328389 -498.292267
v 146.423965 1023.436787 -515.576782
v 204.740173 985.307149 -504.124542
v 201.997589 1004.372090 -508.446259
v 194.504517 1018.328389 -520.253357
v 184.268890 1023.436787 -536.382141
v 243.560669 985.307149 -532.329224
v 240.297989 1004.372090 -536.273071
v 231.384247 1018.328389 -547.047974
v 219.207840 1023.436787 -561.766724
v 278.539856 985.307149 -565.177002
v 274.808746 1004.372090 -568.680908
v 264.614807 1018.328389 -578.253601
v 250.689621 1023.436787 -591.330139
v 309.126556 985.307149 -602.149902
v 304.985596 1004.372090 -605.158508
v 293.672150 1018.328389 -613.378052
v 278.217987 1023.436787 -624.606445
v 334.837982 985.307149 -642.664795
v 330.352509 1004.372090 -645.130615
v 318.098328 1018.328389 -651.867554
v 301.358643 1023.436787 -661.070129
v 355.268829 985.307149 -686.082642
v 350.509705 1004.372090 -687.966797
v 337.507812 1018.328389 -693.114868
v 319.746704 1023.436787 -700.146790
v 370.096863 985.307149 -731.718689
v 365.139282 1004.372090 -732.991699
v 351.594482 1018.328389 -736.469360
v 333.092072 1023.436787 -741.219971
v 379.088440 985.307149 -778.853455
v 374.010284 1004.372090 -779.495239
v 360.136536 1018.328389 -781.247681
v 341.184631 1023.436787 -783.641846
v 382.101288 985.307149 -826.743530
v 376.982910 1004.372090 -826.743530
v 362.998779 1018.328389 -826.743530
v 343.896332 1023.436787 -826.743591
v 341.185028 -12.405925 -869.845398
v 367.987030 -1.238078 -873.231140
v 379.088715 25.723592 -874.633484
v 333.092712 -12.405925 -912.267090
v 359.258972 -1.238078 -918.985474
v 370.097382 25.723592 -921.768311
v 319.747253 -12.405925 -953.340454
v 344.865112 -1.238078 -963.285278
v 355.269257 25.723592 -967.404541
v 301.359100 -12.405925 -992.417175
v 325.032471 -1.238078 -1005.431641
v 334.838348 25.723592 -1010.822510
v 278.218414 -12.405925 -1028.880981
v 300.073944 -1.238078 -1044.760010
v 309.126801 25.723592 -1051.337280
v 250.690033 -12.405925 -1062.157104
v 270.383057 -1.238078 -1080.650146
v 278.540192 25.723592 -1088.310181
v 219.208099 -12.405925 -1091.720581
v 236.428040 -1.238078 -1112.536011
v 243.560760 25.723592 -1121.157959
v 184.269150 -12.405925 -1117.105225
v 198.744431 -1.238078 -1139.914673
v 204.740341 25.723592 -1149.362671
v 146.424149 -12.405925 -1137.910645
v 157.926498 -1.238078 -1162.354492
v 162.690979 25.723592 -1172.479492
v 106.269936 -12.405925 -1153.808838
v 114.618004 -1.238078 -1179.501587
v 118.075905 25.723592 -1190.143799
v 64.439804 -12.405925 -1164.548950
v 69.501892 -1.238078 -1191.085449
v 71.598694 25.723592 -1202.077148
v 21.593441 -12.405925 -1169.961670
v 23.289709 -1.238078 -1196.923340
v 23.992325 25.723592 -1208.091187
v -21.593508 -12.405925 -1169.961670
v -23.289774 -1.238078 -1196.923340
v -23.992395 25.723592 -1208.091187
v -64.439857 -12.405925 -1164.548950
v -69.501930 -1.238078 -1191.085449
v -71.598724 25.723592 -1202.077148
v -106.269897 -12.405925 -1153.808838
v -114.618011 -1.238078 -1179.501587
v -118.075943 25.723592 -1190.143799
v -146.424149 -12.405925 -1137.910400
v -157.926559 -1.238078 -1162.354248
v -162.691025 25.723592 -1172.479248
v -184.269165 -12.405925 -1117.105225
v -198.744446 -1.238078 -1139.914551
v -204.740341 25.723592 -1149.362549
v -219.208054 -12.405925 -1091.720459
v -236.428024 -1.238078 -1112.535889
v -243.560715 25.723592 -1121.157837
v -250.690002 -12.405925 -1062.156982
v -270.383026 -1.238078 -1080.650146
v -278.540161 25.723592 -1088.310059
v -278.218353 -12.405925 -1028.880859
v -300.073914 -1.238078 -1044.759888
v -309.126770 25.723592 -1051.337158
v -301.358978 -12.405925 -992.417053
v -325.032349 -1.238078 -1005.431580
v -334.838104 25.723592 -1010.822388
v -319.747131 -12.405925 -953.340271
v -344.864990 -1.238078 -963.285095
v -355.269135 25.723592 -967.404480
v -333.092621 -12.405925 -912.267090
v -359.258759 -1.238078 -918.985474
v -370.097229 25.723592 -921.768311
v -341.184998 -12.405925 -869.845215
v -367.986969 -1.238078 -873.231018
v -379.088684 25.723592 -874.633484
v -343.896759 -12.405925 -826.743408
v -370.911713 -1.238078 -826.743408
v -382.101654 25.723592 -826.743408
v -341.184967 -12.405925 -783.641724
v -367.986938 -1.238078 -780.255859
v -379.088654 25.723592 -778.853394
v -333.092590 -12.405925 -741.219971
v -359.258728 -1.238078 -734.501465
v -370.097198 25.723592 -731.718628
v -319.746979 -12.405925 -700.146790
v -344.864899 -1.238078 -690.201904
v -355.268982 25.723592 -686.082642
v -301.358887 -12.405925 -661.069885
v -325.032257 -1.238078 -648.055359
v -334.838043 25.723592 -642.664551
v -278.218292 -12.405925 -624.606079
v -300.073761 -1.238078 -608.727051
v -309.126678 25.723592 -602.149780
v -250.689789 -12.405925 -591.329956
v -270.382843 -1.238078 -572.836914
v -278.539917 25.723592 -565.176880
v -219.207932 -12.405925 -561.766479
v -236.427902 -1.238078 -540.951172
v -243.560669 25.723592 -532.329102
v -184.268997 -12.405925 -536.381897
v -198.744324 -1.238078 -513.572388
v -204.740173 25.723592 -504.124390
v -146.424011 -12.405925 -515.576538
v -157.926407 -1.238078 -491.132782
v -162.690826 25.723592 -481.007782
v -106.269836 -12.405925 -499.678406
v -114.617935 -1.238078 -473.985626
v -118.075798 25.723592 -463.343323
v -64.439781 -12.405925 -488.938202
v -69.501862 -1.238078 -462.401764
v -71.598648 25.723592 -451.409973
v -21.593466 -12.405925 -483.525574
v -23.289709 -1.238078 -456.563904
v -23.992319 25.723592 -445.396057
v 21.593493 -12.405925 -483.525574
v 23.289768 -1.238078 -456.563904
v 23.992386 25.723592 -445.396057
v 64.439857 -12.405925 -488.938293
v 69.501923 -1.238078 -462.401855
v 71.598717 25.723592 -451.410065
v 106.269882 -12.405925 -499.678406
v 114.617966 -1.238078 -473.985626
v 118.075897 25.723592 -463.343323
v 146.424011 -12.405925 -515.576660
v 157.926422 -1.238078 -491.132843
v 162.690918 25.723592 -481.007874
v 184.268982 -12.405925 -536.382019
v 198.744324 -1.238078 -513.572510
v 204.740173 25.723592 -504.124542
v 219.207901 -12.405925 -561.766602
v 236.427872 -1.238078 -540.951233
v 243.560669 25.723592 -532.329224
v 250.689743 -12.405925 -591.330017
v 270.382782 -1.238078 -572.837036
v 278.539856 25.723592 -565.177002
v 278.218079 -12.405925 -624.606140
v 300.073639 -1.238078 -608.727173
v 309.126556 25.723592 -602.149902
v 301.358765 -12.405925 -661.070068
v 325.032135 -1.238078 -648.055603
v 334.837982 25.723592 -642.664795
v 319.746796 -12.405925 -700.146790
v 344.864624 -1.238078 -690.201965
v 355.268829 25.723592 -686.082642
v 333.092316 -12.405925 -741.219971
v 359.258514 -1.238078 -734.501648
v 370.096863 25.723592 -731.718689
v 341.184814 -12.405925 -783.641785
v 367.986664 -1.238078 -780.256042
v 379.088440 25.723592 -778.853455
v 343.896423 -12.405925 -826.743591
v 370.911346 -1.238078 -826.743530
v 382.101288 25.723592 -826.743530
vt 0.079133 0.868389
vt 0.079000 0.873018
vt 0.069158 0.873018
vt 0.069158 0.868389
vt 0.088951 0.868389
vt 0.088686 0.873018
vt 0.078635 0.876407
vt 0.069158 0.876407
vt 0.059317 0.873018
vt 0.059183 0.868389
vt 0.069158 0.635394
vt 0.079133 0.635394
vt 0.088951 0.635394
vt 0.098456 0.868389
vt 0.098064 0.873018
vt 0.087961 0.876407
vt 0.059682 0.876407
vt 0.049631 0.873018
vt 0.049366 0.868389
vt 0.059183 0.635394
vt 0.078841 0.628848
vt 0.069158 0.628848
vt 0.088371 0.628848
vt 0.098456 0.635394
vt 0.107500 0.868389
vt 0.106986 0.873018
vt 0.096992 0.876407
vt 0.050355 0.876407
vt 0.040252 0.873018
vt 0.039860 0.868389
vt 0.049366 0.635394
vt 0.059475 0.628848
vt 0.097598 0.628848
vt 0.107500 0.635394
vt 0.115939 0.868389
vt 0.115312 0.873018
vt 0.105583 0.876407
vt 0.041325 0.876407
vt 0.031330 0.873018
vt 0.030817 0.868389
vt 0.039860 0.635394
vt 0.049945 0.628848
vt 0.106377 0.628848
vt 0.115939 0.635394
vt 0.123640 0.868389
vt 0.122910 0.873018
vt 0.113600 0.876407
vt 0.032733 0.876407
vt 0.023004 0.873018
vt 0.022378 0.868389
vt 0.030817 0.635394
vt 0.040718 0.628848
vt 0.114569 0.628848
vt 0.123640 0.635394
vt 0.130482 0.868389
vt 0.129660 0.873018
vt 0.120916 0.876407
vt 0.024716 0.876407
vt 0.015407 0.873018
vt 0.014677 0.868389
vt 0.022378 0.635394
vt 0.031939 0.628848
vt 0.122044 0.628848
vt 0.130482 0.635394
vt 0.136356 0.868389
vt 0.135456 0.873018
vt 0.127416 0.876407
vt 0.017400 0.876407
vt 0.008656 0.873018
vt 0.007835 0.868389
vt 0.014677 0.635394
vt 0.023748 0.628848
vt 0.128686 0.628848
vt 0.136356 0.635394
vt 0.010901 0.876407
vt 0.002860 0.873018
vt 0.001960 0.868389
vt 0.007835 0.635394
vt 0.016272 0.628848
vt 0.134388 0.628848
vt 0.001960 0.635394
vt 0.009631 0.628848
vt 0.003928 0.628848
vt 0.173435 0.873018
vt 0.172921 0.868389
vt 0.181964 0.868389
vt 0.182357 0.873018
vt 0.165109 0.873018
vt 0.164482 0.868389
vt 0.172921 0.635394
vt 0.181964 0.635394
vt 0.191470 0.868389
vt 0.191735 0.873018
vt 0.174838 0.876407
vt 0.183429 0.876407
vt 0.157511 0.873018
vt 0.156781 0.868389
vt 0.164482 0.635394
vt 0.166821 0.876407
vt 0.174044 0.628848
vt 0.182823 0.628848
vt 0.191470 0.635394
vt 0.201288 0.868389
vt 0.201421 0.873018
vt 0.192459 0.876407
vt 0.150761 0.873018
vt 0.149939 0.868389
vt 0.156781 0.635394
vt 0.159505 0.876407
vt 0.165852 0.628848
vt 0.192050 0.628848
vt 0.201288 0.635394
vt 0.211263 0.868389
vt 0.211263 0.873018
vt 0.201786 0.876407
vt 0.144965 0.873018
vt 0.144065 0.868389
vt 0.149939 0.635394
vt 0.153005 0.876407
vt 0.158377 0.628848
vt 0.201580 0.628848
vt 0.211263 0.635394
vt 0.221238 0.868389
vt 0.221104 0.873018
vt 0.211263 0.876407
vt 0.144065 0.635394
vt 0.151735 0.628848
vt 0.211263 0.628848
vt 0.221238 0.635394
vt 0.231055 0.868389
vt 0.230790 0.873018
vt 0.220739 0.876407
vt 0.146033 0.628848
vt 0.220946 0.628848
vt 0.231055 0.635394
vt 0.240561 0.868389
vt 0.240168 0.873018
vt 0.230066 0.876407
vt 0.230476 0.628848
vt 0.240561 0.635394
vt 0.249604 0.868389
vt 0.249091 0.873018
vt 0.239096 0.876407
vt 0.239703 0.628848
vt 0.249604 0.635394
vt 0.258043 0.868389
vt 0.257416 0.873018
vt 0.247688 0.876407
vt 0.248481 0.628848
vt 0.258043 0.635394
vt 0.265744 0.868389
vt 0.265014 0.873018
vt 0.255704 0.876407
vt 0.256673 0.628848
vt 0.265744 0.635394
vt 0.272586 0.868389
vt 0.271765 0.873018
vt 0.263020 0.876407
vt 0.264149 0.628848
vt 0.272586 0.635394
vt 0.278461 0.868389
vt 0.277561 0.873018
vt 0.269520 0.876407
vt 0.270790 0.628848
vt 0.278461 0.635394
vt 0.276493 0.628848
vt 0.865380 0.285814
vt 0.865220 0.291299
vt 0.853450 0.291299
vt 0.853450 0.285814
vt 0.877121 0.285814
vt 0.876804 0.291299
vt 0.864783 0.295314
vt 0.853450 0.295314
vt 0.841680 0.291299
vt 0.841520 0.285814
vt 0.853450 0.009749
vt 0.865380 0.009749
vt 0.877121 0.009749
vt 0.888490 0.285814
vt 0.888020 0.291299
vt 0.875938 0.295314
vt 0.842117 0.295314
vt 0.830096 0.291299
vt 0.829778 0.285814
vt 0.841520 0.009749
vt 0.865030 0.001992
vt 0.853450 0.001992
vt 0.876428 0.001992
vt 0.888490 0.009749
vt 0.899306 0.285814
vt 0.898691 0.291299
vt 0.886738 0.295314
vt 0.830962 0.295314
vt 0.818879 0.291299
vt 0.818410 0.285814
vt 0.829778 0.009749
vt 0.841870 0.001992
vt 0.887464 0.001992
vt 0.899306 0.009749
vt 0.909398 0.285814
vt 0.908649 0.291299
vt 0.897013 0.295314
vt 0.820162 0.295314
vt 0.808209 0.291299
vt 0.807594 0.285814
vt 0.818410 0.009749
vt 0.830472 0.001992
vt 0.897963 0.001992
vt 0.909398 0.009749
vt 0.918608 0.285814
vt 0.917736 0.291299
vt 0.906601 0.295314
vt 0.809887 0.295314
vt 0.798251 0.291299
vt 0.797502 0.285814
vt 0.807594 0.009749
vt 0.819436 0.001992
vt 0.907760 0.001992
vt 0.918608 0.009749
vt 0.926791 0.285814
vt 0.925809 0.291299
vt 0.915351 0.295314
vt 0.800299 0.295314
vt 0.789164 0.291299
vt 0.788292 0.285814
vt 0.797502 0.009749
vt 0.808937 0.001992
vt 0.916700 0.001992
vt 0.926791 0.009749
vt 0.933817 0.285814
vt 0.932741 0.291299
vt 0.923124 0.295314
vt 0.791549 0.295314
vt 0.781091 0.291299
vt 0.780109 0.285814
vt 0.788292 0.009749
vt 0.799140 0.001992
vt 0.924643 0.001992
vt 0.933817 0.009749
vt 0.783775 0.295314
vt 0.774159 0.291299
vt 0.773083 0.285814
vt 0.780109 0.009749
vt 0.790200 0.001992
vt 0.931464 0.001992
vt 0.773083 0.009749
vt 0.782257 0.001992
vt 0.775436 0.001992
vt 0.856416 0.588548
vt 0.855801 0.583063
vt 0.866617 0.583063
vt 0.867087 0.588548
vt 0.846458 0.588548
vt 0.845709 0.583063
vt 0.855801 0.306998
vt 0.866617 0.306998
vt 0.877986 0.583063
vt 0.878303 0.588548
vt 0.858094 0.592563
vt 0.868369 0.592563
vt 0.837371 0.588548
vt 0.836499 0.583063
vt 0.845709 0.306998
vt 0.848506 0.592563
vt 0.857144 0.299241
vt 0.867643 0.299241
vt 0.877986 0.306998
vt 0.889727 0.583063
vt 0.889887 0.588548
vt 0.879169 0.592563
vt 0.829298 0.588548
vt 0.828316 0.583063
vt 0.836499 0.306998
vt 0.839756 0.592563
vt 0.847347 0.299241
vt 0.878679 0.299241
vt 0.889727 0.306998
vt 0.901657 0.583063
vt 0.901657 0.588548
vt 0.890324 0.592563
vt 0.822367 0.588548
vt 0.821290 0.583063
vt 0.828316 0.306998
vt 0.831982 0.592563
vt 0.838407 0.299241
vt 0.890077 0.299241
vt 0.901657 0.306998
vt 0.913587 0.583063
vt 0.913427 0.588548
vt 0.901657 0.592563
vt 0.821290 0.306998
vt 0.830464 0.299241
vt 0.901657 0.299241
vt 0.913587 0.306998
vt 0.925329 0.583063
vt 0.925011 0.588548
vt 0.912991 0.592563
vt 0.823644 0.299241
vt 0.913238 0.299241
vt 0.925329 0.306998
vt 0.936697 0.583063
vt 0.936228 0.588548
vt 0.924145 0.592563
vt 0.924635 0.299241
vt 0.936697 0.306998
vt 0.947513 0.583063
vt 0.946898 0.588548
vt 0.934945 0.592563
vt 0.935671 0.299241
vt 0.947513 0.306998
vt 0.957605 0.583063
vt 0.956856 0.588548
vt 0.945220 0.592563
vt 0.946170 0.299241
vt 0.957605 0.306998
vt 0.966816 0.583063
vt 0.965943 0.588548
vt 0.954808 0.592563
vt 0.955967 0.299241
vt 0.966816 0.306998
vt 0.974998 0.583063
vt 0.974016 0.588548
vt 0.963558 0.592563
vt 0.964907 0.299241
vt 0.974998 0.306998
vt 0.982024 0.583063
vt 0.980948 0.588548
vt 0.971332 0.592563
vt 0.972850 0.299241
vt 0.982024 0.306998
vt 0.979671 0.299241
vt 0.132167 0.348691
vt 0.131942 0.355391
vt 0.115337 0.355391
vt 0.115337 0.348691
vt 0.148732 0.348691
vt 0.148284 0.355391
vt 0.131326 0.360296
vt 0.115337 0.360296
vt 0.098733 0.355391
vt 0.098507 0.348691
vt 0.115337 0.011467
vt 0.132167 0.011467
vt 0.148732 0.011467
vt 0.164769 0.348691
vt 0.164107 0.355391
vt 0.147062 0.360296
vt 0.099349 0.360296
vt 0.082390 0.355391
vt 0.081943 0.348691
vt 0.098507 0.011467
vt 0.131674 0.001992
vt 0.115337 0.001992
vt 0.147754 0.001992
vt 0.164769 0.011467
vt 0.180028 0.348691
vt 0.179161 0.355391
vt 0.162298 0.360296
vt 0.083612 0.360296
vt 0.066567 0.355391
vt 0.065905 0.348691
vt 0.081943 0.011467
vt 0.099000 0.001992
vt 0.163322 0.001992
vt 0.180028 0.011467
vt 0.194266 0.348691
vt 0.193208 0.355391
vt 0.176794 0.360296
vt 0.068377 0.360296
vt 0.051514 0.355391
vt 0.050647 0.348691
vt 0.065905 0.011467
vt 0.082921 0.001992
vt 0.178133 0.001992
vt 0.194266 0.011467
vt 0.207259 0.348691
vt 0.206028 0.355391
vt 0.190320 0.360296
vt 0.053881 0.360296
vt 0.037466 0.355391
vt 0.036409 0.348691
vt 0.050647 0.011467
vt 0.067353 0.001992
vt 0.191954 0.001992
vt 0.207259 0.011467
vt 0.218803 0.348691
vt 0.217417 0.355391
vt 0.202664 0.360296
vt 0.040355 0.360296
vt 0.024647 0.355391
vt 0.023416 0.348691
vt 0.036409 0.011467
vt 0.052541 0.001992
vt 0.204567 0.001992
vt 0.218803 0.011467
vt 0.228715 0.348691
vt 0.227196 0.355391
vt 0.028011 0.360296
vt 0.013258 0.355391
vt 0.011872 0.348691
vt 0.023416 0.011467
vt 0.038720 0.001992
vt 0.215773 0.001992
vt 0.228715 0.011467
vt 0.003479 0.355391
vt 0.001960 0.348691
vt 0.011872 0.011467
vt 0.026108 0.001992
vt 0.225394 0.001992
vt 0.001960 0.011467
vt 0.014902 0.001992
vt 0.005280 0.001992
vt 0.285670 0.355391
vt 0.284803 0.348691
vt 0.300061 0.348691
vt 0.300723 0.355391
vt 0.271622 0.355391
vt 0.270565 0.348691
vt 0.284803 0.011467
vt 0.300061 0.011467
vt 0.316099 0.348691
vt 0.316546 0.355391
vt 0.288037 0.360296
vt 0.302532 0.360296
vt 0.258803 0.355391
vt 0.257572 0.348691
vt 0.270565 0.011467
vt 0.274511 0.360296
vt 0.286697 0.001992
vt 0.301509 0.001992
vt 0.316099 0.011467
vt 0.332663 0.348691
vt 0.332889 0.355391
vt 0.317768 0.360296
vt 0.247414 0.355391
vt 0.246028 0.348691
vt 0.257572 0.011467
vt 0.262167 0.360296
vt 0.272876 0.001992
vt 0.317077 0.001992
vt 0.332663 0.011467
vt 0.349493 0.348691
vt 0.349493 0.355391
vt 0.333505 0.360296
vt 0.237635 0.355391
vt 0.236116 0.348691
vt 0.246028 0.011467
vt 0.260263 0.001992
vt 0.333156 0.001992
vt 0.349493 0.011467
vt 0.366323 0.348691
vt 0.366098 0.355391
vt 0.349493 0.360296
vt 0.236116 0.011467
vt 0.249058 0.001992
vt 0.349493 0.001992
vt 0.366323 0.011467
vt 0.382888 0.348691
vt 0.382440 0.355391
vt 0.365482 0.360296
vt 0.239436 0.001992
vt 0.365830 0.001992
vt 0.382888 0.011467
vt 0.398925 0.348691
vt 0.398263 0.355391
vt 0.381218 0.360296
vt 0.381910 0.001992
vt 0.398925 0.011467
vt 0.414184 0.348691
vt 0.413317 0.355391
vt 0.396454 0.360296
vt 0.397478 0.001992
vt 0.414184 0.011467
vt 0.428422 0.348691
vt 0.427364 0.355391
vt 0.410950 0.360296
vt 0.412289 0.001992
vt 0.428422 0.011467
vt 0.441415 0.348691
vt 0.440184 0.355391
vt 0.424476 0.360296
vt 0.426110 0.001992
vt 0.441415 0.011467
vt 0.452959 0.348691
vt 0.451573 0.355391
vt 0.436819 0.360296
vt 0.438723 0.001992
vt 0.452959 0.011467
vt 0.462870 0.348691
vt 0.461352 0.355391
vt 0.449929 0.001992
vt 0.462870 0.011467
vt 0.459550 0.001992
vt 0.977481 0.928619
vt 0.975795 0.937455
vt 0.906416 0.919641
vt 0.981428 0.929118
vt 0.979649 0.938445
vt 0.973015 0.946010
vt 0.978045 0.919641
vt 0.982024 0.919641
vt 0.976715 0.947475
vt 0.969185 0.954149
vt 0.977481 0.910664
vt 0.981428 0.910165
vt 0.972672 0.956066
vt 0.964365 0.961744
vt 0.975795 0.901828
vt 0.979649 0.900838
vt 0.967584 0.964083
vt 0.958632 0.968676
vt 0.973015 0.893273
vt 0.976715 0.891808
vt 0.961532 0.971399
vt 0.952074 0.974833
vt 0.969185 0.885133
vt 0.972672 0.883217
vt 0.954610 0.977899
vt 0.944797 0.980121
vt 0.964365 0.877538
vt 0.967584 0.875200
vt 0.946929 0.983480
vt 0.936914 0.984454
vt 0.958631 0.870607
vt 0.961532 0.867884
vt 0.956467 0.980143
vt 0.948489 0.985939
vt 0.938608 0.988054
vt 0.928550 0.987766
vt 0.952074 0.864450
vt 0.954610 0.861384
vt 0.939848 0.990690
vt 0.929780 0.991550
vt 0.919838 0.990003
vt 0.944797 0.859162
vt 0.946929 0.855803
vt 0.930680 0.994320
vt 0.920583 0.993911
vt 0.910913 0.991130
vt 0.936914 0.854829
vt 0.938608 0.851229
vt 0.948489 0.853344
vt 0.956467 0.859140
vt 0.921129 0.996772
vt 0.911163 0.995101
vt 0.901918 0.991130
vt 0.928550 0.851517
vt 0.929780 0.847733
vt 0.939848 0.848593
vt 0.911346 0.998008
vt 0.901668 0.995101
vt 0.892993 0.990003
vt 0.919838 0.849280
vt 0.920583 0.845372
vt 0.930680 0.844963
vt 0.901485 0.998008
vt 0.892248 0.993911
vt 0.884281 0.987766
vt 0.910913 0.848153
vt 0.911163 0.844182
vt 0.921129 0.842511
vt 0.891702 0.996772
vt 0.883051 0.991550
vt 0.875917 0.984454
vt 0.901918 0.848153
vt 0.901668 0.844182
vt 0.911346 0.841275
vt 0.882151 0.994320
vt 0.874223 0.988054
vt 0.868034 0.980121
vt 0.892993 0.849280
vt 0.892248 0.845372
vt 0.901485 0.841275
vt 0.872983 0.990690
vt 0.865902 0.983480
vt 0.860757 0.974833
vt 0.884281 0.851517
vt 0.883051 0.847733
vt 0.891702 0.842511
vt 0.864342 0.985939
vt 0.858221 0.977899
vt 0.854200 0.968676
vt 0.875917 0.854829
vt 0.874223 0.851229
vt 0.882151 0.844963
vt 0.856364 0.980143
vt 0.851299 0.971399
vt 0.848466 0.961744
vt 0.868034 0.859162
vt 0.865902 0.855803
vt 0.872983 0.848593
vt 0.845247 0.964083
vt 0.843646 0.954149
vt 0.860757 0.864450
vt 0.858221 0.861384
vt 0.864342 0.853344
vt 0.840159 0.956066
vt 0.839816 0.946010
vt 0.854200 0.870607
vt 0.851299 0.867884
vt 0.856364 0.859140
vt 0.836116 0.947475
vt 0.837036 0.937455
vt 0.848466 0.877538
vt 0.845247 0.875200
vt 0.833182 0.938445
vt 0.835350 0.928619
vt 0.843646 0.885133
vt 0.840159 0.883217
vt 0.831403 0.929118
vt 0.834786 0.919641
vt 0.839816 0.893273
vt 0.836116 0.891808
vt 0.830807 0.919641
vt 0.835350 0.910664
vt 0.837036 0.901828
vt 0.833182 0.900838
vt 0.831403 0.910165
vt 0.729851 0.849152
vt 0.738688 0.847466
vt 0.747665 0.918532
vt 0.737982 0.841884
vt 0.728452 0.843702
vt 0.747665 0.846902
vt 0.721296 0.851932
vt 0.747665 0.841275
vt 0.719225 0.846700
vt 0.756643 0.847467
vt 0.713157 0.855762
vt 0.757348 0.841884
vt 0.710446 0.850831
vt 0.765479 0.849152
vt 0.705562 0.860582
vt 0.766878 0.843702
vt 0.702255 0.856030
vt 0.774034 0.851932
vt 0.698631 0.866316
vt 0.776105 0.846700
vt 0.694779 0.862214
vt 0.782173 0.855762
vt 0.692473 0.872873
vt 0.784884 0.850831
vt 0.688138 0.869286
vt 0.789768 0.860582
vt 0.687186 0.880150
vt 0.793076 0.856030
vt 0.682435 0.877135
vt 0.796699 0.866316
vt 0.682852 0.888033
vt 0.800551 0.862214
vt 0.677761 0.885637
vt 0.802857 0.872873
vt 0.679541 0.896397
vt 0.807193 0.869286
vt 0.674189 0.894658
vt 0.808144 0.880150
vt 0.677304 0.905110
vt 0.812895 0.877135
vt 0.671777 0.904055
vt 0.812478 0.888033
vt 0.676176 0.914034
vt 0.817569 0.885637
vt 0.670561 0.913681
vt 0.815789 0.896397
vt 0.676176 0.923029
vt 0.821141 0.894658
vt 0.670561 0.923383
vt 0.818026 0.905110
vt 0.677304 0.931954
vt 0.823554 0.904055
vt 0.671777 0.933008
vt 0.819154 0.914034
vt 0.679541 0.940667
vt 0.824770 0.913681
vt 0.674189 0.942405
vt 0.819154 0.923029
vt 0.682853 0.949030
vt 0.824770 0.923383
vt 0.677761 0.951426
vt 0.818026 0.931954
vt 0.687186 0.956913
vt 0.823554 0.933008
vt 0.682435 0.959928
vt 0.815789 0.940667
vt 0.692473 0.964190
vt 0.821141 0.942405
vt 0.688138 0.967777
vt 0.812478 0.949030
vt 0.698631 0.970748
vt 0.817569 0.951426
vt 0.694779 0.974850
vt 0.808144 0.956913
vt 0.705562 0.976482
vt 0.812895 0.959928
vt 0.702255 0.981034
vt 0.802857 0.964190
vt 0.713157 0.981301
vt 0.807193 0.967777
vt 0.710446 0.986232
vt 0.796699 0.970748
vt 0.721296 0.985132
vt 0.800551 0.974850
vt 0.719225 0.990363
vt 0.789768 0.976482
vt 0.729851 0.987911
vt 0.793076 0.981034
vt 0.728452 0.993361
vt 0.782173 0.981301
vt 0.738688 0.989597
vt 0.784884 0.986232
vt 0.737982 0.995179
vt 0.774034 0.985132
vt 0.747665 0.990162
vt 0.776105 0.990363
vt 0.747665 0.995789
vt 0.765479 0.987911
vt 0.756643 0.989597
vt 0.766878 0.993361
vt 0.757348 0.995179
vt 0.645498 0.757014
vt 0.643483 0.767582
vt 0.560506 0.746277
vt 0.650220 0.757611
vt 0.648092 0.768765
vt 0.640158 0.777814
vt 0.646174 0.746277
vt 0.650932 0.746277
vt 0.644582 0.779565
vt 0.635577 0.787548
vt 0.645498 0.735540
vt 0.650219 0.734944
vt 0.639747 0.789840
vt 0.629813 0.796631
vt 0.643482 0.724973
vt 0.648092 0.723789
vt 0.633663 0.799428
vt 0.622955 0.804921
vt 0.640158 0.714741
vt 0.644582 0.712989
vt 0.626424 0.808178
vt 0.615113 0.812285
vt 0.635577 0.705007
vt 0.639747 0.702714
vt 0.618146 0.815952
vt 0.606409 0.818609
vt 0.629813 0.695923
vt 0.633663 0.693126
vt 0.608959 0.822627
vt 0.596982 0.823792
vt 0.622955 0.687634
vt 0.626424 0.684376
vt 0.620367 0.818636
vt 0.610826 0.825568
vt 0.599008 0.828097
vt 0.586979 0.827752
vt 0.615113 0.680269
vt 0.618146 0.676603
vt 0.600491 0.831249
vt 0.588450 0.832278
vt 0.576559 0.830427
vt 0.606409 0.673946
vt 0.608959 0.669928
vt 0.589526 0.835591
vt 0.577451 0.835102
vt 0.565885 0.831776
vt 0.596982 0.668763
vt 0.599008 0.664457
vt 0.610826 0.666987
vt 0.620367 0.673919
vt 0.578103 0.838524
vt 0.566184 0.836525
vt 0.555127 0.831776
vt 0.586979 0.664803
vt 0.588450 0.660277
vt 0.600491 0.661305
vt 0.566403 0.840002
vt 0.554828 0.836525
vt 0.544454 0.830427
vt 0.576559 0.662127
vt 0.577451 0.657453
vt 0.589526 0.656964
vt 0.554610 0.840002
vt 0.543562 0.835102
vt 0.534034 0.827752
vt 0.565885 0.660779
vt 0.566184 0.656030
vt 0.578103 0.654031
vt 0.542909 0.838524
vt 0.532563 0.832278
vt 0.524031 0.823792
vt 0.555127 0.660779
vt 0.554828 0.656030
vt 0.566403 0.652553
vt 0.531487 0.835591
vt 0.522005 0.828097
vt 0.514603 0.818609
vt 0.544454 0.662127
vt 0.543562 0.657453
vt 0.554610 0.652553
vt 0.520521 0.831249
vt 0.512054 0.822627
vt 0.505900 0.812285
vt 0.534034 0.664802
vt 0.532563 0.660277
vt 0.542909 0.654031
vt 0.510187 0.825568
vt 0.502866 0.815952
vt 0.498057 0.804921
vt 0.524031 0.668763
vt 0.522005 0.664457
vt 0.531487 0.656964
vt 0.500646 0.818636
vt 0.494588 0.808178
vt 0.491200 0.796631
vt 0.514603 0.673946
vt 0.512054 0.669928
vt 0.520521 0.661305
vt 0.487350 0.799428
vt 0.485435 0.787548
vt 0.505900 0.680269
vt 0.502867 0.676603
vt 0.510187 0.666987
vt 0.481265 0.789840
vt 0.480855 0.777814
vt 0.498057 0.687634
vt 0.494588 0.684376
vt 0.500646 0.673919
vt 0.476430 0.779565
vt 0.477530 0.767582
vt 0.491200 0.695923
vt 0.487350 0.693126
vt 0.472921 0.768765
vt 0.475514 0.757014
vt 0.485435 0.705007
vt 0.481265 0.702714
vt 0.470793 0.757611
vt 0.474839 0.746277
vt 0.480855 0.714741
vt 0.476430 0.712989
vt 0.470080 0.746277
vt 0.475514 0.735540
vt 0.477530 0.724973
vt 0.472921 0.723789
vt 0.470793 0.734944
vt 0.728929 0.661974
vt 0.739496 0.659958
vt 0.750233 0.744950
vt 0.738653 0.653281
vt 0.727255 0.655455
vt 0.750233 0.659283
vt 0.718697 0.665298
vt 0.750233 0.652553
vt 0.716220 0.659041
vt 0.760970 0.659958
vt 0.708963 0.669879
vt 0.761814 0.653281
vt 0.705721 0.663982
vt 0.771538 0.661974
vt 0.699879 0.675643
vt 0.773212 0.655456
vt 0.695924 0.670199
vt 0.781770 0.665298
vt 0.691590 0.682501
vt 0.784247 0.659041
vt 0.686983 0.677595
vt 0.791504 0.669879
vt 0.684225 0.690343
vt 0.794746 0.663982
vt 0.679040 0.686054
vt 0.800588 0.675644
vt 0.677902 0.699047
vt 0.804543 0.670199
vt 0.672220 0.695441
vt 0.808877 0.682501
vt 0.672719 0.708475
vt 0.813484 0.677595
vt 0.666630 0.705609
vt 0.816242 0.690343
vt 0.668759 0.718477
vt 0.821427 0.686054
vt 0.662358 0.716398
vt 0.822565 0.699047
vt 0.666083 0.728897
vt 0.828247 0.695441
vt 0.659473 0.727637
vt 0.827748 0.708475
vt 0.664735 0.739571
vt 0.833837 0.705609
vt 0.658019 0.739148
vt 0.831708 0.718477
vt 0.664735 0.750329
vt 0.838108 0.716398
vt 0.658019 0.750752
vt 0.834384 0.728897
vt 0.666083 0.761002
vt 0.840994 0.727636
vt 0.659473 0.762264
vt 0.835732 0.739571
vt 0.668759 0.771423
vt 0.842448 0.739148
vt 0.662358 0.773502
vt 0.835732 0.750329
vt 0.672719 0.781426
vt 0.842448 0.750752
vt 0.666630 0.784291
vt 0.834384 0.761002
vt 0.677902 0.790853
vt 0.840994 0.762264
vt 0.672220 0.794459
vt 0.831708 0.771423
vt 0.684225 0.799557
vt 0.838108 0.773502
vt 0.679040 0.803846
vt 0.827748 0.781426
vt 0.691590 0.807399
vt 0.833837 0.784291
vt 0.686983 0.812305
vt 0.822565 0.790853
vt 0.699879 0.814257
vt 0.828247 0.794459
vt 0.695924 0.819701
vt 0.816242 0.799557
vt 0.708963 0.820021
vt 0.821427 0.803846
vt 0.705721 0.825918
vt 0.808877 0.807399
vt 0.718697 0.824602
vt 0.813484 0.812305
vt 0.716220 0.830859
vt 0.800588 0.814257
vt 0.728929 0.827926
vt 0.804543 0.819701
vt 0.727255 0.834444
vt 0.791504 0.820021
vt 0.739496 0.829942
vt 0.794746 0.825918
vt 0.738653 0.836619
vt 0.781770 0.824602
vt 0.750233 0.830618
vt 0.784247 0.830859
vt 0.750233 0.837347
vt 0.771538 0.827926
vt 0.760970 0.829942
vt 0.773212 0.834444
vt 0.761814 0.836619
vt 0.591503 0.511591
vt 0.588659 0.526499
vt 0.471601 0.496444
vt 0.598163 0.512433
vt 0.595161 0.528169
vt 0.583969 0.540934
vt 0.592455 0.496444
vt 0.599169 0.496444
vt 0.590210 0.543405
vt 0.577507 0.554666
vt 0.591502 0.481297
vt 0.598163 0.480456
vt 0.583389 0.557900
vt 0.569374 0.567481
vt 0.588659 0.466389
vt 0.595161 0.464719
vt 0.574805 0.571427
vt 0.559700 0.579175
vt 0.583969 0.451954
vt 0.590210 0.449483
vt 0.564594 0.583770
vt 0.548636 0.589564
vt 0.577506 0.438222
vt 0.583389 0.434988
vt 0.552916 0.594737
vt 0.536358 0.598485
vt 0.569374 0.425407
vt 0.574805 0.421462
vt 0.568176 0.587134
vt 0.556048 0.598523
vt 0.539955 0.604153
vt 0.523058 0.605797
vt 0.559700 0.413713
vt 0.564594 0.409118
vt 0.542588 0.608303
vt 0.525917 0.611871
vt 0.508947 0.611384
vt 0.548636 0.403324
vt 0.552916 0.398151
vt 0.528009 0.616318
vt 0.511021 0.617768
vt 0.494247 0.615158
vt 0.536358 0.394403
vt 0.539955 0.388735
vt 0.556048 0.394365
vt 0.568176 0.405754
vt 0.512540 0.622442
vt 0.495505 0.621752
vt 0.479189 0.617060
vt 0.523058 0.387091
vt 0.525917 0.381017
vt 0.542588 0.384586
vt 0.496426 0.626580
vt 0.479611 0.623760
vt 0.464012 0.617060
vt 0.508947 0.381504
vt 0.511021 0.375120
vt 0.528009 0.376571
vt 0.479919 0.628665
vt 0.463591 0.623760
vt 0.448955 0.615158
vt 0.494247 0.377730
vt 0.495505 0.371136
vt 0.512540 0.370446
vt 0.463282 0.628665
vt 0.447697 0.621752
vt 0.434255 0.611384
vt 0.479189 0.375828
vt 0.479611 0.369128
vt 0.496426 0.366309
vt 0.446776 0.626580
vt 0.432180 0.617768
vt 0.420143 0.605797
vt 0.464012 0.375828
vt 0.463591 0.369128
vt 0.479919 0.364223
vt 0.430662 0.622442
vt 0.417285 0.611871
vt 0.406844 0.598485
vt 0.448955 0.377730
vt 0.447697 0.371136
vt 0.463282 0.364223
vt 0.415193 0.616318
vt 0.403247 0.604153
vt 0.394565 0.589564
vt 0.434255 0.381504
vt 0.432180 0.375120
vt 0.446776 0.366309
vt 0.400613 0.608302
vt 0.390286 0.594737
vt 0.383502 0.579175
vt 0.420143 0.387091
vt 0.417285 0.381017
vt 0.430662 0.370446
vt 0.387154 0.598523
vt 0.378608 0.583770
vt 0.373827 0.567481
vt 0.406844 0.394403
vt 0.403247 0.388735
vt 0.415193 0.376571
vt 0.375025 0.587134
vt 0.368396 0.571427
vt 0.365695 0.554666
vt 0.394565 0.403324
vt 0.390286 0.398151
vt 0.400613 0.384586
vt 0.359812 0.557900
vt 0.359233 0.540934
vt 0.383502 0.413713
vt 0.378608 0.409118
vt 0.387154 0.394365
vt 0.352991 0.543405
vt 0.354543 0.526499
vt 0.373827 0.425407
vt 0.368396 0.421462
vt 0.375026 0.405754
vt 0.348041 0.528169
vt 0.351699 0.511591
vt 0.365695 0.438222
vt 0.359812 0.434988
vt 0.345039 0.512433
vt 0.350746 0.496444
vt 0.359233 0.451954
vt 0.352991 0.449483
vt 0.344033 0.496444
vt 0.351699 0.481297
vt 0.354543 0.466389
vt 0.348041 0.464719
vt 0.345039 0.480456
vt 0.177849 0.377514
vt 0.192757 0.374670
vt 0.207905 0.494572
vt 0.191568 0.365251
vt 0.175488 0.368318
vt 0.207905 0.373717
vt 0.163415 0.382204
vt 0.207905 0.364223
vt 0.159920 0.373377
vt 0.223052 0.374670
vt 0.149682 0.388666
vt 0.224242 0.365251
vt 0.145109 0.380346
vt 0.237960 0.377514
vt 0.136868 0.396798
vt 0.240321 0.368318
vt 0.131288 0.389117
vt 0.252394 0.382204
vt 0.125174 0.406472
vt 0.255889 0.373377
vt 0.118675 0.399552
vt 0.266127 0.388666
vt 0.114784 0.417536
vt 0.270701 0.380347
vt 0.107469 0.411484
vt 0.278941 0.396798
vt 0.105864 0.429814
vt 0.284522 0.389118
vt 0.097848 0.424727
vt 0.290635 0.406472
vt 0.098552 0.443114
vt 0.297134 0.399552
vt 0.089962 0.439072
vt 0.301025 0.417536
vt 0.092965 0.457226
vt 0.308340 0.411484
vt 0.083936 0.454292
vt 0.309946 0.429815
vt 0.089191 0.471926
vt 0.317962 0.424727
vt 0.079865 0.470147
vt 0.317257 0.443114
vt 0.087288 0.486983
vt 0.325847 0.439072
vt 0.077813 0.486387
vt 0.322844 0.457226
vt 0.087288 0.502160
vt 0.331873 0.454292
vt 0.077813 0.502756
vt 0.326619 0.471926
vt 0.089191 0.517218
vt 0.335944 0.470147
vt 0.079865 0.518997
vt 0.328521 0.486983
vt 0.092965 0.531918
vt 0.337996 0.486387
vt 0.083936 0.534852
vt 0.328521 0.502160
vt 0.098552 0.546029
vt 0.337996 0.502756
vt 0.089962 0.550071
vt 0.326619 0.517218
vt 0.105864 0.559329
vt 0.335944 0.518997
vt 0.097848 0.564416
vt 0.322844 0.531918
vt 0.114784 0.571607
vt 0.331873 0.534852
vt 0.107469 0.577659
vt 0.317257 0.546029
vt 0.125174 0.582671
vt 0.325848 0.550071
vt 0.118675 0.589592
vt 0.309946 0.559329
vt 0.136868 0.592345
vt 0.317962 0.564416
vt 0.131288 0.600026
vt 0.301025 0.571607
vt 0.149682 0.600478
vt 0.308340 0.577659
vt 0.145109 0.608797
vt 0.290635 0.582671
vt 0.163415 0.606940
vt 0.297134 0.589592
vt 0.159920 0.615767
vt 0.278941 0.592345
vt 0.177849 0.611630
vt 0.284522 0.600026
vt 0.175488 0.620825
vt 0.266127 0.600478
vt 0.192758 0.614474
vt 0.270701 0.608797
vt 0.191568 0.623892
vt 0.252394 0.606940
vt 0.207905 0.615426
vt 0.255889 0.615767
vt 0.207905 0.624920
vt 0.237960 0.611630
vt 0.223052 0.614474
vt 0.240321 0.620825
vt 0.224242 0.623892
vt 0.370696 0.632592
vt 0.371268 0.637221
vt 0.362509 0.637221
vt 0.362055 0.632592
vt 0.371268 0.870216
vt 0.362509 0.870216
vt 0.353216 0.637221
vt 0.352887 0.632592
vt 0.370019 0.876763
vt 0.361517 0.876763
vt 0.353216 0.870216
vt 0.343536 0.637221
vt 0.343336 0.632592
vt 0.352496 0.876763
vt 0.343536 0.870216
vt 0.333620 0.637221
vt 0.333553 0.632592
vt 0.343099 0.876763
vt 0.333620 0.870216
vt 0.323625 0.637221
vt 0.323692 0.632592
vt 0.333473 0.876763
vt 0.323625 0.870216
vt 0.313709 0.637221
vt 0.313909 0.632592
vt 0.323771 0.876763
vt 0.313709 0.870216
vt 0.304029 0.637221
vt 0.304358 0.632592
vt 0.314146 0.876763
vt 0.304029 0.870216
vt 0.294736 0.637221
vt 0.295190 0.632592
vt 0.304749 0.876763
vt 0.294736 0.870216
vt 0.285977 0.637221
vt 0.286549 0.632592
vt 0.295728 0.876763
vt 0.285977 0.870216
vt 0.287226 0.876763
vt 0.378600 0.876763
vt 0.378029 0.872134
vt 0.386787 0.872134
vt 0.387241 0.876763
vt 0.378029 0.639139
vt 0.386787 0.639139
vt 0.396080 0.872134
vt 0.396409 0.876763
vt 0.379278 0.632592
vt 0.387780 0.632592
vt 0.396080 0.639139
vt 0.405761 0.872134
vt 0.405960 0.876763
vt 0.396800 0.632592
vt 0.405761 0.639139
vt 0.415677 0.872134
vt 0.415743 0.876763
vt 0.406197 0.632592
vt 0.415677 0.639139
vt 0.425671 0.872134
vt 0.425604 0.876763
vt 0.415823 0.632592
vt 0.425671 0.639139
vt 0.435587 0.872134
vt 0.435387 0.876763
vt 0.425525 0.632592
vt 0.435587 0.639139
vt 0.445268 0.872134
vt 0.444938 0.876763
vt 0.435150 0.632592
vt 0.445268 0.639139
vt 0.454561 0.872134
vt 0.454107 0.876763
vt 0.444548 0.632592
vt 0.454561 0.639139
vt 0.463319 0.872134
vt 0.462748 0.876763
vt 0.453568 0.632592
vt 0.463319 0.639139
vt 0.462070 0.632592
vt 0.814570 0.359319
vt 0.815253 0.364803
vt 0.804778 0.364803
vt 0.804235 0.359319
vt 0.815253 0.640869
vt 0.804778 0.640869
vt 0.793664 0.364803
vt 0.793270 0.359319
vt 0.813759 0.648625
vt 0.803591 0.648625
vt 0.793664 0.640869
vt 0.782086 0.364803
vt 0.781847 0.359319
vt 0.792803 0.648625
vt 0.782086 0.640869
vt 0.770227 0.364803
vt 0.770147 0.359319
vt 0.781564 0.648625
vt 0.770227 0.640869
vt 0.758274 0.364803
vt 0.758354 0.359319
vt 0.770052 0.648625
vt 0.758274 0.640869
vt 0.746414 0.364803
vt 0.746653 0.359319
vt 0.758449 0.648625
vt 0.746414 0.640869
vt 0.734837 0.364803
vt 0.735231 0.359319
vt 0.746937 0.648625
vt 0.734837 0.640869
vt 0.723723 0.364803
vt 0.724265 0.359319
vt 0.735698 0.648625
vt 0.723723 0.640869
vt 0.713248 0.364803
vt 0.713931 0.359319
vt 0.724909 0.648625
vt 0.713248 0.640869
vt 0.714741 0.648625
vt 0.605889 0.648625
vt 0.605206 0.643140
vt 0.615681 0.643140
vt 0.616223 0.648625
vt 0.605206 0.367075
vt 0.615681 0.367075
vt 0.626794 0.643140
vt 0.627188 0.648625
vt 0.606699 0.359319
vt 0.616867 0.359319
vt 0.626794 0.367075
vt 0.638372 0.643140
vt 0.638611 0.648625
vt 0.627656 0.359319
vt 0.638372 0.367075
vt 0.650231 0.643140
vt 0.650312 0.648625
vt 0.638895 0.359319
vt 0.650231 0.367075
vt 0.662185 0.643140
vt 0.662105 0.648625
vt 0.650406 0.359319
vt 0.662185 0.367075
vt 0.674044 0.643140
vt 0.673805 0.648625
vt 0.662010 0.359319
vt 0.674044 0.367075
vt 0.685622 0.643140
vt 0.685228 0.648625
vt 0.673522 0.359319
vt 0.685622 0.367075
vt 0.696736 0.643140
vt 0.696193 0.648625
vt 0.684761 0.359319
vt 0.696736 0.367075
vt 0.707211 0.643140
vt 0.706528 0.648625
vt 0.695549 0.359319
vt 0.707211 0.367075
vt 0.705717 0.359319
vt 0.613019 0.001992
vt 0.613983 0.008692
vt 0.599206 0.008692
vt 0.598440 0.001992
vt 0.613983 0.345916
vt 0.599206 0.345916
vt 0.583527 0.008692
vt 0.582971 0.001992
vt 0.611876 0.355391
vt 0.597531 0.355391
vt 0.583527 0.345916
vt 0.567193 0.008692
vt 0.566856 0.001992
vt 0.582311 0.355391
vt 0.567193 0.345916
vt 0.550463 0.008692
vt 0.550350 0.001992
vt 0.566456 0.355391
vt 0.550463 0.345916
vt 0.533600 0.008692
vt 0.533713 0.001992
vt 0.550216 0.355391
vt 0.533600 0.345916
vt 0.516870 0.008692
vt 0.517207 0.001992
vt 0.533847 0.355391
vt 0.516870 0.345916
vt 0.500536 0.008692
vt 0.501092 0.001992
vt 0.517607 0.355391
vt 0.500536 0.345916
vt 0.484857 0.008692
vt 0.485623 0.001992
vt 0.501752 0.355391
vt 0.484857 0.345916
vt 0.470080 0.008692
vt 0.471044 0.001992
vt 0.486532 0.355391
vt 0.470080 0.345916
vt 0.472187 0.355391
vt 0.622545 0.355391
vt 0.621581 0.348691
vt 0.636359 0.348691
vt 0.637125 0.355391
vt 0.621581 0.011467
vt 0.636359 0.011467
vt 0.652038 0.348691
vt 0.652594 0.355391
vt 0.623689 0.001992
vt 0.638033 0.001992
vt 0.652038 0.011467
vt 0.668371 0.348691
vt 0.668708 0.355391
vt 0.653253 0.001992
vt 0.668371 0.011467
vt 0.685101 0.348691
vt 0.685214 0.355391
vt 0.669108 0.001992
vt 0.685101 0.011467
vt 0.701964 0.348691
vt 0.701851 0.355391
vt 0.685348 0.001992
vt 0.701964 0.011467
vt 0.718695 0.348691
vt 0.718357 0.355391
vt 0.701717 0.001992
vt 0.718695 0.011467
vt 0.735028 0.348691
vt 0.734472 0.355391
vt 0.717958 0.001992
vt 0.735028 0.011467
vt 0.750707 0.348691
vt 0.749941 0.355391
vt 0.733813 0.001992
vt 0.750707 0.011467
vt 0.765484 0.348691
vt 0.764520 0.355391
vt 0.749032 0.001992
vt 0.765484 0.011467
vt 0.763377 0.001992
vn 0.033972 0.999414 -0.004292
vn 0.033167 0.999414 -0.008518
vn 0.000000 1.000000 0.000000
vn 0.031838 0.999414 -0.012605
vn 0.030007 0.999414 -0.016496
vn 0.027703 0.999414 -0.020129
vn 0.024962 0.999413 -0.023442
vn 0.021827 0.999414 -0.026384
vn 0.018348 0.999414 -0.028910
vn 0.014580 0.999414 -0.030982
vn 0.010581 0.999414 -0.032567
vn 0.006416 0.999414 -0.033635
vn 0.002150 0.999414 -0.034174
vn -0.002150 0.999414 -0.034175
vn -0.006416 0.999414 -0.033636
vn -0.010582 0.999414 -0.032567
vn -0.014580 0.999414 -0.030983
vn -0.018348 0.999414 -0.028911
vn -0.021827 0.999414 -0.026384
vn -0.024962 0.999414 -0.023440
vn -0.027702 0.999414 -0.020127
vn -0.030007 0.999414 -0.016496
vn -0.031838 0.999414 -0.012603
vn -0.033167 0.999414 -0.008513
vn -0.033972 0.999414 -0.004292
vn -0.034242 0.999414 -0.000000
vn -0.033972 0.999414 0.004292
vn -0.033167 0.999414 0.008516
vn -0.031838 0.999414 0.012605
vn -0.030007 0.999414 0.016496
vn -0.027703 0.999414 0.020127
vn -0.024962 0.999414 0.023440
vn -0.021827 0.999414 0.026384
vn -0.018348 0.999414 0.028912
vn -0.014580 0.999414 0.030984
vn -0.010581 0.999414 0.032567
vn -0.006416 0.999414 0.033636
vn -0.002150 0.999414 0.034174
vn 0.002150 0.999414 0.034175
vn 0.006416 0.999414 0.033636
vn 0.010581 0.999414 0.032566
vn 0.014580 0.999414 0.030983
vn 0.018348 0.999414 0.028912
vn 0.021827 0.999414 0.026384
vn 0.024962 0.999414 0.023439
vn 0.027703 0.999414 0.020126
vn 0.030007 0.999414 0.016496
vn 0.031838 0.999414 0.012605
vn 0.033166 0.999414 0.008516
vn 0.033972 0.999414 0.004292
vn 0.034242 0.999414 0.000003
vn 0.566103 0.821226 -0.071513
vn 0.570602 0.821227 0.000002
vn 0.992106 0.004418 -0.125327
vn 0.966806 0.224431 -0.122133
vn 0.974490 0.224431 0.000003
vn 0.999990 0.004418 0.000003
vn 0.752378 0.651839 -0.095044
vn 0.758358 0.651839 0.000004
vn 0.288261 0.954687 -0.074013
vn 0.734533 0.651839 -0.188596
vn 0.734532 0.651839 -0.188596
vn 0.968574 0.004418 -0.248686
vn 0.943874 0.224434 -0.242346
vn 0.530533 0.821226 -0.210053
vn 0.705104 0.651838 -0.279170
vn 0.929768 0.004418 -0.368121
vn 0.906057 0.224436 -0.358733
vn 0.500023 0.821226 -0.274889
vn 0.664554 0.651840 -0.365339
vn 0.876297 0.004418 -0.481750
vn 0.853952 0.224433 -0.469464
vn 0.461626 0.821227 -0.335391
vn 0.613524 0.651840 -0.445750
vn 0.809009 0.004418 -0.587779
vn 0.788378 0.224433 -0.572792
vn 0.216950 0.954687 -0.203731
vn 0.655392 0.437810 -0.615454
vn 0.552821 0.651836 -0.519132
vn 0.728962 0.004418 -0.684540
vn 0.363718 0.821225 -0.439658
vn 0.573088 0.437809 -0.692744
vn 0.637416 0.004418 -0.770507
vn 0.305744 0.821226 -0.481777
vn 0.406348 0.651838 -0.640304
vn 0.535822 0.004418 -0.844320
vn 0.522160 0.224436 -0.822786
vn 0.242950 0.821226 -0.516298
vn 0.322891 0.651840 -0.686182
vn 0.425775 0.004418 -0.904818
vn 0.414920 0.224436 -0.881743
vn 0.176325 0.821226 -0.542675
vn 0.277825 0.437812 -0.855064
vn 0.309013 0.004418 -0.951047
vn 0.055766 0.954687 -0.292340
vn 0.168468 0.437809 -0.883143
vn 0.142104 0.651838 -0.744925
vn 0.187379 0.004418 -0.982278
vn 0.018687 0.954688 -0.297021
vn 0.047621 0.651835 -0.756864
vn 0.047621 0.651835 -0.756864
vn 0.062788 0.004418 -0.998017
vn 0.061186 0.224434 -0.972567
vn -0.018687 0.954688 -0.297021
vn -0.047621 0.651837 -0.756863
vn -0.047621 0.651837 -0.756863
vn -0.062788 0.004418 -0.998017
vn -0.061186 0.224433 -0.972567
vn -0.055766 0.954687 -0.292340
vn -0.168468 0.437809 -0.883143
vn -0.142105 0.651840 -0.744924
vn -0.187379 0.004418 -0.982278
vn -0.176326 0.821226 -0.542676
vn -0.277828 0.437810 -0.855064
vn -0.309018 0.004418 -0.951046
vn -0.242952 0.821226 -0.516297
vn -0.322895 0.651835 -0.686185
vn -0.425775 0.004418 -0.904818
vn -0.414919 0.224433 -0.881744
vn -0.305744 0.821227 -0.481775
vn -0.406350 0.651835 -0.640305
vn -0.535820 0.004418 -0.844321
vn -0.522155 0.224435 -0.822789
vn -0.363716 0.821226 -0.439656
vn -0.483395 0.651838 -0.584326
vn -0.637417 0.004418 -0.770506
vn -0.621161 0.224438 -0.750857
vn -0.415952 0.821226 -0.390605
vn -0.552818 0.651837 -0.519134
vn -0.728962 0.004418 -0.684540
vn -0.710371 0.224437 -0.667084
vn -0.461627 0.821226 -0.335393
vn -0.613524 0.651838 -0.445754
vn -0.809009 0.004418 -0.587779
vn -0.788378 0.224434 -0.572791
vn -0.500023 0.821226 -0.274889
vn -0.664555 0.651838 -0.365341
vn -0.876298 0.004418 -0.481749
vn -0.853952 0.224432 -0.469464
vn -0.276713 0.954687 -0.109559
vn -0.705102 0.651840 -0.279170
vn -0.705102 0.651840 -0.279170
vn -0.929767 0.004418 -0.368122
vn -0.906057 0.224433 -0.358734
vn -0.288261 0.954687 -0.074013
vn -0.870822 0.437810 -0.223589
vn -0.734533 0.651838 -0.188597
vn -0.968574 0.004418 -0.248688
vn -0.295263 0.954688 -0.037300
vn -0.891979 0.437809 -0.112683
vn -0.752381 0.651835 -0.095048
vn -0.992105 0.004418 -0.125332
vn -0.297610 0.954687 -0.000000
vn -0.758359 0.651837 0.000001
vn -0.758360 0.651837 0.000001
vn -0.999990 0.004418 0.000001
vn -0.974489 0.224438 0.000000
vn -0.295264 0.954687 0.037301
vn -0.891979 0.437809 0.112684
vn -0.752380 0.651836 0.095047
vn -0.992105 0.004418 0.125332
vn -0.288262 0.954687 0.074013
vn -0.870822 0.437809 0.223590
vn -0.734534 0.651837 0.188596
vn -0.968573 0.004418 0.248689
vn -0.276713 0.954687 0.109557
vn -0.705104 0.651838 0.279170
vn -0.705103 0.651838 0.279171
vn -0.929767 0.004418 0.368121
vn -0.906058 0.224431 0.358734
vn -0.260799 0.954687 0.143375
vn -0.787861 0.437807 0.433129
vn -0.664555 0.651837 0.365342
vn -0.876299 0.004418 0.481748
vn -0.240772 0.954687 0.174931
vn -0.727361 0.437808 0.528460
vn -0.613526 0.651835 0.445754
vn -0.809009 0.004418 0.587780
vn -0.415952 0.821226 0.390604
vn -0.552822 0.651835 0.519133
vn -0.728962 0.004418 0.684540
vn -0.710373 0.224436 0.667082
vn -0.363716 0.821226 0.439657
vn -0.483396 0.651836 0.584327
vn -0.637417 0.004418 0.770507
vn -0.621161 0.224437 0.750858
vn -0.305745 0.821225 0.481778
vn -0.406349 0.651836 0.640305
vn -0.535819 0.004418 0.844321
vn -0.522155 0.224437 0.822789
vn -0.242952 0.821225 0.516297
vn -0.322896 0.651838 0.686182
vn -0.425774 0.004418 0.904819
vn -0.414918 0.224433 0.881744
vn -0.176325 0.821226 0.542677
vn -0.234344 0.651838 0.721242
vn -0.309017 0.004418 0.951046
vn -0.301136 0.224430 0.926795
vn -0.106919 0.821226 0.560497
vn -0.142100 0.651836 0.744928
vn -0.187381 0.004418 0.982277
vn -0.182602 0.224434 0.957228
vn -0.035828 0.821227 0.569476
vn -0.047618 0.651838 0.756862
vn -0.062788 0.004418 0.998017
vn -0.061188 0.224435 0.972566
vn 0.035828 0.821227 0.569476
vn 0.047618 0.651838 0.756861
vn 0.062790 0.004418 0.998017
vn 0.061190 0.224435 0.972566
vn 0.106920 0.821226 0.560497
vn 0.142102 0.651834 0.744929
vn 0.187381 0.004418 0.982277
vn 0.182601 0.224436 0.957228
vn 0.091967 0.954688 0.283044
vn 0.234345 0.651834 0.721245
vn 0.234345 0.651834 0.721245
vn 0.309015 0.004418 0.951047
vn 0.301134 0.224435 0.926794
vn 0.242951 0.821226 0.516298
vn 0.322894 0.651836 0.686185
vn 0.425774 0.004418 0.904819
vn 0.414920 0.224436 0.881743
vn 0.305745 0.821225 0.481778
vn 0.406350 0.651835 0.640306
vn 0.535821 0.004418 0.844320
vn 0.522158 0.224437 0.822787
vn 0.363716 0.821225 0.439659
vn 0.483396 0.651837 0.584327
vn 0.637418 0.004418 0.770506
vn 0.621162 0.224434 0.750858
vn 0.415952 0.821226 0.390604
vn 0.552820 0.651838 0.519131
vn 0.728962 0.004418 0.684540
vn 0.710372 0.224432 0.667085
vn 0.240773 0.954687 0.174933
vn 0.727363 0.437808 0.528458
vn 0.613526 0.651838 0.445751
vn 0.809009 0.004418 0.587779
vn 0.260800 0.954687 0.143376
vn 0.787860 0.437809 0.433128
vn 0.664555 0.651838 0.365342
vn 0.876299 0.004418 0.481748
vn 0.276713 0.954687 0.109556
vn 0.705103 0.651838 0.279172
vn 0.705103 0.651838 0.279171
vn 0.929768 0.004418 0.368121
vn 0.906057 0.224434 0.358734
vn 0.288262 0.954687 0.074014
vn 0.870822 0.437809 0.223590
vn 0.734532 0.651839 0.188597
vn 0.968573 0.004418 0.248689
vn 0.295264 0.954687 0.037300
vn 0.891979 0.437808 0.112683
vn 0.752379 0.651838 0.095048
vn 0.992105 0.004418 0.125332
vn 0.069747 -0.997404 -0.017908
vn 0.071442 -0.997404 -0.009025
vn 0.000000 -1.000000 -0.000000
vn 0.066952 -0.997404 -0.026508
vn 0.063102 -0.997404 -0.034691
vn 0.058257 -0.997404 -0.042326
vn 0.052492 -0.997404 -0.049293
vn 0.045900 -0.997404 -0.055484
vn 0.038584 -0.997404 -0.060799
vn 0.030660 -0.997404 -0.065156
vn 0.022252 -0.997404 -0.068485
vn 0.013493 -0.997404 -0.070734
vn 0.004522 -0.997404 -0.071867
vn -0.004522 -0.997404 -0.071867
vn -0.013493 -0.997404 -0.070734
vn -0.022252 -0.997404 -0.068485
vn -0.030660 -0.997404 -0.065155
vn -0.038584 -0.997404 -0.060800
vn -0.045900 -0.997404 -0.055484
vn -0.052492 -0.997404 -0.049294
vn -0.058257 -0.997404 -0.042326
vn -0.063102 -0.997404 -0.034691
vn -0.066953 -0.997404 -0.026508
vn -0.069747 -0.997404 -0.017908
vn -0.071441 -0.997404 -0.009025
vn -0.072009 -0.997404 0.000000
vn -0.071441 -0.997404 0.009025
vn -0.069747 -0.997404 0.017908
vn -0.066952 -0.997404 0.026508
vn -0.063102 -0.997404 0.034691
vn -0.058257 -0.997404 0.042326
vn -0.052492 -0.997404 0.049293
vn -0.045901 -0.997404 0.055484
vn -0.038584 -0.997404 0.060800
vn -0.030660 -0.997404 0.065156
vn -0.022252 -0.997404 0.068485
vn -0.013493 -0.997404 0.070734
vn -0.004521 -0.997404 0.071867
vn 0.004521 -0.997404 0.071867
vn 0.013493 -0.997404 0.070734
vn 0.022252 -0.997404 0.068485
vn 0.030660 -0.997404 0.065156
vn 0.038584 -0.997404 0.060799
vn 0.045901 -0.997404 0.055484
vn 0.052492 -0.997404 0.049294
vn 0.058257 -0.997404 0.042326
vn 0.063102 -0.997404 0.034691
vn 0.066952 -0.997404 0.026508
vn 0.069747 -0.997404 0.017908
vn 0.071441 -0.997404 0.009025
vn 0.072009 -0.997404 0.000000
vn 0.992071 -0.009466 -0.125323
vn 0.968540 -0.009466 -0.248677
vn 0.929735 -0.009466 -0.368108
vn 0.876267 -0.009466 -0.481733
vn 0.808981 -0.009466 -0.587759
vn 0.728937 -0.009466 -0.684516
vn 0.637394 -0.009466 -0.770480
vn 0.535803 -0.009466 -0.844290
vn 0.425760 -0.009466 -0.904787
vn 0.309002 -0.009466 -0.951014
vn 0.187373 -0.009466 -0.982243
vn 0.062786 -0.009466 -0.997982
vn -0.062786 -0.009466 -0.997982
vn -0.187373 -0.009466 -0.982243
vn -0.309007 -0.009466 -0.951013
vn -0.425760 -0.009466 -0.904786
vn -0.535801 -0.009466 -0.844291
vn -0.637395 -0.009466 -0.770479
vn -0.728936 -0.009466 -0.684516
vn -0.808981 -0.009466 -0.587758
vn -0.876267 -0.009466 -0.481732
vn -0.929735 -0.009466 -0.368109
vn -0.968540 -0.009466 -0.248679
vn -0.992070 -0.009466 -0.125327
vn -0.999955 -0.009466 0.000001
vn -0.992070 -0.009466 0.125328
vn -0.968539 -0.009466 0.248681
vn -0.929735 -0.009466 0.368108
vn -0.876268 -0.009466 0.481731
vn -0.808980 -0.009466 0.587760
vn -0.728936 -0.009466 0.684516
vn -0.637394 -0.009466 0.770480
vn -0.535800 -0.009466 0.844292
vn -0.425759 -0.009466 0.904787
vn -0.309006 -0.009466 0.951013
vn -0.187375 -0.009466 0.982243
vn -0.062786 -0.009466 0.997982
vn 0.062788 -0.009466 0.997982
vn 0.187375 -0.009466 0.982243
vn 0.309004 -0.009466 0.951014
vn 0.425759 -0.009466 0.904787
vn 0.535802 -0.009466 0.844291
vn 0.637396 -0.009466 0.770478
vn 0.728936 -0.009466 0.684516
vn 0.808981 -0.009466 0.587758
vn 0.876268 -0.009466 0.481731
vn 0.929735 -0.009466 0.368108
vn 0.968539 -0.009466 0.248680
vn 0.992070 -0.009466 0.125328
vn 0.999955 -0.009466 0.000003
vn 0.430705 -0.900851 -0.054408
vn 0.434129 -0.900851 0.000001
vn 0.934646 -0.335405 -0.118068
vn 0.942074 -0.335406 0.000003
vn 0.912477 -0.335406 -0.234283
vn 0.420488 -0.900852 -0.107963
vn 0.875918 -0.335406 -0.346801
vn 0.403642 -0.900851 -0.159813
vn 0.825545 -0.335406 -0.453848
vn 0.380429 -0.900851 -0.209143
vn 0.762154 -0.335405 -0.553737
vn 0.351216 -0.900851 -0.255174
vn 0.686744 -0.335404 -0.644893
vn 0.316465 -0.900852 -0.297180
vn 0.600500 -0.335405 -0.725881
vn 0.276722 -0.900852 -0.334501
vn 0.504786 -0.335406 -0.795421
vn 0.232616 -0.900852 -0.366547
vn 0.401113 -0.335407 -0.852414
vn 0.184843 -0.900851 -0.392811
vn 0.291118 -0.335407 -0.895965
vn 0.134153 -0.900851 -0.412881
vn 0.176528 -0.335406 -0.925387
vn 0.081347 -0.900851 -0.426438
vn 0.059152 -0.335406 -0.940215
vn 0.027259 -0.900851 -0.433271
vn -0.059152 -0.335406 -0.940215
vn -0.027259 -0.900851 -0.433271
vn -0.176529 -0.335406 -0.925387
vn -0.081347 -0.900851 -0.426438
vn -0.291120 -0.335406 -0.895965
vn -0.134154 -0.900851 -0.412879
vn -0.401115 -0.335406 -0.852414
vn -0.184843 -0.900851 -0.392811
vn -0.504789 -0.335407 -0.795419
vn -0.232617 -0.900851 -0.366547
vn -0.600500 -0.335405 -0.725881
vn -0.276723 -0.900852 -0.334501
vn -0.686741 -0.335404 -0.644896
vn -0.316464 -0.900852 -0.297180
vn -0.762155 -0.335405 -0.553736
vn -0.351216 -0.900852 -0.255173
vn -0.825546 -0.335407 -0.453847
vn -0.380430 -0.900851 -0.209143
vn -0.875917 -0.335408 -0.346802
vn -0.403642 -0.900851 -0.159813
vn -0.912476 -0.335407 -0.234285
vn -0.420488 -0.900852 -0.107963
vn -0.934645 -0.335406 -0.118073
vn -0.430703 -0.900852 -0.054411
vn -0.942074 -0.335404 0.000001
vn -0.434127 -0.900852 0.000000
vn -0.934645 -0.335405 0.118074
vn -0.430704 -0.900852 0.054411
vn -0.912476 -0.335406 0.234286
vn -0.420488 -0.900852 0.107964
vn -0.875918 -0.335405 0.346802
vn -0.403642 -0.900851 0.159813
vn -0.825547 -0.335405 0.453846
vn -0.380429 -0.900851 0.209142
vn -0.762154 -0.335406 0.553736
vn -0.351216 -0.900852 0.255174
vn -0.686742 -0.335406 0.644894
vn -0.316464 -0.900852 0.297180
vn -0.600500 -0.335405 0.725881
vn -0.276724 -0.900851 0.334501
vn -0.504788 -0.335404 0.795420
vn -0.232616 -0.900852 0.366546
vn -0.401116 -0.335403 0.852415
vn -0.184841 -0.900852 0.392810
vn -0.291120 -0.335403 0.895965
vn -0.134153 -0.900852 0.412878
vn -0.176527 -0.335404 0.925388
vn -0.081347 -0.900852 0.426436
vn -0.059151 -0.335405 0.940215
vn -0.027258 -0.900852 0.433269
vn 0.059152 -0.335406 0.940215
vn 0.027258 -0.900852 0.433270
vn 0.176527 -0.335406 0.925387
vn 0.081347 -0.900852 0.426437
vn 0.291118 -0.335405 0.895965
vn 0.134154 -0.900851 0.412879
vn 0.401116 -0.335406 0.852414
vn 0.184842 -0.900852 0.392810
vn 0.504788 -0.335406 0.795420
vn 0.232616 -0.900852 0.366546
vn 0.600501 -0.335405 0.725880
vn 0.276724 -0.900851 0.334501
vn 0.686743 -0.335405 0.644894
vn 0.316465 -0.900851 0.297181
vn 0.762154 -0.335406 0.553737
vn 0.351216 -0.900852 0.255174
vn 0.825547 -0.335406 0.453845
vn 0.380430 -0.900851 0.209142
vn 0.875918 -0.335407 0.346800
vn 0.403643 -0.900851 0.159813
vn 0.912476 -0.335408 0.234285
vn 0.420490 -0.900851 0.107964
vn 0.934645 -0.335407 0.118073
vn 0.430705 -0.900851 0.054410
vn 0.033658 0.999424 -0.004252
vn 0.032860 0.999424 -0.008437
vn 0.000000 1.000000 -0.000000
vn 0.031543 0.999424 -0.012487
vn 0.029729 0.999424 -0.016342
vn 0.027446 0.999424 -0.019942
vn 0.024731 0.999424 -0.023225
vn 0.021625 0.999424 -0.026140
vn 0.018178 0.999424 -0.028644
vn 0.014445 0.999424 -0.030697
vn 0.010484 0.999424 -0.032266
vn 0.006357 0.999424 -0.033324
vn 0.002130 0.999424 -0.033859
vn -0.002130 0.999424 -0.033859
vn -0.006357 0.999424 -0.033325
vn -0.010484 0.999424 -0.032265
vn -0.014445 0.999424 -0.030697
vn -0.018178 0.999424 -0.028644
vn -0.021625 0.999424 -0.026140
vn -0.024731 0.999424 -0.023224
vn -0.027446 0.999424 -0.019941
vn -0.029729 0.999424 -0.016343
vn -0.031543 0.999424 -0.012489
vn -0.032860 0.999424 -0.008437
vn -0.033658 0.999424 -0.004252
vn -0.033925 0.999424 0.000000
vn -0.033658 0.999424 0.004252
vn -0.032860 0.999424 0.008437
vn -0.031543 0.999424 0.012489
vn -0.029729 0.999424 0.016342
vn -0.027446 0.999424 0.019939
vn -0.024731 0.999424 0.023225
vn -0.021625 0.999424 0.026140
vn -0.018178 0.999424 0.028642
vn -0.014445 0.999424 0.030696
vn -0.010484 0.999424 0.032265
vn -0.006357 0.999424 0.033325
vn -0.002130 0.999424 0.033859
vn 0.002130 0.999424 0.033859
vn 0.006357 0.999424 0.033325
vn 0.010484 0.999424 0.032265
vn 0.014445 0.999424 0.030696
vn 0.018178 0.999424 0.028644
vn 0.021625 0.999424 0.026140
vn 0.024731 0.999424 0.023223
vn 0.027446 0.999424 0.019940
vn 0.029729 0.999424 0.016344
vn 0.031543 0.999424 0.012489
vn 0.032859 0.999424 0.008437
vn 0.033658 0.999424 0.004250
vn 0.033925 0.999424 -0.000002
vn 0.562558 0.823698 -0.071064
vn 0.567028 0.823698 0.000003
vn 0.992106 0.004459 -0.125326
vn 0.966347 0.226433 -0.122074
vn 0.974028 0.226429 0.000004
vn 0.999990 0.004459 0.000003
vn 0.749383 0.655335 -0.094665
vn 0.755340 0.655333 0.000004
vn 0.285817 0.955470 -0.073386
vn 0.731608 0.655335 -0.187845
vn 0.731608 0.655335 -0.187845
vn 0.968574 0.004459 -0.248686
vn 0.943425 0.226439 -0.242230
vn 0.527209 0.823699 -0.208737
vn 0.702294 0.655337 -0.278059
vn 0.929767 0.004459 -0.368121
vn 0.905627 0.226436 -0.358563
vn 0.496890 0.823699 -0.273168
vn 0.661905 0.655339 -0.363887
vn 0.876298 0.004459 -0.481750
vn 0.853546 0.226432 -0.469242
vn 0.458735 0.823699 -0.333290
vn 0.611079 0.655338 -0.443976
vn 0.809009 0.004459 -0.587780
vn 0.788003 0.226432 -0.572520
vn 0.215111 0.955470 -0.202001
vn 0.654220 0.441096 -0.614354
vn 0.550617 0.655335 -0.517066
vn 0.728961 0.004459 -0.684541
vn 0.361439 0.823697 -0.436904
vn 0.572063 0.441096 -0.691505
vn 0.637418 0.004459 -0.770506
vn 0.303829 0.823697 -0.478760
vn 0.404730 0.655334 -0.637754
vn 0.535823 0.004459 -0.844319
vn 0.521911 0.226434 -0.822397
vn 0.241429 0.823698 -0.513063
vn 0.321607 0.655336 -0.683450
vn 0.425775 0.004459 -0.904818
vn 0.414720 0.226437 -0.881325
vn 0.175223 0.823699 -0.539275
vn 0.277330 0.441098 -0.853534
vn 0.309012 0.004459 -0.951048
vn 0.055294 0.955470 -0.289861
vn 0.168168 0.441096 -0.881563
vn 0.141537 0.655336 -0.741959
vn 0.187379 0.004459 -0.982278
vn 0.018528 0.955469 -0.294509
vn 0.047428 0.655339 -0.753845
vn 0.047428 0.655339 -0.753845
vn 0.062790 0.004459 -0.998017
vn 0.061160 0.226428 -0.972106
vn -0.018529 0.955469 -0.294509
vn -0.047427 0.655339 -0.753844
vn -0.047428 0.655339 -0.753844
vn -0.062790 0.004459 -0.998017
vn -0.061160 0.226428 -0.972106
vn -0.055294 0.955470 -0.289862
vn -0.168168 0.441096 -0.881563
vn -0.141537 0.655337 -0.741957
vn -0.187379 0.004459 -0.982278
vn -0.175223 0.823698 -0.539276
vn -0.277332 0.441097 -0.853534
vn -0.309015 0.004459 -0.951047
vn -0.241429 0.823699 -0.513062
vn -0.321606 0.655338 -0.683448
vn -0.425776 0.004459 -0.904818
vn -0.414722 0.226431 -0.881326
vn -0.303829 0.823698 -0.478758
vn -0.404730 0.655335 -0.637753
vn -0.535821 0.004459 -0.844320
vn -0.521909 0.226433 -0.822398
vn -0.361439 0.823697 -0.436904
vn -0.481471 0.655334 -0.581999
vn -0.637417 0.004459 -0.770506
vn -0.620866 0.226436 -0.750501
vn -0.413346 0.823698 -0.388158
vn -0.550617 0.655336 -0.517064
vn -0.728962 0.004459 -0.684540
vn -0.710034 0.226437 -0.666767
vn -0.458735 0.823699 -0.333290
vn -0.611080 0.655337 -0.443976
vn -0.809010 0.004459 -0.587778
vn -0.788005 0.226434 -0.572518
vn -0.496891 0.823699 -0.273165
vn -0.661907 0.655337 -0.363884
vn -0.876298 0.004459 -0.481750
vn -0.853547 0.226432 -0.469240
vn -0.274366 0.955470 -0.108628
vn -0.702294 0.655338 -0.278057
vn -0.702294 0.655338 -0.278058
vn -0.929767 0.004459 -0.368122
vn -0.905627 0.226433 -0.358563
vn -0.285817 0.955470 -0.073386
vn -0.869265 0.441097 -0.223189
vn -0.731607 0.655336 -0.187845
vn -0.968574 0.004459 -0.248687
vn -0.292760 0.955470 -0.036985
vn -0.890383 0.441096 -0.112481
vn -0.749383 0.655334 -0.094667
vn -0.992105 0.004459 -0.125332
vn -0.295087 0.955470 0.000000
vn -0.755339 0.655334 0.000000
vn -0.755340 0.655334 0.000000
vn -0.999990 0.004459 0.000000
vn -0.974026 0.226436 0.000000
vn -0.292761 0.955470 0.036985
vn -0.890383 0.441096 0.112482
vn -0.749383 0.655334 0.094669
vn -0.992105 0.004459 0.125333
vn -0.285817 0.955470 0.073386
vn -0.869265 0.441096 0.223189
vn -0.731608 0.655335 0.187845
vn -0.968573 0.004459 0.248689
vn -0.274366 0.955470 0.108629
vn -0.702295 0.655336 0.278058
vn -0.702295 0.655336 0.278058
vn -0.929767 0.004459 0.368122
vn -0.905628 0.226428 0.358564
vn -0.258587 0.955470 0.142161
vn -0.786451 0.441093 0.432355
vn -0.661908 0.655336 0.363887
vn -0.876298 0.004459 0.481748
vn -0.238731 0.955470 0.173448
vn -0.726061 0.441095 0.527514
vn -0.611081 0.655334 0.443978
vn -0.809009 0.004459 0.587780
vn -0.413346 0.823699 0.388157
vn -0.550618 0.655336 0.517063
vn -0.728962 0.004459 0.684540
vn -0.710036 0.226434 0.666766
vn -0.361438 0.823698 0.436903
vn -0.481471 0.655337 0.581996
vn -0.637418 0.004459 0.770505
vn -0.620868 0.226434 0.750500
vn -0.303829 0.823698 0.478759
vn -0.404730 0.655334 0.637754
vn -0.535820 0.004459 0.844321
vn -0.521909 0.226435 0.822398
vn -0.241429 0.823698 0.513063
vn -0.321607 0.655335 0.683451
vn -0.425774 0.004459 0.904819
vn -0.414720 0.226431 0.881326
vn -0.175221 0.823699 0.539275
vn -0.233412 0.655338 0.718367
vn -0.309014 0.004459 0.951047
vn -0.300991 0.226430 0.926355
vn -0.106251 0.823698 0.556985
vn -0.141536 0.655336 0.741958
vn -0.187379 0.004459 0.982278
vn -0.182514 0.226431 0.956775
vn -0.035604 0.823699 0.565909
vn -0.047428 0.655337 0.753846
vn -0.062789 0.004459 0.998017
vn -0.061159 0.226430 0.972106
vn 0.035604 0.823699 0.565909
vn 0.047428 0.655337 0.753846
vn 0.062789 0.004459 0.998017
vn 0.061160 0.226432 0.972105
vn 0.106250 0.823698 0.556986
vn 0.141536 0.655335 0.741960
vn 0.187379 0.004459 0.982278
vn 0.182513 0.226435 0.956774
vn 0.091187 0.955471 0.280643
vn 0.233413 0.655335 0.718370
vn 0.233413 0.655335 0.718369
vn 0.309016 0.004459 0.951047
vn 0.300991 0.226433 0.926354
vn 0.241429 0.823698 0.513062
vn 0.321608 0.655334 0.683452
vn 0.425776 0.004459 0.904818
vn 0.414722 0.226432 0.881325
vn 0.303829 0.823698 0.478758
vn 0.404731 0.655334 0.637754
vn 0.535820 0.004459 0.844320
vn 0.521910 0.226433 0.822398
vn 0.361438 0.823698 0.436904
vn 0.481471 0.655334 0.581999
vn 0.637417 0.004459 0.770506
vn 0.620869 0.226432 0.750500
vn 0.413346 0.823699 0.388157
vn 0.550616 0.655336 0.517066
vn 0.728962 0.004459 0.684540
vn 0.710036 0.226430 0.666767
vn 0.238731 0.955471 0.173445
vn 0.726061 0.441096 0.527513
vn 0.611080 0.655338 0.443975
vn 0.809010 0.004459 0.587778
vn 0.258588 0.955471 0.142157
vn 0.786452 0.441094 0.432353
vn 0.661910 0.655334 0.363885
vn 0.876299 0.004459 0.481748
vn 0.274367 0.955470 0.108629
vn 0.702296 0.655335 0.278058
vn 0.702296 0.655335 0.278057
vn 0.929767 0.004459 0.368121
vn 0.905627 0.226433 0.358564
vn 0.285818 0.955470 0.073386
vn 0.869264 0.441097 0.223190
vn 0.731607 0.655337 0.187845
vn 0.968573 0.004459 0.248689
vn 0.292761 0.955470 0.036985
vn 0.890384 0.441095 0.112481
vn 0.749384 0.655333 0.094669
vn 0.992105 0.004459 0.125332
vn 0.069105 -0.997452 -0.017743
vn 0.070784 -0.997452 -0.008942
vn 0.000000 -1.000000 0.000000
vn 0.066336 -0.997452 -0.026264
vn 0.062521 -0.997452 -0.034371
vn 0.057721 -0.997452 -0.041936
vn 0.052010 -0.997452 -0.048840
vn 0.045478 -0.997452 -0.054973
vn 0.038229 -0.997452 -0.060240
vn 0.030378 -0.997452 -0.064556
vn 0.022047 -0.997452 -0.067855
vn 0.013369 -0.997452 -0.070083
vn 0.004480 -0.997452 -0.071206
vn -0.004480 -0.997452 -0.071206
vn -0.013369 -0.997452 -0.070083
vn -0.022048 -0.997452 -0.067855
vn -0.030378 -0.997452 -0.064556
vn -0.038229 -0.997452 -0.060240
vn -0.045478 -0.997452 -0.054973
vn -0.052009 -0.997452 -0.048840
vn -0.057721 -0.997452 -0.041936
vn -0.062521 -0.997452 -0.034371
vn -0.066336 -0.997452 -0.026264
vn -0.069105 -0.997452 -0.017743
vn -0.070784 -0.997452 -0.008942
vn -0.071347 -0.997452 0.000000
vn -0.070784 -0.997452 0.008942
vn -0.069105 -0.997452 0.017743
vn -0.066336 -0.997452 0.026264
vn -0.062522 -0.997452 0.034371
vn -0.057721 -0.997452 0.041937
vn -0.052009 -0.997452 0.048840
vn -0.045478 -0.997452 0.054973
vn -0.038229 -0.997452 0.060240
vn -0.030378 -0.997452 0.064556
vn -0.022047 -0.997452 0.067854
vn -0.013369 -0.997452 0.070083
vn -0.004480 -0.997452 0.071206
vn 0.004480 -0.997452 0.071206
vn 0.013369 -0.997452 0.070083
vn 0.022047 -0.997452 0.067854
vn 0.030378 -0.997452 0.064556
vn 0.038229 -0.997452 0.060240
vn 0.045478 -0.997452 0.054974
vn 0.052009 -0.997452 0.048840
vn 0.057721 -0.997452 0.041936
vn 0.062522 -0.997452 0.034371
vn 0.066336 -0.997452 0.026264
vn 0.069105 -0.997452 0.017743
vn 0.070784 -0.997452 0.008942
vn 0.071346 -0.997452 0.000000
vn 0.992070 -0.009554 -0.125322
vn 0.968539 -0.009554 -0.248677
vn 0.929734 -0.009554 -0.368108
vn 0.876266 -0.009554 -0.481732
vn 0.808980 -0.009554 -0.587759
vn 0.728935 -0.009554 -0.684517
vn 0.637395 -0.009553 -0.770478
vn 0.535803 -0.009554 -0.844289
vn 0.425760 -0.009554 -0.904786
vn 0.309001 -0.009554 -0.951014
vn 0.187372 -0.009554 -0.982243
vn 0.062788 -0.009554 -0.997981
vn -0.062788 -0.009554 -0.997981
vn -0.187372 -0.009554 -0.982243
vn -0.309004 -0.009554 -0.951013
vn -0.425761 -0.009554 -0.904785
vn -0.535802 -0.009554 -0.844290
vn -0.637394 -0.009554 -0.770479
vn -0.728936 -0.009553 -0.684516
vn -0.808981 -0.009554 -0.587757
vn -0.876266 -0.009554 -0.481732
vn -0.929734 -0.009554 -0.368109
vn -0.968539 -0.009554 -0.248678
vn -0.992069 -0.009554 -0.125327
vn -0.999954 -0.009554 0.000000
vn -0.992069 -0.009554 0.125328
vn -0.968539 -0.009554 0.248680
vn -0.929734 -0.009554 0.368109
vn -0.876267 -0.009554 0.481731
vn -0.808980 -0.009554 0.587759
vn -0.728936 -0.009554 0.684515
vn -0.637395 -0.009554 0.770478
vn -0.535801 -0.009554 0.844291
vn -0.425758 -0.009554 0.904787
vn -0.309003 -0.009554 0.951013
vn -0.187372 -0.009554 0.982243
vn -0.062787 -0.009554 0.997981
vn 0.062787 -0.009554 0.997981
vn 0.187372 -0.009554 0.982243
vn 0.309005 -0.009554 0.951013
vn 0.425761 -0.009554 0.904785
vn 0.535801 -0.009554 0.844290
vn 0.637395 -0.009554 0.770478
vn 0.728936 -0.009554 0.684516
vn 0.808981 -0.009554 0.587757
vn 0.876267 -0.009554 0.481730
vn 0.929734 -0.009554 0.368108
vn 0.968539 -0.009554 0.248680
vn 0.992070 -0.009554 0.125327
vn 0.999954 -0.009554 0.000003
vn 0.427445 -0.902427 -0.053997
vn 0.430842 -0.902427 0.000001
vn 0.933657 -0.338193 -0.117943
vn 0.941077 -0.338193 0.000003
vn 0.911511 -0.338195 -0.234035
vn 0.417305 -0.902428 -0.107146
vn 0.874991 -0.338195 -0.346433
vn 0.400585 -0.902428 -0.158603
vn 0.824671 -0.338195 -0.453367
vn 0.377549 -0.902428 -0.207560
vn 0.761346 -0.338196 -0.553151
vn 0.348558 -0.902428 -0.253242
vn 0.686015 -0.338194 -0.644211
vn 0.314071 -0.902427 -0.294931
vn 0.599865 -0.338192 -0.725113
vn 0.274629 -0.902427 -0.331970
vn 0.504255 -0.338194 -0.794577
vn 0.230856 -0.902427 -0.363773
vn 0.400690 -0.338195 -0.851511
vn 0.183445 -0.902427 -0.389838
vn 0.290806 -0.338193 -0.895018
vn 0.133138 -0.902428 -0.409754
vn 0.176340 -0.338192 -0.924408
vn 0.080729 -0.902428 -0.423210
vn 0.059091 -0.338195 -0.939219
vn 0.027051 -0.902428 -0.429992
vn -0.059091 -0.338195 -0.939219
vn -0.027051 -0.902428 -0.429992
vn -0.176340 -0.338193 -0.924408
vn -0.080729 -0.902428 -0.423209
vn -0.290808 -0.338193 -0.895017
vn -0.133139 -0.902428 -0.409754
vn -0.400690 -0.338195 -0.851512
vn -0.183445 -0.902427 -0.389839
vn -0.504254 -0.338194 -0.794577
vn -0.230856 -0.902427 -0.363773
vn -0.599865 -0.338192 -0.725112
vn -0.274628 -0.902428 -0.331969
vn -0.686016 -0.338192 -0.644211
vn -0.314070 -0.902428 -0.294931
vn -0.761348 -0.338193 -0.553150
vn -0.348558 -0.902428 -0.253241
vn -0.824671 -0.338195 -0.453367
vn -0.377549 -0.902428 -0.207559
vn -0.874990 -0.338195 -0.346434
vn -0.400586 -0.902427 -0.158604
vn -0.911510 -0.338196 -0.234036
vn -0.417306 -0.902427 -0.107146
vn -0.933656 -0.338194 -0.117948
vn -0.427445 -0.902427 -0.053999
vn -0.941077 -0.338194 0.000000
vn -0.430842 -0.902427 0.000000
vn -0.933656 -0.338194 0.117949
vn -0.427444 -0.902427 0.053999
vn -0.911510 -0.338194 0.234038
vn -0.417305 -0.902428 0.107147
vn -0.874991 -0.338193 0.346434
vn -0.400586 -0.902428 0.158603
vn -0.824672 -0.338193 0.453367
vn -0.377550 -0.902427 0.207559
vn -0.761347 -0.338194 0.553151
vn -0.348558 -0.902427 0.253243
vn -0.686015 -0.338195 0.644211
vn -0.314070 -0.902427 0.294932
vn -0.599864 -0.338196 0.725111
vn -0.274629 -0.902427 0.331970
vn -0.504252 -0.338195 0.794578
vn -0.230857 -0.902427 0.363772
vn -0.400689 -0.338194 0.851512
vn -0.183443 -0.902427 0.389838
vn -0.290810 -0.338194 0.895016
vn -0.133137 -0.902428 0.409755
vn -0.176340 -0.338195 0.924407
vn -0.080732 -0.902427 0.423211
vn -0.059089 -0.338195 0.939219
vn -0.027053 -0.902427 0.429992
vn 0.059089 -0.338195 0.939219
vn 0.027053 -0.902427 0.429992
vn 0.176340 -0.338195 0.924407
vn 0.080732 -0.902427 0.423210
vn 0.290810 -0.338195 0.895016
vn 0.133138 -0.902428 0.409754
vn 0.400690 -0.338194 0.851512
vn 0.183443 -0.902428 0.389837
vn 0.504253 -0.338193 0.794578
vn 0.230856 -0.902427 0.363772
vn 0.599865 -0.338193 0.725112
vn 0.274630 -0.902427 0.331970
vn 0.686016 -0.338193 0.644211
vn 0.314070 -0.902427 0.294932
vn 0.761348 -0.338193 0.553150
vn 0.348559 -0.902428 0.253242
vn 0.824673 -0.338193 0.453366
vn 0.377551 -0.902427 0.207559
vn 0.874991 -0.338193 0.346434
vn 0.400588 -0.902427 0.158604
vn 0.911510 -0.338195 0.234037
vn 0.417306 -0.902427 0.107147
vn 0.933656 -0.338195 0.117948
vn 0.427445 -0.902427 0.053999
vn 0.029159 0.999568 -0.003683
vn 0.028467 0.999568 -0.007311
vn 0.000000 1.000000 -0.000000
vn 0.027326 0.999568 -0.010818
vn 0.025755 0.999568 -0.014157
vn 0.023777 0.999568 -0.017275
vn 0.021425 0.999568 -0.020119
vn 0.018734 0.999568 -0.022646
vn 0.015748 0.999568 -0.024815
vn 0.012514 0.999568 -0.026593
vn 0.009082 0.999568 -0.027952
vn 0.005507 0.999568 -0.028870
vn 0.001845 0.999568 -0.029332
vn -0.001845 0.999568 -0.029332
vn -0.005507 0.999568 -0.028870
vn -0.009082 0.999568 -0.027952
vn -0.012514 0.999568 -0.026593
vn -0.015748 0.999568 -0.024815
vn -0.018734 0.999568 -0.022646
vn -0.021425 0.999568 -0.020119
vn -0.023777 0.999568 -0.017275
vn -0.025755 0.999568 -0.014157
vn -0.027326 0.999568 -0.010817
vn -0.028467 0.999568 -0.007311
vn -0.029159 0.999568 -0.003684
vn -0.029390 0.999568 0.000000
vn -0.029159 0.999568 0.003683
vn -0.028467 0.999568 0.007311
vn -0.027326 0.999568 0.010817
vn -0.025755 0.999568 0.014157
vn -0.023777 0.999568 0.017275
vn -0.021425 0.999568 0.020119
vn -0.018734 0.999568 0.022646
vn -0.015748 0.999568 0.024815
vn -0.012514 0.999568 0.026594
vn -0.009082 0.999568 0.027952
vn -0.005507 0.999568 0.028870
vn -0.001845 0.999568 0.029332
vn 0.001845 0.999568 0.029332
vn 0.005507 0.999568 0.028869
vn 0.009082 0.999568 0.027952
vn 0.012514 0.999568 0.026594
vn 0.015748 0.999568 0.024815
vn 0.018734 0.999568 0.022646
vn 0.021425 0.999568 0.020119
vn 0.023777 0.999568 0.017275
vn 0.025755 0.999568 0.014157
vn 0.027326 0.999568 0.010818
vn 0.028467 0.999568 0.007311
vn 0.029159 0.999568 0.003684
vn 0.029390 0.999568 0.000000
vn 0.508256 0.858809 -0.064205
vn 0.512295 0.858810 0.000002
vn 0.992102 0.005143 -0.125326
vn 0.958184 0.259293 -0.121043
vn 0.965799 0.259292 0.000004
vn 0.999987 0.005143 0.000003
vn 0.700834 0.707809 -0.088533
vn 0.706404 0.707809 0.000002
vn 0.250225 0.966054 -0.064247
vn 0.684213 0.707807 -0.175675
vn 0.684213 0.707807 -0.175676
vn 0.968571 0.005143 -0.248686
vn 0.935456 0.259296 -0.240184
vn 0.476321 0.858809 -0.188590
vn 0.656798 0.707808 -0.260045
vn 0.929764 0.005143 -0.368119
vn 0.897976 0.259297 -0.355533
vn 0.448928 0.858809 -0.246801
vn 0.619026 0.707810 -0.340312
vn 0.876295 0.005143 -0.481748
vn 0.846335 0.259296 -0.465277
vn 0.414456 0.858809 -0.301120
vn 0.571493 0.707809 -0.415214
vn 0.809006 0.005143 -0.587778
vn 0.781346 0.259297 -0.567683
vn 0.188323 0.966054 -0.176847
vn 0.634126 0.493237 -0.595484
vn 0.514947 0.707807 -0.483569
vn 0.728959 0.005143 -0.684538
vn 0.326550 0.858809 -0.394731
vn 0.554493 0.493236 -0.670266
vn 0.637415 0.005143 -0.770503
vn 0.274502 0.858809 -0.432546
vn 0.378509 0.707808 -0.596439
vn 0.535819 0.005143 -0.844317
vn 0.517500 0.259295 -0.815451
vn 0.218124 0.858808 -0.463540
vn 0.300771 0.707809 -0.639174
vn 0.425773 0.005143 -0.904816
vn 0.411214 0.259296 -0.873882
vn 0.158308 0.858809 -0.487223
vn 0.268812 0.493238 -0.827319
vn 0.309013 0.005143 -0.951044
vn 0.048409 0.966054 -0.253764
vn 0.163003 0.493237 -0.854487
vn 0.132368 0.707807 -0.693893
vn 0.187380 0.005143 -0.982274
vn 0.016221 0.966054 -0.257831
vn 0.044356 0.707806 -0.705013
vn 0.044356 0.707806 -0.705013
vn 0.062790 0.005143 -0.998014
vn 0.060642 0.259295 -0.963892
vn -0.016221 0.966054 -0.257829
vn -0.044356 0.707805 -0.705014
vn -0.044356 0.707805 -0.705014
vn -0.062790 0.005143 -0.998014
vn -0.060642 0.259295 -0.963892
vn -0.048409 0.966055 -0.253762
vn -0.163003 0.493236 -0.854487
vn -0.132368 0.707806 -0.693894
vn -0.187380 0.005143 -0.982274
vn -0.158308 0.858809 -0.487223
vn -0.268814 0.493237 -0.827319
vn -0.309016 0.005143 -0.951043
vn -0.218125 0.858809 -0.463539
vn -0.300773 0.707810 -0.639172
vn -0.425774 0.005143 -0.904815
vn -0.411216 0.259293 -0.873881
vn -0.274503 0.858809 -0.432545
vn -0.378512 0.707808 -0.596437
vn -0.535819 0.005143 -0.844317
vn -0.517500 0.259295 -0.815451
vn -0.326550 0.858808 -0.394732
vn -0.450279 0.707807 -0.544296
vn -0.637415 0.005143 -0.770503
vn -0.615622 0.259296 -0.744160
vn -0.373447 0.858808 -0.350693
vn -0.514945 0.707807 -0.483571
vn -0.728958 0.005143 -0.684539
vn -0.704036 0.259297 -0.661134
vn -0.414455 0.858809 -0.301120
vn -0.571492 0.707809 -0.415215
vn -0.809007 0.005143 -0.587777
vn -0.781348 0.259296 -0.567681
vn -0.448928 0.858810 -0.246799
vn -0.619027 0.707810 -0.340311
vn -0.876295 0.005143 -0.481747
vn -0.846337 0.259293 -0.465276
vn -0.240200 0.966053 -0.095103
vn -0.656798 0.707809 -0.260044
vn -0.656797 0.707809 -0.260045
vn -0.929764 0.005143 -0.368121
vn -0.897976 0.259295 -0.355534
vn -0.250225 0.966054 -0.064249
vn -0.842566 0.493237 -0.216334
vn -0.684213 0.707807 -0.175677
vn -0.968570 0.005143 -0.248687
vn -0.256304 0.966054 -0.032378
vn -0.863036 0.493236 -0.109027
vn -0.700837 0.707806 -0.088537
vn -0.992102 0.005143 -0.125331
vn -0.258341 0.966054 -0.000000
vn -0.706406 0.707806 -0.000000
vn -0.706406 0.707807 0.000000
vn -0.999987 0.005143 0.000000
vn -0.965798 0.259298 0.000000
vn -0.256304 0.966054 0.032378
vn -0.863036 0.493237 0.109027
vn -0.700836 0.707807 0.088536
vn -0.992102 0.005143 0.125332
vn -0.250225 0.966054 0.064247
vn -0.842566 0.493237 0.216334
vn -0.684212 0.707808 0.175676
vn -0.968570 0.005143 0.248688
vn -0.240200 0.966054 0.095101
vn -0.656798 0.707809 0.260045
vn -0.656798 0.707809 0.260045
vn -0.929764 0.005143 0.368121
vn -0.897977 0.259291 0.355535
vn -0.226386 0.966054 0.124457
vn -0.762296 0.493235 0.419075
vn -0.619027 0.707809 0.340313
vn -0.876296 0.005143 0.481746
vn -0.209003 0.966054 0.151850
vn -0.703760 0.493236 0.511312
vn -0.571493 0.707808 0.415215
vn -0.809006 0.005143 0.587778
vn -0.373448 0.858809 0.350691
vn -0.514947 0.707807 0.483568
vn -0.728959 0.005143 0.684538
vn -0.704037 0.259295 0.661134
vn -0.326550 0.858809 0.394731
vn -0.450279 0.707808 0.544295
vn -0.637416 0.005143 0.770503
vn -0.615623 0.259295 0.744160
vn -0.274502 0.858809 0.432546
vn -0.378511 0.707808 0.596437
vn -0.535818 0.005143 0.844318
vn -0.517499 0.259297 0.815450
vn -0.218125 0.858808 0.463541
vn -0.300774 0.707807 0.639174
vn -0.425773 0.005143 0.904815
vn -0.411217 0.259296 0.873880
vn -0.158308 0.858809 0.487223
vn -0.218291 0.707807 0.671832
vn -0.309014 0.005143 0.951043
vn -0.298449 0.259296 0.918528
vn -0.095994 0.858810 0.503221
vn -0.132367 0.707808 0.693892
vn -0.187378 0.005143 0.982275
vn -0.180972 0.259296 0.948691
vn -0.032167 0.858810 0.511283
vn -0.044355 0.707808 0.705010
vn -0.062788 0.005143 0.998014
vn -0.060642 0.259292 0.963893
vn 0.032167 0.858811 0.511283
vn 0.044355 0.707809 0.705010
vn 0.062789 0.005143 0.998014
vn 0.060643 0.259292 0.963893
vn 0.095994 0.858810 0.503220
vn 0.132366 0.707808 0.693892
vn 0.187378 0.005143 0.982275
vn 0.180972 0.259295 0.948691
vn 0.079832 0.966054 0.245698
vn 0.218292 0.707807 0.671832
vn 0.218292 0.707807 0.671832
vn 0.309014 0.005143 0.951044
vn 0.298450 0.259297 0.918528
vn 0.218125 0.858809 0.463539
vn 0.300774 0.707809 0.639173
vn 0.425775 0.005143 0.904815
vn 0.411218 0.259296 0.873880
vn 0.274502 0.858810 0.432545
vn 0.378511 0.707810 0.596435
vn 0.535819 0.005143 0.844317
vn 0.517499 0.259294 0.815452
vn 0.326550 0.858809 0.394731
vn 0.450279 0.707807 0.544296
vn 0.637416 0.005143 0.770503
vn 0.615623 0.259293 0.744161
vn 0.373448 0.858809 0.350691
vn 0.514947 0.707808 0.483568
vn 0.728959 0.005143 0.684538
vn 0.704037 0.259293 0.661135
vn 0.209003 0.966054 0.151849
vn 0.703761 0.493237 0.511311
vn 0.571494 0.707809 0.415213
vn 0.809007 0.005143 0.587777
vn 0.226387 0.966053 0.124457
vn 0.762295 0.493237 0.419075
vn 0.619028 0.707807 0.340314
vn 0.876296 0.005143 0.481746
vn 0.240201 0.966053 0.095103
vn 0.656799 0.707807 0.260046
vn 0.656799 0.707807 0.260045
vn 0.929764 0.005143 0.368119
vn 0.897976 0.259296 0.355534
vn 0.250226 0.966053 0.064248
vn 0.842566 0.493236 0.216335
vn 0.684211 0.707809 0.175676
vn 0.968570 0.005143 0.248688
vn 0.256305 0.966054 0.032379
vn 0.863036 0.493236 0.109027
vn 0.700834 0.707809 0.088536
vn 0.992102 0.005143 0.125332
vn 0.059918 -0.998085 -0.015384
vn 0.061374 -0.998085 -0.007753
vn 0.000000 -1.000000 0.000000
vn 0.057517 -0.998085 -0.022773
vn 0.054209 -0.998085 -0.029802
vn 0.050047 -0.998085 -0.036361
vn 0.045095 -0.998085 -0.042347
vn 0.039432 -0.998085 -0.047665
vn 0.033147 -0.998085 -0.052231
vn 0.026339 -0.998085 -0.055974
vn 0.019116 -0.998085 -0.058833
vn 0.011592 -0.998085 -0.060765
vn 0.003884 -0.998085 -0.061739
vn -0.003884 -0.998085 -0.061739
vn -0.011592 -0.998085 -0.060765
vn -0.019116 -0.998085 -0.058834
vn -0.026339 -0.998085 -0.055973
vn -0.033147 -0.998085 -0.052231
vn -0.039432 -0.998085 -0.047665
vn -0.045095 -0.998085 -0.042347
vn -0.050047 -0.998085 -0.036361
vn -0.054209 -0.998085 -0.029802
vn -0.057517 -0.998085 -0.022773
vn -0.059918 -0.998085 -0.015384
vn -0.061373 -0.998085 -0.007753
vn -0.061861 -0.998085 0.000000
vn -0.061373 -0.998085 0.007753
vn -0.059918 -0.998085 0.015384
vn -0.057517 -0.998085 0.022773
vn -0.054209 -0.998085 0.029802
vn -0.050047 -0.998085 0.036361
vn -0.045095 -0.998085 0.042347
vn -0.039432 -0.998085 0.047665
vn -0.033147 -0.998085 0.052231
vn -0.026339 -0.998085 0.055974
vn -0.019116 -0.998085 0.058833
vn -0.011592 -0.998085 0.060766
vn -0.003884 -0.998085 0.061739
vn 0.003884 -0.998085 0.061739
vn 0.011592 -0.998085 0.060765
vn 0.019116 -0.998085 0.058833
vn 0.026339 -0.998085 0.055973
vn 0.033147 -0.998085 0.052231
vn 0.039432 -0.998085 0.047665
vn 0.045095 -0.998085 0.042347
vn 0.050047 -0.998085 0.036361
vn 0.054209 -0.998085 0.029802
vn 0.057517 -0.998085 0.022773
vn 0.059918 -0.998085 0.015384
vn 0.061373 -0.998085 0.007753
vn 0.061861 -0.998085 0.000000
vn 0.992055 -0.011013 -0.125320
vn 0.968525 -0.011013 -0.248674
vn 0.929720 -0.011014 -0.368102
vn 0.876253 -0.011013 -0.481725
vn 0.808968 -0.011013 -0.587750
vn 0.728924 -0.011013 -0.684506
vn 0.637385 -0.011013 -0.770467
vn 0.535794 -0.011013 -0.844277
vn 0.425753 -0.011014 -0.904773
vn 0.308999 -0.011013 -0.950999
vn 0.187371 -0.011013 -0.982228
vn 0.062787 -0.011013 -0.997966
vn -0.062787 -0.011013 -0.997966
vn -0.187371 -0.011013 -0.982228
vn -0.309001 -0.011013 -0.950998
vn -0.425754 -0.011014 -0.904772
vn -0.535793 -0.011013 -0.844277
vn -0.637385 -0.011013 -0.770467
vn -0.728924 -0.011013 -0.684506
vn -0.808969 -0.011013 -0.587749
vn -0.876254 -0.011013 -0.481724
vn -0.929720 -0.011013 -0.368103
vn -0.968524 -0.011014 -0.248675
vn -0.992055 -0.011014 -0.125326
vn -0.999939 -0.011013 0.000000
vn -0.992055 -0.011014 0.125326
vn -0.968524 -0.011013 0.248677
vn -0.929720 -0.011013 0.368103
vn -0.876254 -0.011013 0.481723
vn -0.808968 -0.011013 0.587750
vn -0.728924 -0.011013 0.684506
vn -0.637386 -0.011013 0.770466
vn -0.535793 -0.011013 0.844278
vn -0.425753 -0.011014 0.904773
vn -0.309000 -0.011014 0.950998
vn -0.187369 -0.011014 0.982228
vn -0.062785 -0.011013 0.997966
vn 0.062786 -0.011013 0.997966
vn 0.187369 -0.011014 0.982228
vn 0.309000 -0.011014 0.950998
vn 0.425755 -0.011014 0.904772
vn 0.535793 -0.011013 0.844278
vn 0.637386 -0.011013 0.770466
vn 0.728925 -0.011013 0.684505
vn 0.808968 -0.011013 0.587749
vn 0.876254 -0.011014 0.481723
vn 0.929720 -0.011014 0.368102
vn 0.968524 -0.011014 0.248676
vn 0.992055 -0.011013 0.125326
vn 0.999939 -0.011013 0.000003
vn 0.379025 -0.924147 -0.047880
vn 0.382038 -0.924147 0.000001
vn 0.916330 -0.383328 -0.115755
vn 0.923612 -0.383328 0.000003
vn 0.894595 -0.383328 -0.229692
vn 0.370035 -0.924147 -0.095009
vn 0.858753 -0.383329 -0.340005
vn 0.355210 -0.924147 -0.140638
vn 0.809367 -0.383329 -0.444954
vn 0.334782 -0.924147 -0.184048
vn 0.747218 -0.383328 -0.542885
vn 0.309075 -0.924147 -0.224556
vn 0.673284 -0.383328 -0.632256
vn 0.278493 -0.924147 -0.261523
vn 0.588731 -0.383328 -0.711657
vn 0.243520 -0.924147 -0.294365
vn 0.494896 -0.383329 -0.779831
vn 0.204706 -0.924147 -0.322565
vn 0.393256 -0.383329 -0.835709
vn 0.162664 -0.924147 -0.345678
vn 0.285412 -0.383328 -0.878408
vn 0.118056 -0.924147 -0.363339
vn 0.173067 -0.383327 -0.907253
vn 0.071586 -0.924147 -0.375270
vn 0.057994 -0.383328 -0.921790
vn 0.023988 -0.924147 -0.381283
vn -0.057994 -0.383328 -0.921790
vn -0.023988 -0.924147 -0.381283
vn -0.173067 -0.383327 -0.907253
vn -0.071586 -0.924147 -0.375270
vn -0.285414 -0.383328 -0.878407
vn -0.118057 -0.924147 -0.363339
vn -0.393256 -0.383329 -0.835708
vn -0.162664 -0.924146 -0.345678
vn -0.494895 -0.383328 -0.779832
vn -0.204706 -0.924146 -0.322566
vn -0.588732 -0.383326 -0.711656
vn -0.243520 -0.924147 -0.294365
vn -0.673285 -0.383327 -0.632257
vn -0.278493 -0.924147 -0.261522
vn -0.747219 -0.383327 -0.542885
vn -0.309075 -0.924147 -0.224556
vn -0.809368 -0.383327 -0.444953
vn -0.334782 -0.924147 -0.184048
vn -0.858753 -0.383329 -0.340005
vn -0.355210 -0.924147 -0.140638
vn -0.894594 -0.383330 -0.229693
vn -0.370036 -0.924147 -0.095009
vn -0.916329 -0.383329 -0.115760
vn -0.379026 -0.924147 -0.047882
vn -0.923613 -0.383327 0.000000
vn -0.382037 -0.924147 0.000000
vn -0.916329 -0.383329 0.115760
vn -0.379025 -0.924147 0.047882
vn -0.894595 -0.383329 0.229694
vn -0.370035 -0.924147 0.095009
vn -0.858753 -0.383327 0.340005
vn -0.355209 -0.924147 0.140637
vn -0.809368 -0.383328 0.444953
vn -0.334782 -0.924147 0.184048
vn -0.747218 -0.383328 0.542886
vn -0.309075 -0.924147 0.224556
vn -0.673284 -0.383328 0.632256
vn -0.278494 -0.924147 0.261523
vn -0.588733 -0.383329 0.711655
vn -0.243520 -0.924147 0.294365
vn -0.494895 -0.383329 0.779832
vn -0.204706 -0.924147 0.322566
vn -0.393254 -0.383329 0.835710
vn -0.162664 -0.924147 0.345679
vn -0.285413 -0.383329 0.878407
vn -0.118057 -0.924147 0.363339
vn -0.173067 -0.383329 0.907252
vn -0.071587 -0.924147 0.375271
vn -0.057993 -0.383328 0.921790
vn -0.023988 -0.924147 0.381284
vn 0.057993 -0.383328 0.921790
vn 0.023988 -0.924147 0.381284
vn 0.173067 -0.383329 0.907252
vn 0.071587 -0.924147 0.375271
vn 0.285413 -0.383330 0.878407
vn 0.118057 -0.924147 0.363339
vn 0.393255 -0.383329 0.835709
vn 0.162664 -0.924147 0.345678
vn 0.494895 -0.383329 0.779832
vn 0.204706 -0.924147 0.322565
vn 0.588733 -0.383328 0.711655
vn 0.243520 -0.924147 0.294365
vn 0.673285 -0.383328 0.632256
vn 0.278494 -0.924147 0.261523
vn 0.747219 -0.383328 0.542885
vn 0.309076 -0.924147 0.224556
vn 0.809368 -0.383329 0.444952
vn 0.334783 -0.924147 0.184048
vn 0.858752 -0.383330 0.340004
vn 0.355210 -0.924147 0.140638
vn 0.894595 -0.383329 0.229694
vn 0.370036 -0.924147 0.095009
vn 0.916329 -0.383329 0.115759
vn 0.379026 -0.924146 0.047882
s 1
g pCylinder5
usemtl initialShadingGroup
f 6/495/1 10/496/2 2/497/3
f 10/496/2 14/500/4 2/497/3
f 14/500/4 18/504/5 2/497/3
f 18/504/5 22/508/6 2/497/3
f 22/508/6 26/512/7 2/497/3
f 26/512/7 30/516/8 2/497/3
f 30/516/8 34/520/9 2/497/3
f 34/520/9 38/524/10 2/497/3
f 38/524/10 42/530/11 2/497/3
f 42/530/11 46/535/12 2/497/3
f 46/535/12 50/540/13 2/497/3
f 50/540/13 54/547/14 2/497/3
f 54/547/14 58/553/15 2/497/3
f 58/553/15 62/559/16 2/497/3
f 62/559/16 66/565/17 2/497/3
f 66/565/17 70/571/18 2/497/3
f 70/571/18 74/577/19 2/497/3
f 74/577/19 78/583/20 2/497/3
f 78/583/20 82/589/21 2/497/3
f 82/589/21 86/594/22 2/497/3
f 86/594/22 90/599/23 2/497/3
f 90/599/23 94/604/24 2/497/3
f 94/604/24 98/608/25 2/497/3
f 98/608/25 102/612/26 2/497/3
f 102/612/26 106/616/27 2/497/3
f 106/616/27 110/617/28 2/497/3
f 110/617/28 114/613/29 2/497/3
f 114/613/29 118/609/30 2/497/3
f 118/609/30 122/605/31 2/497/3
f 122/605/31 126/600/32 2/497/3
f 126/600/32 130/595/33 2/497/3
f 130/595/33 134/590/34 2/497/3
f 134/590/34 138/584/35 2/497/3
f 138/584/35 142/578/36 2/497/3
f 142/578/36 146/572/37 2/497/3
f 146/572/37 150/566/38 2/497/3
f 150/566/38 154/560/39 2/497/3
f 154/560/39 158/554/40 2/497/3
f 158/554/40 162/548/41 2/497/3
f 162/548/41 166/541/42 2/497/3
f 166/541/42 170/536/43 2/497/3
f 170/536/43 174/531/44 2/497/3
f 174/531/44 178/525/45 2/497/3
f 178/525/45 182/521/46 2/497/3
f 182/521/46 186/517/47 2/497/3
f 186/517/47 190/513/48 2/497/3
f 190/513/48 194/509/49 2/497/3
f 194/509/49 198/505/50 2/497/3
f 198/505/50 202/501/51 2/497/3
f 202/501/51 6/495/1 2/497/3
f 5/498/52 6/495/1 202/501/51 201/502/53
f 3/1/54 4/2/55 200/3/56 199/4/57
f 4/2/58 5/7/52 201/8/53 200/3/59
f 6/495/1 5/498/52 9/499/60 10/496/2
f 5/7/52 4/2/58 8/6/61 9/16/62
f 4/2/55 3/1/54 7/5/63 8/6/64
f 10/496/2 9/499/60 13/503/65 14/500/4
f 9/16/62 8/6/61 12/15/66 13/27/65
f 8/6/64 7/5/63 11/14/67 12/15/68
f 14/500/4 13/503/65 17/507/69 18/504/5
f 13/27/65 12/15/66 16/26/70 17/37/69
f 12/15/68 11/14/67 15/25/71 16/26/72
f 18/504/5 17/507/69 21/511/73 22/508/6
f 17/37/69 16/26/70 20/36/74 21/47/73
f 16/26/72 15/25/71 19/35/75 20/36/76
f 22/508/6 21/511/73 25/515/77 26/512/7
f 21/47/73 20/36/74 24/46/78 25/57/79
f 20/36/76 19/35/75 23/45/80 24/46/78
f 26/512/7 25/515/77 29/519/81 30/516/8
f 25/57/79 24/46/78 28/56/82 29/67/81
f 24/46/78 23/45/80 27/55/83 28/56/82
f 30/516/8 29/519/81 33/523/84 34/520/9
f 29/519/81 28/527/82 32/528/85 33/523/84
f 28/56/82 27/55/83 31/65/86 32/66/87
f 34/520/9 33/523/84 37/529/88 38/524/10
f 33/523/84 32/528/85 36/533/89 37/529/88
f 32/1177/87 31/1178/86 35/1179/90 36/1180/91
f 38/524/10 37/529/88 41/534/92 42/530/11
f 37/529/88 36/533/89 40/538/93 41/534/92
f 36/1180/91 35/1179/90 39/1183/94 40/1184/93
f 42/530/11 41/534/92 45/539/95 46/535/12
f 41/534/92 40/538/93 44/545/96 45/539/97
f 40/1184/93 39/1183/94 43/1188/98 44/1189/96
f 46/535/12 45/539/95 49/546/99 50/540/13
f 45/539/97 44/545/96 48/551/100 49/546/101
f 44/1189/96 43/1188/98 47/1192/102 48/1193/103
f 50/540/13 49/546/99 53/552/104 54/547/14
f 49/546/101 48/551/100 52/557/105 53/552/106
f 48/1193/103 47/1192/102 51/1196/107 52/1197/108
f 54/547/14 53/552/104 57/558/109 58/553/15
f 53/552/106 52/557/105 56/563/110 57/558/111
f 52/1197/108 51/1196/107 55/1200/112 56/1201/110
f 58/553/15 57/558/109 61/564/113 62/559/16
f 57/558/111 56/563/110 60/569/114 61/564/113
f 56/1201/110 55/1200/112 59/1204/115 60/1205/114
f 62/559/16 61/564/113 65/570/116 66/565/17
f 61/564/113 60/569/114 64/575/117 65/570/116
f 60/1205/114 59/1204/115 63/1208/118 64/1209/119
f 66/565/17 65/570/116 69/576/120 70/571/18
f 65/570/116 64/575/117 68/581/121 69/576/120
f 64/1209/119 63/1208/118 67/1212/122 68/1213/123
f 70/571/18 69/576/120 73/582/124 74/577/19
f 69/576/120 68/581/121 72/587/125 73/582/124
f 68/116/123 67/117/122 71/107/126 72/106/127
f 74/577/19 73/582/124 77/588/128 78/583/20
f 73/119/124 72/106/125 76/96/129 77/109/128
f 72/106/127 71/107/126 75/97/130 76/96/131
f 78/583/20 77/588/128 81/593/132 82/589/21
f 77/109/128 76/96/129 80/88/133 81/99/132
f 76/96/131 75/97/130 79/89/134 80/88/135
f 82/589/21 81/593/132 85/598/136 86/594/22
f 81/99/132 80/88/133 84/84/137 85/94/136
f 80/88/135 79/89/134 83/85/138 84/84/139
f 86/594/22 85/598/136 89/603/140 90/599/23
f 85/94/136 84/84/137 88/87/141 89/95/142
f 84/84/139 83/85/138 87/86/143 88/87/144
f 90/599/23 89/603/140 93/607/145 94/604/24
f 89/95/142 88/87/141 92/93/146 93/105/147
f 88/87/144 87/86/143 91/92/148 92/93/146
f 94/604/24 93/607/145 97/611/149 98/608/25
f 93/105/147 92/93/146 96/104/150 97/115/151
f 92/93/146 91/92/148 95/103/152 96/104/150
f 98/608/25 97/611/149 101/615/153 102/612/26
f 97/115/151 96/104/150 100/114/154 101/125/155
f 96/104/150 95/103/152 99/113/156 100/114/157
f 102/612/26 101/615/153 105/619/158 106/616/27
f 101/125/155 100/114/154 104/124/159 105/132/160
f 100/114/157 99/113/156 103/123/161 104/124/159
f 106/616/27 105/619/158 109/618/162 110/617/28
f 105/132/160 104/124/159 108/131/163 109/138/164
f 104/124/159 103/123/161 107/130/165 108/131/163
f 110/617/28 109/618/162 113/614/166 114/613/29
f 109/138/164 108/131/163 112/137/167 113/143/168
f 108/131/163 107/130/165 111/136/169 112/137/170
f 114/613/29 113/614/166 117/610/171 118/609/30
f 113/143/168 112/137/167 116/142/172 117/148/173
f 112/137/170 111/136/169 115/141/174 116/142/172
f 118/609/30 117/610/171 121/606/175 122/605/31
f 117/148/173 116/142/172 120/147/176 121/153/177
f 116/142/172 115/141/174 119/146/178 120/147/176
f 122/605/31 121/606/175 125/601/179 126/600/32
f 121/153/177 120/147/176 124/152/180 125/158/179
f 120/147/176 119/146/178 123/151/181 124/152/182
f 126/600/32 125/601/179 129/596/183 130/595/33
f 125/158/179 124/152/180 128/157/184 129/163/183
f 124/152/182 123/151/181 127/156/185 128/157/186
f 130/595/33 129/596/183 133/591/187 134/590/34
f 129/596/183 128/602/184 132/597/188 133/591/187
f 128/157/186 127/156/185 131/161/189 132/162/190
f 134/590/34 133/591/187 137/585/191 138/584/35
f 133/591/187 132/597/188 136/592/192 137/585/191
f 132/1217/190 131/1218/189 135/1219/193 136/1220/194
f 138/584/35 137/585/191 141/579/195 142/578/36
f 137/585/191 136/592/192 140/586/196 141/579/195
f 136/1220/194 135/1219/193 139/1223/197 140/1224/198
f 142/578/36 141/579/195 145/573/199 146/572/37
f 141/579/195 140/586/196 144/580/200 145/573/199
f 140/1224/198 139/1223/197 143/1228/201 144/1229/202
f 146/572/37 145/573/199 149/567/203 150/566/38
f 145/573/199 144/580/200 148/574/204 149/567/203
f 144/1229/202 143/1228/201 147/1232/205 148/1233/206
f 150/566/38 149/567/203 153/561/207 154/560/39
f 149/567/203 148/574/204 152/568/208 153/561/207
f 148/1233/206 147/1232/205 151/1236/209 152/1237/210
f 154/560/39 153/561/207 157/555/211 158/554/40
f 153/561/207 152/568/208 156/562/212 157/555/211
f 152/1237/210 151/1236/209 155/1240/213 156/1241/214
f 158/554/40 157/555/211 161/549/215 162/548/41
f 157/555/211 156/562/212 160/556/216 161/549/217
f 156/1241/214 155/1240/213 159/1244/218 160/1245/219
f 162/548/41 161/549/215 165/542/220 166/541/42
f 161/549/217 160/556/216 164/550/221 165/542/220
f 160/1245/219 159/1244/218 163/1248/222 164/1249/223
f 166/541/42 165/542/220 169/537/224 170/536/43
f 165/542/220 164/550/221 168/543/225 169/537/224
f 164/1249/223 163/1248/222 167/1252/226 168/1253/227
f 170/536/43 169/537/224 173/532/228 174/531/44
f 169/537/224 168/543/225 172/544/229 173/532/228
f 168/76/227 167/77/226 171/70/230 172/69/231
f 174/531/44 173/532/228 177/526/232 178/525/45
f 173/75/228 172/69/229 176/59/233 177/68/232
f 172/69/231 171/70/230 175/60/234 176/59/235
f 178/525/45 177/526/232 181/522/236 182/521/46
f 177/68/232 176/59/233 180/49/237 181/58/238
f 176/59/235 175/60/234 179/50/239 180/49/237
f 182/521/46 181/522/236 185/518/240 186/517/47
f 181/58/238 180/49/237 184/39/241 185/48/242
f 180/49/237 179/50/239 183/40/243 184/39/241
f 186/517/47 185/518/240 189/514/244 190/513/48
f 185/48/242 184/39/241 188/29/245 189/38/246
f 184/39/241 183/40/243 187/30/247 188/29/248
f 190/513/48 189/514/244 193/510/249 194/509/49
f 189/38/246 188/29/245 192/18/250 193/28/251
f 188/29/248 187/30/247 191/19/252 192/18/250
f 194/509/49 193/510/249 197/506/253 198/505/50
f 193/28/251 192/18/250 196/9/254 197/17/255
f 192/18/250 191/19/252 195/10/256 196/9/254
f 198/505/50 197/506/253 201/502/53 202/501/51
f 197/17/255 196/9/254 200/3/59 201/8/53
f 196/9/254 195/10/256 199/4/57 200/3/56
s 3
f 206/620/257 203/621/258 1/622/259
f 209/626/260 206/620/257 1/622/259
f 212/630/261 209/626/260 1/622/259
f 215/634/262 212/630/261 1/622/259
f 218/638/263 215/634/262 1/622/259
f 221/642/264 218/638/263 1/622/259
f 224/646/265 221/642/264 1/622/259
f 227/650/266 224/646/265 1/622/259
f 230/654/267 227/650/266 1/622/259
f 233/658/268 230/654/267 1/622/259
f 236/662/269 233/658/268 1/622/259
f 239/666/270 236/662/269 1/622/259
f 242/670/271 239/666/270 1/622/259
f 245/674/272 242/670/271 1/622/259
f 248/678/273 245/674/272 1/622/259
f 251/682/274 248/678/273 1/622/259
f 254/686/275 251/682/274 1/622/259
f 257/690/276 254/686/275 1/622/259
f 260/694/277 257/690/276 1/622/259
f 263/698/278 260/694/277 1/622/259
f 266/702/279 263/698/278 1/622/259
f 269/706/280 266/702/279 1/622/259
f 272/710/281 269/706/280 1/622/259
f 275/714/282 272/710/281 1/622/259
f 278/718/283 275/714/282 1/622/259
f 281/717/284 278/718/283 1/622/259
f 284/713/285 281/717/284 1/622/259
f 287/709/286 284/713/285 1/622/259
f 290/705/287 287/709/286 1/622/259
f 293/701/288 290/705/287 1/622/259
f 296/697/289 293/701/288 1/622/259
f 299/693/290 296/697/289 1/622/259
f 302/689/291 299/693/290 1/622/259
f 305/685/292 302/689/291 1/622/259
f 308/681/293 305/685/292 1/622/259
f 311/677/294 308/681/293 1/622/259
f 314/673/295 311/677/294 1/622/259
f 317/669/296 314/673/295 1/622/259
f 320/665/297 317/669/296 1/622/259
f 323/661/298 320/665/297 1/622/259
f 326/657/299 323/661/298 1/622/259
f 329/653/300 326/657/299 1/622/259
f 332/649/301 329/653/300 1/622/259
f 335/645/302 332/649/301 1/622/259
f 338/641/303 335/645/302 1/622/259
f 341/637/304 338/641/303 1/622/259
f 344/633/305 341/637/304 1/622/259
f 347/629/306 344/633/305 1/622/259
f 350/625/307 347/629/306 1/622/259
f 203/621/258 350/625/307 1/622/259
s 1
f 205/12/308 208/13/309 7/5/63 3/1/54
f 208/13/309 211/24/310 11/14/67 7/5/63
f 211/24/310 214/34/311 15/25/71 11/14/67
f 214/34/311 217/44/312 19/35/75 15/25/71
f 217/44/312 220/54/313 23/45/80 19/35/75
f 220/54/313 223/64/314 27/55/83 23/45/80
f 223/64/314 226/74/315 31/65/86 27/55/83
f 226/1181/315 229/1182/316 35/1179/90 31/1178/86
f 229/1182/316 232/1187/317 39/1183/94 35/1179/90
f 232/1187/317 235/1191/318 43/1188/98 39/1183/94
f 235/1191/318 238/1195/319 47/1192/102 43/1188/98
f 238/1195/319 241/1199/320 51/1196/107 47/1192/102
f 241/1199/320 244/1203/321 55/1200/112 51/1196/107
f 244/1203/321 247/1207/322 59/1204/115 55/1200/112
f 247/1207/322 250/1211/323 63/1208/118 59/1204/115
f 250/1211/323 253/1215/324 67/1212/122 63/1208/118
f 253/126/324 256/118/325 71/107/126 67/117/122
f 256/118/325 259/108/326 75/97/130 71/107/126
f 259/108/326 262/98/327 79/89/134 75/97/130
f 262/98/327 265/90/328 83/85/138 79/89/134
f 265/90/328 268/91/329 87/86/143 83/85/138
f 268/91/329 271/102/330 91/92/148 87/86/143
f 271/102/330 274/112/331 95/103/152 91/92/148
f 274/112/331 277/122/332 99/113/156 95/103/152
f 277/122/332 280/129/333 103/123/161 99/113/156
f 280/129/333 283/135/334 107/130/165 103/123/161
f 283/135/334 286/140/335 111/136/169 107/130/165
f 286/140/335 289/145/336 115/141/174 111/136/169
f 289/145/336 292/150/337 119/146/178 115/141/174
f 292/150/337 295/155/338 123/151/181 119/146/178
f 295/155/338 298/160/339 127/156/185 123/151/181
f 298/160/339 301/165/340 131/161/189 127/156/185
f 301/1221/340 304/1222/341 135/1219/193 131/1218/189
f 304/1222/341 307/1227/342 139/1223/197 135/1219/193
f 307/1227/342 310/1231/343 143/1228/201 139/1223/197
f 310/1231/343 313/1235/344 147/1232/205 143/1228/201
f 313/1235/344 316/1239/345 151/1236/209 147/1232/205
f 316/1239/345 319/1243/346 155/1240/213 151/1236/209
f 319/1243/346 322/1247/347 159/1244/218 155/1240/213
f 322/1247/347 325/1251/348 163/1248/222 159/1244/218
f 325/1251/348 328/1255/349 167/1252/226 163/1248/222
f 328/81/349 331/78/350 171/70/230 167/77/226
f 331/78/350 334/71/351 175/60/234 171/70/230
f 334/71/351 337/61/352 179/50/239 175/60/234
f 337/61/352 340/51/353 183/40/243 179/50/239
f 340/51/353 343/41/354 187/30/247 183/40/243
f 343/41/354 346/31/355 191/19/252 187/30/247
f 346/31/355 349/20/356 195/10/256 191/19/252
f 349/20/356 352/11/357 199/4/57 195/10/256
f 352/11/357 205/12/308 3/1/54 199/4/57
s 3
f 203/621/258 204/623/358 351/627/359 350/625/307
s 1
f 204/21/360 205/12/308 352/11/357 351/22/361
f 205/12/308 204/21/360 207/23/362 208/13/309
s 3
f 204/623/358 203/621/258 206/620/257 207/624/363
s 1
f 208/13/309 207/23/362 210/33/364 211/24/310
s 3
f 207/624/363 206/620/257 209/626/260 210/628/365
s 1
f 211/24/310 210/33/364 213/43/366 214/34/311
s 3
f 210/628/365 209/626/260 212/630/261 213/632/367
s 1
f 214/34/311 213/43/366 216/53/368 217/44/312
s 3
f 213/632/367 212/630/261 215/634/262 216/636/369
s 1
f 217/44/312 216/53/368 219/63/370 220/54/313
s 3
f 216/636/369 215/634/262 218/638/263 219/640/371
s 1
f 220/54/313 219/63/370 222/73/372 223/64/314
s 3
f 219/640/371 218/638/263 221/642/264 222/644/373
s 1
f 223/64/314 222/73/372 225/80/374 226/74/315
s 3
f 222/644/373 221/642/264 224/646/265 225/648/375
s 1
f 226/1181/315 225/1185/374 228/1186/376 229/1182/316
s 3
f 225/648/375 224/646/265 227/650/266 228/652/377
s 1
f 229/1182/316 228/1186/376 231/1190/378 232/1187/317
s 3
f 228/652/377 227/650/266 230/654/267 231/656/379
s 1
f 232/1187/317 231/1190/378 234/1194/380 235/1191/318
s 3
f 231/656/379 230/654/267 233/658/268 234/660/381
s 1
f 235/1191/318 234/1194/380 237/1198/382 238/1195/319
s 3
f 234/660/381 233/658/268 236/662/269 237/664/383
s 1
f 238/1195/319 237/1198/382 240/1202/384 241/1199/320
s 3
f 237/664/383 236/662/269 239/666/270 240/668/385
s 1
f 241/1199/320 240/1202/384 243/1206/386 244/1203/321
s 3
f 240/668/385 239/666/270 242/670/271 243/672/387
s 1
f 244/1203/321 243/1206/386 246/1210/388 247/1207/322
s 3
f 243/672/387 242/670/271 245/674/272 246/676/389
s 1
f 247/1207/322 246/1210/388 249/1214/390 250/1211/323
s 3
f 246/676/389 245/674/272 248/678/273 249/680/391
s 1
f 250/1211/323 249/1214/390 252/1216/392 253/1215/324
s 3
f 249/680/391 248/678/273 251/682/274 252/684/393
s 1
f 253/126/324 252/133/392 255/127/394 256/118/325
s 3
f 252/684/393 251/682/274 254/686/275 255/688/395
s 1
f 256/118/325 255/127/394 258/120/396 259/108/326
s 3
f 255/688/395 254/686/275 257/690/276 258/692/397
s 1
f 259/108/326 258/120/396 261/110/398 262/98/327
s 3
f 258/692/397 257/690/276 260/694/277 261/696/399
s 1
f 262/98/327 261/110/398 264/100/400 265/90/328
s 3
f 261/696/399 260/694/277 263/698/278 264/700/401
s 1
f 265/90/328 264/100/400 267/101/402 268/91/329
s 3
f 264/700/401 263/698/278 266/702/279 267/704/403
s 1
f 268/91/329 267/101/402 270/111/404 271/102/330
s 3
f 267/704/403 266/702/279 269/706/280 270/708/405
s 1
f 271/102/330 270/111/404 273/121/406 274/112/331
s 3
f 270/708/405 269/706/280 272/710/281 273/712/407
s 1
f 274/112/331 273/121/406 276/128/408 277/122/332
s 3
f 273/712/407 272/710/281 275/714/282 276/716/409
s 1
f 277/122/332 276/128/408 279/134/410 280/129/333
s 3
f 276/716/409 275/714/282 278/718/283 279/720/411
s 1
f 280/129/333 279/134/410 282/139/412 283/135/334
s 3
f 279/720/411 278/718/283 281/717/284 282/719/413
s 1
f 283/135/334 282/139/412 285/144/414 286/140/335
s 3
f 282/719/413 281/717/284 284/713/285 285/715/415
s 1
f 286/140/335 285/144/414 288/149/416 289/145/336
s 3
f 285/715/415 284/713/285 287/709/286 288/711/417
s 1
f 289/145/336 288/149/416 291/154/418 292/150/337
s 3
f 288/711/417 287/709/286 290/705/287 291/707/419
s 1
f 292/150/337 291/154/418 294/159/420 295/155/338
s 3
f 291/707/419 290/705/287 293/701/288 294/703/421
s 1
f 295/155/338 294/159/420 297/164/422 298/160/339
s 3
f 294/703/421 293/701/288 296/697/289 297/699/423
s 1
f 298/160/339 297/164/422 300/166/424 301/165/340
s 3
f 297/699/423 296/697/289 299/693/290 300/695/425
s 1
f 301/1221/340 300/1225/424 303/1226/426 304/1222/341
s 3
f 300/695/425 299/693/290 302/689/291 303/691/427
s 1
f 304/1222/341 303/1226/426 306/1230/428 307/1227/342
s 3
f 303/691/427 302/689/291 305/685/292 306/687/429
s 1
f 307/1227/342 306/1230/428 309/1234/430 310/1231/343
s 3
f 306/687/429 305/685/292 308/681/293 309/683/431
s 1
f 310/1231/343 309/1234/430 312/1238/432 313/1235/344
s 3
f 309/683/431 308/681/293 311/677/294 312/679/433
s 1
f 313/1235/344 312/1238/432 315/1242/434 316/1239/345
s 3
f 312/679/433 311/677/294 314/673/295 315/675/435
s 1
f 316/1239/345 315/1242/434 318/1246/436 319/1243/346
s 3
f 315/675/435 314/673/295 317/669/296 318/671/437
s 1
f 319/1243/346 318/1246/436 321/1250/438 322/1247/347
s 3
f 318/671/437 317/669/296 320/665/297 321/667/439
s 1
f 322/1247/347 321/1250/438 324/1254/440 325/1251/348
s 3
f 321/667/439 320/665/297 323/661/298 324/663/441
s 1
f 325/1251/348 324/1254/440 327/1256/442 328/1255/349
s 3
f 324/663/441 323/661/298 326/657/299 327/659/443
s 1
f 328/81/349 327/83/442 330/82/444 331/78/350
s 3
f 327/659/443 326/657/299 329/653/300 330/655/445
s 1
f 331/78/350 330/82/444 333/79/446 334/71/351
s 3
f 330/655/445 329/653/300 332/649/301 333/651/447
s 1
f 334/71/351 333/79/446 336/72/448 337/61/352
s 3
f 333/651/447 332/649/301 335/645/302 336/647/449
s 1
f 337/61/352 336/72/448 339/62/450 340/51/353
s 3
f 336/647/449 335/645/302 338/641/303 339/643/451
s 1
f 340/51/353 339/62/450 342/52/452 343/41/354
s 3
f 339/643/451 338/641/303 341/637/304 342/639/453
s 1
f 343/41/354 342/52/452 345/42/454 346/31/355
s 3
f 342/639/453 341/637/304 344/633/305 345/635/455
s 1
f 346/31/355 345/42/454 348/32/456 349/20/356
s 3
f 345/635/455 344/633/305 347/629/306 348/631/457
s 1
f 349/20/356 348/32/456 351/22/361 352/11/357
s 3
f 348/631/457 347/629/306 350/625/307 351/627/359
s 4
f 358/721/458 362/722/459 354/723/460
f 362/722/459 366/726/461 354/723/460
f 366/726/461 370/730/462 354/723/460
f 370/730/462 374/734/463 354/723/460
f 374/734/463 378/738/464 354/723/460
f 378/738/464 382/742/465 354/723/460
f 382/742/465 386/746/466 354/723/460
f 386/746/466 390/750/467 354/723/460
f 390/750/467 394/756/468 354/723/460
f 394/756/468 398/761/469 354/723/460
f 398/761/469 402/766/470 354/723/460
f 402/766/470 406/773/471 354/723/460
f 406/773/471 410/779/472 354/723/460
f 410/779/472 414/785/473 354/723/460
f 414/785/473 418/791/474 354/723/460
f 418/791/474 422/797/475 354/723/460
f 422/797/475 426/803/476 354/723/460
f 426/803/476 430/809/477 354/723/460
f 430/809/477 434/815/478 354/723/460
f 434/815/478 438/820/479 354/723/460
f 438/820/479 442/825/480 354/723/460
f 442/825/480 446/830/481 354/723/460
f 446/830/481 450/834/482 354/723/460
f 450/834/482 454/838/483 354/723/460
f 454/838/483 458/842/484 354/723/460
f 458/842/484 462/843/485 354/723/460
f 462/843/485 466/839/486 354/723/460
f 466/839/486 470/835/487 354/723/460
f 470/835/487 474/831/488 354/723/460
f 474/831/488 478/826/489 354/723/460
f 478/826/489 482/821/490 354/723/460
f 482/821/490 486/816/491 354/723/460
f 486/816/491 490/810/492 354/723/460
f 490/810/492 494/804/493 354/723/460
f 494/804/493 498/798/494 354/723/460
f 498/798/494 502/792/495 354/723/460
f 502/792/495 506/786/496 354/723/460
f 506/786/496 510/780/497 354/723/460
f 510/780/497 514/774/498 354/723/460
f 514/774/498 518/767/499 354/723/460
f 518/767/499 522/762/500 354/723/460
f 522/762/500 526/757/501 354/723/460
f 526/757/501 530/751/502 354/723/460
f 530/751/502 534/747/503 354/723/460
f 534/747/503 538/743/504 354/723/460
f 538/743/504 542/739/505 354/723/460
f 542/739/505 546/735/506 354/723/460
f 546/735/506 550/731/507 354/723/460
f 550/731/507 554/727/508 354/723/460
f 554/727/508 358/721/458 354/723/460
f 357/724/509 358/721/458 554/727/508 553/728/510
f 355/167/511 356/168/512 552/169/513 551/170/514
f 356/168/515 357/173/509 553/174/510 552/169/516
f 358/721/458 357/724/509 361/725/517 362/722/459
f 357/173/509 356/168/515 360/172/518 361/182/519
f 356/168/512 355/167/511 359/171/520 360/172/521
f 362/722/459 361/725/517 365/729/522 366/726/461
f 361/182/519 360/172/518 364/181/523 365/193/522
f 360/172/521 359/171/520 363/180/524 364/181/525
f 366/726/461 365/729/522 369/733/526 370/730/462
f 365/193/522 364/181/523 368/192/527 369/203/526
f 364/181/525 363/180/524 367/191/528 368/192/529
f 370/730/462 369/733/526 373/737/530 374/734/463
f 369/203/526 368/192/527 372/202/531 373/213/530
f 368/192/529 367/191/528 371/201/532 372/202/533
f 374/734/463 373/737/530 377/741/534 378/738/464
f 373/213/530 372/202/531 376/212/535 377/223/536
f 372/202/533 371/201/532 375/211/537 376/212/535
f 378/738/464 377/741/534 381/745/538 382/742/465
f 377/223/536 376/212/535 380/222/539 381/233/538
f 376/212/535 375/211/537 379/221/540 380/222/539
f 382/742/465 381/745/538 385/749/541 386/746/466
f 381/745/538 380/753/539 384/754/542 385/749/541
f 380/222/539 379/221/540 383/231/543 384/232/544
f 386/746/466 385/749/541 389/755/545 390/750/467
f 385/749/541 384/754/542 388/759/546 389/755/545
f 384/1257/544 383/1258/543 387/1259/547 388/1260/548
f 390/750/467 389/755/545 393/760/549 394/756/468
f 389/755/545 388/759/546 392/764/550 393/760/549
f 388/1260/548 387/1259/547 391/1263/551 392/1264/550
f 394/756/468 393/760/549 397/765/552 398/761/469
f 393/760/549 392/764/550 396/771/553 397/765/554
f 392/1264/550 391/1263/551 395/1268/555 396/1269/553
f 398/761/469 397/765/552 401/772/556 402/766/470
f 397/765/554 396/771/553 400/777/557 401/772/558
f 396/1269/553 395/1268/555 399/1272/559 400/1273/560
f 402/766/470 401/772/556 405/778/561 406/773/471
f 401/772/558 400/777/557 404/783/562 405/778/563
f 400/1273/560 399/1272/559 403/1276/564 404/1277/565
f 406/773/471 405/778/561 409/784/566 410/779/472
f 405/778/563 404/783/562 408/789/567 409/784/568
f 404/1277/565 403/1276/564 407/1280/569 408/1281/567
f 410/779/472 409/784/566 413/790/570 414/785/473
f 409/784/568 408/789/567 412/795/571 413/790/570
f 408/1281/567 407/1280/569 411/1284/572 412/1285/571
f 414/785/473 413/790/570 417/796/573 418/791/474
f 413/790/570 412/795/571 416/801/574 417/796/573
f 412/1285/571 411/1284/572 415/1288/575 416/1289/576
f 418/791/474 417/796/573 421/802/577 422/797/475
f 417/796/573 416/801/574 420/807/578 421/802/577
f 416/1289/576 415/1288/575 419/1292/579 420/1293/580
f 422/797/475 421/802/577 425/808/581 426/803/476
f 421/802/577 420/807/578 424/813/582 425/808/581
f 420/282/580 419/283/579 423/273/583 424/272/584
f 426/803/476 425/808/581 429/814/585 430/809/477
f 425/285/581 424/272/582 428/262/586 429/275/585
f 424/272/584 423/273/583 427/263/587 428/262/588
f 430/809/477 429/814/585 433/819/589 434/815/478
f 429/275/585 428/262/586 432/254/590 433/265/589
f 428/262/588 427/263/587 431/255/591 432/254/592
f 434/815/478 433/819/589 437/824/593 438/820/479
f 433/265/589 432/254/590 436/250/594 437/260/593
f 432/254/592 431/255/591 435/251/595 436/250/596
f 438/820/479 437/824/593 441/829/597 442/825/480
f 437/260/593 436/250/594 440/253/598 441/261/599
f 436/250/596 435/251/595 439/252/600 440/253/601
f 442/825/480 441/829/597 445/833/602 446/830/481
f 441/261/599 440/253/598 444/259/603 445/271/604
f 440/253/601 439/252/600 443/258/605 444/259/603
f 446/830/481 445/833/602 449/837/606 450/834/482
f 445/271/604 444/259/603 448/270/607 449/281/608
f 444/259/603 443/258/605 447/269/609 448/270/607
f 450/834/482 449/837/606 453/841/610 454/838/483
f 449/281/608 448/270/607 452/280/611 453/291/612
f 448/270/607 447/269/609 451/279/613 452/280/614
f 454/838/483 453/841/610 457/845/615 458/842/484
f 453/291/612 452/280/611 456/290/616 457/298/617
f 452/280/614 451/279/613 455/289/618 456/290/616
f 458/842/484 457/845/615 461/844/619 462/843/485
f 457/298/617 456/290/616 460/297/620 461/304/621
f 456/290/616 455/289/618 459/296/622 460/297/620
f 462/843/485 461/844/619 465/840/623 466/839/486
f 461/304/621 460/297/620 464/303/624 465/309/625
f 460/297/620 459/296/622 463/302/626 464/303/627
f 466/839/486 465/840/623 469/836/628 470/835/487
f 465/309/625 464/303/624 468/308/629 469/314/630
f 464/303/627 463/302/626 467/307/631 468/308/629
f 470/835/487 469/836/628 473/832/632 474/831/488
f 469/314/630 468/308/629 472/313/633 473/319/634
f 468/308/629 467/307/631 471/312/635 472/313/633
f 474/831/488 473/832/632 477/827/636 478/826/489
f 473/319/634 472/313/633 476/318/637 477/324/636
f 472/313/633 471/312/635 475/317/638 476/318/639
f 478/826/489 477/827/636 481/822/640 482/821/490
f 477/324/636 476/318/637 480/323/641 481/329/640
f 476/318/639 475/317/638 479/322/642 480/323/643
f 482/821/490 481/822/640 485/817/644 486/816/491
f 481/822/640 480/828/641 484/823/645 485/817/644
f 480/323/643 479/322/642 483/327/646 484/328/647
f 486/816/491 485/817/644 489/811/648 490/810/492
f 485/817/644 484/823/645 488/818/649 489/811/648
f 484/1297/647 483/1298/646 487/1299/650 488/1300/651
f 490/810/492 489/811/648 493/805/652 494/804/493
f 489/811/648 488/818/649 492/812/653 493/805/652
f 488/1300/651 487/1299/650 491/1303/654 492/1304/655
f 494/804/493 493/805/652 497/799/656 498/798/494
f 493/805/652 492/812/653 496/806/657 497/799/656
f 492/1304/655 491/1303/654 495/1308/658 496/1309/659
f 498/798/494 497/799/656 501/793/660 502/792/495
f 497/799/656 496/806/657 500/800/661 501/793/660
f 496/1309/659 495/1308/658 499/1312/662 500/1313/663
f 502/792/495 501/793/660 505/787/664 506/786/496
f 501/793/660 500/800/661 504/794/665 505/787/664
f 500/1313/663 499/1312/662 503/1316/666 504/1317/667
f 506/786/496 505/787/664 509/781/668 510/780/497
f 505/787/664 504/794/665 508/788/669 509/781/668
f 504/1317/667 503/1316/666 507/1320/670 508/1321/671
f 510/780/497 509/781/668 513/775/672 514/774/498
f 509/781/668 508/788/669 512/782/673 513/775/674
f 508/1321/671 507/1320/670 511/1324/675 512/1325/676
f 514/774/498 513/775/672 517/768/677 518/767/499
f 513/775/674 512/782/673 516/776/678 517/768/677
f 512/1325/676 511/1324/675 515/1328/679 516/1329/680
f 518/767/499 517/768/677 521/763/681 522/762/500
f 517/768/677 516/776/678 520/769/682 521/763/681
f 516/1329/680 515/1328/679 519/1332/683 520/1333/684
f 522/762/500 521/763/681 525/758/685 526/757/501
f 521/763/681 520/769/682 524/770/686 525/758/685
f 520/242/684 519/243/683 523/236/687 524/235/688
f 526/757/501 525/758/685 529/752/689 530/751/502
f 525/241/685 524/235/686 528/225/690 529/234/689
f 524/235/688 523/236/687 527/226/691 528/225/692
f 530/751/502 529/752/689 533/748/693 534/747/503
f 529/234/689 528/225/690 532/215/694 533/224/695
f 528/225/692 527/226/691 531/216/696 532/215/694
f 534/747/503 533/748/693 537/744/697 538/743/504
f 533/224/695 532/215/694 536/205/698 537/214/699
f 532/215/694 531/216/696 535/206/700 536/205/698
f 538/743/504 537/744/697 541/740/701 542/739/505
f 537/214/699 536/205/698 540/195/702 541/204/703
f 536/205/698 535/206/700 539/196/704 540/195/705
f 542/739/505 541/740/701 545/736/706 546/735/506
f 541/204/703 540/195/702 544/184/707 545/194/708
f 540/195/705 539/196/704 543/185/709 544/184/707
f 546/735/506 545/736/706 549/732/710 550/731/507
f 545/194/708 544/184/707 548/175/711 549/183/712
f 544/184/707 543/185/709 547/176/713 548/175/711
f 550/731/507 549/732/710 553/728/510 554/727/508
f 549/183/712 548/175/711 552/169/516 553/174/510
f 548/175/711 547/176/713 551/170/514 552/169/513
s 6
f 558/846/714 555/847/715 353/848/716
f 561/852/717 558/846/714 353/848/716
f 564/856/718 561/852/717 353/848/716
f 567/860/719 564/856/718 353/848/716
f 570/864/720 567/860/719 353/848/716
f 573/868/721 570/864/720 353/848/716
f 576/872/722 573/868/721 353/848/716
f 579/876/723 576/872/722 353/848/716
f 582/880/724 579/876/723 353/848/716
f 585/884/725 582/880/724 353/848/716
f 588/888/726 585/884/725 353/848/716
f 591/892/727 588/888/726 353/848/716
f 594/896/728 591/892/727 353/848/716
f 597/900/729 594/896/728 353/848/716
f 600/904/730 597/900/729 353/848/716
f 603/908/731 600/904/730 353/848/716
f 606/912/732 603/908/731 353/848/716
f 609/916/733 606/912/732 353/848/716
f 612/920/734 609/916/733 353/848/716
f 615/924/735 612/920/734 353/848/716
f 618/928/736 615/924/735 353/848/716
f 621/932/737 618/928/736 353/848/716
f 624/936/738 621/932/737 353/848/716
f 627/940/739 624/936/738 353/848/716
f 630/944/740 627/940/739 353/848/716
f 633/943/741 630/944/740 353/848/716
f 636/939/742 633/943/741 353/848/716
f 639/935/743 636/939/742 353/848/716
f 642/931/744 639/935/743 353/848/716
f 645/927/745 642/931/744 353/848/716
f 648/923/746 645/927/745 353/848/716
f 651/919/747 648/923/746 353/848/716
f 654/915/748 651/919/747 353/848/716
f 657/911/749 654/915/748 353/848/716
f 660/907/750 657/911/749 353/848/716
f 663/903/751 660/907/750 353/848/716
f 666/899/752 663/903/751 353/848/716
f 669/895/753 666/899/752 353/848/716
f 672/891/754 669/895/753 353/848/716
f 675/887/755 672/891/754 353/848/716
f 678/883/756 675/887/755 353/848/716
f 681/879/757 678/883/756 353/848/716
f 684/875/758 681/879/757 353/848/716
f 687/871/759 684/875/758 353/848/716
f 690/867/760 687/871/759 353/848/716
f 693/863/761 690/867/760 353/848/716
f 696/859/762 693/863/761 353/848/716
f 699/855/763 696/859/762 353/848/716
f 702/851/764 699/855/763 353/848/716
f 555/847/715 702/851/764 353/848/716
s 4
f 557/178/765 560/179/766 359/171/520 355/167/511
f 560/179/766 563/190/767 363/180/524 359/171/520
f 563/190/767 566/200/768 367/191/528 363/180/524
f 566/200/768 569/210/769 371/201/532 367/191/528
f 569/210/769 572/220/770 375/211/537 371/201/532
f 572/220/770 575/230/771 379/221/540 375/211/537
f 575/230/771 578/240/772 383/231/543 379/221/540
f 578/1261/772 581/1262/773 387/1259/547 383/1258/543
f 581/1262/773 584/1267/774 391/1263/551 387/1259/547
f 584/1267/774 587/1271/775 395/1268/555 391/1263/551
f 587/1271/775 590/1275/776 399/1272/559 395/1268/555
f 590/1275/776 593/1279/777 403/1276/564 399/1272/559
f 593/1279/777 596/1283/778 407/1280/569 403/1276/564
f 596/1283/778 599/1287/779 411/1284/572 407/1280/569
f 599/1287/779 602/1291/780 415/1288/575 411/1284/572
f 602/1291/780 605/1295/781 419/1292/579 415/1288/575
f 605/292/781 608/284/782 423/273/583 419/283/579
f 608/284/782 611/274/783 427/263/587 423/273/583
f 611/274/783 614/264/784 431/255/591 427/263/587
f 614/264/784 617/256/785 435/251/595 431/255/591
f 617/256/785 620/257/786 439/252/600 435/251/595
f 620/257/786 623/268/787 443/258/605 439/252/600
f 623/268/787 626/278/788 447/269/609 443/258/605
f 626/278/788 629/288/789 451/279/613 447/269/609
f 629/288/789 632/295/790 455/289/618 451/279/613
f 632/295/790 635/301/791 459/296/622 455/289/618
f 635/301/791 638/306/792 463/302/626 459/296/622
f 638/306/792 641/311/793 467/307/631 463/302/626
f 641/311/793 644/316/794 471/312/635 467/307/631
f 644/316/794 647/321/795 475/317/638 471/312/635
f 647/321/795 650/326/796 479/322/642 475/317/638
f 650/326/796 653/331/797 483/327/646 479/322/642
f 653/1301/797 656/1302/798 487/1299/650 483/1298/646
f 656/1302/798 659/1307/799 491/1303/654 487/1299/650
f 659/1307/799 662/1311/800 495/1308/658 491/1303/654
f 662/1311/800 665/1315/801 499/1312/662 495/1308/658
f 665/1315/801 668/1319/802 503/1316/666 499/1312/662
f 668/1319/802 671/1323/803 507/1320/670 503/1316/666
f 671/1323/803 674/1327/804 511/1324/675 507/1320/670
f 674/1327/804 677/1331/805 515/1328/679 511/1324/675
f 677/1331/805 680/1335/806 519/1332/683 515/1328/679
f 680/247/806 683/244/807 523/236/687 519/243/683
f 683/244/807 686/237/808 527/226/691 523/236/687
f 686/237/808 689/227/809 531/216/696 527/226/691
f 689/227/809 692/217/810 535/206/700 531/216/696
f 692/217/810 695/207/811 539/196/704 535/206/700
f 695/207/811 698/197/812 543/185/709 539/196/704
f 698/197/812 701/186/813 547/176/713 543/185/709
f 701/186/813 704/177/814 551/170/514 547/176/713
f 704/177/814 557/178/765 355/167/511 551/170/514
s 6
f 555/847/715 556/849/815 703/853/816 702/851/764
s 4
f 556/187/817 557/178/765 704/177/814 703/188/818
f 557/178/765 556/187/817 559/189/819 560/179/766
s 6
f 556/849/815 555/847/715 558/846/714 559/850/820
s 4
f 560/179/766 559/189/819 562/199/821 563/190/767
s 6
f 559/850/820 558/846/714 561/852/717 562/854/822
s 4
f 563/190/767 562/199/821 565/209/823 566/200/768
s 6
f 562/854/822 561/852/717 564/856/718 565/858/824
s 4
f 566/200/768 565/209/823 568/219/825 569/210/769
s 6
f 565/858/824 564/856/718 567/860/719 568/862/826
s 4
f 569/210/769 568/219/825 571/229/827 572/220/770
s 6
f 568/862/826 567/860/719 570/864/720 571/866/828
s 4
f 572/220/770 571/229/827 574/239/829 575/230/771
s 6
f 571/866/828 570/864/720 573/868/721 574/870/830
s 4
f 575/230/771 574/239/829 577/246/831 578/240/772
s 6
f 574/870/830 573/868/721 576/872/722 577/874/832
s 4
f 578/1261/772 577/1265/831 580/1266/833 581/1262/773
s 6
f 577/874/832 576/872/722 579/876/723 580/878/834
s 4
f 581/1262/773 580/1266/833 583/1270/835 584/1267/774
s 6
f 580/878/834 579/876/723 582/880/724 583/882/836
s 4
f 584/1267/774 583/1270/835 586/1274/837 587/1271/775
s 6
f 583/882/836 582/880/724 585/884/725 586/886/838
s 4
f 587/1271/775 586/1274/837 589/1278/839 590/1275/776
s 6
f 586/886/838 585/884/725 588/888/726 589/890/840
s 4
f 590/1275/776 589/1278/839 592/1282/841 593/1279/777
s 6
f 589/890/840 588/888/726 591/892/727 592/894/842
s 4
f 593/1279/777 592/1282/841 595/1286/843 596/1283/778
s 6
f 592/894/842 591/892/727 594/896/728 595/898/844
s 4
f 596/1283/778 595/1286/843 598/1290/845 599/1287/779
s 6
f 595/898/844 594/896/728 597/900/729 598/902/846
s 4
f 599/1287/779 598/1290/845 601/1294/847 602/1291/780
s 6
f 598/902/846 597/900/729 600/904/730 601/906/848
s 4
f 602/1291/780 601/1294/847 604/1296/849 605/1295/781
s 6
f 601/906/848 600/904/730 603/908/731 604/910/850
s 4
f 605/292/781 604/299/849 607/293/851 608/284/782
s 6
f 604/910/850 603/908/731 606/912/732 607/914/852
s 4
f 608/284/782 607/293/851 610/286/853 611/274/783
s 6
f 607/914/852 606/912/732 609/916/733 610/918/854
s 4
f 611/274/783 610/286/853 613/276/855 614/264/784
s 6
f 610/918/854 609/916/733 612/920/734 613/922/856
s 4
f 614/264/784 613/276/855 616/266/857 617/256/785
s 6
f 613/922/856 612/920/734 615/924/735 616/926/858
s 4
f 617/256/785 616/266/857 619/267/859 620/257/786
s 6
f 616/926/858 615/924/735 618/928/736 619/930/860
s 4
f 620/257/786 619/267/859 622/277/861 623/268/787
s 6
f 619/930/860 618/928/736 621/932/737 622/934/862
s 4
f 623/268/787 622/277/861 625/287/863 626/278/788
s 6
f 622/934/862 621/932/737 624/936/738 625/938/864
s 4
f 626/278/788 625/287/863 628/294/865 629/288/789
s 6
f 625/938/864 624/936/738 627/940/739 628/942/866
s 4
f 629/288/789 628/294/865 631/300/867 632/295/790
s 6
f 628/942/866 627/940/739 630/944/740 631/946/868
s 4
f 632/295/790 631/300/867 634/305/869 635/301/791
s 6
f 631/946/868 630/944/740 633/943/741 634/945/870
s 4
f 635/301/791 634/305/869 637/310/871 638/306/792
s 6
f 634/945/870 633/943/741 636/939/742 637/941/872
s 4
f 638/306/792 637/310/871 640/315/873 641/311/793
s 6
f 637/941/872 636/939/742 639/935/743 640/937/874
s 4
f 641/311/793 640/315/873 643/320/875 644/316/794
s 6
f 640/937/874 639/935/743 642/931/744 643/933/876
s 4
f 644/316/794 643/320/875 646/325/877 647/321/795
s 6
f 643/933/876 642/931/744 645/927/745 646/929/878
s 4
f 647/321/795 646/325/877 649/330/879 650/326/796
s 6
f 646/929/878 645/927/745 648/923/746 649/925/880
s 4
f 650/326/796 649/330/879 652/332/881 653/331/797
s 6
f 649/925/880 648/923/746 651/919/747 652/921/882
s 4
f 653/1301/797 652/1305/881 655/1306/883 656/1302/798
s 6
f 652/921/882 651/919/747 654/915/748 655/917/884
s 4
f 656/1302/798 655/1306/883 658/1310/885 659/1307/799
s 6
f 655/917/884 654/915/748 657/911/749 658/913/886
s 4
f 659/1307/799 658/1310/885 661/1314/887 662/1311/800
s 6
f 658/913/886 657/911/749 660/907/750 661/909/888
s 4
f 662/1311/800 661/1314/887 664/1318/889 665/1315/801
s 6
f 661/909/888 660/907/750 663/903/751 664/905/890
s 4
f 665/1315/801 664/1318/889 667/1322/891 668/1319/802
s 6
f 664/905/890 663/903/751 666/899/752 667/901/892
s 4
f 668/1319/802 667/1322/891 670/1326/893 671/1323/803
s 6
f 667/901/892 666/899/752 669/895/753 670/897/894
s 4
f 671/1323/803 670/1326/893 673/1330/895 674/1327/804
s 6
f 670/897/894 669/895/753 672/891/754 673/893/896
s 4
f 674/1327/804 673/1330/895 676/1334/897 677/1331/805
s 6
f 673/893/896 672/891/754 675/887/755 676/889/898
s 4
f 677/1331/805 676/1334/897 679/1336/899 680/1335/806
s 6
f 676/889/898 675/887/755 678/883/756 679/885/900
s 4
f 680/247/806 679/249/899 682/248/901 683/244/807
s 6
f 679/885/900 678/883/756 681/879/757 682/881/902
s 4
f 683/244/807 682/248/901 685/245/903 686/237/808
s 6
f 682/881/902 681/879/757 684/875/758 685/877/904
s 4
f 686/237/808 685/245/903 688/238/905 689/227/809
s 6
f 685/877/904 684/875/758 687/871/759 688/873/906
s 4
f 689/227/809 688/238/905 691/228/907 692/217/810
s 6
f 688/873/906 687/871/759 690/867/760 691/869/908
s 4
f 692/217/810 691/228/907 694/218/909 695/207/811
s 6
f 691/869/908 690/867/760 693/863/761 694/865/910
s 4
f 695/207/811 694/218/909 697/208/911 698/197/812
s 6
f 694/865/910 693/863/761 696/859/762 697/861/912
s 4
f 698/197/812 697/208/911 700/198/913 701/186/813
s 6
f 697/861/912 696/859/762 699/855/763 700/857/914
s 4
f 701/186/813 700/198/913 703/188/818 704/177/814
s 6
f 700/857/914 699/855/763 702/851/764 703/853/816
s 7
f 710/947/915 714/948/916 706/949/917
f 714/948/916 718/952/918 706/949/917
f 718/952/918 722/956/919 706/949/917
f 722/956/919 726/960/920 706/949/917
f 726/960/920 730/964/921 706/949/917
f 730/964/921 734/968/922 706/949/917
f 734/968/922 738/972/923 706/949/917
f 738/972/923 742/978/924 706/949/917
f 742/978/924 746/983/925 706/949/917
f 746/983/925 750/988/926 706/949/917
f 750/988/926 754/995/927 706/949/917
f 754/995/927 758/1001/928 706/949/917
f 758/1001/928 762/1007/929 706/949/917
f 762/1007/929 766/1013/930 706/949/917
f 766/1013/930 770/1019/931 706/949/917
f 770/1019/931 774/1025/932 706/949/917
f 774/1025/932 778/1031/933 706/949/917
f 778/1031/933 782/1037/934 706/949/917
f 782/1037/934 786/1043/935 706/949/917
f 786/1043/935 790/1049/936 706/949/917
f 790/1049/936 794/1054/937 706/949/917
f 794/1054/937 798/1059/938 706/949/917
f 798/1059/938 802/1064/939 706/949/917
f 802/1064/939 806/1068/940 706/949/917
f 806/1068/940 810/1072/941 706/949/917
f 810/1072/941 814/1073/942 706/949/917
f 814/1073/942 818/1069/943 706/949/917
f 818/1069/943 822/1065/944 706/949/917
f 822/1065/944 826/1060/945 706/949/917
f 826/1060/945 830/1055/946 706/949/917
f 830/1055/946 834/1050/947 706/949/917
f 834/1050/947 838/1044/948 706/949/917
f 838/1044/948 842/1038/949 706/949/917
f 842/1038/949 846/1032/950 706/949/917
f 846/1032/950 850/1026/951 706/949/917
f 850/1026/951 854/1020/952 706/949/917
f 854/1020/952 858/1014/953 706/949/917
f 858/1014/953 862/1008/954 706/949/917
f 862/1008/954 866/1002/955 706/949/917
f 866/1002/955 870/996/956 706/949/917
f 870/996/956 874/989/957 706/949/917
f 874/989/957 878/984/958 706/949/917
f 878/984/958 882/979/959 706/949/917
f 882/979/959 886/973/960 706/949/917
f 886/973/960 890/969/961 706/949/917
f 890/969/961 894/965/962 706/949/917
f 894/965/962 898/961/963 706/949/917
f 898/961/963 902/957/964 706/949/917
f 902/957/964 906/953/965 706/949/917
f 906/953/965 710/947/915 706/949/917
f 709/950/966 710/947/915 906/953/965 905/954/967
f 707/333/968 708/334/969 904/335/970 903/336/971
f 708/334/972 709/339/966 905/340/967 904/335/973
f 710/947/915 709/950/966 713/951/974 714/948/916
f 709/339/966 708/334/972 712/338/975 713/348/976
f 708/334/969 707/333/968 711/337/977 712/338/978
f 714/948/916 713/951/974 717/955/979 718/952/918
f 713/348/976 712/338/975 716/347/980 717/359/979
f 712/338/978 711/337/977 715/346/981 716/347/982
f 718/952/918 717/955/979 721/959/983 722/956/919
f 717/359/979 716/347/980 720/358/984 721/369/983
f 716/347/982 715/346/981 719/357/985 720/358/986
f 722/956/919 721/959/983 725/963/987 726/960/920
f 721/369/983 720/358/984 724/368/988 725/379/987
f 720/358/986 719/357/985 723/367/989 724/368/990
f 726/960/920 725/963/987 729/967/991 730/964/921
f 725/379/987 724/368/988 728/378/992 729/389/993
f 724/368/990 723/367/989 727/377/994 728/378/992
f 730/964/921 729/967/991 733/971/995 734/968/922
f 729/967/993 728/975/992 732/976/996 733/971/995
f 728/378/992 727/377/994 731/387/997 732/388/996
f 734/968/922 733/971/995 737/977/998 738/972/923
f 733/971/995 732/976/996 736/981/999 737/977/998
f 732/388/996 731/387/997 735/397/1000 736/398/1001
f 738/972/923 737/977/998 741/982/1002 742/978/924
f 737/977/998 736/981/999 740/986/1003 741/982/1002
f 736/1337/1001 735/1338/1000 739/1339/1004 740/1340/1005
f 742/978/924 741/982/1002 745/987/1006 746/983/925
f 741/982/1002 740/986/1003 744/993/1007 745/987/1006
f 740/1340/1005 739/1339/1004 743/1343/1008 744/1344/1007
f 746/983/925 745/987/1006 749/994/1009 750/988/926
f 745/987/1006 744/993/1007 748/999/1010 749/994/1011
f 744/1344/1007 743/1343/1008 747/1348/1012 748/1349/1010
f 750/988/926 749/994/1009 753/1000/1013 754/995/927
f 749/994/1011 748/999/1010 752/1005/1014 753/1000/1015
f 748/1349/1010 747/1348/1012 751/1352/1016 752/1353/1017
f 754/995/927 753/1000/1013 757/1006/1018 758/1001/928
f 753/1000/1015 752/1005/1014 756/1011/1019 757/1006/1020
f 752/1353/1017 751/1352/1016 755/1356/1021 756/1357/1022
f 758/1001/928 757/1006/1018 761/1012/1023 762/1007/929
f 757/1006/1020 756/1011/1019 760/1017/1024 761/1012/1025
f 756/1357/1022 755/1356/1021 759/1360/1026 760/1361/1024
f 762/1007/929 761/1012/1023 765/1018/1027 766/1013/930
f 761/1012/1025 760/1017/1024 764/1023/1028 765/1018/1027
f 760/1361/1024 759/1360/1026 763/1364/1029 764/1365/1028
f 766/1013/930 765/1018/1027 769/1024/1030 770/1019/931
f 765/1018/1027 764/1023/1028 768/1029/1031 769/1024/1030
f 764/1365/1028 763/1364/1029 767/1368/1032 768/1369/1033
f 770/1019/931 769/1024/1030 773/1030/1034 774/1025/932
f 769/1024/1030 768/1029/1031 772/1035/1035 773/1030/1034
f 768/1369/1033 767/1368/1032 771/1372/1036 772/1373/1037
f 774/1025/932 773/1030/1034 777/1036/1038 778/1031/933
f 773/1030/1034 772/1035/1035 776/1041/1039 777/1036/1038
f 772/446/1037 771/447/1036 775/437/1040 776/436/1041
f 778/1031/933 777/1036/1038 781/1042/1042 782/1037/934
f 777/1036/1038 776/1041/1039 780/1047/1043 781/1042/1042
f 776/436/1041 775/437/1040 779/427/1044 780/426/1045
f 782/1037/934 781/1042/1042 785/1048/1046 786/1043/935
f 781/439/1042 780/426/1043 784/418/1047 785/429/1046
f 780/426/1045 779/427/1044 783/419/1048 784/418/1049
f 786/1043/935 785/1048/1046 789/1053/1050 790/1049/936
f 785/429/1046 784/418/1047 788/414/1051 789/424/1050
f 784/418/1049 783/419/1048 787/415/1052 788/414/1053
f 790/1049/936 789/1053/1050 793/1058/1054 794/1054/937
f 789/424/1050 788/414/1051 792/417/1055 793/425/1056
f 788/414/1053 787/415/1052 791/416/1057 792/417/1058
f 794/1054/937 793/1058/1054 797/1063/1059 798/1059/938
f 793/425/1056 792/417/1055 796/423/1060 797/435/1061
f 792/417/1058 791/416/1057 795/422/1062 796/423/1060
f 798/1059/938 797/1063/1059 801/1067/1063 802/1064/939
f 797/435/1061 796/423/1060 800/434/1064 801/445/1065
f 796/423/1060 795/422/1062 799/433/1066 800/434/1064
f 802/1064/939 801/1067/1063 805/1071/1067 806/1068/940
f 801/445/1065 800/434/1064 804/444/1068 805/454/1069
f 800/434/1064 799/433/1066 803/443/1070 804/444/1071
f 806/1068/940 805/1071/1067 809/1075/1072 810/1072/941
f 805/454/1069 804/444/1068 808/453/1073 809/461/1074
f 804/444/1071 803/443/1070 807/452/1075 808/453/1073
f 810/1072/941 809/1075/1072 813/1074/1076 814/1073/942
f 809/461/1074 808/453/1073 812/460/1077 813/467/1078
f 808/453/1073 807/452/1075 811/459/1079 812/460/1077
f 814/1073/942 813/1074/1076 817/1070/1080 818/1069/943
f 813/467/1078 812/460/1077 816/466/1081 817/472/1082
f 812/460/1077 811/459/1079 815/465/1083 816/466/1084
f 818/1069/943 817/1070/1080 821/1066/1085 822/1065/944
f 817/472/1082 816/466/1081 820/471/1086 821/477/1087
f 816/466/1084 815/465/1083 819/470/1088 820/471/1086
f 822/1065/944 821/1066/1085 825/1061/1089 826/1060/945
f 821/477/1087 820/471/1086 824/476/1090 825/482/1091
f 820/471/1086 819/470/1088 823/475/1092 824/476/1090
f 826/1060/945 825/1061/1089 829/1056/1093 830/1055/946
f 825/482/1091 824/476/1090 828/481/1094 829/487/1093
f 824/476/1090 823/475/1092 827/480/1095 828/481/1096
f 830/1055/946 829/1056/1093 833/1051/1097 834/1050/947
f 829/1056/1093 828/1062/1094 832/1057/1098 833/1051/1097
f 828/481/1096 827/480/1095 831/485/1099 832/486/1100
f 834/1050/947 833/1051/1097 837/1045/1101 838/1044/948
f 833/1051/1097 832/1057/1098 836/1052/1102 837/1045/1101
f 832/486/1100 831/485/1099 835/490/1103 836/491/1104
f 838/1044/948 837/1045/1101 841/1039/1105 842/1038/949
f 837/1045/1101 836/1052/1102 840/1046/1106 841/1039/1105
f 836/1377/1104 835/1378/1103 839/1379/1107 840/1380/1108
f 842/1038/949 841/1039/1105 845/1033/1109 846/1032/950
f 841/1039/1105 840/1046/1106 844/1040/1110 845/1033/1109
f 840/1380/1108 839/1379/1107 843/1383/1111 844/1384/1112
f 846/1032/950 845/1033/1109 849/1027/1113 850/1026/951
f 845/1033/1109 844/1040/1110 848/1034/1114 849/1027/1113
f 844/1384/1112 843/1383/1111 847/1388/1115 848/1389/1116
f 850/1026/951 849/1027/1113 853/1021/1117 854/1020/952
f 849/1027/1113 848/1034/1114 852/1028/1118 853/1021/1117
f 848/1389/1116 847/1388/1115 851/1392/1119 852/1393/1120
f 854/1020/952 853/1021/1117 857/1015/1121 858/1014/953
f 853/1021/1117 852/1028/1118 856/1022/1122 857/1015/1121
f 852/1393/1120 851/1392/1119 855/1396/1123 856/1397/1124
f 858/1014/953 857/1015/1121 861/1009/1125 862/1008/954
f 857/1015/1121 856/1022/1122 860/1016/1126 861/1009/1125
f 856/1397/1124 855/1396/1123 859/1400/1127 860/1401/1128
f 862/1008/954 861/1009/1125 865/1003/1129 866/1002/955
f 861/1009/1125 860/1016/1126 864/1010/1130 865/1003/1131
f 860/1401/1128 859/1400/1127 863/1404/1132 864/1405/1133
f 866/1002/955 865/1003/1129 869/997/1134 870/996/956
f 865/1003/1131 864/1010/1130 868/1004/1135 869/997/1134
f 864/1405/1133 863/1404/1132 867/1408/1136 868/1409/1137
f 870/996/956 869/997/1134 873/990/1138 874/989/957
f 869/997/1134 868/1004/1135 872/998/1139 873/990/1138
f 868/1409/1137 867/1408/1136 871/1412/1140 872/1413/1141
f 874/989/957 873/990/1138 877/985/1142 878/984/958
f 873/990/1138 872/998/1139 876/991/1143 877/985/1142
f 872/406/1141 871/407/1140 875/401/1144 876/400/1145
f 878/984/958 877/985/1142 881/980/1146 882/979/959
f 877/985/1142 876/991/1143 880/992/1147 881/980/1146
f 876/400/1145 875/401/1144 879/392/1148 880/391/1149
f 882/979/959 881/980/1146 885/974/1150 886/973/960
f 881/399/1146 880/391/1147 884/381/1151 885/390/1152
f 880/391/1149 879/392/1148 883/382/1153 884/381/1151
f 886/973/960 885/974/1150 889/970/1154 890/969/961
f 885/390/1152 884/381/1151 888/371/1155 889/380/1156
f 884/381/1151 883/382/1153 887/372/1157 888/371/1155
f 890/969/961 889/970/1154 893/966/1158 894/965/962
f 889/380/1156 888/371/1155 892/361/1159 893/370/1160
f 888/371/1155 887/372/1157 891/362/1161 892/361/1162
f 894/965/962 893/966/1158 897/962/1163 898/961/963
f 893/370/1160 892/361/1159 896/350/1164 897/360/1165
f 892/361/1162 891/362/1161 895/351/1166 896/350/1164
f 898/961/963 897/962/1163 901/958/1167 902/957/964
f 897/360/1165 896/350/1164 900/341/1168 901/349/1169
f 896/350/1164 895/351/1166 899/342/1170 900/341/1168
f 902/957/964 901/958/1167 905/954/967 906/953/965
f 901/349/1169 900/341/1168 904/335/973 905/340/967
f 900/341/1168 899/342/1170 903/336/971 904/335/970
s 9
f 910/1076/1171 907/1077/1172 705/1078/1173
f 913/1082/1174 910/1076/1171 705/1078/1173
f 916/1086/1175 913/1082/1174 705/1078/1173
f 919/1090/1176 916/1086/1175 705/1078/1173
f 922/1094/1177 919/1090/1176 705/1078/1173
f 925/1098/1178 922/1094/1177 705/1078/1173
f 928/1102/1179 925/1098/1178 705/1078/1173
f 931/1106/1180 928/1102/1179 705/1078/1173
f 934/1110/1181 931/1106/1180 705/1078/1173
f 937/1114/1182 934/1110/1181 705/1078/1173
f 940/1118/1183 937/1114/1182 705/1078/1173
f 943/1122/1184 940/1118/1183 705/1078/1173
f 946/1126/1185 943/1122/1184 705/1078/1173
f 949/1130/1186 946/1126/1185 705/1078/1173
f 952/1134/1187 949/1130/1186 705/1078/1173
f 955/1138/1188 952/1134/1187 705/1078/1173
f 958/1142/1189 955/1138/1188 705/1078/1173
f 961/1146/1190 958/1142/1189 705/1078/1173
f 964/1150/1191 961/1146/1190 705/1078/1173
f 967/1154/1192 964/1150/1191 705/1078/1173
f 970/1158/1193 967/1154/1192 705/1078/1173
f 973/1162/1194 970/1158/1193 705/1078/1173
f 976/1166/1195 973/1162/1194 705/1078/1173
f 979/1170/1196 976/1166/1195 705/1078/1173
f 982/1174/1197 979/1170/1196 705/1078/1173
f 985/1173/1198 982/1174/1197 705/1078/1173
f 988/1169/1199 985/1173/1198 705/1078/1173
f 991/1165/1200 988/1169/1199 705/1078/1173
f 994/1161/1201 991/1165/1200 705/1078/1173
f 997/1157/1202 994/1161/1201 705/1078/1173
f 1000/1153/1203 997/1157/1202 705/1078/1173
f 1003/1149/1204 1000/1153/1203 705/1078/1173
f 1006/1145/1205 1003/1149/1204 705/1078/1173
f 1009/1141/1206 1006/1145/1205 705/1078/1173
f 1012/1137/1207 1009/1141/1206 705/1078/1173
f 1015/1133/1208 1012/1137/1207 705/1078/1173
f 1018/1129/1209 1015/1133/1208 705/1078/1173
f 1021/1125/1210 1018/1129/1209 705/1078/1173
f 1024/1121/1211 1021/1125/1210 705/1078/1173
f 1027/1117/1212 1024/1121/1211 705/1078/1173
f 1030/1113/1213 1027/1117/1212 705/1078/1173
f 1033/1109/1214 1030/1113/1213 705/1078/1173
f 1036/1105/1215 1033/1109/1214 705/1078/1173
f 1039/1101/1216 1036/1105/1215 705/1078/1173
f 1042/1097/1217 1039/1101/1216 705/1078/1173
f 1045/1093/1218 1042/1097/1217 705/1078/1173
f 1048/1089/1219 1045/1093/1218 705/1078/1173
f 1051/1085/1220 1048/1089/1219 705/1078/1173
f 1054/1081/1221 1051/1085/1220 705/1078/1173
f 907/1077/1172 1054/1081/1221 705/1078/1173
s 7
f 909/344/1222 912/345/1223 711/337/977 707/333/968
f 912/345/1223 915/356/1224 715/346/981 711/337/977
f 915/356/1224 918/366/1225 719/357/985 715/346/981
f 918/366/1225 921/376/1226 723/367/989 719/357/985
f 921/376/1226 924/386/1227 727/377/994 723/367/989
f 924/386/1227 927/396/1228 731/387/997 727/377/994
f 927/396/1228 930/405/1229 735/397/1000 731/387/997
f 930/1341/1229 933/1342/1230 739/1339/1004 735/1338/1000
f 933/1342/1230 936/1347/1231 743/1343/1008 739/1339/1004
f 936/1347/1231 939/1351/1232 747/1348/1012 743/1343/1008
f 939/1351/1232 942/1355/1233 751/1352/1016 747/1348/1012
f 942/1355/1233 945/1359/1234 755/1356/1021 751/1352/1016
f 945/1359/1234 948/1363/1235 759/1360/1026 755/1356/1021
f 948/1363/1235 951/1367/1236 763/1364/1029 759/1360/1026
f 951/1367/1236 954/1371/1237 767/1368/1032 763/1364/1029
f 954/1371/1237 957/1375/1238 771/1372/1036 767/1368/1032
f 957/455/1238 960/448/1239 775/437/1040 771/447/1036
f 960/448/1239 963/438/1240 779/427/1044 775/437/1040
f 963/438/1240 966/428/1241 783/419/1048 779/427/1044
f 966/428/1241 969/420/1242 787/415/1052 783/419/1048
f 969/420/1242 972/421/1243 791/416/1057 787/415/1052
f 972/421/1243 975/432/1244 795/422/1062 791/416/1057
f 975/432/1244 978/442/1245 799/433/1066 795/422/1062
f 978/442/1245 981/451/1246 803/443/1070 799/433/1066
f 981/451/1246 984/458/1247 807/452/1075 803/443/1070
f 984/458/1247 987/464/1248 811/459/1079 807/452/1075
f 987/464/1248 990/469/1249 815/465/1083 811/459/1079
f 990/469/1249 993/474/1250 819/470/1088 815/465/1083
f 993/474/1250 996/479/1251 823/475/1092 819/470/1088
f 996/479/1251 999/484/1252 827/480/1095 823/475/1092
f 999/484/1252 1002/489/1253 831/485/1099 827/480/1095
f 1002/489/1253 1005/493/1254 835/490/1103 831/485/1099
f 1005/1381/1254 1008/1382/1255 839/1379/1107 835/1378/1103
f 1008/1382/1255 1011/1387/1256 843/1383/1111 839/1379/1107
f 1011/1387/1256 1014/1391/1257 847/1388/1115 843/1383/1111
f 1014/1391/1257 1017/1395/1258 851/1392/1119 847/1388/1115
f 1017/1395/1258 1020/1399/1259 855/1396/1123 851/1392/1119
f 1020/1399/1259 1023/1403/1260 859/1400/1127 855/1396/1123
f 1023/1403/1260 1026/1407/1261 863/1404/1132 859/1400/1127
f 1026/1407/1261 1029/1411/1262 867/1408/1136 863/1404/1132
f 1029/1411/1262 1032/1415/1263 871/1412/1140 867/1408/1136
f 1032/411/1263 1035/408/1264 875/401/1144 871/407/1140
f 1035/408/1264 1038/402/1265 879/392/1148 875/401/1144
f 1038/402/1265 1041/393/1266 883/382/1153 879/392/1148
f 1041/393/1266 1044/383/1267 887/372/1157 883/382/1153
f 1044/383/1267 1047/373/1268 891/362/1161 887/372/1157
f 1047/373/1268 1050/363/1269 895/351/1166 891/362/1161
f 1050/363/1269 1053/352/1270 899/342/1170 895/351/1166
f 1053/352/1270 1056/343/1271 903/336/971 899/342/1170
f 1056/343/1271 909/344/1222 707/333/968 903/336/971
s 9
f 907/1077/1172 908/1079/1272 1055/1083/1273 1054/1081/1221
s 7
f 908/353/1274 909/344/1222 1056/343/1271 1055/354/1275
f 909/344/1222 908/353/1274 911/355/1276 912/345/1223
s 9
f 908/1079/1272 907/1077/1172 910/1076/1171 911/1080/1277
s 7
f 912/345/1223 911/355/1276 914/365/1278 915/356/1224
s 9
f 911/1080/1277 910/1076/1171 913/1082/1174 914/1084/1279
s 7
f 915/356/1224 914/365/1278 917/375/1280 918/366/1225
s 9
f 914/1084/1279 913/1082/1174 916/1086/1175 917/1088/1281
s 7
f 918/366/1225 917/375/1280 920/385/1282 921/376/1226
s 9
f 917/1088/1281 916/1086/1175 919/1090/1176 920/1092/1283
s 7
f 921/376/1226 920/385/1282 923/395/1284 924/386/1227
s 9
f 920/1092/1283 919/1090/1176 922/1094/1177 923/1096/1285
s 7
f 924/386/1227 923/395/1284 926/404/1286 927/396/1228
s 9
f 923/1096/1285 922/1094/1177 925/1098/1178 926/1100/1287
s 7
f 927/396/1228 926/404/1286 929/410/1288 930/405/1229
s 9
f 926/1100/1287 925/1098/1178 928/1102/1179 929/1104/1289
s 7
f 930/1341/1229 929/1345/1288 932/1346/1290 933/1342/1230
s 9
f 929/1104/1289 928/1102/1179 931/1106/1180 932/1108/1291
s 7
f 933/1342/1230 932/1346/1290 935/1350/1292 936/1347/1231
s 9
f 932/1108/1291 931/1106/1180 934/1110/1181 935/1112/1293
s 7
f 936/1347/1231 935/1350/1292 938/1354/1294 939/1351/1232
s 9
f 935/1112/1293 934/1110/1181 937/1114/1182 938/1116/1295
s 7
f 939/1351/1232 938/1354/1294 941/1358/1296 942/1355/1233
s 9
f 938/1116/1295 937/1114/1182 940/1118/1183 941/1120/1297
s 7
f 942/1355/1233 941/1358/1296 944/1362/1298 945/1359/1234
s 9
f 941/1120/1297 940/1118/1183 943/1122/1184 944/1124/1299
s 7
f 945/1359/1234 944/1362/1298 947/1366/1300 948/1363/1235
s 9
f 944/1124/1299 943/1122/1184 946/1126/1185 947/1128/1301
s 7
f 948/1363/1235 947/1366/1300 950/1370/1302 951/1367/1236
s 9
f 947/1128/1301 946/1126/1185 949/1130/1186 950/1132/1303
s 7
f 951/1367/1236 950/1370/1302 953/1374/1304 954/1371/1237
s 9
f 950/1132/1303 949/1130/1186 952/1134/1187 953/1136/1305
s 7
f 954/1371/1237 953/1374/1304 956/1376/1306 957/1375/1238
s 9
f 953/1136/1305 952/1134/1187 955/1138/1188 956/1140/1307
s 7
f 957/455/1238 956/462/1306 959/456/1308 960/448/1239
s 9
f 956/1140/1307 955/1138/1188 958/1142/1189 959/1144/1309
s 7
f 960/448/1239 959/456/1308 962/449/1310 963/438/1240
s 9
f 959/1144/1309 958/1142/1189 961/1146/1190 962/1148/1311
s 7
f 963/438/1240 962/449/1310 965/440/1312 966/428/1241
s 9
f 962/1148/1311 961/1146/1190 964/1150/1191 965/1152/1313
s 7
f 966/428/1241 965/440/1312 968/430/1314 969/420/1242
s 9
f 965/1152/1313 964/1150/1191 967/1154/1192 968/1156/1315
s 7
f 969/420/1242 968/430/1314 971/431/1316 972/421/1243
s 9
f 968/1156/1315 967/1154/1192 970/1158/1193 971/1160/1317
s 7
f 972/421/1243 971/431/1316 974/441/1318 975/432/1244
s 9
f 971/1160/1317 970/1158/1193 973/1162/1194 974/1164/1319
s 7
f 975/432/1244 974/441/1318 977/450/1320 978/442/1245
s 9
f 974/1164/1319 973/1162/1194 976/1166/1195 977/1168/1321
s 7
f 978/442/1245 977/450/1320 980/457/1322 981/451/1246
s 9
f 977/1168/1321 976/1166/1195 979/1170/1196 980/1172/1323
s 7
f 981/451/1246 980/457/1322 983/463/1324 984/458/1247
s 9
f 980/1172/1323 979/1170/1196 982/1174/1197 983/1176/1325
s 7
f 984/458/1247 983/463/1324 986/468/1326 987/464/1248
s 9
f 983/1176/1325 982/1174/1197 985/1173/1198 986/1175/1327
s 7
f 987/464/1248 986/468/1326 989/473/1328 990/469/1249
s 9
f 986/1175/1327 985/1173/1198 988/1169/1199 989/1171/1329
s 7
f 990/469/1249 989/473/1328 992/478/1330 993/474/1250
s 9
f 989/1171/1329 988/1169/1199 991/1165/1200 992/1167/1331
s 7
f 993/474/1250 992/478/1330 995/483/1332 996/479/1251
s 9
f 992/1167/1331 991/1165/1200 994/1161/1201 995/1163/1333
s 7
f 996/479/1251 995/483/1332 998/488/1334 999/484/1252
s 9
f 995/1163/1333 994/1161/1201 997/1157/1202 998/1159/1335
s 7
f 999/484/1252 998/488/1334 1001/492/1336 1002/489/1253
s 9
f 998/1159/1335 997/1157/1202 1000/1153/1203 1001/1155/1337
s 7
f 1002/489/1253 1001/492/1336 1004/494/1338 1005/493/1254
s 9
f 1001/1155/1337 1000/1153/1203 1003/1149/1204 1004/1151/1339
s 7
f 1005/1381/1254 1004/1385/1338 1007/1386/1340 1008/1382/1255
s 9
f 1004/1151/1339 1003/1149/1204 1006/1145/1205 1007/1147/1341
s 7
f 1008/1382/1255 1007/1386/1340 1010/1390/1342 1011/1387/1256
s 9
f 1007/1147/1341 1006/1145/1205 1009/1141/1206 1010/1143/1343
s 7
f 1011/1387/1256 1010/1390/1342 1013/1394/1344 1014/1391/1257
s 9
f 1010/1143/1343 1009/1141/1206 1012/1137/1207 1013/1139/1345
s 7
f 1014/1391/1257 1013/1394/1344 1016/1398/1346 1017/1395/1258
s 9
f 1013/1139/1345 1012/1137/1207 1015/1133/1208 1016/1135/1347
s 7
f 1017/1395/1258 1016/1398/1346 1019/1402/1348 1020/1399/1259
s 9
f 1016/1135/1347 1015/1133/1208 1018/1129/1209 1019/1131/1349
s 7
f 1020/1399/1259 1019/1402/1348 1022/1406/1350 1023/1403/1260
s 9
f 1019/1131/1349 1018/1129/1209 1021/1125/1210 1022/1127/1351
s 7
f 1023/1403/1260 1022/1406/1350 1025/1410/1352 1026/1407/1261
s 9
f 1022/1127/1351 1021/1125/1210 1024/1121/1211 1025/1123/1353
s 7
f 1026/1407/1261 1025/1410/1352 1028/1414/1354 1029/1411/1262
s 9
f 1025/1123/1353 1024/1121/1211 1027/1117/1212 1028/1119/1355
s 7
f 1029/1411/1262 1028/1414/1354 1031/1416/1356 1032/1415/1263
s 9
f 1028/1119/1355 1027/1117/1212 1030/1113/1213 1031/1115/1357
s 7
f 1032/411/1263 1031/413/1356 1034/412/1358 1035/408/1264
s 9
f 1031/1115/1357 1030/1113/1213 1033/1109/1214 1034/1111/1359
s 7
f 1035/408/1264 1034/412/1358 1037/409/1360 1038/402/1265
s 9
f 1034/1111/1359 1033/1109/1214 1036/1105/1215 1037/1107/1361
s 7
f 1038/402/1265 1037/409/1360 1040/403/1362 1041/393/1266
s 9
f 1037/1107/1361 1036/1105/1215 1039/1101/1216 1040/1103/1363
s 7
f 1041/393/1266 1040/403/1362 1043/394/1364 1044/383/1267
s 9
f 1040/1103/1363 1039/1101/1216 1042/1097/1217 1043/1099/1365
s 7
f 1044/383/1267 1043/394/1364 1046/384/1366 1047/373/1268
s 9
f 1043/1099/1365 1042/1097/1217 1045/1093/1218 1046/1095/1367
s 7
f 1047/373/1268 1046/384/1366 1049/374/1368 1050/363/1269
s 9
f 1046/1095/1367 1045/1093/1218 1048/1089/1219 1049/1091/1369
s 7
f 1050/363/1269 1049/374/1368 1052/364/1370 1053/352/1270
s 9
f 1049/1091/1369 1048/1089/1219 1051/1085/1220 1052/1087/1371
s 7
f 1053/352/1270 1052/364/1370 1055/354/1275 1056/343/1271
s 9
f 1052/1087/1371 1051/1085/1220 1054/1081/1221 1055/1083/1273
