# This file uses centimeters as units for non-parametric coordinates.

mtllib ook3d.mtl
g default
v 1.124823 13.102302 2.620001
v 1.246773 13.347445 2.515984
v 1.151912 13.619297 2.462281
v 0.895806 13.758612 2.490352
v 0.628481 13.683780 2.583752
v 0.506530 13.438637 2.687769
v 0.601392 13.166784 2.741472
v 0.857497 13.027470 2.713401
v 1.389218 12.914490 2.836941
v 1.614553 13.367455 2.644742
v 1.439271 13.869772 2.545513
v 0.966050 14.127192 2.597381
v 0.472097 13.988920 2.769961
v 0.246762 13.535955 2.962160
v 0.422044 13.033638 3.061389
v 0.895265 12.776218 3.009521
v 1.610621 12.837597 3.148885
v 1.905035 13.429424 2.897765
v 1.676018 14.085733 2.768116
v 1.057726 14.422069 2.835885
v 0.412344 14.241408 3.061372
v 0.117930 13.649582 3.312492
v 0.346947 12.993272 3.442141
v 0.965240 12.656937 3.374373
v 1.755325 12.883330 3.508343
v 2.073997 13.523919 3.236533
v 1.826111 14.234303 3.096202
v 1.156875 14.598350 3.169554
v 0.458320 14.402804 3.413620
v 0.139648 13.762216 3.685430
v 0.387534 13.051831 3.825761
v 1.056770 12.687785 3.752409
v 1.801301 13.044726 3.860591
v 2.095715 13.636553 3.609471
v 1.866698 14.292863 3.479822
v 1.248405 14.629198 3.547590
v 0.603024 14.448538 3.773078
v 0.308610 13.856710 4.024198
v 0.537627 13.200401 4.153847
v 1.155919 12.864066 4.086079
v 1.741548 13.297215 4.152002
v 1.966883 13.750179 3.959803
v 1.791601 14.252497 3.860574
v 1.318380 14.509916 3.912442
v 0.824427 14.371645 4.085022
v 0.599092 13.918680 4.277221
v 0.774374 13.416363 4.376450
v 1.247595 13.158943 4.324583
v 1.585164 13.602355 4.338211
v 1.707115 13.847498 4.234194
v 1.612253 14.119350 4.180491
v 1.356148 14.258665 4.208562
v 1.088822 14.183833 4.301962
v 0.966871 13.938690 4.405979
v 1.061733 13.666838 4.459682
v 1.317839 13.527523 4.431611
v 0.857688 13.372440 2.531093
v 1.355957 13.913694 4.390870
v -1.585773 13.062049 2.577292
v -1.460627 13.322819 2.531205
v -1.554258 13.583589 2.436238
v -1.811817 13.691603 2.348020
v -2.082431 13.583589 2.318228
v -2.207577 13.322819 2.364315
v -2.113947 13.062049 2.459282
v -1.856387 12.954035 2.547500
v -1.420802 12.898870 2.890976
v -1.189562 13.380710 2.805820
v -1.362568 13.862550 2.630342
v -1.838476 14.062135 2.467336
v -2.338505 13.862550 2.412289
v -2.569745 13.380710 2.497446
v -2.396739 12.898870 2.672923
v -1.920831 12.699286 2.835929
v -1.348307 12.837797 3.269467
v -1.046178 13.467351 3.158205
v -1.272221 14.096905 2.928932
v -1.894025 14.357675 2.715955
v -2.547344 14.096905 2.644032
v -2.849474 13.467351 2.755295
v -2.623430 12.837797 2.984567
v -2.001626 12.577026 3.197545
v -1.379326 12.888126 3.655143
v -1.052303 13.569551 3.534713
v -1.296971 14.250975 3.286551
v -1.970007 14.533230 3.056026
v -2.677155 14.250975 2.978177
v -3.004177 13.569551 3.098607
v -2.759509 12.888126 3.346769
v -2.086474 12.605871 3.577294
v -1.509136 13.042196 3.989288
v -1.207007 13.671750 3.878025
v -1.433051 14.301304 3.648753
v -2.054854 14.562074 3.435775
v -2.708173 14.301304 3.363853
v -3.010303 13.671750 3.475115
v -2.784259 13.042196 3.704388
v -2.162456 12.781426 3.917365
v -1.717975 13.276551 4.221031
v -1.486735 13.758391 4.135874
v -1.659742 14.240231 3.960397
v -2.135650 14.439816 3.797391
v -2.635679 14.240231 3.742343
v -2.866919 13.758391 3.827500
v -2.693912 13.276551 4.002978
v -2.218004 13.076966 4.165984
v -1.974049 13.555512 4.315092
v -1.848903 13.816282 4.269005
v -1.942534 14.077052 4.174037
v -2.200093 14.185066 4.085819
v -2.470707 14.077052 4.056028
v -2.595853 13.816282 4.102115
v -2.502223 13.555512 4.197083
v -2.244663 13.447498 4.285300
v -1.818107 13.302490 2.376169
v -2.238374 13.836611 4.257151
v -3.428791 -5.938281 -0.252045
v -3.428791 -5.812787 -0.476559
v -3.428791 -5.652956 -0.252045
v -3.270254 -5.610994 0.111227
v -3.555871 -5.652956 0.474498
v -3.555871 -5.812787 0.699012
v -3.555871 -5.938281 0.474498
v -3.121152 -6.001655 0.111227
v -3.279380 -6.048536 -0.579756
v -3.279380 -5.904858 -1.006808
v -3.279380 -5.701571 -1.006807
v -3.279380 -5.492586 -0.579756
v -3.144519 -5.412752 0.111227
v -3.387480 -5.492586 0.802210
v -3.408775 -5.701571 1.431581
v -3.408775 -5.904858 1.431581
v -3.387480 -6.018916 0.802210
v -3.046666 -6.018917 -0.839830
v -3.159838 -5.938281 -1.427615
v -3.159838 -5.652956 -1.427615
v -3.046666 -5.365297 -0.839830
v -2.948684 -5.255426 0.111227
v -3.125205 -5.365297 1.062284
v -3.111717 -5.652956 0.853063
v -3.181171 -5.857346 0.596024
v -3.098346 -6.018917 0.416324
v -2.753428 -6.018918 -1.006808
v -2.812927 -5.959740 -1.697791
v -2.812927 -5.621744 -1.697790
v -2.753428 -5.283587 -1.006807
v -2.701916 -5.154422 0.111227
v -2.794719 -5.283587 1.229261
v -2.798330 -5.621744 1.142899
v -2.774330 -5.988303 0.598710
v -2.726528 -6.018917 0.374206
v -2.701916 -6.018919 0.111227
v -2.428372 -6.018919 -1.064344
v -2.428372 -5.967130 -1.790887
v -2.428372 -5.610994 -1.790886
v -2.428372 -5.255426 -1.064344
v -2.428372 -5.119620 0.111227
v -2.428372 -5.255434 1.286798
v -2.428372 -5.610994 2.013340
v -2.428372 -5.967130 2.013340
v -2.428372 -6.018918 1.286797
v -2.428372 -6.018919 0.111227
v -3.528210 -5.750245 0.111227
v -1.427954 -5.938281 -0.252045
v -1.427954 -5.812787 -0.476559
v -1.427954 -5.652956 -0.252045
v -1.586491 -5.610994 0.111227
v -1.300873 -5.652956 0.474498
v -1.300873 -5.812787 0.699012
v -1.300873 -5.938281 0.474498
v -1.735593 -6.001655 0.111227
v -1.577365 -6.048536 -0.579756
v -1.577365 -5.904858 -1.006808
v -1.577365 -5.701571 -1.006807
v -1.577365 -5.492586 -0.579756
v -1.712225 -5.412752 0.111227
v -1.469265 -5.492586 0.802210
v -1.447970 -5.701571 1.431581
v -1.447970 -5.904858 1.431581
v -1.469265 -6.018916 0.802210
v -1.810079 -6.018917 -0.839830
v -1.696906 -5.938281 -1.427615
v -1.696906 -5.652956 -1.427615
v -1.810079 -5.365297 -0.839830
v -1.908061 -5.255426 0.111227
v -1.731539 -5.365297 1.062284
v -1.745028 -5.652956 0.853063
v -1.675574 -5.857346 0.596024
v -1.758399 -6.018917 0.416324
v -2.103316 -6.018918 -1.006808
v -2.043818 -5.959740 -1.697791
v -2.043818 -5.621744 -1.697790
v -2.103316 -5.283587 -1.006807
v -2.154829 -5.154422 0.111227
v -2.062026 -5.283587 1.229261
v -2.058414 -5.621744 1.142899
v -2.082415 -5.988303 0.598710
v -2.130217 -6.018917 0.374206
v -2.154829 -6.018919 0.111227
v -1.328534 -5.750245 0.111227
v 2.772664 -5.938281 -0.058796
v 2.772664 -5.812787 -0.283310
v 2.772664 -5.652956 -0.058796
v 2.614126 -5.610994 0.304476
v 2.899744 -5.652956 0.667747
v 2.899744 -5.812787 0.892261
v 2.899744 -5.938281 0.667747
v 2.465025 -6.001655 0.304475
v 2.623252 -6.048536 -0.386508
v 2.623252 -5.904858 -0.813559
v 2.623252 -5.701571 -0.813559
v 2.623252 -5.492586 -0.386508
v 2.488392 -5.412752 0.304476
v 2.731353 -5.492586 0.995459
v 2.752648 -5.701571 1.624830
v 2.752648 -5.904858 1.624830
v 2.731353 -6.018916 0.995458
v 2.390538 -6.018917 -0.646581
v 2.503711 -5.938281 -1.234367
v 2.503711 -5.652956 -1.234366
v 2.390538 -5.365297 -0.646581
v 2.292556 -5.255426 0.304476
v 2.469078 -5.365297 1.255532
v 2.455590 -5.652956 1.046312
v 2.525044 -5.857346 0.789273
v 2.442219 -6.018917 0.609572
v 2.097301 -6.018918 -0.813559
v 2.156799 -5.959740 -1.504542
v 2.156799 -5.621744 -1.504542
v 2.097301 -5.283587 -0.813559
v 2.045789 -5.154422 0.304476
v 2.138592 -5.283587 1.422510
v 2.142203 -5.621744 1.336147
v 2.118203 -5.988303 0.791959
v 2.070401 -6.018917 0.567455
v 2.045789 -6.018919 0.304475
v 1.772245 -6.018919 -0.871095
v 1.772245 -5.967130 -1.597638
v 1.772245 -5.610994 -1.597638
v 1.772245 -5.255426 -0.871095
v 1.772245 -5.119620 0.304476
v 1.772245 -5.255434 1.480046
v 1.772245 -5.610994 2.206589
v 1.772245 -5.967130 2.206589
v 1.772245 -6.018918 1.480046
v 1.772245 -6.018919 0.304475
v 2.872083 -5.750245 0.304475
v 0.771826 -5.938281 -0.058796
v 0.771826 -5.812787 -0.283310
v 0.771826 -5.652956 -0.058796
v 0.930364 -5.610994 0.304476
v 0.644746 -5.652956 0.667747
v 0.644746 -5.812787 0.892261
v 0.644746 -5.938281 0.667747
v 1.079465 -6.001655 0.304475
v 0.921237 -6.048536 -0.386508
v 0.921237 -5.904858 -0.813559
v 0.921237 -5.701571 -0.813559
v 0.921237 -5.492586 -0.386508
v 1.056098 -5.412752 0.304476
v 0.813137 -5.492586 0.995459
v 0.791842 -5.701571 1.624830
v 0.791842 -5.904858 1.624830
v 0.813137 -6.018916 0.995458
v 1.153951 -6.018917 -0.646581
v 1.040779 -5.938281 -1.234367
v 1.040779 -5.652956 -1.234366
v 1.153951 -5.365297 -0.646581
v 1.251934 -5.255426 0.304476
v 1.075412 -5.365297 1.255532
v 1.088900 -5.652956 1.046312
v 1.019446 -5.857346 0.789273
v 1.102271 -6.018917 0.609572
v 1.447189 -6.018918 -0.813559
v 1.387691 -5.959740 -1.504542
v 1.387691 -5.621744 -1.504542
v 1.447189 -5.283587 -0.813559
v 1.498701 -5.154422 0.304476
v 1.405898 -5.283587 1.422510
v 1.402287 -5.621744 1.336147
v 1.426287 -5.988303 0.791959
v 1.474089 -6.018917 0.567455
v 1.498701 -6.018919 0.304475
v 0.672407 -5.750245 0.304475
v -0.428319 9.165858 -3.455884
v -0.428319 9.165858 3.455884
v -0.428319 15.454786 3.326255
v -0.428319 15.454786 -3.326255
v -0.428319 12.128523 4.571301
v -0.428319 16.699825 -0.000000
v -0.428319 12.128522 -4.571301
v -0.428319 10.361371 4.258946
v -0.428319 13.945281 4.258946
v -0.428319 16.387472 1.816752
v -0.428319 16.387472 -1.816752
v -0.428319 13.945282 -4.258946
v -0.428319 10.361371 -4.258946
v -0.428319 -2.619195 -4.935482
v -0.428319 -2.619195 4.935482
v -0.428319 6.788130 5.018776
v -0.428319 6.788130 -5.018776
v -0.428319 2.316282 6.782866
v -0.428319 2.316282 -6.782866
v -0.428319 -4.466584 -0.000000
v -0.428319 -0.379403 6.319396
v -0.428319 4.956141 6.319397
v -0.428319 4.956141 -6.319396
v -0.428319 -0.379403 -6.319397
v -0.428319 -4.003112 -2.695689
v -0.428319 -4.003112 2.695690
v -0.428319 8.345382 -3.021901
v -0.428319 8.345382 3.021901
v -0.428319 7.695989 -3.556978
v -0.428319 7.695989 3.556978
v -0.428319 5.994029 -5.741954
v -0.428319 3.692619 -6.666729
v -0.428319 0.939945 -6.666729
v -0.428319 -1.584779 -5.741954
v -0.428319 -3.425668 -3.901066
v -0.428319 -4.350446 -1.376339
v -0.428319 -4.350446 1.376339
v -0.428319 -3.425668 3.901066
v -0.428319 7.320294 -4.234242
v -0.428319 7.320294 4.234242
v -0.428319 8.721076 -3.147626
v -0.428319 8.721076 3.147626
v -0.428319 8.020684 -3.155608
v -0.428319 8.020684 3.155608
v -0.428319 9.697817 3.869777
v -0.428319 11.200943 4.493031
v -0.428319 13.056106 4.493031
v -0.428319 14.757645 3.869777
v -0.428319 15.998308 2.629112
v -0.428319 16.621557 0.927579
v -0.428319 16.621557 -0.927579
v -0.428319 15.998308 -2.629112
v -0.428319 14.757645 -3.869777
v -0.428319 13.056106 -4.493031
v -0.428319 11.200943 -4.493031
v -0.428319 9.697817 -3.869777
v -0.428319 -1.584779 5.741954
v -0.428319 0.939945 6.666729
v -0.428319 3.692619 6.666729
v -0.428319 5.994029 5.741954
v -3.101948 9.190390 2.673629
v -3.128235 14.828458 2.699918
v -3.128235 14.828458 -2.699918
v -3.101948 9.190393 -2.673629
v -3.754571 12.128522 -3.326255
v -3.884199 9.165858 -0.000000
v -3.754571 12.128523 3.326255
v -3.754571 15.454786 -0.000000
v -4.999616 12.128523 -0.000000
v -2.145305 10.434967 3.969709
v -2.145305 16.098249 1.716988
v -2.145304 16.098249 -1.716988
v -2.145305 13.845522 -3.969709
v -2.145304 10.434966 -3.969709
v -4.398020 10.434966 1.716988
v -4.398020 10.434967 -1.716988
v -4.398020 13.845522 -1.716988
v -4.398020 13.845522 1.716988
v -2.245070 12.128523 4.258946
v -2.245070 16.387472 -0.000000
v -2.245070 12.128524 -4.258946
v -4.687256 10.361371 -0.000000
v -4.687256 12.128523 -1.816752
v -4.687256 13.945281 -0.000000
v -4.687256 12.128523 1.816752
v -1.981129 9.178125 3.239429
v -3.548084 10.508564 3.119769
v -3.548084 13.730477 3.119769
v -2.030258 15.248309 3.119769
v -3.548084 15.248309 1.601940
v -3.548084 15.248309 -1.601939
v -2.030258 15.248309 -3.119769
v -3.548084 13.730477 -3.119769
v -3.548084 10.508564 -3.119769
v -1.981129 9.178125 -3.239429
v -3.667743 9.178125 -1.552810
v -3.667743 9.178125 1.552810
v -4.434441 -1.689843 4.006123
v -4.310122 6.751721 3.881802
v -4.310122 6.751721 -3.881803
v -4.434441 -1.689843 -4.006123
v -5.363795 2.316282 -4.935482
v -5.363795 -2.619195 -0.000000
v -5.363795 2.316282 4.935482
v -5.447089 6.788130 -0.000000
v -7.211184 2.316282 -0.000000
v -2.975973 -0.231373 5.890226
v -2.975973 4.846930 5.890226
v -2.975973 4.846929 -5.890226
v -2.975973 -0.231373 -5.890226
v -2.975973 -3.573947 -2.547659
v -2.975973 -3.573947 2.547659
v -6.318543 -0.231373 2.547659
v -6.318543 -0.231373 -2.547659
v -6.318542 4.846930 -2.547659
v -6.318543 4.846930 2.547659
v -3.124003 2.316281 6.319396
v -3.124003 2.316281 -6.319396
v -3.124003 -4.003112 -0.000000
v -6.747711 -0.379403 -0.000000
v -6.747711 2.316281 -2.695690
v -6.747712 4.956141 -0.000000
v -6.747712 2.316282 2.695690
v -2.805266 -2.312814 4.629094
v -5.057410 -0.060667 4.629094
v -5.057410 4.737727 4.629094
v -2.682306 6.769925 4.704302
v -5.132620 6.769926 2.253990
v -5.132619 6.769925 -2.253990
v -2.682306 6.769925 -4.704303
v -5.057410 4.737726 -4.629094
v -5.057410 -0.060667 -4.629094
v -2.805266 -2.312814 -4.629094
v -5.057410 -2.312814 -2.376951
v -5.057411 -2.312814 2.376950
v -1.815645 8.345382 -2.836035
v -2.792516 8.345381 -2.364197
v -3.264351 8.345383 -1.387327
v -3.450217 8.345383 -0.000000
v -3.264351 8.345382 1.387327
v -2.792516 8.345379 2.364197
v -1.815645 8.345381 2.836035
v -2.061292 7.695988 -3.338199
v -3.211134 7.695985 -2.782816
v -3.766515 7.695989 -1.632975
v -3.985291 7.695991 -0.000000
v -3.766515 7.695988 1.632975
v -3.211134 7.695984 2.782816
v -2.061292 7.695988 3.338199
v -1.598214 6.782062 -4.931121
v -2.864058 5.921219 -5.365651
v -1.731847 4.919737 -6.210406
v -3.594784 6.757789 -4.374473
v -4.741929 5.848415 -4.313612
v -4.101286 4.774127 -5.365651
v -5.277556 3.547010 -4.849242
v -4.329379 2.316282 -5.741954
v -3.076550 3.619812 -6.210407
v -1.804653 2.316281 -6.666729
v -3.076549 1.012751 -6.210407
v -1.731847 -0.331950 -6.210407
v -5.277556 1.085555 -4.849242
v -4.101286 -0.119459 -5.365651
v -4.741929 -1.037884 -4.313612
v -3.782483 -1.997333 -4.313612
v -2.864058 -1.356688 -5.365651
v -1.659042 -2.532958 -4.849242
v -2.864058 -3.049372 -3.672972
v -1.731847 -3.894124 -2.648236
v -4.741929 -1.997333 -3.354166
v -4.101286 -3.049372 -2.435743
v -5.277556 -2.532958 -1.230728
v -4.329379 -3.425668 -0.000000
v -3.076550 -3.894124 -1.303533
v -1.804653 -4.350446 -0.000000
v -3.076549 -3.894124 1.303533
v -1.731847 -3.894124 2.648236
v -5.277556 -2.532958 1.230727
v -4.101286 -3.049372 2.435743
v -4.741929 -1.997333 3.354165
v -2.864058 -3.049372 3.672972
v -5.793968 -1.356688 2.435743
v -5.793968 -0.119459 3.672972
v -6.170267 -1.584779 -0.000000
v -6.638721 -0.331950 1.303533
v -7.095045 0.939945 -0.000000
v -7.095045 2.316281 1.376339
v -6.638721 1.012751 2.648236
v -6.170267 2.316282 3.901066
v -5.793967 -1.356688 -2.435743
v -6.638721 -0.331950 -1.303533
v -5.793968 -0.119459 -3.672972
v -6.170267 2.316282 -3.901066
v -6.638721 1.012751 -2.648236
v -7.095045 2.316281 -1.376339
v -6.638721 3.619812 -2.648236
v -6.638721 4.919736 -1.303533
v -7.095045 3.692619 -0.000000
v -5.793967 4.774127 -3.672972
v -4.802791 6.757789 -3.166467
v -5.793968 5.921219 -2.435743
v -5.359435 6.782062 -1.169899
v -6.170267 5.994029 -0.000000
v -6.638721 3.619812 2.648236
v -5.793968 4.774127 3.672972
v -6.638721 4.919736 1.303533
v -5.359435 6.782062 1.169899
v -5.793967 5.921219 2.435743
v -4.802791 6.757789 3.166466
v -1.278179 7.695989 -3.494701
v -2.372218 7.320291 -3.973806
v -2.710902 7.695986 -3.117796
v -3.740995 7.320288 -3.312677
v -3.546113 7.695987 -2.282584
v -4.402122 7.320292 -1.943901
v -3.923016 7.695990 -0.849864
v -4.662555 7.320295 -0.000000
v -3.923016 7.695990 0.849863
v -4.402122 7.320292 1.943901
v -3.546113 7.695986 2.282584
v -3.740995 7.320288 3.312676
v -2.710902 7.695986 3.117795
v -2.372218 7.320291 3.973806
v -1.278179 7.695989 3.494702
v -1.873364 8.721076 -2.954028
v -1.150335 8.345381 -2.968994
v -2.890878 8.721077 -2.462559
v -2.367534 8.345380 -2.648787
v -3.382343 8.721077 -1.445046
v -3.077104 8.345381 -1.939215
v -3.575943 8.721077 -0.000000
v -3.397309 8.345382 -0.722018
v -3.382343 8.721077 1.445046
v -3.397310 8.345382 0.722018
v -2.890878 8.721075 2.462559
v -3.077104 8.345379 1.939215
v -1.873364 8.721076 2.954028
v -2.367534 8.345379 2.648787
v -1.150335 8.345381 2.968994
v -1.877027 8.020684 -2.961517
v -2.897121 8.020683 -2.468803
v -3.389832 8.020685 -1.448710
v -3.583922 8.020687 -0.000000
v -3.389832 8.020685 1.448710
v -2.897121 8.020681 2.468803
v -1.877027 8.020684 2.961517
v -1.234327 9.169949 3.395524
v -2.069880 9.746880 3.616172
v -1.306829 10.385902 4.185493
v -2.609513 9.186302 3.012586
v -3.335466 9.795944 2.907150
v -2.903707 10.484031 3.616172
v -3.696451 11.299071 3.268136
v -3.057430 12.128523 3.869777
v -2.213088 11.250007 4.185493
v -1.355896 12.128524 4.493031
v -2.199202 12.841013 4.168345
v -1.173426 13.847982 4.266815
v -3.696451 12.957977 3.268136
v -3.047576 13.773453 3.470694
v -3.335466 14.389071 2.907150
v -2.688850 15.035690 2.907150
v -2.021801 14.780422 3.569164
v -1.257763 15.396671 3.268136
v -2.069880 15.744715 2.475391
v -1.306829 16.314026 1.784771
v -3.335466 15.035690 2.260531
v -2.903707 15.744715 1.641563
v -3.696451 15.396671 0.829445
v -3.057430 15.998308 -0.000000
v -2.213088 16.314026 0.878512
v -1.355896 16.621557 -0.000000
v -2.213088 16.314026 -0.878512
v -1.306829 16.314026 -1.784771
v -3.696451 15.396671 -0.829445
v -2.903707 15.744715 -1.641563
v -3.335466 15.035690 -2.260532
v -2.688850 15.035690 -2.907150
v -2.069880 15.744715 -2.475391
v -1.257763 15.396671 -3.268136
v -2.069880 14.603929 -3.616172
v -1.306829 13.913302 -4.185493
v -3.335466 14.389072 -2.907150
v -2.903707 13.770100 -3.616172
v -3.696451 12.957977 -3.268136
v -3.057430 12.128523 -3.869777
v -2.213088 13.007041 -4.185493
v -1.355896 12.128523 -4.493031
v -2.213088 11.250006 -4.185493
v -1.306829 10.385902 -4.185493
v -3.696451 11.299071 -3.268136
v -2.903707 10.484031 -3.616172
v -3.335466 9.795946 -2.907150
v -2.609513 9.186304 -3.012586
v -2.069880 9.746881 -3.616172
v -1.234327 9.169948 -3.395523
v -3.440902 9.186302 2.181194
v -4.044484 9.746880 1.641563
v -4.044484 10.484031 2.475391
v -3.823838 9.169948 0.806009
v -4.298090 9.697817 -0.000000
v -4.613803 10.385902 0.878512
v -4.921342 11.200943 -0.000000
v -4.921342 12.128524 0.927579
v -4.613803 11.250007 1.784771
v -4.298090 12.128523 2.629112
v -3.823838 9.169949 -0.806010
v -4.044484 9.746880 -1.641563
v -4.613803 10.385902 -0.878512
v -3.440902 9.186303 -2.181194
v -4.044484 10.484031 -2.475391
v -4.298090 12.128523 -2.629112
v -4.613803 11.250007 -1.784771
v -4.921342 12.128524 -0.927579
v -4.613803 13.007041 -1.784771
v -4.613803 13.913302 -0.878513
v -4.921342 13.056106 -0.000000
v -4.044484 13.770100 -2.475391
v -4.044484 14.603929 -1.641563
v -4.298090 14.757645 -0.000000
v -4.613803 13.007041 1.784771
v -4.044484 13.770101 2.475391
v -4.613803 13.913302 0.878512
v -4.044484 14.603929 1.641563
v -1.659042 -2.532958 4.849242
v -2.864058 -1.356688 5.365651
v -1.731847 -0.331950 6.210406
v -3.782483 -1.997333 4.313611
v -4.741929 -1.037884 4.313611
v -4.101286 -0.119459 5.365651
v -5.277556 1.085555 4.849242
v -4.329379 2.316282 5.741954
v -3.076550 1.012751 6.210407
v -1.804653 2.316281 6.666729
v -3.076549 3.619812 6.210407
v -1.731847 4.919736 6.210407
v -5.277556 3.547010 4.849242
v -4.101286 4.774127 5.365651
v -4.741929 5.848415 4.313611
v -3.594784 6.757789 4.374472
v -2.864058 5.921219 5.365651
v -1.598214 6.782062 4.931121
v -1.274118 9.714170 3.802603
v -2.765563 9.779590 3.325573
v -3.011283 11.282717 3.802603
v -1.339540 11.217297 4.415927
v -1.510610 13.151383 4.362068
v -2.835834 13.098682 3.799126
v -2.710392 14.470052 3.375441
v -1.385168 14.522753 3.938383
v -1.274118 15.931137 2.582967
v -2.765563 15.454116 2.337246
v -3.011283 15.931137 0.845801
v -1.339540 16.544455 0.911223
v -1.339540 16.544455 -0.911224
v -3.011283 15.931138 -0.845801
v -2.765563 15.454115 -2.337246
v -1.274118 15.931138 -2.582967
v -1.274118 14.711501 -3.802603
v -2.765563 14.465785 -3.325573
v -3.011283 12.974333 -3.802603
v -1.339540 13.039751 -4.415927
v -1.339540 11.217297 -4.415927
v -3.011283 11.282716 -3.802603
v -2.765563 9.779591 -3.325573
v -1.274118 9.714170 -3.802603
v -3.753887 9.779590 2.337246
v -4.230916 9.714170 0.845801
v -4.844238 11.217297 0.911223
v -4.230915 11.282717 2.582967
v -4.230916 9.714170 -0.845801
v -3.753887 9.779591 -2.337246
v -4.230916 11.282717 -2.582967
v -4.844238 11.217297 -0.911224
v -4.844238 13.039751 -0.911224
v -4.230916 12.974332 -2.582967
v -3.753887 14.465785 -2.337246
v -4.230916 14.711500 -0.845801
v -4.230916 12.974332 2.582967
v -4.844238 13.039751 0.911223
v -4.230916 14.711500 0.845801
v -3.753887 14.465785 2.337246
v -1.683311 -1.516308 5.642279
v -3.896310 -1.151712 4.934463
v -4.260907 1.061288 5.642279
v -1.780384 0.964214 6.552322
v -1.780384 3.668350 6.552323
v -4.260907 3.571277 5.642280
v -3.896310 5.872683 4.934463
v -1.683311 5.969758 5.642280
v -1.683311 5.969758 -5.642279
v -3.896310 5.872683 -4.934463
v -4.260907 3.571277 -5.642279
v -1.780384 3.668350 -6.552322
v -1.780384 0.964214 -6.552323
v -4.260907 1.061288 -5.642280
v -3.896310 -1.151711 -4.934463
v -1.683311 -1.516308 -5.642280
v -1.683311 -3.325996 -3.832594
v -3.896310 -2.618185 -3.467993
v -4.260907 -3.325996 -1.254996
v -1.780384 -4.236040 -1.352070
v -1.780384 -4.236040 1.352070
v -4.260907 -3.325996 1.254996
v -3.896310 -2.618185 3.467993
v -1.683311 -3.325996 3.832594
v -5.362781 -1.151712 3.467993
v -6.070594 -1.516308 1.254996
v -6.980639 0.964214 1.352070
v -6.070594 1.061288 3.832594
v -6.070594 -1.516308 -1.254996
v -5.362781 -1.151712 -3.467993
v -6.070594 1.061288 -3.832594
v -6.980638 0.964214 -1.352070
v -6.980638 3.668350 -1.352070
v -6.070594 3.571277 -3.832594
v -5.362781 5.872683 -3.467994
v -6.070594 5.969758 -1.254996
v -6.070593 3.571277 3.832594
v -6.980638 3.668350 1.352070
v -6.070593 5.969758 1.254996
v -5.362781 5.872683 3.467993
v -1.439997 7.320293 -4.160109
v -3.145517 7.320289 -3.711438
v -4.139756 7.320289 -2.717199
v -4.588422 7.320294 -1.011681
v -4.588422 7.320294 1.011681
v -4.139756 7.320289 2.717199
v -3.145517 7.320289 3.711437
v -1.439997 7.320293 4.160108
v -1.180375 8.721076 -3.092518
v -2.448215 8.721077 -2.758989
v -3.187306 8.721077 -2.019896
v -3.520833 8.721077 -0.752058
v -3.520834 8.721077 0.752057
v -3.187306 8.721075 2.019895
v -2.448215 8.721075 2.758989
v -1.180375 8.721076 3.092518
v -1.182281 8.020685 -3.100359
v -2.453335 8.020683 -2.765984
v -3.194301 8.020684 -2.025018
v -3.528674 8.020686 -0.753965
v -3.528674 8.020687 0.753965
v -3.194301 8.020682 2.025017
v -2.453335 8.020682 2.765984
v -1.182281 8.020685 3.100359
v -5.227207 7.505095 -0.000000
v -5.270617 7.435776 -0.904998
v -6.090346 6.866541 -0.000000
v -5.883343 6.991953 -1.003884
v -5.270617 7.435776 0.904998
v -5.883343 6.991953 1.003884
v -5.911193 7.693696 -0.000000
v -5.914587 7.608148 -0.957579
v -6.160833 6.933872 -1.062210
v -5.914587 7.608148 0.957579
v -6.160833 6.933872 1.062210
v -6.764829 7.860542 -0.000000
v -6.759065 7.746435 -1.316376
v -7.020676 6.620555 -0.000000
v -6.944530 6.818820 -1.460211
v -6.759065 7.746435 1.316376
v -6.944530 6.818820 1.460211
v -7.730376 8.043288 -0.000000
v -7.708929 7.902939 -1.683723
v -7.887259 6.474749 -0.000000
v -7.819029 6.710784 -1.867697
v -7.708929 7.886559 1.683723
v -7.819029 6.729355 1.867697
v -8.768972 8.248604 -0.000000
v -8.739827 8.098022 -2.102991
v -8.939022 6.531549 -0.000000
v -8.857975 6.697644 -2.332778
v -8.739827 7.999740 2.102991
v -8.857975 6.809073 2.332778
v -9.861647 8.171203 -0.000000
v -9.828327 8.026674 -2.404346
v -10.056067 6.550808 -0.000000
v -9.963406 6.795846 -2.667060
v -9.828327 8.010294 2.404346
v -9.963406 6.814417 2.667060
v -10.798332 8.155491 -0.000000
v -10.767651 8.011676 -2.213954
v -10.977358 6.548866 -0.000000
v -10.892033 6.810599 -2.455865
v -10.767651 8.011676 2.213954
v -10.892033 6.810599 2.455865
v -11.767365 8.058926 -0.000000
v -11.740971 7.932870 -1.904587
v -11.921373 6.650707 -0.000000
v -11.847971 6.880118 -2.112695
v -11.740971 7.932870 1.904587
v -11.847971 6.880118 2.112695
v -12.764322 7.930473 -0.000000
v -12.742876 7.828043 -1.547638
v -12.889469 6.786177 -0.000000
v -12.829823 6.972593 -1.716744
v -12.742876 7.828043 1.547638
v -12.829823 6.972593 1.716744
v -13.666435 7.786221 -0.000000
v -13.650543 7.710321 -1.146783
v -13.759167 6.938310 -0.000000
v -13.714970 7.076442 -1.272089
v -13.650543 7.710321 1.146783
v -13.714970 7.076442 1.272089
v -14.379408 7.587223 -0.000000
v -14.291798 7.559711 -0.751407
v -14.427826 7.144503 -0.000000
v -14.355395 7.298495 -0.821275
v -14.291798 7.559711 0.751407
v -14.355395 7.298495 0.821275
v -14.492680 7.374283 -0.438900
v -14.371988 7.595391 -0.444402
v -14.500311 7.366379 -0.000000
v -14.418880 7.153284 -0.496742
v -14.492680 7.374284 0.438900
v -14.371988 7.595391 0.444402
v -14.418880 7.153284 0.496742
v -4.910674 7.412035 -0.505841
v -4.625488 7.320294 -0.505841
v -4.929207 7.412041 -0.000000
v -5.209187 7.506541 -0.505841
v -4.979272 7.344777 -0.904998
v -5.688612 6.877076 -0.584949
v -5.403262 6.785096 -0.584949
v -5.559346 6.942039 -1.003884
v -6.070385 6.872255 -0.596278
v -5.710525 6.878599 -0.000000
v -5.259197 7.143025 -1.090790
v -4.973929 7.051178 -1.090790
v -5.526986 7.217698 -1.090790
v -4.910674 7.412035 0.505841
v -4.625488 7.320294 0.505841
v -4.979272 7.344776 0.904998
v -5.209187 7.506541 0.505841
v -5.259197 7.143025 1.090790
v -4.973929 7.051178 1.090790
v -5.559346 6.942039 1.003884
v -5.526986 7.217698 1.090790
v -5.688612 6.877076 0.584949
v -5.403262 6.785096 0.584949
v -6.070385 6.872255 0.596278
v -5.534356 7.606580 -0.505841
v -5.550836 7.600769 -0.000000
v -5.896252 7.704406 -0.535230
v -5.574241 7.525251 -0.904998
v -5.759814 7.258022 -1.090790
v -6.029350 7.276534 -1.154165
v -5.534356 7.606580 0.505841
v -5.574241 7.525251 0.904998
v -5.896252 7.704406 0.535230
v -5.759814 7.258021 1.090790
v -6.029350 7.276533 1.154165
v -6.304947 7.792274 -0.623399
v -6.319375 7.778514 -0.000000
v -6.750282 7.876695 -0.735776
v -6.316098 7.679407 -1.115321
v -6.574444 6.721998 -0.720893
v -6.514637 6.877814 -1.237189
v -7.002459 6.638065 -0.850845
v -6.592455 6.707125 -0.000000
v -6.407259 7.285769 -1.344291
v -6.843606 7.291043 -1.586621
v -6.304948 7.792274 0.623399
v -6.316099 7.679408 1.115321
v -6.750282 7.876695 0.735776
v -6.407259 7.285769 1.344291
v -6.514637 6.877814 1.237188
v -6.843606 7.291043 1.586621
v -6.574444 6.721998 0.720892
v -7.002460 6.638065 0.850845
v -7.222094 7.964182 -0.837792
v -7.237003 7.945104 -0.000000
v -7.714601 8.068829 -0.941102
v -7.223778 7.816632 -1.498892
v -7.422315 6.551353 -0.968815
v -7.370018 6.758754 -1.662671
v -7.867163 6.487294 -1.088281
v -7.441148 6.530530 -0.000000
v -7.288462 7.297668 -1.806607
v -7.755011 7.316462 -2.029383
v -7.222094 7.964182 0.837792
v -7.223778 7.816632 1.498892
v -7.714601 8.055474 0.941102
v -7.288463 7.297668 1.806607
v -7.370018 6.758754 1.662671
v -7.755011 7.317714 2.029383
v -7.422315 6.551353 0.968815
v -7.867163 6.501902 1.088281
v -8.222017 8.204729 -1.057360
v -8.239428 8.166182 -0.000000
v -8.749617 8.295295 -1.175448
v -8.213211 8.018300 -1.891720
v -8.370156 6.471323 -1.222721
v -8.319489 6.688073 -2.098421
v -8.914301 6.489937 -1.359277
v -8.392393 6.490910 -0.000000
v -8.256437 7.358240 -2.280081
v -8.787882 7.399572 -2.534725
v -8.222017 8.151311 1.057360
v -8.213211 7.952778 1.891720
v -8.749617 8.215166 1.175448
v -8.256437 7.363249 2.280081
v -8.319489 6.762360 2.098421
v -8.787882 7.407085 2.534725
v -8.370155 6.529751 1.222721
v -8.914301 6.577579 1.359277
v -9.302675 8.263937 -1.284249
v -9.323822 8.225376 -0.000000
v -9.839518 8.197646 -1.343887
v -9.291979 8.077415 -2.297647
v -9.482603 6.529634 -1.485093
v -9.421064 6.746516 -2.548702
v -10.027803 6.564381 -1.554059
v -9.509613 6.549206 -0.000000
v -9.344482 7.417026 -2.769342
v -9.883268 7.421343 -2.897946
v -9.302675 8.210518 1.284249
v -9.291979 8.011893 2.297647
v -9.839518 8.184291 1.343887
v -9.344482 7.422034 2.769342
v -9.421064 6.820803 2.548702
v -9.883268 7.422594 2.897946
v -9.482603 6.588061 1.485093
v -10.027803 6.578988 1.554059
v -10.318472 8.183412 -1.314490
v -10.340117 8.160788 -0.000000
v -10.777956 8.177963 -1.237470
v -10.307526 8.015998 -2.351750
v -10.502638 6.568143 -1.520064
v -10.439650 6.806787 -2.608718
v -10.951330 6.573562 -1.430998
v -10.530283 6.543281 -0.000000
v -10.361265 7.423265 -2.834553
v -10.818241 7.422930 -2.668468
v -10.318472 8.183412 1.314489
v -10.307526 8.015998 2.351750
v -10.777956 8.177963 1.237469
v -10.361265 7.423264 2.834553
v -10.439650 6.806787 2.608718
v -10.818241 7.422929 2.668468
v -10.502638 6.568144 1.520063
v -10.951330 6.573562 1.430998
v -11.256388 8.138026 -1.154241
v -11.275394 8.116671 -0.000000
v -11.749836 8.078622 -1.064552
v -11.246777 7.979995 -2.065050
v -11.418102 6.613277 -1.334754
v -11.362793 6.838547 -2.290691
v -11.898983 6.672353 -1.231038
v -11.442377 6.589808 -0.000000
v -11.293964 7.420477 -2.488995
v -11.784491 7.416830 -2.295590
v -11.256390 8.138026 1.154241
v -11.246777 7.979994 2.065050
v -11.749836 8.078622 1.064552
v -11.293964 7.420477 2.488995
v -11.362793 6.838547 2.290691
v -11.784492 7.416830 2.295590
v -11.418102 6.613277 1.334754
v -11.898983 6.672353 1.231038
v -12.254364 8.014771 -0.968149
v -12.270306 7.996859 -0.000000
v -12.750078 7.946479 -0.865039
v -12.246302 7.882218 -1.732112
v -12.390005 6.735851 -1.119558
v -12.343613 6.924802 -1.921374
v -12.871275 6.803766 -1.000323
v -12.410368 6.716165 -0.000000
v -12.285881 7.412910 -2.087707
v -12.778240 7.408716 -1.865361
v -12.254364 8.014771 0.968148
v -12.246302 7.882218 1.732112
v -12.750078 7.946479 0.865038
v -12.285881 7.412910 2.087707
v -12.343615 6.924802 1.921375
v -12.778240 7.408716 1.865361
v -12.390005 6.735851 1.119558
v -12.871275 6.803766 1.000323
v -13.217087 7.873748 -0.755229
v -13.229523 7.859775 -0.000000
v -13.655880 7.798081 -0.640984
v -13.210798 7.770347 -1.351178
v -13.322899 6.876094 -0.873340
v -13.286711 7.023490 -1.498817
v -13.745686 6.951344 -0.741228
v -13.338781 6.860738 -0.000000
v -13.241674 7.404251 -1.628569
v -13.676748 7.399605 -1.382213
v -13.217087 7.873748 0.755229
v -13.210798 7.770347 1.351178
v -13.655880 7.798081 0.640984
v -13.241674 7.404251 1.628569
v -13.286709 7.023490 1.498817
v -13.676748 7.399605 1.382213
v -13.322899 6.876094 0.873340
v -13.745686 6.951343 0.741228
v -14.066952 7.720976 -0.524569
v -14.075588 7.711270 -0.000000
v -14.062584 7.649155 -0.938506
v -14.140448 7.028022 -0.606607
v -14.115311 7.130401 -1.041053
v -14.151480 7.017355 -0.000000
v -14.084030 7.394870 -1.131176
v -14.066952 7.720976 0.524569
v -14.062584 7.649155 0.938506
v -14.084030 7.394870 1.131176
v -14.115313 7.130400 1.041053
v -14.140448 7.028021 0.606607
v -2.184134 13.005732 3.789601
v -1.612510 13.263381 3.950417
v -1.332602 13.841653 3.871344
v -2.712625 13.219632 3.483098
v -2.888400 13.779782 3.210456
v -2.560287 14.305073 3.070213
v -2.036868 14.615704 3.292199
v -1.508377 14.401803 3.598701
v -2.169879 13.161574 3.539833
v -1.708920 13.369344 3.669516
v -1.483201 13.835664 3.605751
v -2.596056 13.334064 3.292668
v -2.737802 13.785771 3.072808
v -2.051123 14.459861 3.138726
v -1.624946 14.287371 3.385891
v -2.156331 13.309688 3.264169
v -1.800547 13.470051 3.364262
v -1.626330 13.829972 3.315047
v -2.485268 13.442822 3.073399
v -2.594672 13.791463 2.903703
v -2.420455 14.151384 2.854488
v -2.064671 14.311748 2.954581
v -1.735734 14.178614 3.145351
v -2.110501 13.810717 2.770125
v 2.245309 9.190390 2.673629
v 2.271597 14.828458 2.699918
v 2.271597 14.828458 -2.699918
v 2.245309 9.190393 -2.673629
v 2.897933 12.128522 -3.326255
v 3.027561 9.165858 -0.000000
v 2.897933 12.128523 3.326255
v 2.897933 15.454786 -0.000000
v 4.142977 12.128523 -0.000000
v 1.288666 10.434967 3.969709
v 1.288666 16.098249 1.716988
v 1.288666 16.098249 -1.716988
v 1.288666 13.845522 -3.969709
v 1.288666 10.434966 -3.969709
v 3.541381 10.434966 1.716988
v 3.541381 10.434967 -1.716988
v 3.541382 13.845522 -1.716988
v 3.541382 13.845522 1.716988
v 1.388431 12.128523 4.258946
v 1.388431 16.387472 -0.000000
v 1.388431 12.128524 -4.258946
v 3.830618 10.361371 -0.000000
v 3.830618 12.128523 -1.816752
v 3.830617 13.945281 -0.000000
v 3.830617 12.128523 1.816752
v 1.124490 9.178125 3.239429
v 2.691446 10.508564 3.119769
v 2.691446 13.730477 3.119769
v 1.173619 15.248309 3.119769
v 2.691446 15.248309 1.601940
v 2.691446 15.248309 -1.601939
v 1.173619 15.248309 -3.119769
v 2.691446 13.730477 -3.119769
v 2.691446 10.508564 -3.119769
v 1.124490 9.178125 -3.239429
v 2.811105 9.178125 -1.552810
v 2.811105 9.178125 1.552810
v 3.577802 -1.689843 4.006123
v 3.453483 6.751721 3.881802
v 3.453483 6.751721 -3.881803
v 3.577802 -1.689843 -4.006123
v 4.507156 2.316282 -4.935482
v 4.507156 -2.619195 -0.000000
v 4.507156 2.316282 4.935482
v 4.590450 6.788130 -0.000000
v 6.354545 2.316282 -0.000000
v 2.119334 -0.231373 5.890226
v 2.119334 4.846930 5.890226
v 2.119334 4.846929 -5.890226
v 2.119334 -0.231373 -5.890226
v 2.119334 -3.573947 -2.547659
v 2.119334 -3.573947 2.547659
v 5.461905 -0.231373 2.547659
v 5.461905 -0.231373 -2.547659
v 5.461904 4.846930 -2.547659
v 5.461905 4.846930 2.547659
v 2.267365 2.316281 6.319396
v 2.267365 2.316281 -6.319396
v 2.267365 -4.003112 -0.000000
v 5.891073 -0.379403 -0.000000
v 5.891073 2.316281 -2.695690
v 5.891073 4.956141 -0.000000
v 5.891073 2.316282 2.695690
v 1.948628 -2.312814 4.629094
v 4.200772 -0.060667 4.629094
v 4.200772 4.737727 4.629094
v 1.825668 6.769925 4.704302
v 4.275981 6.769926 2.253990
v 4.275981 6.769925 -2.253990
v 1.825668 6.769925 -4.704303
v 4.200772 4.737726 -4.629094
v 4.200772 -0.060667 -4.629094
v 1.948628 -2.312814 -4.629094
v 4.200772 -2.312814 -2.376951
v 4.200772 -2.312814 2.376950
v 0.959006 8.345382 -2.836035
v 1.935878 8.345381 -2.364197
v 2.407712 8.345383 -1.387327
v 2.593579 8.345383 -0.000000
v 2.407712 8.345382 1.387327
v 1.935878 8.345379 2.364197
v 0.959006 8.345381 2.836035
v 1.204653 7.695988 -3.338199
v 2.354496 7.695985 -2.782816
v 2.909876 7.695989 -1.632975
v 3.128652 7.695991 -0.000000
v 2.909876 7.695988 1.632975
v 2.354496 7.695984 2.782816
v 1.204653 7.695988 3.338199
v 0.741576 6.782062 -4.931121
v 2.007420 5.921219 -5.365651
v 0.875208 4.919737 -6.210406
v 2.738146 6.757789 -4.374473
v 3.885291 5.848415 -4.313612
v 3.244648 4.774127 -5.365651
v 4.420918 3.547010 -4.849242
v 3.472740 2.316282 -5.741954
v 2.219911 3.619812 -6.210407
v 0.948014 2.316281 -6.666729
v 2.219911 1.012751 -6.210407
v 0.875208 -0.331950 -6.210407
v 4.420918 1.085555 -4.849242
v 3.244648 -0.119459 -5.365651
v 3.885291 -1.037884 -4.313612
v 2.925844 -1.997333 -4.313612
v 2.007420 -1.356688 -5.365651
v 0.802404 -2.532958 -4.849242
v 2.007420 -3.049372 -3.672972
v 0.875208 -3.894124 -2.648236
v 3.885291 -1.997333 -3.354166
v 3.244648 -3.049372 -2.435743
v 4.420918 -2.532958 -1.230728
v 3.472740 -3.425668 -0.000000
v 2.219911 -3.894124 -1.303533
v 0.948014 -4.350446 -0.000000
v 2.219911 -3.894124 1.303533
v 0.875208 -3.894124 2.648236
v 4.420918 -2.532958 1.230727
v 3.244648 -3.049372 2.435743
v 3.885291 -1.997333 3.354165
v 2.007420 -3.049372 3.672972
v 4.937329 -1.356688 2.435743
v 4.937329 -0.119459 3.672972
v 5.313629 -1.584779 -0.000000
v 5.782083 -0.331950 1.303533
v 6.238406 0.939945 -0.000000
v 6.238406 2.316281 1.376339
v 5.782083 1.012751 2.648236
v 5.313629 2.316282 3.901066
v 4.937328 -1.356688 -2.435743
v 5.782083 -0.331950 -1.303533
v 4.937329 -0.119459 -3.672972
v 5.313629 2.316282 -3.901066
v 5.782083 1.012751 -2.648236
v 6.238406 2.316281 -1.376339
v 5.782083 3.619812 -2.648236
v 5.782083 4.919736 -1.303533
v 6.238406 3.692619 -0.000000
v 4.937329 4.774127 -3.672972
v 3.946152 6.757789 -3.166467
v 4.937329 5.921219 -2.435743
v 4.502797 6.782062 -1.169899
v 5.313629 5.994029 -0.000000
v 5.782083 3.619812 2.648236
v 4.937329 4.774127 3.672972
v 5.782083 4.919736 1.303533
v 4.502797 6.782062 1.169899
v 4.937329 5.921219 2.435743
v 3.946152 6.757789 3.166466
v 0.421540 7.695989 -3.494701
v 1.515579 7.320291 -3.973806
v 1.854264 7.695986 -3.117796
v 2.884357 7.320288 -3.312677
v 2.689474 7.695987 -2.282584
v 3.545484 7.320292 -1.943901
v 3.066377 7.695990 -0.849864
v 3.805916 7.320295 -0.000000
v 3.066377 7.695990 0.849863
v 3.545484 7.320292 1.943901
v 2.689474 7.695986 2.282584
v 2.884357 7.320288 3.312676
v 1.854264 7.695986 3.117795
v 1.515579 7.320291 3.973806
v 0.421540 7.695989 3.494702
v 1.016726 8.721076 -2.954028
v 0.293697 8.345381 -2.968994
v 2.034240 8.721077 -2.462559
v 1.510895 8.345380 -2.648787
v 2.525705 8.721077 -1.445046
v 2.220465 8.345381 -1.939215
v 2.719304 8.721077 -0.000000
v 2.540671 8.345382 -0.722018
v 2.525705 8.721077 1.445046
v 2.540671 8.345382 0.722018
v 2.034240 8.721075 2.462559
v 2.220465 8.345379 1.939215
v 1.016726 8.721076 2.954028
v 1.510895 8.345379 2.648787
v 0.293697 8.345381 2.968994
v 1.020389 8.020684 -2.961517
v 2.040483 8.020683 -2.468803
v 2.533194 8.020685 -1.448710
v 2.727284 8.020687 -0.000000
v 2.533194 8.020685 1.448710
v 2.040483 8.020681 2.468803
v 1.020389 8.020684 2.961517
v 0.377688 9.169949 3.395524
v 1.213242 9.746880 3.616172
v 0.450190 10.385902 4.185493
v 1.752874 9.186302 3.012586
v 2.478828 9.795944 2.907150
v 2.047069 10.484031 3.616172
v 2.839812 11.299071 3.268136
v 2.200791 12.128523 3.869777
v 1.356450 11.250007 4.185493
v 0.499258 12.128524 4.493031
v 1.342563 12.841013 4.168345
v 0.316788 13.847982 4.266815
v 2.839812 12.957977 3.268136
v 2.190938 13.773453 3.470694
v 2.478828 14.389071 2.907150
v 1.832211 15.035690 2.907150
v 1.165162 14.780422 3.569164
v 0.401124 15.396671 3.268136
v 1.213242 15.744715 2.475391
v 0.450190 16.314026 1.784771
v 2.478828 15.035690 2.260531
v 2.047069 15.744715 1.641563
v 2.839812 15.396671 0.829445
v 2.200791 15.998308 -0.000000
v 1.356450 16.314026 0.878512
v 0.499258 16.621557 -0.000000
v 1.356450 16.314026 -0.878512
v 0.450190 16.314026 -1.784771
v 2.839812 15.396671 -0.829445
v 2.047069 15.744715 -1.641563
v 2.478828 15.035690 -2.260532
v 1.832211 15.035690 -2.907150
v 1.213242 15.744715 -2.475391
v 0.401124 15.396671 -3.268136
v 1.213242 14.603929 -3.616172
v 0.450190 13.913302 -4.185493
v 2.478828 14.389072 -2.907150
v 2.047069 13.770100 -3.616172
v 2.839812 12.957977 -3.268136
v 2.200791 12.128523 -3.869777
v 1.356450 13.007041 -4.185493
v 0.499258 12.128523 -4.493031
v 1.356450 11.250006 -4.185493
v 0.450190 10.385902 -4.185493
v 2.839812 11.299071 -3.268136
v 2.047069 10.484031 -3.616172
v 2.478828 9.795946 -2.907150
v 1.752874 9.186304 -3.012586
v 1.213242 9.746881 -3.616172
v 0.377688 9.169948 -3.395523
v 2.584264 9.186302 2.181194
v 3.187846 9.746880 1.641563
v 3.187846 10.484031 2.475391
v 2.967200 9.169948 0.806009
v 3.441452 9.697817 -0.000000
v 3.757164 10.385902 0.878512
v 4.064704 11.200943 -0.000000
v 4.064704 12.128524 0.927579
v 3.757164 11.250007 1.784771
v 3.441452 12.128523 2.629112
v 2.967200 9.169949 -0.806010
v 3.187846 9.746880 -1.641563
v 3.757164 10.385902 -0.878512
v 2.584264 9.186303 -2.181194
v 3.187846 10.484031 -2.475391
v 3.441452 12.128523 -2.629112
v 3.757164 11.250007 -1.784771
v 4.064704 12.128524 -0.927579
v 3.757164 13.007041 -1.784771
v 3.757164 13.913302 -0.878513
v 4.064704 13.056106 -0.000000
v 3.187846 13.770100 -2.475391
v 3.187846 14.603929 -1.641563
v 3.441452 14.757645 -0.000000
v 3.757164 13.007041 1.784771
v 3.187846 13.770101 2.475391
v 3.757164 13.913302 0.878512
v 3.187846 14.603929 1.641563
v 0.802404 -2.532958 4.849242
v 2.007420 -1.356688 5.365651
v 0.875208 -0.331950 6.210406
v 2.925844 -1.997333 4.313611
v 3.885291 -1.037884 4.313611
v 3.244648 -0.119459 5.365651
v 4.420918 1.085555 4.849242
v 3.472740 2.316282 5.741954
v 2.219911 1.012751 6.210407
v 0.948014 2.316281 6.666729
v 2.219911 3.619812 6.210407
v 0.875208 4.919736 6.210407
v 4.420918 3.547010 4.849242
v 3.244648 4.774127 5.365651
v 3.885291 5.848415 4.313611
v 2.738146 6.757789 4.374472
v 2.007420 5.921219 5.365651
v 0.741576 6.782062 4.931121
v 0.417479 9.714170 3.802603
v 1.908925 9.779590 3.325573
v 2.154645 11.282717 3.802603
v 0.482902 11.217297 4.415927
v 0.653971 13.151383 4.362068
v 1.979195 13.098682 3.799126
v 1.853754 14.470052 3.375441
v 0.528530 14.522753 3.938383
v 0.417479 15.931137 2.582967
v 1.908925 15.454116 2.337246
v 2.154645 15.931137 0.845801
v 0.482902 16.544455 0.911223
v 0.482902 16.544455 -0.911224
v 2.154645 15.931138 -0.845801
v 1.908925 15.454115 -2.337246
v 0.417479 15.931138 -2.582967
v 0.417479 14.711501 -3.802603
v 1.908925 14.465785 -3.325573
v 2.154645 12.974333 -3.802603
v 0.482902 13.039751 -4.415927
v 0.482902 11.217297 -4.415927
v 2.154645 11.282716 -3.802603
v 1.908925 9.779591 -3.325573
v 0.417479 9.714170 -3.802603
v 2.897249 9.779590 2.337246
v 3.374277 9.714170 0.845801
v 3.987599 11.217297 0.911223
v 3.374277 11.282717 2.582967
v 3.374277 9.714170 -0.845801
v 2.897249 9.779591 -2.337246
v 3.374277 11.282717 -2.582967
v 3.987599 11.217297 -0.911224
v 3.987600 13.039751 -0.911224
v 3.374277 12.974332 -2.582967
v 2.897249 14.465785 -2.337246
v 3.374277 14.711500 -0.845801
v 3.374277 12.974332 2.582967
v 3.987600 13.039751 0.911223
v 3.374277 14.711500 0.845801
v 2.897249 14.465785 2.337246
v 0.826672 -1.516308 5.642279
v 3.039671 -1.151712 4.934463
v 3.404269 1.061288 5.642279
v 0.923746 0.964214 6.552322
v 0.923746 3.668350 6.552323
v 3.404269 3.571277 5.642280
v 3.039671 5.872683 4.934463
v 0.826672 5.969758 5.642280
v 0.826672 5.969758 -5.642279
v 3.039671 5.872683 -4.934463
v 3.404269 3.571277 -5.642279
v 0.923746 3.668350 -6.552322
v 0.923746 0.964214 -6.552323
v 3.404269 1.061288 -5.642280
v 3.039671 -1.151711 -4.934463
v 0.826672 -1.516308 -5.642280
v 0.826672 -3.325996 -3.832594
v 3.039671 -2.618185 -3.467993
v 3.404269 -3.325996 -1.254996
v 0.923746 -4.236040 -1.352070
v 0.923746 -4.236040 1.352070
v 3.404269 -3.325996 1.254996
v 3.039671 -2.618185 3.467993
v 0.826672 -3.325996 3.832594
v 4.506143 -1.151712 3.467993
v 5.213955 -1.516308 1.254996
v 6.124000 0.964214 1.352070
v 5.213955 1.061288 3.832594
v 5.213955 -1.516308 -1.254996
v 4.506143 -1.151712 -3.467993
v 5.213955 1.061288 -3.832594
v 6.124000 0.964214 -1.352070
v 6.124000 3.668350 -1.352070
v 5.213955 3.571277 -3.832594
v 4.506143 5.872683 -3.467994
v 5.213955 5.969758 -1.254996
v 5.213955 3.571277 3.832594
v 6.124000 3.668350 1.352070
v 5.213955 5.969758 1.254996
v 4.506142 5.872683 3.467993
v 0.583358 7.320293 -4.160109
v 2.288878 7.320289 -3.711438
v 3.283117 7.320289 -2.717199
v 3.731784 7.320294 -1.011681
v 3.731784 7.320294 1.011681
v 3.283117 7.320289 2.717199
v 2.288878 7.320289 3.711437
v 0.583358 7.320293 4.160108
v 0.323736 8.721076 -3.092518
v 1.591576 8.721077 -2.758989
v 2.330667 8.721077 -2.019896
v 2.664195 8.721077 -0.752058
v 2.664195 8.721077 0.752057
v 2.330667 8.721075 2.019895
v 1.591576 8.721075 2.758989
v 0.323736 8.721076 3.092518
v 0.325642 8.020685 -3.100359
v 1.596697 8.020683 -2.765984
v 2.337662 8.020684 -2.025018
v 2.672036 8.020686 -0.753965
v 2.672036 8.020687 0.753965
v 2.337663 8.020682 2.025017
v 1.596697 8.020682 2.765984
v 0.325642 8.020685 3.100359
v 4.370569 7.505095 -0.000000
v 4.413979 7.435776 -0.904998
v 5.233707 6.866541 -0.000000
v 5.026704 6.991953 -1.003884
v 4.413979 7.435776 0.904998
v 5.026704 6.991953 1.003884
v 5.054554 7.693696 -0.000000
v 5.057948 7.608148 -0.957579
v 5.304194 6.933872 -1.062210
v 5.057948 7.608148 0.957579
v 5.304194 6.933872 1.062210
v 5.908191 7.860542 -0.000000
v 5.902427 7.746435 -1.316376
v 6.164037 6.620555 -0.000000
v 6.087892 6.818820 -1.460211
v 5.902427 7.746435 1.316376
v 6.087892 6.818820 1.460211
v 6.873737 8.043288 -0.000000
v 6.852290 7.902939 -1.683723
v 7.030621 6.474749 -0.000000
v 6.962391 6.710784 -1.867697
v 6.852290 7.886559 1.683723
v 6.962391 6.729355 1.867697
v 7.912334 8.248604 -0.000000
v 7.883189 8.098022 -2.102991
v 8.082384 6.531549 -0.000000
v 8.001337 6.697644 -2.332778
v 7.883189 7.999740 2.102991
v 8.001337 6.809073 2.332778
v 9.005009 8.171203 -0.000000
v 8.971689 8.026674 -2.404346
v 9.199429 6.550808 -0.000000
v 9.106768 6.795846 -2.667060
v 8.971689 8.010294 2.404346
v 9.106768 6.814417 2.667060
v 9.941694 8.155491 -0.000000
v 9.911013 8.011676 -2.213954
v 10.120720 6.548866 -0.000000
v 10.035395 6.810599 -2.455865
v 9.911013 8.011676 2.213954
v 10.035395 6.810599 2.455865
v 10.910727 8.058926 -0.000000
v 10.884333 7.932870 -1.904587
v 11.064735 6.650707 -0.000000
v 10.991333 6.880118 -2.112695
v 10.884333 7.932870 1.904587
v 10.991333 6.880118 2.112695
v 11.907684 7.930473 -0.000000
v 11.886238 7.828043 -1.547638
v 12.032831 6.786177 -0.000000
v 11.973185 6.972593 -1.716744
v 11.886238 7.828043 1.547638
v 11.973185 6.972593 1.716744
v 12.809797 7.786221 -0.000000
v 12.793905 7.710321 -1.146783
v 12.902529 6.938310 -0.000000
v 12.858332 7.076442 -1.272089
v 12.793905 7.710321 1.146783
v 12.858332 7.076442 1.272089
v 13.522770 7.587223 -0.000000
v 13.435160 7.559711 -0.751407
v 13.571188 7.144503 -0.000000
v 13.498757 7.298495 -0.821275
v 13.435160 7.559711 0.751407
v 13.498757 7.298495 0.821275
v 13.636042 7.374283 -0.438900
v 13.515350 7.595391 -0.444402
v 13.643673 7.366379 -0.000000
v 13.562243 7.153284 -0.496742
v 13.636042 7.374284 0.438900
v 13.515350 7.595391 0.444402
v 13.562243 7.153284 0.496742
v 4.054036 7.412035 -0.505841
v 3.768850 7.320294 -0.505841
v 4.072568 7.412041 -0.000000
v 4.352549 7.506541 -0.505841
v 4.122633 7.344777 -0.904998
v 4.831974 6.877076 -0.584949
v 4.546623 6.785096 -0.584949
v 4.702707 6.942039 -1.003884
v 5.213746 6.872255 -0.596278
v 4.853886 6.878599 -0.000000
v 4.402558 7.143025 -1.090790
v 4.117290 7.051178 -1.090790
v 4.670347 7.217698 -1.090790
v 4.054036 7.412035 0.505841
v 3.768850 7.320294 0.505841
v 4.122633 7.344776 0.904998
v 4.352549 7.506541 0.505841
v 4.402559 7.143025 1.090790
v 4.117290 7.051178 1.090790
v 4.702707 6.942039 1.003884
v 4.670347 7.217698 1.090790
v 4.831973 6.877076 0.584949
v 4.546623 6.785096 0.584949
v 5.213746 6.872255 0.596278
v 4.677718 7.606580 -0.505841
v 4.694198 7.600769 -0.000000
v 5.039614 7.704406 -0.535230
v 4.717602 7.525251 -0.904998
v 4.903176 7.258022 -1.090790
v 5.172711 7.276534 -1.154165
v 4.677718 7.606580 0.505841
v 4.717602 7.525251 0.904998
v 5.039614 7.704406 0.535230
v 4.903176 7.258021 1.090790
v 5.172711 7.276533 1.154165
v 5.448309 7.792274 -0.623399
v 5.462736 7.778514 -0.000000
v 5.893643 7.876695 -0.735776
v 5.459460 7.679407 -1.115321
v 5.717806 6.721998 -0.720893
v 5.657999 6.877814 -1.237189
v 6.145821 6.638065 -0.850845
v 5.735816 6.707125 -0.000000
v 5.550620 7.285769 -1.344291
v 5.986968 7.291043 -1.586621
v 5.448309 7.792274 0.623399
v 5.459460 7.679408 1.115321
v 5.893643 7.876695 0.735776
v 5.550620 7.285769 1.344291
v 5.657999 6.877814 1.237188
v 5.986968 7.291043 1.586621
v 5.717806 6.721998 0.720892
v 6.145821 6.638065 0.850845
v 6.365456 7.964182 -0.837792
v 6.380364 7.945104 -0.000000
v 6.857963 8.068829 -0.941102
v 6.367139 7.816632 -1.498892
v 6.565676 6.551353 -0.968815
v 6.513380 6.758754 -1.662671
v 7.010524 6.487294 -1.088281
v 6.584509 6.530530 -0.000000
v 6.431824 7.297668 -1.806607
v 6.898373 7.316462 -2.029383
v 6.365456 7.964182 0.837792
v 6.367140 7.816632 1.498892
v 6.857963 8.055474 0.941102
v 6.431825 7.297668 1.806607
v 6.513380 6.758754 1.662671
v 6.898373 7.317714 2.029383
v 6.565677 6.551353 0.968815
v 7.010525 6.501902 1.088281
v 7.365379 8.204729 -1.057360
v 7.382789 8.166182 -0.000000
v 7.892978 8.295295 -1.175448
v 7.356573 8.018300 -1.891720
v 7.513518 6.471323 -1.222721
v 7.462850 6.688073 -2.098421
v 8.057663 6.489937 -1.359277
v 7.535755 6.490910 -0.000000
v 7.399799 7.358240 -2.280081
v 7.931243 7.399572 -2.534725
v 7.365379 8.151311 1.057360
v 7.356573 7.952778 1.891720
v 7.892978 8.215166 1.175448
v 7.399799 7.363249 2.280081
v 7.462850 6.762360 2.098421
v 7.931243 7.407085 2.534725
v 7.513517 6.529751 1.222721
v 8.057663 6.577579 1.359277
v 8.446037 8.263937 -1.284249
v 8.467184 8.225376 -0.000000
v 8.982880 8.197646 -1.343887
v 8.435341 8.077415 -2.297647
v 8.625965 6.529634 -1.485093
v 8.564426 6.746516 -2.548702
v 9.171165 6.564381 -1.554059
v 8.652975 6.549206 -0.000000
v 8.487844 7.417026 -2.769342
v 9.026630 7.421343 -2.897946
v 8.446037 8.210518 1.284249
v 8.435341 8.011893 2.297647
v 8.982880 8.184291 1.343887
v 8.487844 7.422034 2.769342
v 8.564426 6.820803 2.548702
v 9.026630 7.422594 2.897946
v 8.625965 6.588061 1.485093
v 9.171165 6.578988 1.554059
v 9.461834 8.183412 -1.314490
v 9.483479 8.160788 -0.000000
v 9.921318 8.177963 -1.237470
v 9.450888 8.015998 -2.351750
v 9.646000 6.568143 -1.520064
v 9.583012 6.806787 -2.608718
v 10.094692 6.573562 -1.430998
v 9.673645 6.543281 -0.000000
v 9.504627 7.423265 -2.834553
v 9.961603 7.422930 -2.668468
v 9.461834 8.183412 1.314489
v 9.450888 8.015998 2.351750
v 9.921318 8.177963 1.237469
v 9.504627 7.423264 2.834553
v 9.583012 6.806787 2.608718
v 9.961603 7.422929 2.668468
v 9.646000 6.568144 1.520063
v 10.094692 6.573562 1.430998
v 10.399750 8.138026 -1.154241
v 10.418756 8.116671 -0.000000
v 10.893198 8.078622 -1.064552
v 10.390139 7.979995 -2.065050
v 10.561464 6.613277 -1.334754
v 10.506155 6.838547 -2.290691
v 11.042345 6.672353 -1.231038
v 10.585739 6.589808 -0.000000
v 10.437326 7.420477 -2.488995
v 10.927853 7.416830 -2.295590
v 10.399752 8.138026 1.154241
v 10.390139 7.979994 2.065050
v 10.893198 8.078622 1.064552
v 10.437326 7.420477 2.488995
v 10.506155 6.838547 2.290691
v 10.927855 7.416830 2.295590
v 10.561464 6.613277 1.334754
v 11.042345 6.672353 1.231038
v 11.397726 8.014771 -0.968149
v 11.413668 7.996859 -0.000000
v 11.893440 7.946479 -0.865039
v 11.389664 7.882218 -1.732112
v 11.533367 6.735851 -1.119558
v 11.486975 6.924802 -1.921374
v 12.014637 6.803766 -1.000323
v 11.553730 6.716165 -0.000000
v 11.429243 7.412910 -2.087707
v 11.921602 7.408716 -1.865361
v 11.397726 8.014771 0.968148
v 11.389664 7.882218 1.732112
v 11.893440 7.946479 0.865038
v 11.429243 7.412910 2.087707
v 11.486977 6.924802 1.921375
v 11.921602 7.408716 1.865361
v 11.533367 6.735851 1.119558
v 12.014637 6.803766 1.000323
v 12.360449 7.873748 -0.755229
v 12.372885 7.859775 -0.000000
v 12.799242 7.798081 -0.640984
v 12.354160 7.770347 -1.351178
v 12.466261 6.876094 -0.873340
v 12.430073 7.023490 -1.498817
v 12.889048 6.951344 -0.741228
v 12.482143 6.860738 -0.000000
v 12.385036 7.404251 -1.628569
v 12.820110 7.399605 -1.382213
v 12.360449 7.873748 0.755229
v 12.354160 7.770347 1.351178
v 12.799242 7.798081 0.640984
v 12.385036 7.404251 1.628569
v 12.430071 7.023490 1.498817
v 12.820110 7.399605 1.382213
v 12.466261 6.876094 0.873340
v 12.889048 6.951343 0.741228
v 13.210314 7.720976 -0.524569
v 13.218950 7.711270 -0.000000
v 13.205946 7.649155 -0.938506
v 13.283810 7.028022 -0.606607
v 13.258673 7.130401 -1.041053
v 13.294842 7.017355 -0.000000
v 13.227392 7.394870 -1.131176
v 13.210314 7.720976 0.524569
v 13.205946 7.649155 0.938506
v 13.227392 7.394870 1.131176
v 13.258675 7.130400 1.041053
v 13.283810 7.028021 0.606607
v 1.327496 13.005732 3.789601
v 0.755872 13.263381 3.950417
v 0.475964 13.841653 3.871344
v 1.855987 13.219632 3.483098
v 2.031762 13.779782 3.210456
v 1.703649 14.305073 3.070213
v 1.180229 14.615704 3.292199
v 0.651738 14.401803 3.598701
v 1.313241 13.161574 3.539833
v 0.852281 13.369344 3.669516
v 0.626562 13.835664 3.605751
v 1.739418 13.334064 3.292668
v 1.881163 13.785771 3.072808
v 1.194484 14.459861 3.138726
v 0.768307 14.287371 3.385891
v 1.299693 13.309688 3.264169
v 0.943909 13.470051 3.364262
v 0.769692 13.829972 3.315047
v 1.628630 13.442822 3.073399
v 1.738034 13.791463 2.903703
v 1.563816 14.151384 2.854488
v 1.208033 14.311748 2.954581
v 0.879095 14.178614 3.145351
v 1.253863 13.810717 2.770125
v -0.014946 13.092497 4.443011
v -0.837651 13.092140 4.443500
v -0.426972 12.762839 4.693154
v -0.428397 12.568583 4.820226
v 5.263792 5.981894 -0.627498
v 5.836578 4.937939 -0.651767
v 6.181203 3.680485 -0.676035
v 6.296475 2.316281 -0.688169
v 6.181203 0.952080 -0.676035
v 5.836578 -0.355677 -0.651767
v 5.263792 -1.550543 -0.627498
v 4.464037 -2.576077 -0.615364
v 3.438504 -3.375832 -0.627498
v 2.243638 -3.948618 -0.651767
v 0.935880 -4.293243 -0.676035
v -0.428319 -4.408515 -0.688169
v -1.792518 -4.293243 -0.676035
v -3.100276 -3.948618 -0.651767
v -4.295143 -3.375832 -0.627498
v -5.320675 -2.576077 -0.615364
v -6.120430 -1.550543 -0.627498
v -6.693216 -0.355677 -0.651767
v -7.037841 0.952080 -0.676035
v -7.153114 2.316281 -0.688169
v -7.037841 3.680485 -0.676035
v -6.693216 4.937939 -0.651767
v -6.120430 5.981894 -0.627498
v -2.834703 -4.752487 -0.143104
v -2.660249 -4.747451 0.074151
v -2.038103 -4.886430 0.074151
v -1.999717 -4.953472 -0.896550
v -2.212376 -4.915631 -1.160253
v -2.861135 -4.820432 -1.105716
v -2.967490 -4.350553 -0.397436
v -2.892126 -4.375281 0.037075
v -1.921378 -4.618438 0.037076
v -1.896118 -4.623358 -0.786293
v -1.996380 -4.575835 -1.256161
v -2.968843 -4.357278 -1.204625
v 2.119647 -4.770652 0.202984
v 2.146080 -4.838597 -0.759628
v 1.921467 -4.801659 -1.015241
v 1.272708 -4.934404 -0.993062
v 1.311094 -4.867362 -0.022361
v 1.497501 -4.863228 0.202984
v 2.193506 -4.386882 0.101492
v 2.194859 -4.393607 -0.705697
v 2.070689 -4.347891 -1.159387
v 1.098227 -4.585222 -1.172566
v 1.123487 -4.580302 -0.349198
v 1.222758 -4.606837 0.101492
v -0.221633 12.610510 4.507156
v -0.428319 12.217260 4.954257
v -0.632985 12.610332 4.507401
v -0.428341 12.288687 4.992818
v -0.020525 13.091125 3.590630
v -0.428319 13.056106 3.634952
v -0.833419 13.090888 3.590955
v -0.221633 12.610510 3.649077
v -0.428319 12.128523 3.713222
v -0.632985 12.610332 3.649321
v -0.426337 12.616417 3.648583
v -0.429269 12.765226 4.100322
v -0.429360 12.700582 4.019398
vt 0.000000 0.125000
vt 0.125000 0.125000
vt 0.250000 0.125000
vt 0.375000 0.125000
vt 0.500000 0.125000
vt 0.625000 0.125000
vt 0.750000 0.125000
vt 0.875000 0.125000
vt 1.000000 0.125000
vt 0.000000 0.250000
vt 0.125000 0.250000
vt 0.250000 0.250000
vt 0.375000 0.250000
vt 0.500000 0.250000
vt 0.625000 0.250000
vt 0.750000 0.250000
vt 0.875000 0.250000
vt 1.000000 0.250000
vt 0.000000 0.375000
vt 0.125000 0.375000
vt 0.250000 0.375000
vt 0.375000 0.375000
vt 0.500000 0.375000
vt 0.625000 0.375000
vt 0.750000 0.375000
vt 0.875000 0.375000
vt 1.000000 0.375000
vt 0.000000 0.500000
vt 0.125000 0.500000
vt 0.250000 0.500000
vt 0.375000 0.500000
vt 0.500000 0.500000
vt 0.625000 0.500000
vt 0.750000 0.500000
vt 0.875000 0.500000
vt 1.000000 0.500000
vt 0.000000 0.625000
vt 0.125000 0.625000
vt 0.250000 0.625000
vt 0.375000 0.625000
vt 0.500000 0.625000
vt 0.625000 0.625000
vt 0.750000 0.625000
vt 0.875000 0.625000
vt 1.000000 0.625000
vt 0.000000 0.750000
vt 0.125000 0.750000
vt 0.250000 0.750000
vt 0.375000 0.750000
vt 0.500000 0.750000
vt 0.625000 0.750000
vt 0.750000 0.750000
vt 0.875000 0.750000
vt 1.000000 0.750000
vt 0.000000 0.875000
vt 0.125000 0.875000
vt 0.250000 0.875000
vt 0.375000 0.875000
vt 0.500000 0.875000
vt 0.625000 0.875000
vt 0.750000 0.875000
vt 0.875000 0.875000
vt 1.000000 0.875000
vt 0.062500 0.000000
vt 0.187500 0.000000
vt 0.312500 0.000000
vt 0.437500 0.000000
vt 0.562500 0.000000
vt 0.687500 0.000000
vt 0.812500 0.000000
vt 0.937500 0.000000
vt 0.062500 1.000000
vt 0.187500 1.000000
vt 0.312500 1.000000
vt 0.437500 1.000000
vt 0.562500 1.000000
vt 0.687500 1.000000
vt 0.812500 1.000000
vt 0.937500 1.000000
vt 0.000000 0.125000
vt 0.125000 0.125000
vt 0.125000 0.250000
vt 0.000000 0.250000
vt 0.250000 0.125000
vt 0.250000 0.250000
vt 0.375000 0.125000
vt 0.375000 0.250000
vt 0.500000 0.125000
vt 0.500000 0.250000
vt 0.625000 0.125000
vt 0.625000 0.250000
vt 0.750000 0.125000
vt 0.750000 0.250000
vt 0.875000 0.125000
vt 0.875000 0.250000
vt 1.000000 0.125000
vt 1.000000 0.250000
vt 0.125000 0.375000
vt 0.000000 0.375000
vt 0.250000 0.375000
vt 0.375000 0.375000
vt 0.500000 0.375000
vt 0.625000 0.375000
vt 0.750000 0.375000
vt 0.875000 0.375000
vt 1.000000 0.375000
vt 0.125000 0.500000
vt 0.000000 0.500000
vt 0.250000 0.500000
vt 0.375000 0.500000
vt 0.500000 0.500000
vt 0.625000 0.500000
vt 0.750000 0.500000
vt 0.875000 0.500000
vt 1.000000 0.500000
vt 0.125000 0.625000
vt 0.000000 0.625000
vt 0.250000 0.625000
vt 0.375000 0.625000
vt 0.500000 0.625000
vt 0.625000 0.625000
vt 0.750000 0.625000
vt 0.875000 0.625000
vt 1.000000 0.625000
vt 0.125000 0.750000
vt 0.000000 0.750000
vt 0.250000 0.750000
vt 0.375000 0.750000
vt 0.500000 0.750000
vt 0.625000 0.750000
vt 0.750000 0.750000
vt 0.875000 0.750000
vt 1.000000 0.750000
vt 0.125000 0.875000
vt 0.000000 0.875000
vt 0.250000 0.875000
vt 0.375000 0.875000
vt 0.500000 0.875000
vt 0.625000 0.875000
vt 0.750000 0.875000
vt 0.875000 0.875000
vt 1.000000 0.875000
vt 0.062500 0.000000
vt 0.187500 0.000000
vt 0.312500 0.000000
vt 0.437500 0.000000
vt 0.562500 0.000000
vt 0.687500 0.000000
vt 0.812500 0.000000
vt 0.937500 0.000000
vt 0.062500 1.000000
vt 0.187500 1.000000
vt 0.312500 1.000000
vt 0.437500 1.000000
vt 0.562500 1.000000
vt 0.687500 1.000000
vt 0.812500 1.000000
vt 0.937500 1.000000
vt 0.000000 0.100000
vt 0.150000 0.100000
vt 0.100000 0.200000
vt 0.000000 0.200000
vt 0.200000 0.200000
vt 0.300000 0.100000
vt 0.300000 0.200000
vt 0.400000 0.100000
vt 0.400000 0.200000
vt 0.500000 0.100000
vt 0.500000 0.200000
vt 0.650000 0.100000
vt 0.600000 0.200000
vt 0.700000 0.200000
vt 0.800000 0.100000
vt 0.800000 0.200000
vt 0.900000 0.200000
vt 1.000000 0.100000
vt 1.000000 0.200000
vt 0.000000 0.300000
vt 0.100000 0.300000
vt 0.200000 0.300000
vt 0.300000 0.300000
vt 0.400000 0.300000
vt 0.500000 0.300000
vt 0.600000 0.300000
vt 0.700000 0.300000
vt 0.800000 0.300000
vt 1.000000 0.300000
vt 0.000000 0.400000
vt 0.100000 0.400000
vt 0.200000 0.400000
vt 0.300000 0.400000
vt 0.400000 0.400000
vt 0.500000 0.400000
vt 0.600000 0.400000
vt 0.700000 0.400000
vt 0.800000 0.400000
vt 0.900000 0.400000
vt 1.000000 0.400000
vt 0.000000 0.500000
vt 0.100000 0.500000
vt 0.200000 0.500000
vt 0.300000 0.500000
vt 0.400000 0.500000
vt 0.500000 0.500000
vt 0.600000 0.500000
vt 0.700000 0.500000
vt 0.800000 0.500000
vt 0.900000 0.500000
vt 1.000000 0.500000
vt 0.050000 0.000000
vt 0.250000 0.000000
vt 0.350000 0.000000
vt 0.450000 0.000000
vt 0.550000 0.000000
vt 0.750000 0.000000
vt 0.850000 0.000000
vt 0.950000 0.000000
vt 0.000000 0.100000
vt 0.000000 0.200000
vt 0.100000 0.200000
vt 0.150000 0.100000
vt 0.200000 0.200000
vt 0.300000 0.200000
vt 0.300000 0.100000
vt 0.400000 0.200000
vt 0.400000 0.100000
vt 0.500000 0.100000
vt 0.500000 0.200000
vt 0.650000 0.100000
vt 0.600000 0.200000
vt 0.700000 0.200000
vt 0.800000 0.200000
vt 0.800000 0.100000
vt 0.900000 0.200000
vt 1.000000 0.100000
vt 1.000000 0.200000
vt 0.000000 0.300000
vt 0.100000 0.300000
vt 0.200000 0.300000
vt 0.300000 0.300000
vt 0.400000 0.300000
vt 0.500000 0.300000
vt 0.600000 0.300000
vt 0.700000 0.300000
vt 0.800000 0.300000
vt 1.000000 0.300000
vt 0.000000 0.400000
vt 0.100000 0.400000
vt 0.200000 0.400000
vt 0.300000 0.400000
vt 0.400000 0.400000
vt 0.500000 0.400000
vt 0.600000 0.400000
vt 0.700000 0.400000
vt 0.800000 0.400000
vt 0.900000 0.400000
vt 1.000000 0.400000
vt 0.000000 0.500000
vt 0.100000 0.500000
vt 0.200000 0.500000
vt 0.300000 0.500000
vt 0.400000 0.500000
vt 0.500000 0.500000
vt 0.600000 0.500000
vt 0.700000 0.500000
vt 0.800000 0.500000
vt 0.900000 0.500000
vt 1.000000 0.500000
vt 0.050000 0.000000
vt 0.250000 0.000000
vt 0.350000 0.000000
vt 0.450000 0.000000
vt 0.550000 0.000000
vt 0.750000 0.000000
vt 0.850000 0.000000
vt 0.950000 0.000000
vt 0.000000 0.100000
vt 0.000000 0.200000
vt 0.100000 0.200000
vt 0.150000 0.100000
vt 0.200000 0.200000
vt 0.300000 0.200000
vt 0.300000 0.100000
vt 0.400000 0.100000
vt 0.400000 0.200000
vt 0.500000 0.100000
vt 0.500000 0.200000
vt 0.650000 0.100000
vt 0.600000 0.200000
vt 0.700000 0.200000
vt 0.800000 0.100000
vt 0.800000 0.200000
vt 0.900000 0.200000
vt 1.000000 0.200000
vt 1.000000 0.100000
vt 0.000000 0.300000
vt 0.100000 0.300000
vt 0.200000 0.300000
vt 0.300000 0.300000
vt 0.400000 0.300000
vt 0.500000 0.300000
vt 0.600000 0.300000
vt 0.700000 0.300000
vt 0.800000 0.300000
vt 1.000000 0.300000
vt 0.000000 0.400000
vt 0.100000 0.400000
vt 0.200000 0.400000
vt 0.300000 0.400000
vt 0.400000 0.400000
vt 0.500000 0.400000
vt 0.600000 0.400000
vt 0.700000 0.400000
vt 0.800000 0.400000
vt 0.900000 0.400000
vt 1.000000 0.400000
vt 0.000000 0.500000
vt 0.100000 0.500000
vt 0.200000 0.500000
vt 0.300000 0.500000
vt 0.400000 0.500000
vt 0.500000 0.500000
vt 0.600000 0.500000
vt 0.700000 0.500000
vt 0.800000 0.500000
vt 0.900000 0.500000
vt 1.000000 0.500000
vt 0.050000 0.000000
vt 0.250000 0.000000
vt 0.350000 0.000000
vt 0.450000 0.000000
vt 0.550000 0.000000
vt 0.750000 0.000000
vt 0.850000 0.000000
vt 0.950000 0.000000
vt 0.000000 0.100000
vt 0.150000 0.100000
vt 0.100000 0.200000
vt 0.000000 0.200000
vt 0.200000 0.200000
vt 0.300000 0.100000
vt 0.300000 0.200000
vt 0.400000 0.200000
vt 0.400000 0.100000
vt 0.500000 0.100000
vt 0.500000 0.200000
vt 0.650000 0.100000
vt 0.600000 0.200000
vt 0.700000 0.200000
vt 0.800000 0.200000
vt 0.800000 0.100000
vt 0.900000 0.200000
vt 1.000000 0.100000
vt 1.000000 0.200000
vt 0.000000 0.300000
vt 0.100000 0.300000
vt 0.200000 0.300000
vt 0.300000 0.300000
vt 0.400000 0.300000
vt 0.500000 0.300000
vt 0.600000 0.300000
vt 0.700000 0.300000
vt 0.800000 0.300000
vt 1.000000 0.300000
vt 0.000000 0.400000
vt 0.100000 0.400000
vt 0.200000 0.400000
vt 0.300000 0.400000
vt 0.400000 0.400000
vt 0.500000 0.400000
vt 0.600000 0.400000
vt 0.700000 0.400000
vt 0.800000 0.400000
vt 0.900000 0.400000
vt 1.000000 0.400000
vt 0.000000 0.500000
vt 0.100000 0.500000
vt 0.200000 0.500000
vt 0.300000 0.500000
vt 0.400000 0.500000
vt 0.500000 0.500000
vt 0.600000 0.500000
vt 0.700000 0.500000
vt 0.800000 0.500000
vt 0.900000 0.500000
vt 1.000000 0.500000
vt 0.050000 0.000000
vt 0.250000 0.000000
vt 0.350000 0.000000
vt 0.450000 0.000000
vt 0.550000 0.000000
vt 0.750000 0.000000
vt 0.850000 0.000000
vt 0.950000 0.000000
vt 0.500000 0.018229
vt 0.500000 0.031250
vt 0.531250 0.031250
vt 0.531250 0.018229
vt 0.562500 0.031250
vt 0.562500 0.018229
vt 0.531250 0.062500
vt 0.562500 0.062500
vt 0.500000 0.062500
vt 0.593750 0.031250
vt 0.593750 0.018229
vt 0.625000 0.031250
vt 0.625000 0.018229
vt 0.593750 0.062500
vt 0.625000 0.062500
vt 0.562500 0.093750
vt 0.593750 0.093750
vt 0.625000 0.093750
vt 0.593750 0.125000
vt 0.625000 0.125000
vt 0.562500 0.125000
vt 0.500000 0.093750
vt 0.531250 0.093750
vt 0.531250 0.125000
vt 0.500000 0.125000
vt 0.505910 0.140625
vt 0.531250 0.156250
vt 0.562500 0.156250
vt 0.511819 0.156250
vt 0.531250 0.187500
vt 0.593750 0.156250
vt 0.625000 0.156250
vt 0.593750 0.187500
vt 0.625000 0.187500
vt 0.593750 0.218750
vt 0.625000 0.218750
vt 0.593750 0.250000
vt 0.625000 0.250000
vt 0.562500 0.218750
vt 0.562500 0.250000
vt 0.500000 0.187500
vt 0.500000 0.218750
vt 0.531250 0.218750
vt 0.531250 0.250000
vt 0.500000 0.250000
vt 0.500000 0.281250
vt 0.531250 0.281250
vt 0.562500 0.281250
vt 0.531250 0.312500
vt 0.562500 0.312500
vt 0.500000 0.312500
vt 0.593750 0.281250
vt 0.625000 0.281250
vt 0.593750 0.312500
vt 0.625000 0.312500
vt 0.562500 0.343750
vt 0.593750 0.343750
vt 0.625000 0.343750
vt 0.593750 0.375000
vt 0.625000 0.375000
vt 0.562500 0.375000
vt 0.500000 0.343750
vt 0.531250 0.343750
vt 0.531250 0.375000
vt 0.500000 0.375000
vt 0.500000 0.406250
vt 0.531250 0.406250
vt 0.562500 0.406250
vt 0.531250 0.437500
vt 0.562500 0.437500
vt 0.500000 0.437500
vt 0.593750 0.406250
vt 0.625000 0.406250
vt 0.593750 0.437500
vt 0.625000 0.437500
vt 0.562500 0.468750
vt 0.593750 0.468750
vt 0.625000 0.468750
vt 0.593750 0.500000
vt 0.625000 0.500000
vt 0.562500 0.500000
vt 0.500000 0.468750
vt 0.531250 0.468750
vt 0.531250 0.500000
vt 0.500000 0.500000
vt 0.500000 0.531250
vt 0.531250 0.531250
vt 0.562500 0.531250
vt 0.531250 0.562500
vt 0.562500 0.562500
vt 0.500000 0.562500
vt 0.593750 0.531250
vt 0.625000 0.531250
vt 0.593750 0.562500
vt 0.625000 0.562500
vt 0.562500 0.593750
vt 0.593750 0.593750
vt 0.625000 0.593750
vt 0.593750 0.625000
vt 0.625000 0.625000
vt 0.562500 0.625000
vt 0.500000 0.593750
vt 0.531250 0.593750
vt 0.531250 0.625000
vt 0.500000 0.625000
vt 0.500000 0.656250
vt 0.531250 0.656250
vt 0.562500 0.656250
vt 0.531250 0.687500
vt 0.562500 0.687500
vt 0.500000 0.687500
vt 0.593750 0.656250
vt 0.625000 0.656250
vt 0.593750 0.687500
vt 0.625000 0.687500
vt 0.562500 0.718750
vt 0.593750 0.718750
vt 0.625000 0.718750
vt 0.593750 0.731771
vt 0.625000 0.750000
vt 0.562500 0.731771
vt 0.500000 0.718750
vt 0.531250 0.718750
vt 0.531250 0.731771
vt 0.500000 0.731771
vt 0.656250 0.031250
vt 0.656250 0.018229
vt 0.687500 0.031250
vt 0.687500 0.018229
vt 0.656250 0.062500
vt 0.687500 0.062500
vt 0.718750 0.031250
vt 0.718750 0.018229
vt 0.750000 0.031250
vt 0.750000 0.018229
vt 0.718750 0.062500
vt 0.750000 0.062500
vt 0.687500 0.093750
vt 0.718750 0.093750
vt 0.750000 0.093750
vt 0.718750 0.125000
vt 0.750000 0.125000
vt 0.687500 0.125000
vt 0.656250 0.093750
vt 0.656250 0.125000
vt 0.781250 0.031250
vt 0.781250 0.018229
vt 0.812500 0.031250
vt 0.812500 0.018229
vt 0.781250 0.062500
vt 0.812500 0.062500
vt 0.843750 0.031250
vt 0.843750 0.018229
vt 0.875000 0.031250
vt 0.875000 0.000000
vt 0.843750 0.062500
vt 0.875000 0.062500
vt 0.812500 0.093750
vt 0.843750 0.093750
vt 0.875000 0.093750
vt 0.843750 0.125000
vt 0.875000 0.125000
vt 0.812500 0.125000
vt 0.781250 0.093750
vt 0.781250 0.125000
vt 0.750000 0.156250
vt 0.781250 0.156250
vt 0.812500 0.156250
vt 0.781250 0.187500
vt 0.812500 0.187500
vt 0.750000 0.187500
vt 0.843750 0.156250
vt 0.875000 0.156250
vt 0.843750 0.187500
vt 0.875000 0.187500
vt 0.812500 0.218750
vt 0.843750 0.218750
vt 0.875000 0.218750
vt 0.843750 0.250000
vt 0.875000 0.250000
vt 0.812500 0.250000
vt 0.750000 0.218750
vt 0.781250 0.218750
vt 0.781250 0.250000
vt 0.750000 0.250000
vt 0.656250 0.156250
vt 0.687500 0.156250
vt 0.656250 0.187500
vt 0.687500 0.187500
vt 0.718750 0.156250
vt 0.718750 0.187500
vt 0.687500 0.218750
vt 0.718750 0.218750
vt 0.718750 0.250000
vt 0.687500 0.250000
vt 0.656250 0.218750
vt 0.656250 0.250000
vt 0.500000 0.000000
vt 0.500000 0.031250
vt 0.531250 0.031250
vt 0.531250 0.000000
vt 0.562500 0.031250
vt 0.562500 0.000000
vt 0.531250 0.062500
vt 0.562500 0.062500
vt 0.500000 0.062500
vt 0.593750 0.031250
vt 0.593750 0.000000
vt 0.625000 0.031250
vt 0.625000 0.000000
vt 0.593750 0.062500
vt 0.625000 0.062500
vt 0.562500 0.093750
vt 0.593750 0.093750
vt 0.625000 0.093750
vt 0.593750 0.125000
vt 0.625000 0.125000
vt 0.562500 0.125000
vt 0.500000 0.093750
vt 0.531250 0.093750
vt 0.531250 0.125000
vt 0.500000 0.125000
vt 0.500000 0.156250
vt 0.531250 0.156250
vt 0.562500 0.156250
vt 0.531250 0.187500
vt 0.562500 0.187500
vt 0.500000 0.187500
vt 0.593750 0.156250
vt 0.625000 0.156250
vt 0.593750 0.187500
vt 0.625000 0.187500
vt 0.562500 0.218750
vt 0.593750 0.218750
vt 0.625000 0.218750
vt 0.593750 0.231771
vt 0.625000 0.231771
vt 0.562500 0.231771
vt 0.500000 0.218750
vt 0.531250 0.218750
vt 0.531250 0.231771
vt 0.500000 0.231771
vt 0.500000 0.518229
vt 0.500000 0.531250
vt 0.531250 0.531250
vt 0.531250 0.518229
vt 0.562500 0.531250
vt 0.562500 0.518229
vt 0.531250 0.562500
vt 0.562500 0.562500
vt 0.500000 0.562500
vt 0.593750 0.531250
vt 0.593750 0.518229
vt 0.625000 0.531250
vt 0.625000 0.500000
vt 0.593750 0.562500
vt 0.625000 0.562500
vt 0.562500 0.593750
vt 0.593750 0.593750
vt 0.625000 0.593750
vt 0.593750 0.625000
vt 0.625000 0.625000
vt 0.562500 0.625000
vt 0.500000 0.593750
vt 0.531250 0.593750
vt 0.531250 0.625000
vt 0.500000 0.625000
vt 0.500000 0.656250
vt 0.531250 0.656250
vt 0.562500 0.656250
vt 0.531250 0.687500
vt 0.562500 0.687500
vt 0.500000 0.687500
vt 0.593750 0.656250
vt 0.625000 0.656250
vt 0.593750 0.687500
vt 0.625000 0.687500
vt 0.562500 0.718750
vt 0.593750 0.718750
vt 0.625000 0.718750
vt 0.593750 0.750000
vt 0.625000 0.750000
vt 0.562500 0.750000
vt 0.500000 0.718750
vt 0.531250 0.718750
vt 0.531250 0.750000
vt 0.500000 0.750000
vt 0.500000 0.781250
vt 0.531250 0.781250
vt 0.562500 0.781250
vt 0.531250 0.812500
vt 0.562500 0.812500
vt 0.500000 0.812500
vt 0.593750 0.781250
vt 0.625000 0.781250
vt 0.593750 0.812500
vt 0.625000 0.812500
vt 0.562500 0.843750
vt 0.593750 0.843750
vt 0.625000 0.843750
vt 0.593750 0.859375
vt 0.625000 0.859375
vt 0.562500 0.859375
vt 0.500000 0.843750
vt 0.531250 0.843750
vt 0.500000 0.859375
vt 0.531250 0.859375
vt 0.500000 0.875000
vt 0.500000 0.906250
vt 0.531250 0.906250
vt 0.531250 0.875000
vt 0.562500 0.906250
vt 0.562500 0.875000
vt 0.531250 0.937500
vt 0.562500 0.937500
vt 0.500000 0.937500
vt 0.593750 0.906250
vt 0.593750 0.875000
vt 0.625000 0.906250
vt 0.625000 0.875000
vt 0.593750 0.937500
vt 0.625000 0.937500
vt 0.562500 0.968750
vt 0.593750 0.968750
vt 0.625000 0.968750
vt 0.593750 1.000000
vt 0.625000 1.000000
vt 0.562500 1.000000
vt 0.500000 0.968750
vt 0.531250 0.968750
vt 0.531250 1.000000
vt 0.500000 1.000000
vt 0.656250 0.031250
vt 0.656250 0.000000
vt 0.687500 0.031250
vt 0.687500 0.000000
vt 0.656250 0.062500
vt 0.687500 0.062500
vt 0.718750 0.031250
vt 0.718750 0.000000
vt 0.750000 0.031250
vt 0.750000 0.000000
vt 0.718750 0.062500
vt 0.750000 0.062500
vt 0.687500 0.093750
vt 0.718750 0.093750
vt 0.750000 0.093750
vt 0.718750 0.125000
vt 0.750000 0.125000
vt 0.687500 0.125000
vt 0.656250 0.093750
vt 0.656250 0.125000
vt 0.765625 0.000000
vt 0.765625 0.031250
vt 0.781250 0.031250
vt 0.781250 0.000000
vt 0.812500 0.031250
vt 0.812500 0.000000
vt 0.781250 0.062500
vt 0.812500 0.062500
vt 0.765625 0.062500
vt 0.843750 0.031250
vt 0.843750 0.000000
vt 0.875000 0.031250
vt 0.875000 0.000000
vt 0.843750 0.062500
vt 0.875000 0.062500
vt 0.812500 0.093750
vt 0.843750 0.093750
vt 0.875000 0.093750
vt 0.843750 0.125000
vt 0.875000 0.125000
vt 0.812500 0.125000
vt 0.765625 0.093750
vt 0.781250 0.093750
vt 0.781250 0.125000
vt 0.765625 0.125000
vt 0.765625 0.156250
vt 0.781250 0.156250
vt 0.812500 0.156250
vt 0.781250 0.187500
vt 0.812500 0.187500
vt 0.765625 0.187500
vt 0.843750 0.156250
vt 0.875000 0.156250
vt 0.843750 0.187500
vt 0.875000 0.187500
vt 0.812500 0.218750
vt 0.843750 0.218750
vt 0.875000 0.218750
vt 0.843750 0.231771
vt 0.875000 0.250000
vt 0.812500 0.231771
vt 0.765625 0.218750
vt 0.781250 0.218750
vt 0.777344 0.227383
vt 0.750000 0.218750
vt 0.750000 0.230957
vt 0.765625 0.231771
vt 0.656250 0.156250
vt 0.687500 0.156250
vt 0.656250 0.187500
vt 0.687500 0.187500
vt 0.718750 0.156250
vt 0.750000 0.156250
vt 0.718750 0.187500
vt 0.750000 0.187500
vt 0.687500 0.218750
vt 0.718750 0.218750
vt 0.722656 0.227383
vt 0.734375 0.231771
vt 0.687500 0.231771
vt 0.656250 0.218750
vt 0.656250 0.231771
vt 0.500000 0.583333
vt 0.500000 0.541667
vt 0.531250 0.541667
vt 0.531250 0.583333
vt 0.562500 0.541667
vt 0.562500 0.583333
vt 0.593750 0.541667
vt 0.593750 0.583333
vt 0.625000 0.541667
vt 0.625000 0.583333
vt 0.875000 0.166667
vt 0.875000 0.208333
vt 0.843750 0.208333
vt 0.843750 0.166667
vt 0.812500 0.208333
vt 0.812500 0.166667
vt 0.777344 0.210534
vt 0.781250 0.166667
vt 0.765625 0.208333
vt 0.750000 0.205729
vt 0.750000 0.166667
vt 0.775825 0.223307
vt 0.765625 0.220052
vt 0.765625 0.211263
vt 0.774306 0.213542
vt 0.781250 0.220052
vt 0.734375 0.208333
vt 0.722656 0.210534
vt 0.718750 0.166667
vt 0.687500 0.208333
vt 0.687500 0.166667
vt 0.718750 0.220052
vt 0.750000 0.220052
vt 0.734375 0.220052
vt 0.734375 0.211263
vt 0.750000 0.211263
vt 0.656250 0.208333
vt 0.656250 0.166667
vt 0.625000 0.208333
vt 0.625000 0.166667
vt 0.593750 0.208333
vt 0.593750 0.166667
vt 0.562500 0.208333
vt 0.562500 0.166667
vt 0.531250 0.208333
vt 0.531250 0.166667
vt 0.500000 0.208333
vt 0.500000 0.166667
vt 0.500000 0.708333
vt 0.531250 0.708333
vt 0.562500 0.708333
vt 0.531250 0.666667
vt 0.562500 0.666667
vt 0.500000 0.666667
vt 0.593750 0.708333
vt 0.625000 0.708333
vt 0.593750 0.666667
vt 0.625000 0.666667
vt 0.875000 0.041667
vt 0.843750 0.041667
vt 0.812500 0.041667
vt 0.843750 0.083333
vt 0.812500 0.083333
vt 0.875000 0.083333
vt 0.781250 0.041667
vt 0.750000 0.041667
vt 0.781250 0.083333
vt 0.750000 0.083333
vt 0.718750 0.041667
vt 0.687500 0.041667
vt 0.718750 0.083333
vt 0.687500 0.083333
vt 0.656250 0.041667
vt 0.625000 0.041667
vt 0.656250 0.083333
vt 0.625000 0.083333
vt 0.593750 0.041667
vt 0.562500 0.041667
vt 0.593750 0.083333
vt 0.562500 0.083333
vt 0.531250 0.041667
vt 0.500000 0.041667
vt 0.531250 0.083333
vt 0.500000 0.083333
vt 0.500000 0.625000
vt 0.531250 0.625000
vt 0.562500 0.625000
vt 0.593750 0.625000
vt 0.625000 0.625000
vt 0.875000 0.125000
vt 0.843750 0.125000
vt 0.812500 0.125000
vt 0.781250 0.125000
vt 0.750000 0.125000
vt 0.718750 0.125000
vt 0.687500 0.125000
vt 0.656250 0.125000
vt 0.625000 0.125000
vt 0.593750 0.125000
vt 0.562500 0.125000
vt 0.531250 0.125000
vt 0.500000 0.125000
vt 0.777344 0.211263
vt 0.765625 0.208333
vt 0.750000 0.231771
vt 0.765625 0.231771
vt 0.777344 0.228841
vt 0.781250 0.220052
vt 0.750000 0.208333
vt 0.734375 0.208333
vt 0.722656 0.211263
vt 0.718750 0.220052
vt 0.722656 0.228841
vt 0.734375 0.231771
vt 0.777344 0.211263
vt 0.765625 0.208333
vt 0.765625 0.208333
vt 0.777344 0.211263
vt 0.777344 0.228841
vt 0.781250 0.220052
vt 0.781250 0.220052
vt 0.750000 0.208333
vt 0.734375 0.208333
vt 0.734375 0.208333
vt 0.750000 0.208333
vt 0.722656 0.211263
vt 0.718750 0.220052
vt 0.718750 0.220052
vt 0.722656 0.211263
vt 0.777344 0.211263
vt 0.765625 0.208333
vt 0.765625 0.208333
vt 0.777344 0.211263
vt 0.750000 0.231771
vt 0.765625 0.231771
vt 0.765625 0.231771
vt 0.750000 0.231771
vt 0.777344 0.228841
vt 0.781250 0.220052
vt 0.781250 0.220052
vt 0.777344 0.228841
vt 0.750000 0.208333
vt 0.734375 0.208333
vt 0.734375 0.208333
vt 0.750000 0.208333
vt 0.722656 0.211263
vt 0.718750 0.220052
vt 0.718750 0.220052
vt 0.722656 0.211263
vt 0.722656 0.228841
vt 0.734375 0.231771
vt 0.734375 0.231771
vt 0.722656 0.228841
vt 0.777344 0.211263
vt 0.765625 0.208333
vt 0.765625 0.208333
vt 0.777344 0.211263
vt 0.750000 0.231771
vt 0.765625 0.231771
vt 0.765625 0.231771
vt 0.750000 0.231771
vt 0.777344 0.228841
vt 0.781250 0.220052
vt 0.781250 0.220052
vt 0.777344 0.228841
vt 0.750000 0.208333
vt 0.734375 0.208333
vt 0.734375 0.208333
vt 0.750000 0.208333
vt 0.722656 0.211263
vt 0.718750 0.220052
vt 0.718750 0.220052
vt 0.722656 0.211263
vt 0.722656 0.228841
vt 0.734375 0.231771
vt 0.734375 0.231771
vt 0.722656 0.228841
vt 0.777344 0.211263
vt 0.765625 0.208333
vt 0.765625 0.208333
vt 0.777344 0.211263
vt 0.750000 0.231771
vt 0.765625 0.231771
vt 0.765625 0.231771
vt 0.750000 0.231771
vt 0.777344 0.228841
vt 0.781250 0.220052
vt 0.781250 0.220052
vt 0.777344 0.228841
vt 0.750000 0.208333
vt 0.734375 0.208333
vt 0.734375 0.208333
vt 0.750000 0.208333
vt 0.722656 0.211263
vt 0.718750 0.220052
vt 0.718750 0.220052
vt 0.722656 0.211263
vt 0.722656 0.228841
vt 0.734375 0.231771
vt 0.734375 0.231771
vt 0.722656 0.228841
vt 0.777344 0.211263
vt 0.765625 0.208333
vt 0.765625 0.208333
vt 0.777344 0.211263
vt 0.750000 0.231771
vt 0.765625 0.231771
vt 0.765625 0.231771
vt 0.750000 0.231771
vt 0.777344 0.228841
vt 0.781250 0.220052
vt 0.781250 0.220052
vt 0.777344 0.228841
vt 0.750000 0.208333
vt 0.734375 0.208333
vt 0.734375 0.208333
vt 0.750000 0.208333
vt 0.722656 0.211263
vt 0.718750 0.220052
vt 0.718750 0.220052
vt 0.722656 0.211263
vt 0.722656 0.228841
vt 0.734375 0.231771
vt 0.734375 0.231771
vt 0.722656 0.228841
vt 0.777344 0.211263
vt 0.765625 0.208333
vt 0.765625 0.208333
vt 0.777344 0.211263
vt 0.750000 0.231771
vt 0.765625 0.231771
vt 0.765625 0.231771
vt 0.750000 0.231771
vt 0.777344 0.228841
vt 0.781250 0.220052
vt 0.781250 0.220052
vt 0.777344 0.228841
vt 0.750000 0.208333
vt 0.734375 0.208333
vt 0.734375 0.208333
vt 0.750000 0.208333
vt 0.722656 0.211263
vt 0.718750 0.220052
vt 0.718750 0.220052
vt 0.722656 0.211263
vt 0.722656 0.228841
vt 0.734375 0.231771
vt 0.734375 0.231771
vt 0.722656 0.228841
vt 0.777344 0.211263
vt 0.765625 0.208333
vt 0.765625 0.208333
vt 0.777344 0.211263
vt 0.750000 0.231771
vt 0.765625 0.231771
vt 0.765625 0.231771
vt 0.750000 0.231771
vt 0.777344 0.228841
vt 0.781250 0.220052
vt 0.781250 0.220052
vt 0.777344 0.228841
vt 0.750000 0.208333
vt 0.734375 0.208333
vt 0.734375 0.208333
vt 0.750000 0.208333
vt 0.722656 0.211263
vt 0.718750 0.220052
vt 0.718750 0.220052
vt 0.722656 0.211263
vt 0.722656 0.228841
vt 0.734375 0.231771
vt 0.734375 0.231771
vt 0.722656 0.228841
vt 0.777344 0.211263
vt 0.765625 0.208333
vt 0.765625 0.208333
vt 0.777344 0.211263
vt 0.750000 0.231771
vt 0.765625 0.231771
vt 0.765625 0.231771
vt 0.750000 0.231771
vt 0.777344 0.228841
vt 0.781250 0.220052
vt 0.781250 0.220052
vt 0.777344 0.228841
vt 0.750000 0.208333
vt 0.734375 0.208333
vt 0.734375 0.208333
vt 0.750000 0.208333
vt 0.722656 0.211263
vt 0.718750 0.220052
vt 0.718750 0.220052
vt 0.722656 0.211263
vt 0.722656 0.228841
vt 0.734375 0.231771
vt 0.734375 0.231771
vt 0.722656 0.228841
vt 0.777344 0.211263
vt 0.765625 0.208333
vt 0.765625 0.208333
vt 0.777344 0.211263
vt 0.750000 0.231771
vt 0.765625 0.231771
vt 0.765625 0.231771
vt 0.750000 0.231771
vt 0.777344 0.228841
vt 0.781250 0.220052
vt 0.781250 0.220052
vt 0.777344 0.228841
vt 0.750000 0.208333
vt 0.734375 0.208333
vt 0.734375 0.208333
vt 0.750000 0.208333
vt 0.722656 0.211263
vt 0.718750 0.220052
vt 0.718750 0.220052
vt 0.722656 0.211263
vt 0.722656 0.228841
vt 0.734375 0.231771
vt 0.734375 0.231771
vt 0.722656 0.228841
vt 0.777344 0.211263
vt 0.765625 0.208333
vt 0.765625 0.208333
vt 0.777344 0.211263
vt 0.750000 0.231771
vt 0.765625 0.231771
vt 0.765625 0.231771
vt 0.750000 0.231771
vt 0.777344 0.228841
vt 0.781250 0.220052
vt 0.781250 0.220052
vt 0.777344 0.228841
vt 0.750000 0.208333
vt 0.734375 0.208333
vt 0.734375 0.208333
vt 0.750000 0.208333
vt 0.722656 0.211263
vt 0.718750 0.220052
vt 0.718750 0.220052
vt 0.722656 0.211263
vt 0.722656 0.228841
vt 0.734375 0.231771
vt 0.734375 0.231771
vt 0.722656 0.228841
vt 0.765625 0.228841
vt 0.750000 0.228841
vt 0.724175 0.223307
vt 0.725694 0.213542
vt 0.734375 0.228841
vt 0.722656 0.228841
vt 0.000000 0.000000
vt 1.000000 0.000000
vt 1.000000 1.000000
vt 0.000000 1.000000
vt 0.000000 0.000000
vt 1.000000 0.000000
vt 1.000000 1.000000
vt 0.000000 1.000000
vt 0.000000 0.000000
vt 1.000000 0.000000
vt 1.000000 1.000000
vt 0.000000 1.000000
vt 0.000000 0.000000
vt 1.000000 0.000000
vt 1.000000 1.000000
vt 0.000000 1.000000
vt 0.000000 0.000000
vt 1.000000 0.000000
vt 1.000000 1.000000
vt 0.000000 1.000000
vt 0.000000 0.000000
vt 1.000000 0.000000
vt 1.000000 1.000000
vt 0.000000 1.000000
vt 0.000000 0.000000
vt 1.000000 0.000000
vt 1.000000 1.000000
vt 0.000000 1.000000
vt 0.000000 0.000000
vt 1.000000 0.000000
vt 1.000000 1.000000
vt 0.000000 1.000000
vt 0.000000 0.000000
vt 1.000000 0.000000
vt 1.000000 1.000000
vt 0.000000 1.000000
vt 0.000000 0.000000
vt 1.000000 0.000000
vt 1.000000 1.000000
vt 0.000000 1.000000
vt 0.000000 0.000000
vt 1.000000 0.000000
vt 1.000000 1.000000
vt 0.000000 1.000000
vt 0.000000 0.000000
vt 1.000000 0.000000
vt 1.000000 1.000000
vt 0.000000 1.000000
vt 0.000000 0.500000
vt 1.000000 0.000000
vt 1.000000 1.000000
vt 0.000000 0.000000
vt 1.000000 0.500000
vt 0.000000 1.000000
vt 0.000000 0.000000
vt 1.000000 0.000000
vt 1.000000 1.000000
vt 0.000000 1.000000
vt 0.000000 0.000000
vt 1.000000 0.000000
vt 1.000000 1.000000
vt 0.000000 1.000000
vt 0.000000 0.000000
vt 1.000000 0.000000
vt 1.000000 1.000000
vt 0.000000 1.000000
vt 0.000000 0.000000
vt 1.000000 0.000000
vt 1.000000 1.000000
vt 0.000000 1.000000
vt 0.000000 0.000000
vt 1.000000 0.000000
vt 1.000000 1.000000
vt 0.000000 1.000000
vt 0.000000 0.000000
vt 1.000000 0.000000
vt 1.000000 1.000000
vt 0.000000 1.000000
vt 0.000000 0.000000
vt 1.000000 0.000000
vt 1.000000 1.000000
vt 0.000000 1.000000
vt 0.000000 0.000000
vt 1.000000 0.000000
vt 1.000000 1.000000
vt 0.000000 1.000000
vt 0.000000 0.000000
vt 1.000000 0.000000
vt 1.000000 1.000000
vt 0.000000 1.000000
vt 0.000000 0.000000
vt 1.000000 0.000000
vt 1.000000 1.000000
vt 0.000000 1.000000
vt 0.000000 0.000000
vt 1.000000 0.000000
vt 0.500000 1.000000
vt 0.000000 0.000000
vt 1.000000 0.000000
vt 0.500000 1.000000
vt 0.000000 0.000000
vt 1.000000 0.000000
vt 0.500000 1.000000
vt 0.000000 0.000000
vt 1.000000 0.000000
vt 0.500000 1.000000
vt 0.000000 0.000000
vt 1.000000 0.000000
vt 0.500000 1.000000
vt 0.000000 0.000000
vt 1.000000 0.000000
vt 0.500000 1.000000
vt 0.000000 0.000000
vt 1.000000 0.000000
vt 0.500000 1.000000
vt 0.000000 0.000000
vt 1.000000 0.000000
vt 0.500000 1.000000
vt 0.500000 0.018229
vt 0.531250 0.018229
vt 0.531250 0.031250
vt 0.500000 0.031250
vt 0.562500 0.018229
vt 0.562500 0.031250
vt 0.562500 0.062500
vt 0.531250 0.062500
vt 0.500000 0.062500
vt 0.593750 0.018229
vt 0.593750 0.031250
vt 0.625000 0.018229
vt 0.625000 0.031250
vt 0.625000 0.062500
vt 0.593750 0.062500
vt 0.593750 0.093750
vt 0.562500 0.093750
vt 0.625000 0.093750
vt 0.625000 0.125000
vt 0.593750 0.125000
vt 0.562500 0.125000
vt 0.531250 0.093750
vt 0.500000 0.093750
vt 0.531250 0.125000
vt 0.500000 0.125000
vt 0.531250 0.156250
vt 0.505968 0.140625
vt 0.562500 0.156250
vt 0.531250 0.187500
vt 0.511936 0.156250
vt 0.593750 0.156250
vt 0.625000 0.156250
vt 0.625000 0.187500
vt 0.593750 0.187500
vt 0.625000 0.218750
vt 0.593750 0.218750
vt 0.625000 0.250000
vt 0.593750 0.250000
vt 0.562500 0.218750
vt 0.562500 0.250000
vt 0.500000 0.187500
vt 0.531250 0.218750
vt 0.500000 0.218750
vt 0.531250 0.250000
vt 0.500000 0.250000
vt 0.531250 0.281250
vt 0.500000 0.281250
vt 0.562500 0.281250
vt 0.562500 0.312500
vt 0.531250 0.312500
vt 0.500000 0.312500
vt 0.593750 0.281250
vt 0.625000 0.281250
vt 0.625000 0.312500
vt 0.593750 0.312500
vt 0.593750 0.343750
vt 0.562500 0.343750
vt 0.625000 0.343750
vt 0.625000 0.375000
vt 0.593750 0.375000
vt 0.562500 0.375000
vt 0.531250 0.343750
vt 0.500000 0.343750
vt 0.531250 0.375000
vt 0.500000 0.375000
vt 0.531250 0.406250
vt 0.500000 0.406250
vt 0.562500 0.406250
vt 0.562500 0.437500
vt 0.531250 0.437500
vt 0.500000 0.437500
vt 0.593750 0.406250
vt 0.625000 0.406250
vt 0.625000 0.437500
vt 0.593750 0.437500
vt 0.593750 0.468750
vt 0.562500 0.468750
vt 0.625000 0.468750
vt 0.625000 0.500000
vt 0.593750 0.500000
vt 0.562500 0.500000
vt 0.531250 0.468750
vt 0.500000 0.468750
vt 0.531250 0.500000
vt 0.500000 0.500000
vt 0.531250 0.531250
vt 0.500000 0.531250
vt 0.562500 0.531250
vt 0.562500 0.562500
vt 0.531250 0.562500
vt 0.500000 0.562500
vt 0.593750 0.531250
vt 0.625000 0.531250
vt 0.625000 0.562500
vt 0.593750 0.562500
vt 0.593750 0.593750
vt 0.562500 0.593750
vt 0.625000 0.593750
vt 0.625000 0.625000
vt 0.593750 0.625000
vt 0.562500 0.625000
vt 0.531250 0.593750
vt 0.500000 0.593750
vt 0.531250 0.625000
vt 0.500000 0.625000
vt 0.531250 0.656250
vt 0.500000 0.656250
vt 0.562500 0.656250
vt 0.562500 0.687500
vt 0.531250 0.687500
vt 0.500000 0.687500
vt 0.593750 0.656250
vt 0.625000 0.656250
vt 0.625000 0.687500
vt 0.593750 0.687500
vt 0.593750 0.718750
vt 0.562500 0.718750
vt 0.625000 0.718750
vt 0.625000 0.750000
vt 0.593750 0.731771
vt 0.562500 0.731771
vt 0.531250 0.718750
vt 0.500000 0.718750
vt 0.531250 0.731771
vt 0.500000 0.731771
vt 0.656250 0.018229
vt 0.656250 0.031250
vt 0.687500 0.018229
vt 0.687500 0.031250
vt 0.687500 0.062500
vt 0.656250 0.062500
vt 0.718750 0.018229
vt 0.718750 0.031250
vt 0.750000 0.018229
vt 0.750000 0.031250
vt 0.750000 0.062500
vt 0.718750 0.062500
vt 0.718750 0.093750
vt 0.687500 0.093750
vt 0.750000 0.093750
vt 0.750000 0.125000
vt 0.718750 0.125000
vt 0.687500 0.125000
vt 0.656250 0.093750
vt 0.656250 0.125000
vt 0.781250 0.018229
vt 0.781250 0.031250
vt 0.812500 0.018229
vt 0.812500 0.031250
vt 0.812500 0.062500
vt 0.781250 0.062500
vt 0.843750 0.018229
vt 0.843750 0.031250
vt 0.875000 0.000000
vt 0.875000 0.031250
vt 0.875000 0.062500
vt 0.843750 0.062500
vt 0.843750 0.093750
vt 0.812500 0.093750
vt 0.875000 0.093750
vt 0.875000 0.125000
vt 0.843750 0.125000
vt 0.812500 0.125000
vt 0.781250 0.093750
vt 0.781250 0.125000
vt 0.781250 0.156250
vt 0.750000 0.156250
vt 0.812500 0.156250
vt 0.812500 0.187500
vt 0.781250 0.187500
vt 0.750000 0.187500
vt 0.843750 0.156250
vt 0.875000 0.156250
vt 0.875000 0.187500
vt 0.843750 0.187500
vt 0.843750 0.218750
vt 0.812500 0.218750
vt 0.875000 0.218750
vt 0.875000 0.250000
vt 0.843750 0.250000
vt 0.812500 0.250000
vt 0.781250 0.218750
vt 0.750000 0.218750
vt 0.781250 0.250000
vt 0.750000 0.250000
vt 0.656250 0.156250
vt 0.687500 0.156250
vt 0.687500 0.187500
vt 0.656250 0.187500
vt 0.718750 0.156250
vt 0.718750 0.187500
vt 0.718750 0.218750
vt 0.687500 0.218750
vt 0.718750 0.250000
vt 0.687500 0.250000
vt 0.656250 0.218750
vt 0.656250 0.250000
vt 0.500000 0.000000
vt 0.531250 0.000000
vt 0.531250 0.031250
vt 0.500000 0.031250
vt 0.562500 0.000000
vt 0.562500 0.031250
vt 0.562500 0.062500
vt 0.531250 0.062500
vt 0.500000 0.062500
vt 0.593750 0.000000
vt 0.593750 0.031250
vt 0.625000 0.000000
vt 0.625000 0.031250
vt 0.625000 0.062500
vt 0.593750 0.062500
vt 0.593750 0.093750
vt 0.562500 0.093750
vt 0.625000 0.093750
vt 0.625000 0.125000
vt 0.593750 0.125000
vt 0.562500 0.125000
vt 0.531250 0.093750
vt 0.500000 0.093750
vt 0.531250 0.125000
vt 0.500000 0.125000
vt 0.531250 0.156250
vt 0.500000 0.156250
vt 0.562500 0.156250
vt 0.562500 0.187500
vt 0.531250 0.187500
vt 0.500000 0.187500
vt 0.593750 0.156250
vt 0.625000 0.156250
vt 0.625000 0.187500
vt 0.593750 0.187500
vt 0.593750 0.218750
vt 0.562500 0.218750
vt 0.625000 0.218750
vt 0.625000 0.231771
vt 0.593750 0.231771
vt 0.562500 0.231771
vt 0.531250 0.218750
vt 0.500000 0.218750
vt 0.531250 0.231771
vt 0.500000 0.231771
vt 0.500000 0.518229
vt 0.531250 0.518229
vt 0.531250 0.531250
vt 0.500000 0.531250
vt 0.562500 0.518229
vt 0.562500 0.531250
vt 0.562500 0.562500
vt 0.531250 0.562500
vt 0.500000 0.562500
vt 0.593750 0.518229
vt 0.593750 0.531250
vt 0.625000 0.500000
vt 0.625000 0.531250
vt 0.625000 0.562500
vt 0.593750 0.562500
vt 0.593750 0.593750
vt 0.562500 0.593750
vt 0.625000 0.593750
vt 0.625000 0.625000
vt 0.593750 0.625000
vt 0.562500 0.625000
vt 0.531250 0.593750
vt 0.500000 0.593750
vt 0.531250 0.625000
vt 0.500000 0.625000
vt 0.531250 0.656250
vt 0.500000 0.656250
vt 0.562500 0.656250
vt 0.562500 0.687500
vt 0.531250 0.687500
vt 0.500000 0.687500
vt 0.593750 0.656250
vt 0.625000 0.656250
vt 0.625000 0.687500
vt 0.593750 0.687500
vt 0.593750 0.718750
vt 0.562500 0.718750
vt 0.625000 0.718750
vt 0.625000 0.750000
vt 0.593750 0.750000
vt 0.562500 0.750000
vt 0.531250 0.718750
vt 0.500000 0.718750
vt 0.531250 0.750000
vt 0.500000 0.750000
vt 0.531250 0.781250
vt 0.500000 0.781250
vt 0.562500 0.781250
vt 0.562500 0.812500
vt 0.531250 0.812500
vt 0.500000 0.812500
vt 0.593750 0.781250
vt 0.625000 0.781250
vt 0.625000 0.812500
vt 0.593750 0.812500
vt 0.593750 0.843750
vt 0.562500 0.843750
vt 0.625000 0.843750
vt 0.625000 0.859375
vt 0.593750 0.859375
vt 0.562500 0.859375
vt 0.531250 0.843750
vt 0.500000 0.843750
vt 0.531250 0.859375
vt 0.500000 0.859375
vt 0.500000 0.875000
vt 0.531250 0.875000
vt 0.531250 0.906250
vt 0.500000 0.906250
vt 0.562500 0.875000
vt 0.562500 0.906250
vt 0.562500 0.937500
vt 0.531250 0.937500
vt 0.500000 0.937500
vt 0.593750 0.875000
vt 0.593750 0.906250
vt 0.625000 0.875000
vt 0.625000 0.906250
vt 0.625000 0.937500
vt 0.593750 0.937500
vt 0.593750 0.968750
vt 0.562500 0.968750
vt 0.625000 0.968750
vt 0.625000 1.000000
vt 0.593750 1.000000
vt 0.562500 1.000000
vt 0.531250 0.968750
vt 0.500000 0.968750
vt 0.531250 1.000000
vt 0.500000 1.000000
vt 0.656250 0.000000
vt 0.656250 0.031250
vt 0.687500 0.000000
vt 0.687500 0.031250
vt 0.687500 0.062500
vt 0.656250 0.062500
vt 0.718750 0.000000
vt 0.718750 0.031250
vt 0.750000 0.000000
vt 0.750000 0.031250
vt 0.750000 0.062500
vt 0.718750 0.062500
vt 0.718750 0.093750
vt 0.687500 0.093750
vt 0.750000 0.093750
vt 0.750000 0.125000
vt 0.718750 0.125000
vt 0.687500 0.125000
vt 0.656250 0.093750
vt 0.656250 0.125000
vt 0.765625 0.031250
vt 0.765625 0.000000
vt 0.781250 0.000000
vt 0.781250 0.031250
vt 0.812500 0.000000
vt 0.812500 0.031250
vt 0.812500 0.062500
vt 0.781250 0.062500
vt 0.765625 0.062500
vt 0.843750 0.000000
vt 0.843750 0.031250
vt 0.875000 0.000000
vt 0.875000 0.031250
vt 0.875000 0.062500
vt 0.843750 0.062500
vt 0.843750 0.093750
vt 0.812500 0.093750
vt 0.875000 0.093750
vt 0.875000 0.125000
vt 0.843750 0.125000
vt 0.812500 0.125000
vt 0.765625 0.093750
vt 0.781250 0.093750
vt 0.781250 0.125000
vt 0.765625 0.125000
vt 0.765625 0.156250
vt 0.781250 0.156250
vt 0.812500 0.156250
vt 0.812500 0.187500
vt 0.781250 0.187500
vt 0.765625 0.187500
vt 0.843750 0.156250
vt 0.875000 0.156250
vt 0.875000 0.187500
vt 0.843750 0.187500
vt 0.843750 0.218750
vt 0.812500 0.218750
vt 0.875000 0.218750
vt 0.875000 0.250000
vt 0.843750 0.231771
vt 0.812500 0.231771
vt 0.765625 0.218750
vt 0.781250 0.218750
vt 0.777344 0.227383
vt 0.750000 0.218750
vt 0.765625 0.231771
vt 0.750000 0.230957
vt 0.656250 0.156250
vt 0.687500 0.156250
vt 0.687500 0.187500
vt 0.656250 0.187500
vt 0.718750 0.156250
vt 0.750000 0.156250
vt 0.750000 0.187500
vt 0.718750 0.187500
vt 0.718750 0.218750
vt 0.687500 0.218750
vt 0.734375 0.231771
vt 0.722656 0.227383
vt 0.687500 0.231771
vt 0.656250 0.218750
vt 0.656250 0.231771
vt 0.500000 0.583333
vt 0.531250 0.583333
vt 0.531250 0.541667
vt 0.500000 0.541667
vt 0.562500 0.583333
vt 0.562500 0.541667
vt 0.593750 0.583333
vt 0.593750 0.541667
vt 0.625000 0.583333
vt 0.625000 0.541667
vt 0.875000 0.166667
vt 0.843750 0.166667
vt 0.843750 0.208333
vt 0.875000 0.208333
vt 0.812500 0.166667
vt 0.812500 0.208333
vt 0.781250 0.166667
vt 0.777344 0.210534
vt 0.750000 0.166667
vt 0.750000 0.205729
vt 0.765625 0.208333
vt 0.775825 0.223307
vt 0.774306 0.213542
vt 0.765625 0.211263
vt 0.765625 0.220052
vt 0.781250 0.220052
vt 0.718750 0.166667
vt 0.722656 0.210534
vt 0.734375 0.208333
vt 0.687500 0.166667
vt 0.687500 0.208333
vt 0.718750 0.220052
vt 0.750000 0.220052
vt 0.750000 0.211263
vt 0.734375 0.211263
vt 0.734375 0.220052
vt 0.656250 0.166667
vt 0.656250 0.208333
vt 0.625000 0.166667
vt 0.625000 0.208333
vt 0.593750 0.166667
vt 0.593750 0.208333
vt 0.562500 0.166667
vt 0.562500 0.208333
vt 0.531250 0.166667
vt 0.531250 0.208333
vt 0.500000 0.166667
vt 0.500000 0.208333
vt 0.531250 0.708333
vt 0.500000 0.708333
vt 0.562500 0.708333
vt 0.562500 0.666667
vt 0.531250 0.666667
vt 0.500000 0.666667
vt 0.593750 0.708333
vt 0.625000 0.708333
vt 0.625000 0.666667
vt 0.593750 0.666667
vt 0.843750 0.041667
vt 0.875000 0.041667
vt 0.812500 0.041667
vt 0.812500 0.083333
vt 0.843750 0.083333
vt 0.875000 0.083333
vt 0.781250 0.041667
vt 0.750000 0.041667
vt 0.750000 0.083333
vt 0.781250 0.083333
vt 0.718750 0.041667
vt 0.687500 0.041667
vt 0.687500 0.083333
vt 0.718750 0.083333
vt 0.656250 0.041667
vt 0.625000 0.041667
vt 0.625000 0.083333
vt 0.656250 0.083333
vt 0.593750 0.041667
vt 0.562500 0.041667
vt 0.562500 0.083333
vt 0.593750 0.083333
vt 0.531250 0.041667
vt 0.500000 0.041667
vt 0.500000 0.083333
vt 0.531250 0.083333
vt 0.531250 0.625000
vt 0.500000 0.625000
vt 0.562500 0.625000
vt 0.593750 0.625000
vt 0.625000 0.625000
vt 0.843750 0.125000
vt 0.875000 0.125000
vt 0.812500 0.125000
vt 0.781250 0.125000
vt 0.750000 0.125000
vt 0.718750 0.125000
vt 0.687500 0.125000
vt 0.656250 0.125000
vt 0.625000 0.125000
vt 0.593750 0.125000
vt 0.562500 0.125000
vt 0.531250 0.125000
vt 0.500000 0.125000
vt 0.777344 0.211263
vt 0.765625 0.208333
vt 0.750000 0.231771
vt 0.765625 0.231771
vt 0.777344 0.228841
vt 0.781250 0.220052
vt 0.750000 0.208333
vt 0.734375 0.208333
vt 0.722656 0.211263
vt 0.718750 0.220052
vt 0.722656 0.228841
vt 0.734375 0.231771
vt 0.777344 0.211263
vt 0.777344 0.211263
vt 0.765625 0.208333
vt 0.765625 0.208333
vt 0.777344 0.228841
vt 0.781250 0.220052
vt 0.781250 0.220052
vt 0.750000 0.208333
vt 0.750000 0.208333
vt 0.734375 0.208333
vt 0.734375 0.208333
vt 0.722656 0.211263
vt 0.722656 0.211263
vt 0.718750 0.220052
vt 0.718750 0.220052
vt 0.777344 0.211263
vt 0.777344 0.211263
vt 0.765625 0.208333
vt 0.765625 0.208333
vt 0.750000 0.231771
vt 0.750000 0.231771
vt 0.765625 0.231771
vt 0.765625 0.231771
vt 0.777344 0.228841
vt 0.777344 0.228841
vt 0.781250 0.220052
vt 0.781250 0.220052
vt 0.750000 0.208333
vt 0.750000 0.208333
vt 0.734375 0.208333
vt 0.734375 0.208333
vt 0.722656 0.211263
vt 0.722656 0.211263
vt 0.718750 0.220052
vt 0.718750 0.220052
vt 0.722656 0.228841
vt 0.722656 0.228841
vt 0.734375 0.231771
vt 0.734375 0.231771
vt 0.777344 0.211263
vt 0.777344 0.211263
vt 0.765625 0.208333
vt 0.765625 0.208333
vt 0.750000 0.231771
vt 0.750000 0.231771
vt 0.765625 0.231771
vt 0.765625 0.231771
vt 0.777344 0.228841
vt 0.777344 0.228841
vt 0.781250 0.220052
vt 0.781250 0.220052
vt 0.750000 0.208333
vt 0.750000 0.208333
vt 0.734375 0.208333
vt 0.734375 0.208333
vt 0.722656 0.211263
vt 0.722656 0.211263
vt 0.718750 0.220052
vt 0.718750 0.220052
vt 0.722656 0.228841
vt 0.722656 0.228841
vt 0.734375 0.231771
vt 0.734375 0.231771
vt 0.777344 0.211263
vt 0.777344 0.211263
vt 0.765625 0.208333
vt 0.765625 0.208333
vt 0.750000 0.231771
vt 0.750000 0.231771
vt 0.765625 0.231771
vt 0.765625 0.231771
vt 0.777344 0.228841
vt 0.777344 0.228841
vt 0.781250 0.220052
vt 0.781250 0.220052
vt 0.750000 0.208333
vt 0.750000 0.208333
vt 0.734375 0.208333
vt 0.734375 0.208333
vt 0.722656 0.211263
vt 0.722656 0.211263
vt 0.718750 0.220052
vt 0.718750 0.220052
vt 0.722656 0.228841
vt 0.722656 0.228841
vt 0.734375 0.231771
vt 0.734375 0.231771
vt 0.777344 0.211263
vt 0.777344 0.211263
vt 0.765625 0.208333
vt 0.765625 0.208333
vt 0.750000 0.231771
vt 0.750000 0.231771
vt 0.765625 0.231771
vt 0.765625 0.231771
vt 0.777344 0.228841
vt 0.777344 0.228841
vt 0.781250 0.220052
vt 0.781250 0.220052
vt 0.750000 0.208333
vt 0.750000 0.208333
vt 0.734375 0.208333
vt 0.734375 0.208333
vt 0.722656 0.211263
vt 0.722656 0.211263
vt 0.718750 0.220052
vt 0.718750 0.220052
vt 0.722656 0.228841
vt 0.722656 0.228841
vt 0.734375 0.231771
vt 0.734375 0.231771
vt 0.777344 0.211263
vt 0.777344 0.211263
vt 0.765625 0.208333
vt 0.765625 0.208333
vt 0.750000 0.231771
vt 0.750000 0.231771
vt 0.765625 0.231771
vt 0.765625 0.231771
vt 0.777344 0.228841
vt 0.777344 0.228841
vt 0.781250 0.220052
vt 0.781250 0.220052
vt 0.750000 0.208333
vt 0.750000 0.208333
vt 0.734375 0.208333
vt 0.734375 0.208333
vt 0.722656 0.211263
vt 0.722656 0.211263
vt 0.718750 0.220052
vt 0.718750 0.220052
vt 0.722656 0.228841
vt 0.722656 0.228841
vt 0.734375 0.231771
vt 0.734375 0.231771
vt 0.777344 0.211263
vt 0.777344 0.211263
vt 0.765625 0.208333
vt 0.765625 0.208333
vt 0.750000 0.231771
vt 0.750000 0.231771
vt 0.765625 0.231771
vt 0.765625 0.231771
vt 0.777344 0.228841
vt 0.777344 0.228841
vt 0.781250 0.220052
vt 0.781250 0.220052
vt 0.750000 0.208333
vt 0.750000 0.208333
vt 0.734375 0.208333
vt 0.734375 0.208333
vt 0.722656 0.211263
vt 0.722656 0.211263
vt 0.718750 0.220052
vt 0.718750 0.220052
vt 0.722656 0.228841
vt 0.722656 0.228841
vt 0.734375 0.231771
vt 0.734375 0.231771
vt 0.777344 0.211263
vt 0.777344 0.211263
vt 0.765625 0.208333
vt 0.765625 0.208333
vt 0.750000 0.231771
vt 0.750000 0.231771
vt 0.765625 0.231771
vt 0.765625 0.231771
vt 0.777344 0.228841
vt 0.777344 0.228841
vt 0.781250 0.220052
vt 0.781250 0.220052
vt 0.750000 0.208333
vt 0.750000 0.208333
vt 0.734375 0.208333
vt 0.734375 0.208333
vt 0.722656 0.211263
vt 0.722656 0.211263
vt 0.718750 0.220052
vt 0.718750 0.220052
vt 0.722656 0.228841
vt 0.722656 0.228841
vt 0.734375 0.231771
vt 0.734375 0.231771
vt 0.777344 0.211263
vt 0.777344 0.211263
vt 0.765625 0.208333
vt 0.765625 0.208333
vt 0.750000 0.231771
vt 0.750000 0.231771
vt 0.765625 0.231771
vt 0.765625 0.231771
vt 0.777344 0.228841
vt 0.777344 0.228841
vt 0.781250 0.220052
vt 0.781250 0.220052
vt 0.750000 0.208333
vt 0.750000 0.208333
vt 0.734375 0.208333
vt 0.734375 0.208333
vt 0.722656 0.211263
vt 0.722656 0.211263
vt 0.718750 0.220052
vt 0.718750 0.220052
vt 0.722656 0.228841
vt 0.722656 0.228841
vt 0.734375 0.231771
vt 0.734375 0.231771
vt 0.777344 0.211263
vt 0.777344 0.211263
vt 0.765625 0.208333
vt 0.765625 0.208333
vt 0.750000 0.231771
vt 0.750000 0.231771
vt 0.765625 0.231771
vt 0.765625 0.231771
vt 0.777344 0.228841
vt 0.777344 0.228841
vt 0.781250 0.220052
vt 0.781250 0.220052
vt 0.750000 0.208333
vt 0.750000 0.208333
vt 0.734375 0.208333
vt 0.734375 0.208333
vt 0.722656 0.211263
vt 0.722656 0.211263
vt 0.718750 0.220052
vt 0.718750 0.220052
vt 0.722656 0.228841
vt 0.722656 0.228841
vt 0.734375 0.231771
vt 0.734375 0.231771
vt 0.750000 0.228841
vt 0.765625 0.228841
vt 0.725694 0.213542
vt 0.724175 0.223307
vt 0.734375 0.228841
vt 0.722656 0.228841
vt 0.000000 0.000000
vt 0.000000 1.000000
vt 1.000000 1.000000
vt 1.000000 0.000000
vt 0.000000 0.000000
vt 0.000000 1.000000
vt 1.000000 1.000000
vt 1.000000 0.000000
vt 0.000000 0.000000
vt 0.000000 1.000000
vt 1.000000 1.000000
vt 1.000000 0.000000
vt 0.000000 0.000000
vt 0.000000 1.000000
vt 1.000000 1.000000
vt 1.000000 0.000000
vt 0.000000 0.000000
vt 0.000000 1.000000
vt 1.000000 1.000000
vt 1.000000 0.000000
vt 0.000000 0.000000
vt 0.000000 1.000000
vt 1.000000 1.000000
vt 1.000000 0.000000
vt 0.000000 0.000000
vt 0.000000 1.000000
vt 1.000000 1.000000
vt 1.000000 0.000000
vt 0.000000 0.000000
vt 0.000000 1.000000
vt 1.000000 1.000000
vt 1.000000 0.000000
vt 0.000000 0.000000
vt 0.000000 1.000000
vt 1.000000 1.000000
vt 1.000000 0.000000
vt 0.000000 0.000000
vt 0.000000 1.000000
vt 1.000000 1.000000
vt 1.000000 0.000000
vt 0.000000 0.000000
vt 0.000000 1.000000
vt 1.000000 1.000000
vt 1.000000 0.000000
vt 0.000000 0.000000
vt 0.000000 1.000000
vt 1.000000 1.000000
vt 1.000000 0.000000
vt 0.000000 0.500000
vt 1.000000 1.000000
vt 1.000000 0.000000
vt 0.000000 0.000000
vt 0.000000 1.000000
vt 1.000000 0.500000
vt 0.000000 0.000000
vt 0.000000 1.000000
vt 1.000000 1.000000
vt 1.000000 0.000000
vt 0.000000 0.000000
vt 0.000000 1.000000
vt 1.000000 1.000000
vt 1.000000 0.000000
vt 0.000000 0.000000
vt 0.000000 1.000000
vt 1.000000 1.000000
vt 1.000000 0.000000
vt 0.000000 0.000000
vt 0.000000 1.000000
vt 1.000000 1.000000
vt 1.000000 0.000000
vt 0.000000 0.000000
vt 0.000000 1.000000
vt 1.000000 1.000000
vt 1.000000 0.000000
vt 0.000000 0.000000
vt 0.000000 1.000000
vt 1.000000 1.000000
vt 1.000000 0.000000
vt 0.000000 0.000000
vt 0.000000 1.000000
vt 1.000000 1.000000
vt 1.000000 0.000000
vt 0.000000 0.000000
vt 0.000000 1.000000
vt 1.000000 1.000000
vt 1.000000 0.000000
vt 0.000000 0.000000
vt 0.000000 1.000000
vt 1.000000 1.000000
vt 1.000000 0.000000
vt 0.000000 0.000000
vt 0.000000 1.000000
vt 1.000000 1.000000
vt 1.000000 0.000000
vt 0.000000 0.000000
vt 0.500000 1.000000
vt 1.000000 0.000000
vt 0.000000 0.000000
vt 0.500000 1.000000
vt 1.000000 0.000000
vt 0.000000 0.000000
vt 0.500000 1.000000
vt 1.000000 0.000000
vt 0.000000 0.000000
vt 0.500000 1.000000
vt 1.000000 0.000000
vt 0.000000 0.000000
vt 0.500000 1.000000
vt 1.000000 0.000000
vt 0.000000 0.000000
vt 0.500000 1.000000
vt 1.000000 0.000000
vt 0.000000 0.000000
vt 0.500000 1.000000
vt 1.000000 0.000000
vt 0.000000 0.000000
vt 0.500000 1.000000
vt 1.000000 0.000000
vt 0.500000 0.156250
vt 0.500000 0.156250
vt 0.500000 0.125000
vt 0.505968 0.156250
vt 0.505910 0.156250
vt 0.500000 0.125000
vt 0.508333 0.750000
vt 0.508333 0.706250
vt 0.454167 0.553125
vt 0.454167 0.625000
vt 0.487500 0.716667
vt 0.508333 0.750000
vt 0.454167 0.625000
vt 0.443750 0.558333
vt 0.454167 0.706250
vt 0.377083 0.553125
vt 0.454167 0.729167
vt 0.377083 0.614583
vt 0.475000 0.695833
vt 0.454167 0.729167
vt 0.377083 0.614583
vt 0.387500 0.547917
vt 0.475000 0.706250
vt 0.508333 0.716667
vt 0.454167 0.558333
vt 0.387500 0.553125
vt 0.475000 0.729167
vt 0.387500 0.614583
vt 0.454167 0.695833
vt 0.475000 0.729167
vt 0.387500 0.614583
vt 0.377083 0.547917
vt 0.487500 0.706250
vt 0.443750 0.553125
vt 0.487500 0.750000
vt 0.443750 0.625000
vt 0.487500 0.750000
vt 0.443750 0.625000
vt 0.500000 0.125000
vt 0.500000 0.125000
vt 0.500000 0.125000
vt 0.500000 0.125000
vt 0.000000 0.000000
vt 1.000000 0.000000
vt 1.000000 1.000000
vt 0.000000 1.000000
vt 0.000000 0.000000
vt 1.000000 0.000000
vt 1.000000 1.000000
vt 0.000000 1.000000
vt 0.000000 0.000000
vt 1.000000 0.000000
vt 1.000000 1.000000
vt 0.000000 1.000000
vt 0.000000 0.000000
vt 1.000000 0.000000
vt 1.000000 1.000000
vt 0.000000 1.000000
vt 0.000000 0.000000
vt 1.000000 0.000000
vt 1.000000 1.000000
vt 0.000000 1.000000
vt 0.000000 0.000000
vt 1.000000 0.000000
vt 1.000000 1.000000
vt 0.000000 1.000000
vt 0.000000 0.000000
vt 1.000000 0.000000
vt 0.500000 1.000000
vt 0.000000 0.000000
vt 1.000000 0.000000
vt 0.500000 1.000000
vt 0.000000 0.000000
vt 1.000000 0.000000
vt 0.500000 1.000000
vt 0.000000 0.000000
vt 1.000000 0.000000
vt 0.500000 1.000000
vt 0.000000 0.000000
vt 1.000000 0.000000
vt 0.500000 1.000000
vt 0.000000 0.000000
vt 1.000000 0.000000
vt 0.500000 1.000000
vt 0.000000 0.000000
vt 1.000000 0.000000
vt 1.000000 1.000000
vt 0.000000 1.000000
vt 0.000000 0.000000
vt 1.000000 0.000000
vt 1.000000 1.000000
vt 0.000000 1.000000
vt 0.000000 0.000000
vt 1.000000 0.000000
vt 1.000000 1.000000
vt 0.000000 1.000000
vt 0.000000 0.000000
vt 1.000000 0.000000
vt 1.000000 1.000000
vt 0.000000 1.000000
vn 0.310551 -0.498030 -0.809644
vn 0.310551 -0.498030 -0.809644
vn 0.310551 -0.498030 -0.809644
vn 0.310551 -0.498030 -0.809644
vn 0.333001 -0.069561 -0.940357
vn 0.333001 -0.069561 -0.940357
vn 0.333001 -0.069561 -0.940357
vn 0.333001 -0.069561 -0.940357
vn 0.042129 0.271201 -0.961600
vn 0.042129 0.271201 -0.961600
vn 0.042129 0.271201 -0.961600
vn 0.042129 0.271201 -0.961600
vn -0.391673 0.324642 -0.860930
vn -0.391673 0.324642 -0.860930
vn -0.391673 0.324642 -0.860930
vn -0.391673 0.324642 -0.860930
vn -0.714293 0.059457 -0.697316
vn -0.714293 0.059457 -0.697316
vn -0.714293 0.059457 -0.697316
vn -0.714293 0.059457 -0.697317
vn -0.736743 -0.369012 -0.566603
vn -0.736743 -0.369012 -0.566603
vn -0.736743 -0.369012 -0.566603
vn -0.736743 -0.369012 -0.566603
vn -0.445873 -0.709774 -0.545361
vn -0.445873 -0.709774 -0.545361
vn -0.445873 -0.709774 -0.545361
vn -0.445873 -0.709774 -0.545361
vn -0.012069 -0.763214 -0.646033
vn -0.012069 -0.763214 -0.646033
vn -0.012069 -0.763214 -0.646033
vn -0.012069 -0.763214 -0.646033
vn 0.613178 -0.546899 -0.570013
vn 0.613178 -0.546899 -0.570013
vn 0.613178 -0.546899 -0.570013
vn 0.613178 -0.546899 -0.570013
vn 0.645776 0.075247 -0.759810
vn 0.645776 0.075247 -0.759810
vn 0.645776 0.075247 -0.759810
vn 0.645776 0.075247 -0.759810
vn 0.223428 0.570042 -0.790653
vn 0.223428 0.570042 -0.790653
vn 0.223428 0.570042 -0.790653
vn 0.223428 0.570042 -0.790653
vn -0.406465 0.647638 -0.644478
vn -0.406465 0.647638 -0.644478
vn -0.406465 0.647638 -0.644478
vn -0.406465 0.647638 -0.644478
vn -0.874914 0.262584 -0.406910
vn -0.874914 0.262584 -0.406910
vn -0.874914 0.262584 -0.406910
vn -0.874914 0.262584 -0.406910
vn -0.907512 -0.359562 -0.217111
vn -0.907512 -0.359562 -0.217111
vn -0.907512 -0.359562 -0.217111
vn -0.907512 -0.359562 -0.217111
vn -0.485163 -0.854355 -0.186266
vn -0.485163 -0.854355 -0.186266
vn -0.485163 -0.854355 -0.186266
vn -0.485163 -0.854355 -0.186266
vn 0.144728 -0.931952 -0.332444
vn 0.144728 -0.931952 -0.332444
vn 0.144728 -0.931952 -0.332444
vn 0.144728 -0.931952 -0.332444
vn 0.814968 -0.516730 -0.262332
vn 0.814968 -0.516730 -0.262332
vn 0.814968 -0.516730 -0.262332
vn 0.814968 -0.516730 -0.262332
vn 0.852645 0.202370 -0.481709
vn 0.852645 0.202370 -0.481709
vn 0.852645 0.202370 -0.481709
vn 0.852645 0.202370 -0.481709
vn 0.364477 0.774270 -0.517361
vn 0.364477 0.774270 -0.517361
vn 0.364477 0.774270 -0.517361
vn 0.364477 0.774270 -0.517361
vn -0.363574 0.863960 -0.348405
vn -0.363574 0.863960 -0.348405
vn -0.363574 0.863960 -0.348405
vn -0.363574 0.863960 -0.348405
vn -0.905027 0.418902 -0.073811
vn -0.905027 0.418902 -0.073811
vn -0.905027 0.418902 -0.073811
vn -0.905027 0.418902 -0.073811
vn -0.942705 -0.300198 0.145564
vn -0.942705 -0.300198 0.145564
vn -0.942705 -0.300198 0.145564
vn -0.942705 -0.300198 0.145564
vn -0.454536 -0.872099 0.181219
vn -0.454536 -0.872099 0.181219
vn -0.454536 -0.872099 0.181219
vn -0.454536 -0.872099 0.181219
vn 0.273515 -0.961790 0.012261
vn 0.273515 -0.961789 0.012261
vn 0.273515 -0.961790 0.012261
vn 0.273515 -0.961790 0.012261
vn 0.905027 -0.418902 0.073811
vn 0.905027 -0.418902 0.073811
vn 0.905027 -0.418902 0.073811
vn 0.905027 -0.418902 0.073811
vn 0.942705 0.300198 -0.145563
vn 0.942705 0.300198 -0.145563
vn 0.942705 0.300198 -0.145563
vn 0.942705 0.300198 -0.145563
vn 0.454536 0.872099 -0.181220
vn 0.454536 0.872099 -0.181220
vn 0.454536 0.872099 -0.181220
vn 0.454536 0.872099 -0.181220
vn -0.273515 0.961790 -0.012259
vn -0.273515 0.961790 -0.012259
vn -0.273515 0.961790 -0.012259
vn -0.273515 0.961790 -0.012259
vn -0.814967 0.516730 0.262333
vn -0.814967 0.516730 0.262333
vn -0.814967 0.516730 0.262333
vn -0.814967 0.516730 0.262333
vn -0.852645 -0.202370 0.481709
vn -0.852645 -0.202370 0.481709
vn -0.852645 -0.202370 0.481709
vn -0.852645 -0.202370 0.481709
vn -0.364477 -0.774270 0.517361
vn -0.364477 -0.774270 0.517362
vn -0.364477 -0.774270 0.517362
vn -0.364477 -0.774270 0.517362
vn 0.363575 -0.863962 0.348402
vn 0.363575 -0.863962 0.348402
vn 0.363575 -0.863962 0.348402
vn 0.363575 -0.863962 0.348402
vn 0.874914 -0.262584 0.406909
vn 0.874914 -0.262584 0.406909
vn 0.874914 -0.262584 0.406909
vn 0.874914 -0.262584 0.406909
vn 0.907512 0.359561 0.217110
vn 0.907512 0.359561 0.217110
vn 0.907512 0.359561 0.217110
vn 0.907512 0.359561 0.217110
vn 0.485163 0.854354 0.186268
vn 0.485163 0.854354 0.186268
vn 0.485163 0.854354 0.186268
vn 0.485163 0.854354 0.186268
vn -0.144728 0.931952 0.332445
vn -0.144728 0.931952 0.332445
vn -0.144728 0.931952 0.332445
vn -0.144728 0.931952 0.332445
vn -0.613179 0.546899 0.570011
vn -0.613179 0.546899 0.570011
vn -0.613179 0.546899 0.570011
vn -0.613180 0.546899 0.570011
vn -0.645775 -0.075247 0.759811
vn -0.645775 -0.075247 0.759811
vn -0.645775 -0.075247 0.759811
vn -0.645775 -0.075247 0.759811
vn -0.223428 -0.570041 0.790653
vn -0.223428 -0.570041 0.790653
vn -0.223428 -0.570041 0.790653
vn -0.223428 -0.570041 0.790653
vn 0.406464 -0.647637 0.644479
vn 0.406464 -0.647637 0.644479
vn 0.406464 -0.647637 0.644479
vn 0.406464 -0.647637 0.644479
vn 0.714294 -0.059457 0.697316
vn 0.714293 -0.059457 0.697316
vn 0.714293 -0.059457 0.697316
vn 0.714293 -0.059457 0.697316
vn 0.736743 0.369013 0.566603
vn 0.736743 0.369013 0.566603
vn 0.736743 0.369013 0.566603
vn 0.736743 0.369013 0.566603
vn 0.445874 0.709774 0.545360
vn 0.445874 0.709774 0.545360
vn 0.445874 0.709774 0.545360
vn 0.445874 0.709774 0.545360
vn 0.012070 0.763216 0.646031
vn 0.012070 0.763216 0.646031
vn 0.012070 0.763216 0.646031
vn 0.012070 0.763216 0.646031
vn -0.310550 0.498030 0.809645
vn -0.310550 0.498030 0.809645
vn -0.310550 0.498030 0.809645
vn -0.310550 0.498030 0.809645
vn -0.333001 0.069561 0.940357
vn -0.333001 0.069561 0.940357
vn -0.333001 0.069561 0.940357
vn -0.333001 0.069561 0.940357
vn -0.042128 -0.271201 0.961600
vn -0.042128 -0.271201 0.961600
vn -0.042128 -0.271201 0.961600
vn -0.042128 -0.271201 0.961600
vn 0.391673 -0.324643 0.860929
vn 0.391673 -0.324643 0.860929
vn 0.391673 -0.324643 0.860929
vn 0.391673 -0.324643 0.860929
vn -0.059513 -0.364679 -0.929230
vn -0.059513 -0.364679 -0.929230
vn -0.059513 -0.364679 -0.929230
vn -0.051450 -0.210789 -0.976177
vn -0.051450 -0.210789 -0.976177
vn -0.051450 -0.210788 -0.976177
vn -0.155918 -0.088400 -0.983806
vn -0.155918 -0.088400 -0.983806
vn -0.155918 -0.088400 -0.983806
vn -0.311725 -0.069207 -0.947649
vn -0.311725 -0.069207 -0.947649
vn -0.311725 -0.069207 -0.947649
vn -0.427596 -0.164451 -0.888885
vn -0.427596 -0.164451 -0.888885
vn -0.427596 -0.164451 -0.888886
vn -0.435658 -0.318339 -0.841939
vn -0.435658 -0.318339 -0.841939
vn -0.435658 -0.318339 -0.841939
vn -0.331190 -0.440729 -0.834309
vn -0.331190 -0.440729 -0.834309
vn -0.331190 -0.440729 -0.834309
vn -0.175387 -0.459923 -0.870466
vn -0.175387 -0.459923 -0.870466
vn -0.175387 -0.459923 -0.870466
vn 0.427594 0.164451 0.888887
vn 0.427594 0.164451 0.888887
vn 0.427594 0.164451 0.888887
vn 0.435662 0.318341 0.841937
vn 0.435662 0.318341 0.841937
vn 0.435662 0.318341 0.841937
vn 0.331187 0.440728 0.834310
vn 0.331187 0.440728 0.834310
vn 0.331187 0.440728 0.834310
vn 0.175389 0.459923 0.870465
vn 0.175389 0.459923 0.870465
vn 0.175389 0.459923 0.870465
vn 0.059511 0.364677 0.929231
vn 0.059511 0.364677 0.929231
vn 0.059511 0.364677 0.929231
vn 0.051449 0.210789 0.976177
vn 0.051449 0.210789 0.976177
vn 0.051449 0.210789 0.976177
vn 0.155917 0.088401 0.983806
vn 0.155917 0.088401 0.983806
vn 0.155917 0.088401 0.983806
vn 0.311725 0.069207 0.947649
vn 0.311725 0.069207 0.947649
vn 0.311725 0.069207 0.947649
vn 0.685600 -0.432514 -0.585563
vn 0.685600 -0.432515 -0.585563
vn 0.685600 -0.432515 -0.585563
vn 0.685600 -0.432515 -0.585563
vn 0.711719 -0.000279 -0.702464
vn 0.711719 -0.000279 -0.702464
vn 0.711719 -0.000279 -0.702464
vn 0.711719 -0.000279 -0.702464
vn 0.420664 0.305358 -0.854282
vn 0.420664 0.305358 -0.854282
vn 0.420664 0.305358 -0.854282
vn 0.420664 0.305358 -0.854282
vn -0.017069 0.305358 -0.952085
vn -0.017069 0.305358 -0.952085
vn -0.017069 0.305358 -0.952085
vn -0.017069 0.305358 -0.952085
vn -0.345061 -0.000279 -0.938580
vn -0.345061 -0.000279 -0.938580
vn -0.345061 -0.000279 -0.938580
vn -0.345061 -0.000279 -0.938580
vn -0.371181 -0.432515 -0.821679
vn -0.371181 -0.432515 -0.821679
vn -0.371181 -0.432515 -0.821679
vn -0.371181 -0.432515 -0.821679
vn -0.080125 -0.738153 -0.669859
vn -0.080125 -0.738153 -0.669859
vn -0.080125 -0.738153 -0.669859
vn -0.080125 -0.738153 -0.669859
vn 0.357608 -0.738153 -0.572054
vn 0.357608 -0.738153 -0.572054
vn 0.357608 -0.738153 -0.572054
vn 0.357608 -0.738153 -0.572054
vn 0.858652 -0.454092 -0.237733
vn 0.858652 -0.454092 -0.237733
vn 0.858652 -0.454092 -0.237733
vn 0.858652 -0.454092 -0.237733
vn 0.896578 0.173523 -0.407477
vn 0.896578 0.173523 -0.407477
vn 0.896578 0.173523 -0.407477
vn 0.896578 0.173523 -0.407477
vn 0.473960 0.617314 -0.627921
vn 0.473960 0.617314 -0.627921
vn 0.473960 0.617314 -0.627921
vn 0.473960 0.617314 -0.627921
vn -0.161638 0.617314 -0.769933
vn -0.161638 0.617314 -0.769933
vn -0.161638 0.617314 -0.769933
vn -0.161638 0.617314 -0.769933
vn -0.637891 0.173524 -0.750323
vn -0.637891 0.173524 -0.750323
vn -0.637891 0.173523 -0.750323
vn -0.637891 0.173524 -0.750323
vn -0.675816 -0.454092 -0.580580
vn -0.675816 -0.454092 -0.580580
vn -0.675816 -0.454092 -0.580580
vn -0.675816 -0.454092 -0.580580
vn -0.253199 -0.897881 -0.360138
vn -0.253199 -0.897881 -0.360138
vn -0.253199 -0.897881 -0.360138
vn -0.253199 -0.897881 -0.360138
vn 0.382400 -0.897881 -0.218127
vn 0.382400 -0.897882 -0.218127
vn 0.382400 -0.897881 -0.218127
vn 0.382400 -0.897881 -0.218127
vn 0.902861 -0.410980 0.126244
vn 0.902861 -0.410980 0.126244
vn 0.902861 -0.410980 0.126244
vn 0.902861 -0.410980 0.126244
vn 0.946696 0.314441 -0.069950
vn 0.946696 0.314441 -0.069950
vn 0.946696 0.314441 -0.069950
vn 0.946696 0.314441 -0.069950
vn 0.458219 0.827391 -0.324746
vn 0.458219 0.827391 -0.324746
vn 0.458219 0.827391 -0.324746
vn 0.458219 0.827391 -0.324746
vn -0.276428 0.827391 -0.488889
vn -0.276428 0.827391 -0.488889
vn -0.276428 0.827391 -0.488889
vn -0.276428 0.827391 -0.488889
vn -0.826899 0.314441 -0.466224
vn -0.826899 0.314441 -0.466224
vn -0.826899 0.314441 -0.466224
vn -0.826899 0.314441 -0.466224
vn -0.870735 -0.410981 -0.270029
vn -0.870735 -0.410981 -0.270029
vn -0.870735 -0.410980 -0.270029
vn -0.870735 -0.410980 -0.270029
vn -0.382259 -0.923930 -0.015230
vn -0.382259 -0.923930 -0.015230
vn -0.382259 -0.923930 -0.015230
vn -0.382259 -0.923930 -0.015230
vn 0.352390 -0.923930 0.148910
vn 0.352390 -0.923930 0.148910
vn 0.352390 -0.923930 0.148910
vn 0.352390 -0.923930 0.148910
vn 0.826899 -0.314440 0.466225
vn 0.826899 -0.314440 0.466225
vn 0.826899 -0.314440 0.466225
vn 0.826899 -0.314440 0.466225
vn 0.870735 0.410980 0.270028
vn 0.870735 0.410980 0.270028
vn 0.870735 0.410980 0.270028
vn 0.870735 0.410980 0.270028
vn 0.382258 0.923930 0.015230
vn 0.382258 0.923930 0.015230
vn 0.382258 0.923930 0.015230
vn 0.382258 0.923930 0.015230
vn -0.352390 0.923930 -0.148909
vn -0.352390 0.923930 -0.148909
vn -0.352390 0.923930 -0.148909
vn -0.352390 0.923930 -0.148909
vn -0.902861 0.410981 -0.126244
vn -0.902861 0.410981 -0.126244
vn -0.902861 0.410981 -0.126244
vn -0.902861 0.410981 -0.126244
vn -0.946696 -0.314441 0.069950
vn -0.946696 -0.314441 0.069950
vn -0.946696 -0.314441 0.069950
vn -0.946696 -0.314441 0.069950
vn -0.458219 -0.827391 0.324746
vn -0.458219 -0.827391 0.324746
vn -0.458219 -0.827391 0.324746
vn -0.458219 -0.827391 0.324746
vn 0.276429 -0.827390 0.488889
vn 0.276429 -0.827390 0.488889
vn 0.276429 -0.827390 0.488889
vn 0.276429 -0.827390 0.488889
vn 0.637891 -0.173523 0.750323
vn 0.637891 -0.173523 0.750323
vn 0.637891 -0.173523 0.750323
vn 0.637891 -0.173523 0.750323
vn 0.675816 0.454091 0.580580
vn 0.675816 0.454091 0.580580
vn 0.675816 0.454091 0.580580
vn 0.675817 0.454091 0.580580
vn 0.253198 0.897882 0.360137
vn 0.253198 0.897882 0.360137
vn 0.253198 0.897882 0.360137
vn 0.253198 0.897882 0.360137
vn -0.382399 0.897882 0.218123
vn -0.382399 0.897882 0.218123
vn -0.382399 0.897882 0.218123
vn -0.382399 0.897882 0.218124
vn -0.858652 0.454092 0.237734
vn -0.858652 0.454092 0.237734
vn -0.858652 0.454092 0.237734
vn -0.858652 0.454092 0.237734
vn -0.896578 -0.173523 0.407478
vn -0.896578 -0.173523 0.407478
vn -0.896578 -0.173523 0.407478
vn -0.896578 -0.173523 0.407478
vn -0.473960 -0.617315 0.627921
vn -0.473960 -0.617315 0.627921
vn -0.473960 -0.617315 0.627921
vn -0.473960 -0.617315 0.627921
vn 0.161638 -0.617314 0.769933
vn 0.161638 -0.617314 0.769933
vn 0.161638 -0.617314 0.769933
vn 0.161638 -0.617314 0.769933
vn 0.345062 0.000279 0.938580
vn 0.345062 0.000279 0.938580
vn 0.345062 0.000279 0.938580
vn 0.345062 0.000279 0.938580
vn 0.371178 0.432514 0.821680
vn 0.371178 0.432514 0.821680
vn 0.371178 0.432514 0.821680
vn 0.371178 0.432514 0.821680
vn 0.080127 0.738153 0.669858
vn 0.080127 0.738153 0.669858
vn 0.080127 0.738153 0.669858
vn 0.080127 0.738153 0.669859
vn -0.357607 0.738150 0.572059
vn -0.357607 0.738150 0.572059
vn -0.357607 0.738150 0.572059
vn -0.357607 0.738150 0.572059
vn -0.685600 0.432514 0.585563
vn -0.685600 0.432514 0.585563
vn -0.685600 0.432514 0.585563
vn -0.685600 0.432514 0.585563
vn -0.711721 0.000279 0.702462
vn -0.711721 0.000279 0.702462
vn -0.711721 0.000279 0.702462
vn -0.711721 0.000279 0.702462
vn -0.420665 -0.305358 0.854282
vn -0.420665 -0.305358 0.854282
vn -0.420665 -0.305358 0.854282
vn -0.420665 -0.305358 0.854282
vn 0.017069 -0.305357 0.952085
vn 0.017069 -0.305357 0.952085
vn 0.017069 -0.305357 0.952085
vn 0.017069 -0.305357 0.952085
vn 0.390514 -0.338701 -0.856026
vn 0.390514 -0.338701 -0.856026
vn 0.390514 -0.338701 -0.856026
vn 0.399894 -0.183457 -0.898013
vn 0.399894 -0.183457 -0.898013
vn 0.399894 -0.183457 -0.898013
vn 0.295357 -0.073684 -0.952541
vn 0.295357 -0.073684 -0.952541
vn 0.295357 -0.073684 -0.952541
vn 0.138142 -0.073684 -0.987668
vn 0.138142 -0.073684 -0.987668
vn 0.138142 -0.073684 -0.987668
vn 0.020338 -0.183457 -0.982817
vn 0.020338 -0.183457 -0.982817
vn 0.020338 -0.183457 -0.982817
vn 0.010958 -0.338700 -0.940831
vn 0.010958 -0.338700 -0.940831
vn 0.010958 -0.338700 -0.940831
vn 0.115496 -0.448471 -0.886304
vn 0.115496 -0.448471 -0.886304
vn 0.115496 -0.448471 -0.886304
vn 0.272709 -0.448471 -0.851178
vn 0.272709 -0.448471 -0.851178
vn 0.272709 -0.448471 -0.851178
vn -0.020338 0.183458 0.982817
vn -0.020338 0.183458 0.982817
vn -0.020338 0.183458 0.982817
vn -0.010957 0.338699 0.940831
vn -0.010957 0.338699 0.940831
vn -0.010957 0.338699 0.940831
vn -0.115497 0.448471 0.886304
vn -0.115497 0.448471 0.886304
vn -0.115497 0.448471 0.886304
vn -0.272709 0.448472 0.851177
vn -0.272709 0.448472 0.851177
vn -0.272709 0.448472 0.851177
vn -0.390514 0.338699 0.856027
vn -0.390514 0.338699 0.856027
vn -0.390514 0.338699 0.856027
vn -0.399894 0.183458 0.898013
vn -0.399894 0.183458 0.898013
vn -0.399894 0.183458 0.898013
vn -0.295357 0.073684 0.952541
vn -0.295357 0.073684 0.952541
vn -0.295357 0.073684 0.952541
vn -0.138142 0.073684 0.987668
vn -0.138142 0.073684 0.987668
vn -0.138142 0.073684 0.987668
vn -0.864765 -0.464131 -0.191739
vn -0.864765 -0.464131 -0.191739
vn -0.864765 -0.464131 -0.191739
vn -0.864765 -0.464131 -0.191739
vn -0.962519 -0.000002 -0.271215
vn -0.962519 -0.000002 -0.271215
vn -0.962519 -0.000002 -0.271215
vn -0.910739 0.359401 -0.203436
vn -0.910739 0.359401 -0.203436
vn -0.910739 0.359401 -0.203436
vn -0.910739 0.359401 -0.203436
vn -0.807358 0.512064 0.293196
vn -0.739985 0.656870 0.144723
vn -0.696643 0.713669 0.073249
vn -0.679851 0.731769 0.048141
vn -0.723460 0.458853 -0.515811
vn -0.590232 0.794460 -0.143034
vn -0.649483 0.713103 -0.263923
vn -0.569643 0.815011 -0.106131
vn -0.885372 0.378719 0.269608
vn -0.893853 0.416876 0.165050
vn -0.894234 0.425656 0.138431
vn -0.893960 0.433485 0.113693
vn -0.980430 0.000000 0.196866
vn -0.980430 0.000000 0.196866
vn -0.980430 0.000000 0.196866
vn -0.807207 -0.515241 0.287998
vn -0.796517 -0.593866 0.113506
vn -0.802591 -0.573536 0.164024
vn -0.791703 -0.605255 0.082900
vn -0.237131 -0.964588 -0.115495
vn -0.237131 -0.964588 -0.115495
vn -0.237131 -0.964588 -0.115495
vn -0.361217 -0.921106 0.145209
vn -0.361217 -0.921106 0.145209
vn -0.361217 -0.921106 0.145209
vn -0.229448 -0.922509 -0.310371
vn -0.365014 -0.923004 -0.121770
vn -0.303337 -0.929035 -0.211849
vn -0.413329 -0.909460 -0.045181
vn -0.961939 0.000001 -0.273264
vn -0.961939 0.000001 -0.273264
vn -0.961939 0.000001 -0.273264
vn -0.961939 0.000001 -0.273264
vn -0.700851 0.640704 -0.313539
vn -0.735516 0.631220 -0.246126
vn -0.757823 0.622108 -0.196688
vn -0.776606 0.611887 -0.149925
vn -0.625965 0.779188 0.032147
vn -0.586463 0.809971 0.002676
vn -0.528495 0.848079 -0.038147
vn -0.517904 0.854237 -0.045329
vn -0.621052 0.773072 -0.129055
vn -0.466851 0.884308 0.007048
vn -0.549680 0.832984 -0.063168
vn -0.451860 0.891883 0.019167
vn -0.601932 0.763728 0.233232
vn 0.153952 0.668866 0.727267
vn 0.237478 0.620512 0.747375
vn 0.866299 -0.266617 0.422424
vn 0.889579 0.000000 0.456782
vn 0.904573 -0.188135 0.382562
vn 0.844033 -0.488847 0.220538
vn 0.827225 -0.526807 0.195379
vn 0.698364 -0.699753 0.150443
vn 0.718690 -0.667005 0.196443
vn 0.780344 -0.469995 0.412514
vn 0.775153 -0.248611 0.580801
vn -0.068410 -0.996340 -0.051256
vn -0.068410 -0.996340 -0.051256
vn -0.068410 -0.996340 -0.051256
vn 0.159566 -0.986719 0.030406
vn 0.159566 -0.986719 0.030406
vn 0.159566 -0.986719 0.030406
vn -0.069699 -0.990031 -0.122396
vn -0.108078 -0.990466 -0.085417
vn -0.089942 -0.990611 -0.102958
vn -0.119278 -0.990060 -0.074523
vn -0.614444 0.000001 -0.788960
vn -0.614444 0.000001 -0.788960
vn -0.614444 0.000001 -0.788960
vn -0.614444 0.000001 -0.788960
vn -0.423508 0.843209 -0.331118
vn -0.403972 0.844648 -0.351250
vn -0.384092 0.845421 -0.371128
vn -0.373312 0.845560 -0.381661
vn -0.377937 0.923350 -0.067733
vn -0.361536 0.929336 -0.075006
vn -0.322868 0.941979 -0.091826
vn -0.316765 0.943791 -0.094440
vn -0.378554 0.924856 0.036582
vn -0.289399 0.953634 0.082644
vn -0.346805 0.936423 0.053278
vn -0.280384 0.955922 0.087164
vn -0.558442 -0.504902 0.658192
vn -0.483973 -0.367191 0.794318
vn -0.500661 -0.396219 0.769642
vn -0.395006 -0.223364 0.891111
vn -0.238486 -0.727706 0.643092
vn -0.334232 -0.759526 0.558040
vn -0.348092 -0.763159 0.544445
vn -0.388289 -0.772160 0.502991
vn -0.253133 -0.774512 0.579703
vn -0.185559 -0.860684 0.474120
vn -0.086268 -0.946135 0.312069
vn 0.015674 -0.990256 0.138373
vn -0.023428 -0.999262 -0.030436
vn -0.023428 -0.999262 -0.030436
vn -0.023428 -0.999262 -0.030436
vn -0.023428 -0.999262 -0.030436
vn -0.022328 -0.999718 0.008092
vn -0.022328 -0.999718 0.008092
vn -0.022328 -0.999718 0.008092
vn -0.022328 -0.999718 0.008092
vn -0.014880 -0.996351 -0.084048
vn -0.031449 -0.996760 -0.074029
vn -0.000000 -0.996840 -0.079439
vn 0.000000 -0.997469 -0.071101
vn -0.235291 0.000001 -0.971925
vn -0.235291 0.000001 -0.971925
vn 0.000000 0.000001 -1.000000
vn 0.000000 0.000001 -1.000000
vn -0.152367 0.892838 -0.423822
vn 0.000000 0.901671 -0.432424
vn -0.134961 0.891058 -0.433360
vn -0.000000 0.898204 -0.439578
vn -0.125530 0.986669 0.103568
vn -0.097298 0.988804 0.113133
vn -0.000000 0.994245 0.107127
vn -0.000000 0.993393 0.114767
vn -0.132141 -0.243953 0.960742
vn -0.705308 0.525355 0.475965
vn -0.716476 0.560399 0.415470
vn -0.727500 0.616267 0.301593
vn -0.892591 -0.391204 0.224144
vn -0.930032 -0.141711 0.339055
vn -0.902044 -0.357826 0.241406
vn -0.920323 -0.000001 0.391159
vn -0.244214 -0.966434 0.079785
vn 0.000000 -0.997449 0.071380
vn -0.240625 -0.967484 0.077934
vn 0.000000 -0.997469 0.071100
vn -0.000006 -1.000000 0.000003
vn -0.000006 -1.000000 0.000003
vn 0.000000 -1.000000 0.000003
vn 0.000000 -1.000000 0.000003
vn -0.000002 -1.000000 -0.000001
vn -0.000002 -1.000000 -0.000001
vn -0.000000 -1.000000 -0.000001
vn -0.000000 -1.000000 -0.000001
vn -0.960113 -0.244073 -0.136426
vn -0.960113 -0.244073 -0.136426
vn -0.960113 -0.244073 -0.136426
vn -0.945932 0.264244 -0.188114
vn -0.945932 0.264244 -0.188114
vn -0.945932 0.264244 -0.188114
vn -0.472396 0.875100 0.105079
vn -0.472396 0.875100 0.105079
vn -0.472396 0.875100 0.105079
vn -0.458393 0.849155 -0.262319
vn -0.458393 0.849156 -0.262319
vn -0.458393 0.849156 -0.262319
vn -0.995480 -0.077370 -0.055080
vn -0.995480 -0.077370 -0.055080
vn -0.995480 -0.077370 -0.055080
vn -0.996733 0.070497 -0.039405
vn -0.996733 0.070497 -0.039405
vn -0.996733 0.070497 -0.039405
vn -0.473659 -0.766899 -0.433027
vn -0.473659 -0.766899 -0.433027
vn -0.473659 -0.766899 -0.433027
vn -0.503791 -0.815688 0.284339
vn -0.503791 -0.815688 0.284339
vn -0.503791 -0.815688 0.284339
vn 0.864765 -0.464131 -0.191739
vn 0.864765 -0.464131 -0.191739
vn 0.864765 -0.464131 -0.191739
vn 0.864765 -0.464131 -0.191739
vn 0.962519 0.000000 -0.271215
vn 0.962519 0.000000 -0.271215
vn 0.962519 0.000000 -0.271215
vn 0.910739 0.359400 -0.203436
vn 0.910739 0.359400 -0.203436
vn 0.910739 0.359400 -0.203436
vn 0.910739 0.359400 -0.203436
vn 0.679851 0.731769 0.048141
vn 0.739985 0.656870 0.144723
vn 0.696643 0.713669 0.073249
vn 0.807358 0.512063 0.293196
vn 0.723460 0.458852 -0.515811
vn 0.649482 0.713104 -0.263923
vn 0.590232 0.794461 -0.143034
vn 0.569642 0.815012 -0.106131
vn 0.885372 0.378718 0.269608
vn 0.894234 0.425655 0.138431
vn 0.893853 0.416876 0.165050
vn 0.893960 0.433485 0.113693
vn 0.980430 0.000000 0.196866
vn 0.980430 0.000000 0.196866
vn 0.980430 0.000000 0.196866
vn 0.791703 -0.605255 0.082900
vn 0.796518 -0.593865 0.113506
vn 0.802591 -0.573536 0.164024
vn 0.807208 -0.515241 0.287998
vn 0.237131 -0.964588 -0.115495
vn 0.237131 -0.964588 -0.115495
vn 0.237131 -0.964588 -0.115495
vn 0.361217 -0.921106 0.145209
vn 0.361217 -0.921106 0.145209
vn 0.361217 -0.921106 0.145209
vn 0.229447 -0.922510 -0.310371
vn 0.303337 -0.929035 -0.211849
vn 0.365014 -0.923004 -0.121770
vn 0.413329 -0.909460 -0.045181
vn 0.961939 0.000000 -0.273264
vn 0.961939 0.000000 -0.273264
vn 0.961939 0.000000 -0.273264
vn 0.961939 0.000000 -0.273264
vn 0.776606 0.611887 -0.149925
vn 0.735516 0.631220 -0.246126
vn 0.757823 0.622108 -0.196688
vn 0.700850 0.640704 -0.313539
vn 0.517904 0.854237 -0.045329
vn 0.586464 0.809971 0.002676
vn 0.528495 0.848079 -0.038147
vn 0.625966 0.779188 0.032147
vn 0.621052 0.773071 -0.129055
vn 0.549680 0.832984 -0.063168
vn 0.466851 0.884308 0.007047
vn 0.451860 0.891883 0.019167
vn 0.601931 0.763729 0.233232
vn -0.237478 0.620513 0.747374
vn -0.153952 0.668867 0.727266
vn -0.866299 -0.266616 0.422424
vn -0.889579 -0.000001 0.456782
vn -0.844033 -0.488847 0.220538
vn -0.904573 -0.188135 0.382562
vn -0.827225 -0.526807 0.195379
vn -0.698363 -0.699754 0.150442
vn -0.780343 -0.469996 0.412515
vn -0.718689 -0.667006 0.196442
vn -0.775152 -0.248611 0.580803
vn 0.068410 -0.996340 -0.051256
vn 0.068410 -0.996340 -0.051256
vn 0.068410 -0.996340 -0.051256
vn -0.159566 -0.986719 0.030406
vn -0.159566 -0.986719 0.030406
vn -0.159566 -0.986719 0.030406
vn 0.069699 -0.990031 -0.122396
vn 0.089942 -0.990611 -0.102958
vn 0.108078 -0.990466 -0.085417
vn 0.119278 -0.990060 -0.074523
vn 0.614444 0.000001 -0.788960
vn 0.614444 0.000001 -0.788960
vn 0.614444 0.000001 -0.788960
vn 0.614444 0.000001 -0.788960
vn 0.373312 0.845560 -0.381661
vn 0.403972 0.844648 -0.351250
vn 0.384092 0.845421 -0.371128
vn 0.423508 0.843209 -0.331118
vn 0.316765 0.943791 -0.094440
vn 0.361537 0.929336 -0.075006
vn 0.322869 0.941979 -0.091826
vn 0.377937 0.923350 -0.067733
vn 0.378553 0.924856 0.036582
vn 0.346805 0.936423 0.053277
vn 0.289399 0.953634 0.082644
vn 0.280384 0.955922 0.087164
vn 0.395007 -0.223363 0.891111
vn 0.483973 -0.367191 0.794318
vn 0.500661 -0.396219 0.769642
vn 0.558442 -0.504902 0.658192
vn 0.388289 -0.772160 0.502992
vn 0.334232 -0.759526 0.558040
vn 0.348092 -0.763159 0.544445
vn 0.238486 -0.727706 0.643092
vn 0.253133 -0.774512 0.579703
vn 0.086268 -0.946134 0.312070
vn 0.185559 -0.860684 0.474120
vn -0.015674 -0.990256 0.138374
vn 0.023428 -0.999262 -0.030436
vn 0.023428 -0.999262 -0.030436
vn 0.023428 -0.999262 -0.030436
vn 0.023428 -0.999262 -0.030436
vn 0.022328 -0.999718 0.008092
vn 0.022328 -0.999718 0.008092
vn 0.022328 -0.999718 0.008092
vn 0.022328 -0.999718 0.008092
vn 0.014880 -0.996351 -0.084048
vn 0.031449 -0.996760 -0.074029
vn 0.235291 0.000001 -0.971925
vn 0.235291 0.000001 -0.971925
vn 0.134961 0.891058 -0.433360
vn 0.152367 0.892838 -0.423822
vn 0.125530 0.986669 0.103568
vn 0.097298 0.988804 0.113133
vn 0.132141 -0.243953 0.960742
vn 0.716476 0.560399 0.415470
vn 0.705307 0.525355 0.475965
vn 0.727500 0.616268 0.301593
vn 0.920323 -0.000001 0.391159
vn 0.930032 -0.141711 0.339055
vn 0.902044 -0.357826 0.241406
vn 0.892591 -0.391204 0.224144
vn 0.240624 -0.967485 0.077934
vn 0.244214 -0.966434 0.079785
vn 0.000006 -1.000000 0.000003
vn 0.000006 -1.000000 0.000003
vn 0.000002 -1.000000 -0.000001
vn 0.000002 -1.000000 -0.000001
vn 0.960113 -0.244071 -0.136426
vn 0.960113 -0.244071 -0.136426
vn 0.960113 -0.244071 -0.136426
vn 0.945933 0.264242 -0.188114
vn 0.945933 0.264242 -0.188114
vn 0.945933 0.264242 -0.188114
vn 0.472397 0.875100 0.105078
vn 0.472397 0.875100 0.105078
vn 0.472397 0.875100 0.105078
vn 0.458392 0.849156 -0.262319
vn 0.458392 0.849156 -0.262319
vn 0.458392 0.849156 -0.262319
vn 0.995480 -0.077371 -0.055080
vn 0.995480 -0.077371 -0.055080
vn 0.995480 -0.077371 -0.055080
vn 0.996733 0.070497 -0.039405
vn 0.996733 0.070497 -0.039405
vn 0.996733 0.070497 -0.039405
vn 0.473659 -0.766900 -0.433027
vn 0.473659 -0.766900 -0.433027
vn 0.473659 -0.766900 -0.433027
vn 0.503791 -0.815687 0.284339
vn 0.503791 -0.815687 0.284339
vn 0.503791 -0.815687 0.284339
vn 0.864765 -0.464130 -0.191739
vn 0.864765 -0.464130 -0.191739
vn 0.864765 -0.464130 -0.191739
vn 0.864765 -0.464130 -0.191739
vn 0.962519 0.000000 -0.271215
vn 0.962519 0.000000 -0.271215
vn 0.962519 0.000000 -0.271215
vn 0.910739 0.359400 -0.203436
vn 0.910739 0.359400 -0.203436
vn 0.910739 0.359400 -0.203436
vn 0.910739 0.359400 -0.203436
vn 0.807358 0.512064 0.293196
vn 0.696643 0.713669 0.073249
vn 0.739985 0.656870 0.144723
vn 0.679851 0.731769 0.048141
vn 0.723460 0.458852 -0.515811
vn 0.649483 0.713104 -0.263924
vn 0.590232 0.794461 -0.143035
vn 0.569642 0.815011 -0.106132
vn 0.885372 0.378718 0.269608
vn 0.894234 0.425655 0.138432
vn 0.893853 0.416876 0.165050
vn 0.893961 0.433484 0.113693
vn 0.980430 0.000000 0.196866
vn 0.980430 0.000000 0.196866
vn 0.980430 0.000000 0.196866
vn 0.807208 -0.515240 0.287998
vn 0.802591 -0.573536 0.164024
vn 0.796518 -0.593865 0.113506
vn 0.791703 -0.605255 0.082900
vn 0.237131 -0.964588 -0.115495
vn 0.237131 -0.964588 -0.115495
vn 0.237131 -0.964588 -0.115495
vn 0.361217 -0.921106 0.145210
vn 0.361217 -0.921106 0.145210
vn 0.361217 -0.921106 0.145210
vn 0.229447 -0.922510 -0.310371
vn 0.303337 -0.929035 -0.211849
vn 0.365014 -0.923004 -0.121770
vn 0.413329 -0.909460 -0.045182
vn 0.961939 0.000001 -0.273264
vn 0.961939 0.000001 -0.273264
vn 0.961939 0.000001 -0.273264
vn 0.961939 0.000001 -0.273264
vn 0.700851 0.640704 -0.313539
vn 0.757822 0.622109 -0.196688
vn 0.735516 0.631220 -0.246126
vn 0.776605 0.611888 -0.149925
vn 0.625965 0.779189 0.032147
vn 0.528495 0.848079 -0.038147
vn 0.586463 0.809972 0.002676
vn 0.517904 0.854237 -0.045329
vn 0.621052 0.773071 -0.129055
vn 0.549680 0.832984 -0.063168
vn 0.466851 0.884308 0.007047
vn 0.451860 0.891883 0.019167
vn 0.601932 0.763728 0.233232
vn -0.237478 0.620512 0.747375
vn -0.153952 0.668866 0.727267
vn -0.866299 -0.266617 0.422424
vn -0.889579 -0.000001 0.456781
vn -0.844032 -0.488848 0.220538
vn -0.904573 -0.188136 0.382562
vn -0.827224 -0.526808 0.195379
vn -0.698364 -0.699753 0.150442
vn -0.780343 -0.469996 0.412515
vn -0.718690 -0.667005 0.196442
vn -0.775152 -0.248612 0.580802
vn 0.068410 -0.996340 -0.051256
vn 0.068410 -0.996340 -0.051256
vn 0.068410 -0.996340 -0.051256
vn -0.159566 -0.986719 0.030407
vn -0.159566 -0.986719 0.030407
vn -0.159566 -0.986719 0.030407
vn 0.069699 -0.990031 -0.122396
vn 0.089942 -0.990611 -0.102958
vn 0.108078 -0.990466 -0.085417
vn 0.119278 -0.990060 -0.074523
vn 0.614444 0.000000 -0.788960
vn 0.614444 0.000000 -0.788960
vn 0.614444 0.000000 -0.788960
vn 0.614444 0.000000 -0.788960
vn 0.423509 0.843209 -0.331118
vn 0.384092 0.845421 -0.371129
vn 0.403972 0.844648 -0.351250
vn 0.373312 0.845560 -0.381662
vn 0.377937 0.923350 -0.067733
vn 0.322869 0.941979 -0.091826
vn 0.361536 0.929336 -0.075006
vn 0.316765 0.943791 -0.094440
vn 0.378554 0.924856 0.036582
vn 0.346805 0.936423 0.053278
vn 0.289399 0.953634 0.082644
vn 0.280384 0.955922 0.087164
vn 0.558442 -0.504901 0.658193
vn 0.500661 -0.396218 0.769643
vn 0.483973 -0.367190 0.794318
vn 0.395006 -0.223363 0.891111
vn 0.238486 -0.727706 0.643093
vn 0.348092 -0.763159 0.544445
vn 0.334232 -0.759527 0.558040
vn 0.388289 -0.772161 0.502991
vn 0.253133 -0.774512 0.579702
vn 0.086268 -0.946135 0.312068
vn 0.185559 -0.860685 0.474120
vn -0.015674 -0.990256 0.138371
vn 0.023428 -0.999262 -0.030436
vn 0.023428 -0.999262 -0.030436
vn 0.023428 -0.999262 -0.030436
vn 0.023428 -0.999262 -0.030436
vn 0.022328 -0.999718 0.008092
vn 0.022328 -0.999718 0.008092
vn 0.022328 -0.999718 0.008092
vn 0.022328 -0.999718 0.008092
vn 0.014880 -0.996351 -0.084048
vn -0.000000 -0.996840 -0.079439
vn 0.031449 -0.996760 -0.074029
vn -0.000000 -0.997469 -0.071101
vn 0.235291 0.000001 -0.971925
vn -0.000000 0.000001 -1.000000
vn -0.000000 0.000001 -1.000000
vn 0.235291 0.000001 -0.971925
vn 0.152366 0.892838 -0.423822
vn 0.134960 0.891058 -0.433360
vn -0.000000 0.901671 -0.432423
vn 0.000000 0.898205 -0.439578
vn 0.125530 0.986669 0.103568
vn 0.000000 0.994245 0.107127
vn 0.097298 0.988804 0.113133
vn 0.000000 0.993393 0.114767
vn 0.132141 -0.243953 0.960742
vn 0.716476 0.560399 0.415470
vn 0.705308 0.525355 0.475965
vn 0.727500 0.616268 0.301593
vn 0.892591 -0.391204 0.224144
vn 0.902044 -0.357826 0.241406
vn 0.930032 -0.141710 0.339056
vn 0.920323 0.000000 0.391159
vn 0.244214 -0.966434 0.079786
vn 0.240624 -0.967484 0.077935
vn 0.000000 -0.997449 0.071380
vn 0.000000 -0.997469 0.071101
vn 0.000006 -1.000000 0.000003
vn -0.000000 -1.000000 0.000003
vn -0.000000 -1.000000 0.000003
vn 0.000006 -1.000000 0.000003
vn 0.000002 -1.000000 -0.000001
vn 0.000000 -1.000000 -0.000001
vn 0.000000 -1.000000 -0.000001
vn 0.000002 -1.000000 -0.000001
vn 0.960113 -0.244071 -0.136426
vn 0.960113 -0.244071 -0.136426
vn 0.960113 -0.244071 -0.136426
vn 0.945933 0.264242 -0.188114
vn 0.945933 0.264242 -0.188114
vn 0.945933 0.264242 -0.188114
vn 0.472396 0.875100 0.105078
vn 0.472396 0.875100 0.105078
vn 0.472396 0.875100 0.105078
vn 0.458393 0.849156 -0.262319
vn 0.458393 0.849156 -0.262319
vn 0.458393 0.849155 -0.262319
vn 0.995480 -0.077369 -0.055080
vn 0.995480 -0.077369 -0.055080
vn 0.995480 -0.077369 -0.055080
vn 0.996733 0.070497 -0.039405
vn 0.996733 0.070497 -0.039405
vn 0.996733 0.070497 -0.039405
vn 0.473659 -0.766900 -0.433027
vn 0.473659 -0.766900 -0.433027
vn 0.473659 -0.766900 -0.433027
vn 0.503791 -0.815688 0.284339
vn 0.503791 -0.815688 0.284339
vn 0.503791 -0.815688 0.284339
vn -0.864765 -0.464132 -0.191739
vn -0.864765 -0.464132 -0.191739
vn -0.864765 -0.464132 -0.191739
vn -0.864765 -0.464132 -0.191739
vn -0.962519 0.000001 -0.271215
vn -0.962519 0.000001 -0.271215
vn -0.962519 0.000001 -0.271215
vn -0.910739 0.359400 -0.203436
vn -0.910739 0.359400 -0.203436
vn -0.910739 0.359400 -0.203436
vn -0.910739 0.359400 -0.203436
vn -0.679850 0.731769 0.048141
vn -0.696642 0.713669 0.073250
vn -0.739984 0.656870 0.144724
vn -0.807358 0.512064 0.293196
vn -0.723461 0.458852 -0.515809
vn -0.590231 0.794461 -0.143035
vn -0.649482 0.713104 -0.263923
vn -0.569642 0.815012 -0.106132
vn -0.885372 0.378718 0.269608
vn -0.893853 0.416876 0.165050
vn -0.894234 0.425656 0.138431
vn -0.893960 0.433485 0.113693
vn -0.980430 -0.000001 0.196866
vn -0.980430 -0.000001 0.196866
vn -0.980430 -0.000001 0.196866
vn -0.791703 -0.605255 0.082900
vn -0.802591 -0.573536 0.164024
vn -0.796518 -0.593865 0.113506
vn -0.807208 -0.515240 0.287998
vn -0.237131 -0.964588 -0.115494
vn -0.237131 -0.964588 -0.115494
vn -0.237131 -0.964588 -0.115494
vn -0.361217 -0.921107 0.145208
vn -0.361217 -0.921107 0.145208
vn -0.361217 -0.921106 0.145208
vn -0.229447 -0.922510 -0.310371
vn -0.365014 -0.923004 -0.121769
vn -0.303337 -0.929035 -0.211848
vn -0.413330 -0.909460 -0.045180
vn -0.961939 0.000000 -0.273264
vn -0.961939 0.000000 -0.273264
vn -0.961939 0.000000 -0.273264
vn -0.961939 0.000000 -0.273264
vn -0.776606 0.611887 -0.149926
vn -0.757822 0.622108 -0.196688
vn -0.735516 0.631220 -0.246126
vn -0.700850 0.640704 -0.313539
vn -0.517903 0.854237 -0.045329
vn -0.528494 0.848079 -0.038147
vn -0.586464 0.809971 0.002676
vn -0.625966 0.779187 0.032147
vn -0.621052 0.773072 -0.129054
vn -0.466851 0.884308 0.007047
vn -0.549680 0.832984 -0.063167
vn -0.451860 0.891883 0.019167
vn -0.601931 0.763729 0.233232
vn 0.153951 0.668867 0.727267
vn 0.237478 0.620513 0.747374
vn 0.866299 -0.266617 0.422424
vn 0.889579 0.000000 0.456781
vn 0.904573 -0.188135 0.382562
vn 0.844032 -0.488848 0.220538
vn 0.827224 -0.526808 0.195379
vn 0.698363 -0.699754 0.150442
vn 0.718689 -0.667006 0.196442
vn 0.780344 -0.469996 0.412513
vn 0.775154 -0.248611 0.580801
vn -0.068410 -0.996340 -0.051256
vn -0.068410 -0.996340 -0.051256
vn -0.068410 -0.996340 -0.051256
vn 0.159566 -0.986719 0.030407
vn 0.159566 -0.986719 0.030407
vn 0.159566 -0.986719 0.030407
vn -0.069699 -0.990031 -0.122396
vn -0.108078 -0.990466 -0.085417
vn -0.089942 -0.990611 -0.102958
vn -0.119278 -0.990060 -0.074523
vn -0.614444 0.000001 -0.788960
vn -0.614444 0.000001 -0.788960
vn -0.614444 0.000001 -0.788960
vn -0.614444 0.000001 -0.788960
vn -0.373313 0.845560 -0.381661
vn -0.384092 0.845421 -0.371128
vn -0.403972 0.844648 -0.351250
vn -0.423509 0.843209 -0.331118
vn -0.316765 0.943791 -0.094440
vn -0.322869 0.941979 -0.091826
vn -0.361537 0.929336 -0.075006
vn -0.377937 0.923350 -0.067733
vn -0.378554 0.924856 0.036582
vn -0.289399 0.953634 0.082644
vn -0.346805 0.936423 0.053278
vn -0.280384 0.955922 0.087164
vn -0.395006 -0.223363 0.891111
vn -0.500661 -0.396218 0.769643
vn -0.483973 -0.367190 0.794318
vn -0.558441 -0.504902 0.658193
vn -0.388289 -0.772160 0.502992
vn -0.348092 -0.763159 0.544445
vn -0.334232 -0.759526 0.558041
vn -0.238486 -0.727706 0.643093
vn -0.253133 -0.774511 0.579703
vn -0.185559 -0.860684 0.474120
vn -0.086268 -0.946135 0.312069
vn 0.015674 -0.990256 0.138371
vn -0.023428 -0.999262 -0.030436
vn -0.023428 -0.999262 -0.030436
vn -0.023428 -0.999262 -0.030436
vn -0.023428 -0.999262 -0.030436
vn -0.022328 -0.999718 0.008092
vn -0.022328 -0.999718 0.008092
vn -0.022328 -0.999718 0.008092
vn -0.022328 -0.999718 0.008092
vn -0.014880 -0.996351 -0.084048
vn -0.031449 -0.996760 -0.074029
vn -0.235291 0.000001 -0.971925
vn -0.235291 0.000001 -0.971925
vn -0.134961 0.891058 -0.433360
vn -0.152366 0.892838 -0.423822
vn -0.125530 0.986669 0.103568
vn -0.097298 0.988804 0.113133
vn -0.132141 -0.243953 0.960742
vn -0.705308 0.525355 0.475965
vn -0.716476 0.560399 0.415470
vn -0.727500 0.616268 0.301593
vn -0.920323 -0.000000 0.391159
vn -0.902044 -0.357826 0.241406
vn -0.930032 -0.141711 0.339056
vn -0.892591 -0.391204 0.224144
vn -0.240624 -0.967485 0.077935
vn -0.244213 -0.966434 0.079786
vn -0.000006 -1.000000 0.000003
vn -0.000006 -1.000000 0.000003
vn -0.000002 -1.000000 -0.000001
vn -0.000002 -1.000000 -0.000001
vn -0.960113 -0.244071 -0.136426
vn -0.960113 -0.244071 -0.136426
vn -0.960113 -0.244071 -0.136426
vn -0.945933 0.264242 -0.188114
vn -0.945933 0.264242 -0.188114
vn -0.945933 0.264242 -0.188114
vn -0.472397 0.875100 0.105079
vn -0.472397 0.875100 0.105079
vn -0.472397 0.875100 0.105079
vn -0.458392 0.849156 -0.262318
vn -0.458392 0.849156 -0.262318
vn -0.458392 0.849156 -0.262318
vn -0.995480 -0.077370 -0.055080
vn -0.995480 -0.077370 -0.055080
vn -0.995480 -0.077370 -0.055080
vn -0.996733 0.070497 -0.039405
vn -0.996733 0.070497 -0.039405
vn -0.996733 0.070497 -0.039405
vn -0.473658 -0.766899 -0.433029
vn -0.473658 -0.766899 -0.433029
vn -0.473658 -0.766899 -0.433029
vn -0.503791 -0.815687 0.284340
vn -0.503791 -0.815687 0.284340
vn -0.503791 -0.815687 0.284340
vn 0.000000 -0.591188 0.806534
vn 0.000000 -0.550680 0.834717
vn -0.144856 -0.537855 0.830499
vn -0.123877 -0.581438 0.804105
vn -0.284878 -0.503033 0.815967
vn -0.242079 -0.555940 0.795190
vn -0.164301 -0.372718 0.913284
vn -0.324818 -0.354991 0.876627
vn -0.000000 -0.379305 0.925272
vn -0.449893 -0.459325 0.765909
vn -0.401321 -0.525846 0.749952
vn -0.635644 -0.438081 0.635643
vn -0.607288 -0.512255 0.607286
vn -0.494986 -0.332074 0.802942
vn -0.669742 -0.320771 0.669740
vn -0.341520 -0.174670 0.923501
vn -0.519006 -0.174237 0.836824
vn -0.696356 -0.173722 0.696354
vn -0.524562 0.030090 0.850841
vn -0.694214 0.017841 0.719547
vn -0.352765 0.013719 0.935611
vn -0.000000 -0.174000 0.984746
vn -0.169927 -0.174224 0.969933
vn -0.175656 -0.000458 0.984451
vn -0.000078 -0.016537 0.999863
vn -0.091938 0.105271 0.990185
vn -0.190890 0.117490 0.974555
vn -0.356467 0.128939 0.925368
vn -0.069534 0.195199 0.978296
vn -0.050865 0.346311 0.936740
vn -0.520490 0.174757 0.835793
vn -0.673545 0.179043 0.717134
vn -0.560653 0.309082 0.768203
vn -0.659736 0.317831 0.680979
vn -0.514245 0.521867 0.680593
vn -0.627653 0.459944 0.628094
vn -0.472364 0.635118 0.611144
vn -0.577253 0.577250 0.577547
vn -0.305117 0.626544 0.717179
vn -0.323580 0.686492 0.651172
vn 0.000057 0.358872 0.933387
vn 0.000000 0.549261 0.835651
vn -0.107579 0.553489 0.825879
vn -0.159190 0.700063 0.696111
vn 0.000000 0.699560 0.714574
vn -0.000000 0.850569 0.525864
vn -0.174225 0.836378 0.519728
vn -0.330988 0.797406 0.504570
vn -0.172611 0.923507 0.342549
vn -0.337956 0.878392 0.337956
vn -0.000000 0.938836 0.344365
vn -0.479665 0.734740 0.479665
vn -0.627393 0.627388 0.461261
vn -0.504571 0.797405 0.330989
vn -0.668223 0.668219 0.327048
vn -0.342549 0.923507 0.172610
vn -0.519729 0.836378 0.174225
vn -0.696233 0.696230 0.174711
vn -0.525864 0.850568 -0.000000
vn -0.707108 0.707105 -0.000000
vn -0.344365 0.938836 -0.000001
vn 0.000000 0.985481 0.169785
vn -0.170579 0.970467 0.170578
vn -0.169786 0.985481 -0.000000
vn 0.000000 1.000000 -0.000000
vn 0.000000 0.985481 -0.169785
vn -0.170579 0.970467 -0.170579
vn -0.342549 0.923507 -0.172611
vn -0.172611 0.923507 -0.342549
vn -0.337956 0.878392 -0.337956
vn 0.000000 0.938836 -0.344364
vn -0.519729 0.836378 -0.174225
vn -0.696233 0.696230 -0.174711
vn -0.504571 0.797405 -0.330988
vn -0.668224 0.668220 -0.327047
vn -0.330988 0.797405 -0.504570
vn -0.479665 0.734741 -0.479664
vn -0.627393 0.627389 -0.461261
vn -0.461262 0.627389 -0.627391
vn -0.577352 0.577350 -0.577349
vn -0.327048 0.668220 -0.668222
vn 0.000000 0.850569 -0.525864
vn -0.174225 0.836378 -0.519729
vn -0.174711 0.696231 -0.696232
vn 0.000000 0.707107 -0.707107
vn 0.000000 0.525865 -0.850568
vn -0.174229 0.519728 -0.836377
vn -0.330991 0.504569 -0.797405
vn -0.172617 0.342551 -0.923505
vn -0.337959 0.337959 -0.878389
vn 0.000000 0.344366 -0.938835
vn -0.479664 0.479662 -0.734743
vn -0.627392 0.461260 -0.627390
vn -0.504570 0.330990 -0.797405
vn -0.668222 0.327048 -0.668221
vn -0.342552 0.172616 -0.923505
vn -0.519729 0.174230 -0.836376
vn -0.696232 0.174713 -0.696230
vn -0.525866 0.000000 -0.850567
vn -0.707108 -0.000000 -0.707105
vn -0.344368 -0.000000 -0.938835
vn -0.000000 0.169787 -0.985481
vn -0.170583 0.170582 -0.970465
vn -0.169789 -0.000000 -0.985480
vn -0.000000 -0.000000 -1.000000
vn 0.000000 -0.174000 -0.984746
vn -0.169927 -0.174224 -0.969933
vn -0.341520 -0.174670 -0.923501
vn -0.164301 -0.372718 -0.913284
vn -0.324818 -0.354991 -0.876627
vn 0.000000 -0.379305 -0.925272
vn -0.519006 -0.174237 -0.836824
vn -0.696356 -0.173722 -0.696354
vn -0.494985 -0.332074 -0.802943
vn -0.669742 -0.320771 -0.669740
vn -0.284878 -0.503033 -0.815967
vn -0.449893 -0.459326 -0.765909
vn -0.635644 -0.438081 -0.635643
vn -0.401322 -0.525846 -0.749951
vn -0.607288 -0.512255 -0.607286
vn -0.242080 -0.555940 -0.795190
vn 0.000000 -0.550679 -0.834717
vn -0.144856 -0.537854 -0.830500
vn -0.123877 -0.581438 -0.804105
vn -0.000000 -0.591188 -0.806534
vn -0.765910 -0.459325 0.449891
vn -0.749953 -0.525845 0.401319
vn -0.815968 -0.503031 0.284877
vn -0.795191 -0.555939 0.242079
vn -0.802944 -0.332073 0.494983
vn -0.876628 -0.354989 0.324817
vn -0.830501 -0.537852 0.144856
vn -0.804106 -0.581437 0.123877
vn -0.834719 -0.550677 -0.000000
vn -0.806535 -0.591187 -0.000000
vn -0.913284 -0.372717 0.164301
vn -0.925272 -0.379304 -0.000000
vn -0.923502 -0.174669 0.341520
vn -0.969933 -0.174225 0.169927
vn -0.984745 -0.174002 -0.000000
vn -0.985480 -0.000000 0.169790
vn -1.000000 -0.000000 -0.000000
vn -0.938835 -0.000000 0.344367
vn -0.836826 -0.174236 0.519004
vn -0.850569 -0.000000 0.525863
vn -0.830501 -0.537852 -0.144856
vn -0.804105 -0.581437 -0.123877
vn -0.815969 -0.503031 -0.284877
vn -0.795191 -0.555940 -0.242079
vn -0.913284 -0.372716 -0.164301
vn -0.876628 -0.354989 -0.324817
vn -0.765910 -0.459325 -0.449891
vn -0.749953 -0.525845 -0.401320
vn -0.802944 -0.332073 -0.494983
vn -0.923502 -0.174669 -0.341519
vn -0.836825 -0.174236 -0.519004
vn -0.850569 0.000000 -0.525863
vn -0.938835 -0.000000 -0.344367
vn -0.969933 -0.174225 -0.169927
vn -0.985480 -0.000000 -0.169790
vn -0.985480 0.169789 -0.000000
vn -0.970465 0.170583 -0.170584
vn -0.923505 0.172615 -0.342552
vn -0.923506 0.342551 -0.172616
vn -0.878390 0.337957 -0.337958
vn -0.938836 0.344366 0.000000
vn -0.836378 0.174229 -0.519727
vn -0.797406 0.330990 -0.504569
vn -0.797406 0.504568 -0.330990
vn -0.734744 0.479662 -0.479663
vn -0.850570 0.525862 -0.000000
vn -0.836379 0.519726 -0.174229
vn -0.836378 0.174229 0.519727
vn -0.923505 0.172615 0.342552
vn -0.797406 0.330990 0.504569
vn -0.878390 0.337957 0.337958
vn -0.970465 0.170582 0.170583
vn -0.923506 0.342550 0.172616
vn -0.797406 0.504568 0.330989
vn -0.836379 0.519726 0.174229
vn -0.734744 0.479662 0.479662
vn -0.000000 -0.707106 0.707107
vn -0.000000 -0.525864 0.850569
vn -0.174232 -0.519727 0.836377
vn -0.174715 -0.696230 0.696231
vn -0.330992 -0.504569 0.797405
vn -0.327050 -0.668220 0.668222
vn -0.172618 -0.342552 0.923505
vn -0.337960 -0.337960 0.878389
vn 0.000000 -0.344366 0.938835
vn -0.479663 -0.479663 0.734743
vn -0.461261 -0.627390 0.627392
vn -0.627391 -0.461260 0.627391
vn -0.577351 -0.577349 0.577351
vn -0.504569 -0.330992 0.797404
vn -0.668220 -0.327051 0.668221
vn -0.342551 -0.172618 0.923505
vn -0.519728 -0.174232 0.836377
vn -0.696230 -0.174716 0.696231
vn -0.525864 -0.000000 0.850568
vn -0.707107 0.000000 0.707107
vn -0.344366 -0.000000 0.938835
vn 0.000000 -0.169788 0.985481
vn -0.170583 -0.170583 0.970465
vn -0.169788 -0.000000 0.985481
vn 0.000000 -0.000000 1.000000
vn -0.000000 0.172879 0.984943
vn -0.169941 0.173098 0.970133
vn -0.341560 0.173525 0.923702
vn -0.164578 0.363007 0.917137
vn -0.325459 0.345696 0.880097
vn -0.000000 0.369421 0.929262
vn -0.519091 0.173078 0.837012
vn -0.696499 0.172566 0.696499
vn -0.496174 0.323344 0.805767
vn -0.671724 0.312366 0.671725
vn -0.281961 0.524805 0.803167
vn -0.444702 0.483239 0.754136
vn -0.626809 0.462840 0.626809
vn -0.346185 0.689501 0.636195
vn -0.519852 0.677871 0.519852
vn -0.209031 0.713640 0.668599
vn -0.000000 0.570032 0.821623
vn -0.143386 0.557838 0.817470
vn -0.106700 0.733160 0.671634
vn 0.000000 0.740341 0.672232
vn 0.000000 0.740341 -0.672232
vn 0.000000 0.570032 -0.821623
vn -0.143386 0.557838 -0.817470
vn -0.106700 0.733160 -0.671634
vn -0.281961 0.524805 -0.803167
vn -0.209031 0.713640 -0.668599
vn -0.164578 0.363007 -0.917137
vn -0.325459 0.345696 -0.880097
vn 0.000000 0.369420 -0.929262
vn -0.444702 0.483239 -0.754136
vn -0.346185 0.689501 -0.636196
vn -0.626809 0.462840 -0.626810
vn -0.519851 0.677871 -0.519852
vn -0.496174 0.323344 -0.805767
vn -0.671724 0.312366 -0.671725
vn -0.341560 0.173524 -0.923703
vn -0.519091 0.173078 -0.837012
vn -0.696499 0.172566 -0.696499
vn -0.525864 0.000000 -0.850569
vn -0.707107 0.000000 -0.707107
vn -0.344366 0.000000 -0.938836
vn -0.000000 0.172879 -0.984943
vn -0.169941 0.173098 -0.970133
vn -0.169788 0.000000 -0.985481
vn -0.000000 0.000000 -1.000000
vn -0.000000 -0.169788 -0.985481
vn -0.170583 -0.170583 -0.970465
vn -0.342551 -0.172618 -0.923505
vn -0.172618 -0.342552 -0.923505
vn -0.337960 -0.337960 -0.878389
vn -0.000000 -0.344366 -0.938835
vn -0.519728 -0.174232 -0.836377
vn -0.696230 -0.174716 -0.696231
vn -0.504569 -0.330992 -0.797405
vn -0.668220 -0.327051 -0.668221
vn -0.330992 -0.504569 -0.797405
vn -0.479663 -0.479663 -0.734743
vn -0.627391 -0.461260 -0.627391
vn -0.461261 -0.627390 -0.627392
vn -0.577351 -0.577349 -0.577351
vn -0.327050 -0.668220 -0.668222
vn 0.000000 -0.525864 -0.850569
vn -0.174232 -0.519727 -0.836377
vn -0.174715 -0.696230 -0.696231
vn 0.000000 -0.707106 -0.707107
vn 0.000000 -0.850568 -0.525865
vn -0.174231 -0.836377 -0.519728
vn -0.330991 -0.797405 -0.504570
vn -0.172617 -0.923505 -0.342551
vn -0.337959 -0.878389 -0.337959
vn 0.000000 -0.938835 -0.344367
vn -0.479663 -0.734742 -0.479663
vn -0.627391 -0.627390 -0.461261
vn -0.504570 -0.797405 -0.330991
vn -0.668222 -0.668221 -0.327049
vn -0.361718 -0.904387 -0.226372
vn -0.518561 -0.830738 -0.202407
vn -0.692433 -0.692432 -0.202669
vn -0.523196 -0.846872 -0.095261
vn -0.703737 -0.703736 -0.097518
vn -0.431948 -0.897118 -0.092736
vn 0.000000 -0.980056 -0.198722
vn -0.154429 -0.962914 -0.221244
vn 0.000000 -0.996385 -0.084948
vn -0.084638 -0.992810 -0.084643
vn -0.000000 -0.999601 0.028239
vn -0.000000 -0.985481 0.169788
vn -0.170583 -0.970465 0.170582
vn -0.152268 -0.986982 0.051774
vn -0.342551 -0.923505 0.172616
vn -0.361563 -0.930745 0.054653
vn -0.172617 -0.923505 0.342551
vn -0.337959 -0.878389 0.337959
vn -0.000000 -0.938835 0.344366
vn -0.519728 -0.836377 0.174230
vn -0.525384 -0.850275 0.031702
vn -0.696231 -0.696231 0.174714
vn -0.706735 -0.706734 0.032459
vn -0.504570 -0.797405 0.330991
vn -0.668222 -0.668221 0.327049
vn -0.330991 -0.797405 0.504570
vn -0.479663 -0.734742 0.479663
vn -0.627391 -0.627390 0.461261
vn -0.000000 -0.850568 0.525865
vn -0.174231 -0.836377 0.519728
vn -0.734743 -0.479663 0.479663
vn -0.797405 -0.504569 0.330991
vn -0.797404 -0.330992 0.504570
vn -0.878389 -0.337960 0.337959
vn -0.836377 -0.519728 0.174231
vn -0.850275 -0.525384 0.031702
vn -0.923505 -0.342552 0.172617
vn -0.938518 -0.343911 0.030154
vn -0.923505 -0.172618 0.342552
vn -0.970465 -0.170583 0.170583
vn -0.985110 -0.169496 0.028781
vn -0.985481 0.000000 0.169788
vn -0.999601 0.000000 0.028239
vn -0.938835 0.000000 0.344367
vn -0.836377 -0.174232 0.519728
vn -0.850568 0.000000 0.525865
vn -0.846872 -0.523196 -0.095262
vn -0.830738 -0.518561 -0.202408
vn -0.797405 -0.504569 -0.330991
vn -0.917481 -0.343094 -0.201285
vn -0.878389 -0.337960 -0.337959
vn -0.935084 -0.342638 -0.090649
vn -0.734743 -0.479663 -0.479663
vn -0.797404 -0.330992 -0.504570
vn -0.923505 -0.172618 -0.342552
vn -0.836377 -0.174232 -0.519728
vn -0.850568 0.000000 -0.525864
vn -0.938835 0.000000 -0.344367
vn -0.981813 -0.168969 -0.086562
vn -0.964743 -0.171656 -0.199513
vn -0.980056 0.000000 -0.198723
vn -0.996385 0.000000 -0.084948
vn -0.981318 0.172071 -0.086062
vn -0.964507 0.173946 -0.198670
vn -0.923702 0.173524 -0.341560
vn -0.912567 0.361228 -0.191665
vn -0.880098 0.345695 -0.325458
vn -0.925710 0.368460 -0.085433
vn -0.837012 0.173077 -0.519091
vn -0.805767 0.323344 -0.496175
vn -0.803167 0.524806 -0.281960
vn -0.754135 0.483238 -0.444703
vn -0.636195 0.689501 -0.346185
vn -0.668599 0.713640 -0.209030
vn -0.795401 0.601748 -0.072365
vn -0.807687 0.569389 -0.153092
vn -0.697969 0.705473 -0.123075
vn -0.811865 0.583694 0.013264
vn -0.744192 0.667966 -0.000000
vn -0.742583 0.666523 -0.065705
vn -0.837012 0.173077 0.519092
vn -0.923702 0.173524 0.341560
vn -0.805767 0.323344 0.496174
vn -0.880097 0.345695 0.325458
vn -0.970133 0.173099 0.169941
vn -0.984569 0.172638 0.028648
vn -0.917137 0.363008 0.164577
vn -0.928820 0.369430 0.028554
vn -0.803167 0.524806 0.281960
vn -0.817470 0.557838 0.143385
vn -0.697969 0.705473 0.123074
vn -0.742583 0.666523 0.065705
vn -0.668599 0.713640 0.209030
vn -0.754136 0.483238 0.444702
vn -0.636196 0.689501 0.346185
vn 0.000000 0.843667 -0.536867
vn 0.000000 0.845773 -0.533543
vn -0.074186 0.845221 -0.529243
vn -0.070690 0.844800 -0.530393
vn -0.142007 0.844262 -0.516775
vn -0.133554 0.849487 -0.510426
vn -0.237379 0.845905 -0.477593
vn -0.220519 0.860435 -0.459373
vn -0.373913 0.848751 -0.373914
vn -0.349512 0.869300 -0.349512
vn -0.477593 0.845905 -0.237379
vn -0.459373 0.860435 -0.220518
vn -0.516775 0.844261 -0.142007
vn -0.510427 0.849487 -0.133554
vn -0.512607 0.854057 -0.088438
vn -0.530393 0.844800 -0.070689
vn -0.484782 0.873913 -0.035524
vn -0.485088 0.874465 -0.000000
vn -0.536868 0.843666 -0.000000
vn -0.853129 -0.195835 -0.483549
vn -0.982834 0.132140 -0.128746
vn -0.650879 0.752138 -0.103180
vn -0.690075 0.621884 -0.370213
vn -0.558122 0.821139 -0.119295
vn -0.484782 0.873913 0.035524
vn -0.512607 0.854057 0.088438
vn -0.530393 0.844799 0.070690
vn -0.516775 0.844262 0.142007
vn -0.510427 0.849487 0.133554
vn -0.558121 0.821139 0.119295
vn -0.995878 0.090709 -0.000000
vn -0.982834 0.132140 0.128746
vn -0.650878 0.752138 0.103180
vn -0.622181 0.782874 -0.000001
vn -0.477593 0.845906 0.237379
vn -0.459373 0.860435 0.220519
vn -0.373913 0.848751 0.373913
vn -0.349512 0.869300 0.349512
vn -0.237379 0.845906 0.477593
vn -0.220519 0.860435 0.459373
vn -0.142008 0.844262 0.516775
vn -0.133555 0.849487 0.510426
vn -0.074186 0.845221 0.529243
vn -0.070690 0.844800 0.530393
vn 0.000000 0.845773 0.533543
vn 0.000000 0.843667 0.536867
vn -0.000000 -0.471963 -0.881618
vn -0.120202 -0.469810 -0.874546
vn -0.230815 -0.466089 -0.854099
vn -0.131386 0.012180 -0.991256
vn -0.251697 0.012501 -0.967725
vn -0.000000 0.012174 -0.999926
vn -0.390271 -0.467447 -0.793210
vn -0.623196 -0.472500 -0.623194
vn -0.430224 0.013536 -0.902621
vn -0.707033 0.014509 -0.707032
vn -0.793211 -0.467446 -0.390269
vn -0.854100 -0.466088 -0.230814
vn -0.902622 0.013536 -0.430222
vn -0.967726 0.012502 -0.251696
vn -0.874546 -0.469810 -0.120202
vn -0.881618 -0.471963 0.000000
vn -0.991256 0.012179 -0.131386
vn -0.999926 0.012172 -0.000000
vn -0.874546 -0.469810 0.120202
vn -0.854100 -0.466088 0.230814
vn -0.991256 0.012178 0.131386
vn -0.967726 0.012501 0.251696
vn -0.793212 -0.467446 0.390268
vn -0.623196 -0.472500 0.623194
vn -0.902622 0.013536 0.430222
vn -0.707033 0.014509 0.707032
vn -0.390270 -0.467447 0.793210
vn -0.230815 -0.466088 0.854100
vn -0.430224 0.013535 0.902621
vn -0.251697 0.012501 0.967725
vn -0.120202 -0.469809 0.874546
vn 0.000000 -0.471963 0.881619
vn -0.131386 0.012179 0.991256
vn -0.000000 0.012174 0.999926
vn -0.000000 0.648554 -0.761169
vn -0.100228 0.650047 -0.753255
vn -0.190355 0.657787 -0.728753
vn -0.317842 0.677409 -0.663395
vn -0.509049 0.694073 -0.509050
vn -0.663396 0.677409 -0.317841
vn -0.728753 0.657787 -0.190354
vn -0.753256 0.650046 -0.100228
vn -0.761170 0.648553 -0.000000
vn -0.753255 0.650047 0.100228
vn -0.728753 0.657787 0.190355
vn -0.663395 0.677410 0.317841
vn -0.509049 0.694074 0.509049
vn -0.317842 0.677410 0.663394
vn -0.190355 0.657788 0.728753
vn -0.100228 0.650047 0.753255
vn -0.000000 0.648554 0.761169
vn 0.146187 0.863922 -0.481943
vn 0.263645 0.962956 -0.056637
vn 0.231293 0.972277 -0.034366
vn 0.101988 0.926208 -0.362956
vn -0.120545 -0.992708 -0.000000
vn -0.172886 -0.980724 -0.091053
vn -0.400654 -0.913392 -0.072046
vn -0.315481 -0.948932 0.000000
vn -0.298892 -0.727075 -0.618082
vn -0.034376 0.350395 -0.935971
vn -0.083028 0.463259 -0.882325
vn -0.435019 -0.272125 -0.858316
vn 0.307290 0.951616 0.000000
vn 0.263645 0.962956 0.056638
vn 0.231293 0.972277 0.034367
vn 0.315516 0.948920 0.000000
vn 0.146187 0.863922 0.481942
vn -0.034376 0.350394 0.935971
vn -0.083028 0.463260 0.882324
vn 0.101987 0.926208 0.362956
vn -0.298892 -0.727075 0.618082
vn -0.172886 -0.980724 0.091052
vn -0.400655 -0.913392 0.072046
vn -0.435020 -0.272124 0.858316
vn 0.254524 0.823201 -0.507502
vn 0.274067 0.958227 -0.081786
vn 0.293271 0.952182 -0.085689
vn 0.245830 0.822857 -0.512321
vn 0.071389 -0.805089 -0.588842
vn 0.193576 0.214214 -0.957414
vn 0.059206 0.198955 -0.978219
vn 0.270285 0.962781 0.000000
vn 0.274067 0.958227 0.081786
vn 0.293271 0.952182 0.085690
vn 0.294039 0.955793 0.000000
vn 0.254523 0.823201 0.507502
vn 0.193576 0.214214 0.957414
vn 0.059206 0.198955 0.978219
vn 0.245831 0.822857 0.512321
vn 0.360058 0.755865 -0.546834
vn 0.215509 0.973058 -0.081942
vn 0.241217 0.967237 -0.079167
vn 0.315214 0.788685 -0.527841
vn 0.245885 -0.969299 0.000000
vn 0.256882 -0.960988 -0.102541
vn 0.187398 -0.979155 -0.078342
vn 0.192348 -0.981327 -0.000000
vn 0.389144 -0.740636 -0.547746
vn 0.472299 0.040505 -0.880507
vn 0.385525 0.067816 -0.920202
vn 0.365575 -0.768115 -0.525694
vn 0.190822 0.981625 0.000000
vn 0.215509 0.973058 0.081942
vn 0.241217 0.967237 0.079168
vn 0.226283 0.974062 0.000000
vn 0.360058 0.755865 0.546833
vn 0.472299 0.040505 0.880507
vn 0.385525 0.067816 0.920202
vn 0.315215 0.788684 0.527841
vn 0.389144 -0.740636 0.547746
vn 0.256881 -0.960988 0.102541
vn 0.187397 -0.979155 0.078342
vn 0.365575 -0.768116 0.525693
vn 0.341848 0.768596 -0.540741
vn 0.211870 0.974023 -0.079936
vn 0.203730 0.975485 -0.083205
vn 0.351917 0.757720 -0.549559
vn 0.164008 -0.986457 0.002014
vn 0.196146 -0.973095 -0.120886
vn 0.229727 -0.965691 -0.121103
vn 0.203221 -0.979133 0.000000
vn 0.353771 -0.722593 -0.593890
vn 0.437695 0.090872 -0.894520
vn 0.459995 0.063813 -0.885625
vn 0.381779 -0.719293 -0.580398
vn 0.185421 0.982657 0.002071
vn 0.201824 0.975901 0.082979
vn 0.203730 0.975485 0.083204
vn 0.178394 0.983959 0.000000
vn 0.329516 0.775022 0.539222
vn 0.434541 0.091539 0.895988
vn 0.459995 0.063813 0.885626
vn 0.351916 0.757720 0.549559
vn 0.338672 -0.730092 0.593521
vn 0.183891 -0.975028 0.124518
vn 0.229727 -0.965691 0.121103
vn 0.381779 -0.719293 0.580398
vn 0.356034 0.771916 -0.526673
vn 0.223586 0.972111 -0.070777
vn 0.247800 0.965928 -0.074694
vn 0.372528 0.760712 -0.531545
vn -0.045990 -0.998679 0.022931
vn 0.017747 -0.995646 -0.091516
vn 0.101666 -0.988635 -0.110751
vn 0.044411 -0.998956 0.010731
vn 0.252478 -0.765428 -0.591925
vn 0.435978 0.106492 -0.893635
vn 0.444002 0.098594 -0.890585
vn 0.307194 -0.741121 -0.596969
vn 0.184520 0.982544 0.023675
vn 0.182068 0.977704 0.104622
vn 0.211108 0.973261 0.090530
vn 0.211116 0.977402 0.010716
vn 0.307075 0.800837 0.514165
vn 0.424080 0.119598 0.897693
vn 0.432742 0.103463 0.895561
vn 0.329346 0.783903 0.526333
vn 0.192304 -0.788165 0.584650
vn -0.028152 -0.991447 0.127434
vn 0.058051 -0.989990 0.128649
vn 0.251336 -0.763238 0.595229
vn 0.097219 0.855112 -0.509247
vn -0.062257 0.995684 -0.068834
vn 0.071831 0.994992 -0.069501
vn 0.232528 0.821556 -0.520554
vn -0.024493 -0.999532 0.018349
vn -0.035474 -0.995799 -0.084420
vn -0.023246 -0.996618 -0.078824
vn -0.050705 -0.998355 0.026762
vn 0.112011 -0.812469 -0.572143
vn 0.273595 0.149873 -0.950097
vn 0.386238 0.124502 -0.913958
vn 0.186020 -0.795292 -0.576981
vn -0.066609 0.997591 0.019397
vn -0.012036 0.995468 0.094334
vn 0.077775 0.991115 0.107895
vn 0.048216 0.998435 0.028328
vn 0.136452 0.865794 0.481438
vn 0.288038 0.165332 0.943239
vn 0.387278 0.143611 0.910710
vn 0.229686 0.837336 0.496098
vn 0.158016 -0.823712 0.544545
vn 0.018547 -0.993897 0.108743
vn -0.015584 -0.992887 0.118033
vn 0.185490 -0.809260 0.557397
vn -0.110346 0.880490 -0.461043
vn -0.030510 0.997420 -0.064984
vn -0.066904 0.995472 -0.067524
vn -0.012381 0.870216 -0.492515
vn -0.000941 -0.999999 0.001162
vn -0.025933 -0.994246 -0.103933
vn -0.026220 -0.994899 -0.097410
vn -0.001354 -0.999973 0.007189
vn -0.139370 -0.809704 -0.570049
vn -0.213564 0.217817 -0.952337
vn 0.047654 0.184478 -0.981681
vn -0.003830 -0.811791 -0.583936
vn -0.014390 0.999896 0.001237
vn -0.019487 0.997586 0.066651
vn -0.025062 0.996682 0.077439
vn -0.057642 0.998308 0.007586
vn -0.097243 0.883404 0.458411
vn -0.209117 0.219387 0.952964
vn 0.061024 0.191731 0.979549
vn 0.024778 0.878160 0.477725
vn -0.123285 -0.815187 0.565925
vn -0.013959 -0.994349 0.105242
vn 0.018771 -0.994197 0.105924
vn 0.038897 -0.823770 0.565589
vn -0.212907 0.864776 -0.454789
vn -0.112916 0.991358 -0.066776
vn -0.060710 0.996038 -0.064978
vn -0.169440 0.876901 -0.449816
vn -0.106976 -0.994262 0.000000
vn -0.125765 -0.985854 -0.110796
vn -0.071844 -0.991619 -0.107376
vn -0.051121 -0.998693 0.000000
vn -0.257202 -0.781530 -0.568382
vn -0.348820 0.216868 -0.911753
vn -0.327413 0.222873 -0.918220
vn -0.212606 -0.799133 -0.562303
vn -0.098487 0.995138 0.000000
vn -0.112916 0.991358 0.066777
vn -0.060710 0.996038 0.064978
vn -0.045500 0.998964 -0.000000
vn -0.212907 0.864776 0.454790
vn -0.348820 0.216868 0.911753
vn -0.327413 0.222873 0.918220
vn -0.169440 0.876901 0.449816
vn -0.257201 -0.781530 0.568382
vn -0.125765 -0.985854 0.110796
vn -0.071843 -0.991619 0.107377
vn -0.212605 -0.799134 0.562303
vn -0.249607 0.856183 -0.452380
vn -0.143452 0.987382 -0.067071
vn -0.134453 0.988640 -0.067180
vn -0.234966 0.859006 -0.454863
vn -0.138335 -0.990385 0.000000
vn -0.158710 -0.980998 -0.111602
vn -0.148479 -0.982592 -0.111657
vn -0.129327 -0.991602 0.000000
vn -0.299143 -0.768390 -0.565765
vn -0.386918 0.215231 -0.896644
vn -0.366305 0.215391 -0.905222
vn -0.281480 -0.772773 -0.568850
vn -0.127575 0.991829 -0.000000
vn -0.143452 0.987382 0.067071
vn -0.134453 0.988640 0.067180
vn -0.119466 0.992838 0.000000
vn -0.249607 0.856183 0.452379
vn -0.386919 0.215231 0.896643
vn -0.366305 0.215391 0.905222
vn -0.234965 0.859006 0.454863
vn -0.299143 -0.768390 0.565765
vn -0.158710 -0.980998 0.111602
vn -0.148478 -0.982592 0.111657
vn -0.281480 -0.772773 0.568850
vn -0.302604 0.844463 -0.441943
vn -0.176591 0.982029 -0.066591
vn -0.158404 0.985104 -0.066917
vn -0.273668 0.851072 -0.448088
vn -0.171736 -0.985143 0.000000
vn -0.196588 -0.974146 -0.111327
vn -0.175773 -0.978090 -0.111556
vn -0.153370 -0.988169 0.000000
vn -0.363375 -0.749051 -0.553968
vn -0.460003 0.215438 -0.861385
vn -0.420154 0.215114 -0.881587
vn -0.328200 -0.760190 -0.560710
vn -0.157411 0.987533 -0.000000
vn -0.176591 0.982029 0.066591
vn -0.158405 0.985104 0.066917
vn -0.141052 0.990002 -0.000000
vn -0.302604 0.844463 0.441943
vn -0.460003 0.215438 0.861385
vn -0.420155 0.215115 0.881587
vn -0.273668 0.851072 0.448088
vn -0.363375 -0.749051 0.553968
vn -0.196588 -0.974146 0.111327
vn -0.175773 -0.978090 0.111556
vn -0.328201 -0.760190 0.560710
vn -0.432951 0.798739 -0.417815
vn -0.275185 0.959368 -0.062339
vn -0.193107 0.978944 -0.066165
vn -0.328229 0.838086 -0.435749
vn -0.284697 -0.958618 -0.000000
vn -0.336579 -0.933348 -0.124802
vn -0.215581 -0.970166 -0.110920
vn -0.188585 -0.982057 -0.000000
vn -0.468358 -0.737844 -0.486032
vn -0.580628 0.230955 -0.780725
vn -0.494383 0.215411 -0.842130
vn -0.394459 -0.738521 -0.546799
vn -0.261187 0.965288 -0.000000
vn -0.275185 0.959368 0.062338
vn -0.193106 0.978944 0.066165
vn -0.172331 0.985039 -0.000000
vn -0.432951 0.798738 0.417816
vn -0.580628 0.230954 0.780725
vn -0.494383 0.215410 0.842131
vn -0.328229 0.838086 0.435749
vn -0.468359 -0.737842 0.486033
vn -0.336579 -0.933349 0.124801
vn -0.215581 -0.970166 0.110920
vn -0.394458 -0.738521 0.546799
vn -0.669964 -0.732356 -0.121668
vn -0.682029 -0.731325 -0.000000
vn -0.853130 -0.195832 0.483549
vn -0.690075 0.621883 0.370214
vn -0.669964 -0.732356 0.121667
vn 0.071389 -0.805090 0.588841
vn -0.464101 0.818892 0.337676
vn -0.464101 0.818892 0.337676
vn -0.464101 0.818892 0.337676
vn -0.464101 0.818893 0.337676
vn -0.832038 0.447556 0.327729
vn -0.832038 0.447556 0.327729
vn -0.832038 0.447556 0.327729
vn -0.832038 0.447556 0.327729
vn 0.135154 0.906636 0.399680
vn 0.135154 0.906636 0.399680
vn 0.135154 0.906636 0.399680
vn 0.135154 0.906636 0.399680
vn 0.750435 0.464395 0.470303
vn 0.750435 0.464395 0.470303
vn 0.750435 0.464395 0.470303
vn 0.750435 0.464395 0.470303
vn 0.787094 -0.327859 0.522486
vn 0.787094 -0.327859 0.522486
vn 0.787094 -0.327859 0.522486
vn 0.787094 -0.327859 0.522486
vn 0.241451 -0.819334 0.519994
vn 0.241451 -0.819334 0.519994
vn 0.241451 -0.819334 0.519994
vn 0.241451 -0.819334 0.519994
vn -0.921669 -0.107816 0.372695
vn -0.921669 -0.107816 0.372695
vn -0.921669 -0.107816 0.372695
vn -0.921669 -0.107816 0.372695
vn -0.546704 -0.706266 0.449780
vn -0.546704 -0.706266 0.449781
vn -0.546704 -0.706266 0.449781
vn -0.546704 -0.706266 0.449780
vn -0.469084 0.761040 0.448082
vn -0.469084 0.761040 0.448082
vn -0.469084 0.761040 0.448082
vn -0.469084 0.761040 0.448082
vn -0.785481 0.439752 0.435473
vn -0.785481 0.439752 0.435473
vn -0.785481 0.439752 0.435473
vn -0.785481 0.439752 0.435473
vn 0.035149 0.846973 0.530473
vn 0.035149 0.846973 0.530473
vn 0.035149 0.846973 0.530473
vn 0.035149 0.846973 0.530473
vn 0.574639 0.496856 0.650326
vn 0.574639 0.496856 0.650326
vn 0.574639 0.496856 0.650326
vn 0.574639 0.496856 0.650326
vn 0.662500 -0.222890 0.715132
vn 0.662500 -0.222890 0.715132
vn 0.662500 -0.222890 0.715132
vn 0.119008 -0.702188 0.701975
vn 0.119008 -0.702188 0.701975
vn 0.119008 -0.702188 0.701975
vn -0.869114 -0.032503 0.493543
vn -0.869114 -0.032503 0.493543
vn -0.869114 -0.032503 0.493543
vn -0.869114 -0.032503 0.493543
vn -0.574511 -0.547034 0.608845
vn -0.574511 -0.547034 0.608845
vn -0.574511 -0.547034 0.608845
vn -0.574511 -0.547034 0.608845
vn -0.467793 0.787953 0.400374
vn -0.467793 0.787953 0.400374
vn -0.467793 0.787953 0.400374
vn -0.467793 0.787953 0.400374
vn -0.807316 0.443938 0.388792
vn -0.807316 0.443938 0.388792
vn -0.807316 0.443938 0.388792
vn -0.807316 0.443938 0.388792
vn 0.079365 0.876489 0.474836
vn 0.079365 0.876489 0.474836
vn 0.079365 0.876489 0.474836
vn 0.079365 0.876489 0.474836
vn 0.658884 0.486161 0.574038
vn 0.658884 0.486160 0.574038
vn 0.658884 0.486161 0.574038
vn 0.658884 0.486161 0.574038
vn 0.729792 -0.254562 0.634508
vn 0.729792 -0.254562 0.634508
vn 0.729792 -0.254562 0.634508
vn 0.729792 -0.254562 0.634508
vn 0.156340 -0.763991 0.625999
vn 0.156340 -0.763991 0.625999
vn 0.156340 -0.763991 0.625999
vn 0.156340 -0.763991 0.626000
vn -0.894704 -0.065720 0.441798
vn -0.894704 -0.065720 0.441798
vn -0.894704 -0.065720 0.441798
vn -0.894704 -0.065720 0.441798
vn -0.565767 -0.621689 0.541673
vn -0.565767 -0.621689 0.541673
vn -0.565767 -0.621689 0.541673
vn -0.565767 -0.621689 0.541673
vn -0.461830 0.643826 0.610083
vn -0.461830 0.643826 0.610083
vn -0.461830 0.643826 0.610083
vn -0.687575 0.414351 0.596283
vn -0.687575 0.414351 0.596283
vn -0.687575 0.414351 0.596283
vn -0.122274 0.702507 0.701094
vn -0.122274 0.702507 0.701094
vn -0.122274 0.702507 0.701094
vn 0.215309 0.481175 0.849772
vn 0.215309 0.481175 0.849772
vn 0.215309 0.481175 0.849772
vn 0.265840 0.003141 0.964012
vn 0.265840 0.003141 0.964012
vn 0.265840 0.003141 0.964012
vn -0.112621 -0.334198 0.935750
vn -0.112621 -0.334198 0.935750
vn -0.112621 -0.334198 0.935750
vn -0.746235 0.087059 0.659965
vn -0.746235 0.087059 0.659965
vn -0.746235 0.087059 0.659965
vn -0.558093 -0.241244 0.793936
vn -0.558093 -0.241244 0.793936
vn -0.558093 -0.241244 0.793936
vn 0.123877 -0.581438 0.804105
vn 0.144856 -0.537854 0.830499
vn 0.242079 -0.555941 0.795190
vn 0.284878 -0.503033 0.815967
vn 0.324818 -0.354991 0.876627
vn 0.164301 -0.372717 0.913284
vn 0.401321 -0.525846 0.749952
vn 0.449893 -0.459325 0.765909
vn 0.607288 -0.512255 0.607286
vn 0.635644 -0.438080 0.635643
vn 0.669742 -0.320771 0.669740
vn 0.494986 -0.332074 0.802942
vn 0.519006 -0.174237 0.836824
vn 0.341520 -0.174670 0.923501
vn 0.696356 -0.173722 0.696354
vn 0.694214 0.017840 0.719547
vn 0.524561 0.030090 0.850841
vn 0.352765 0.013719 0.935611
vn 0.169927 -0.174224 0.969933
vn 0.175678 -0.000488 0.984448
vn 0.191051 0.117448 0.974528
vn 0.091891 0.105319 0.990184
vn 0.356467 0.128939 0.925368
vn 0.050852 0.346230 0.936770
vn 0.069576 0.195229 0.978287
vn 0.520490 0.174757 0.835793
vn 0.673545 0.179043 0.717134
vn 0.659736 0.317831 0.680979
vn 0.560653 0.309082 0.768203
vn 0.627654 0.459944 0.628094
vn 0.514245 0.521867 0.680593
vn 0.577253 0.577250 0.577547
vn 0.472364 0.635118 0.611144
vn 0.305116 0.626544 0.717180
vn 0.323580 0.686492 0.651172
vn 0.107579 0.553489 0.825879
vn 0.159190 0.700063 0.696111
vn 0.174225 0.836378 0.519728
vn 0.330988 0.797406 0.504570
vn 0.337956 0.878392 0.337956
vn 0.172611 0.923507 0.342549
vn 0.479665 0.734741 0.479664
vn 0.627393 0.627389 0.461261
vn 0.668224 0.668219 0.327047
vn 0.504571 0.797405 0.330988
vn 0.519729 0.836378 0.174225
vn 0.342549 0.923507 0.172610
vn 0.696233 0.696230 0.174711
vn 0.707108 0.707105 -0.000000
vn 0.525864 0.850568 -0.000000
vn 0.344365 0.938836 -0.000000
vn 0.170579 0.970467 0.170578
vn 0.169786 0.985481 -0.000000
vn 0.170579 0.970467 -0.170579
vn 0.342549 0.923507 -0.172611
vn 0.337956 0.878392 -0.337956
vn 0.172611 0.923507 -0.342549
vn 0.519729 0.836378 -0.174225
vn 0.696233 0.696230 -0.174712
vn 0.668224 0.668219 -0.327047
vn 0.504571 0.797405 -0.330988
vn 0.479665 0.734741 -0.479664
vn 0.330988 0.797406 -0.504570
vn 0.627393 0.627389 -0.461260
vn 0.577352 0.577349 -0.577350
vn 0.461262 0.627389 -0.627391
vn 0.327048 0.668221 -0.668222
vn 0.174225 0.836378 -0.519728
vn 0.174711 0.696231 -0.696232
vn 0.174229 0.519728 -0.836377
vn 0.330991 0.504569 -0.797405
vn 0.337959 0.337958 -0.878389
vn 0.172617 0.342551 -0.923505
vn 0.479664 0.479662 -0.734743
vn 0.627392 0.461260 -0.627390
vn 0.668222 0.327048 -0.668221
vn 0.504570 0.330990 -0.797405
vn 0.519729 0.174230 -0.836376
vn 0.342552 0.172616 -0.923505
vn 0.696232 0.174713 -0.696230
vn 0.707108 -0.000000 -0.707105
vn 0.525866 0.000000 -0.850567
vn 0.344368 -0.000000 -0.938835
vn 0.170583 0.170582 -0.970465
vn 0.169789 -0.000000 -0.985481
vn 0.169927 -0.174224 -0.969933
vn 0.341520 -0.174670 -0.923501
vn 0.324818 -0.354991 -0.876627
vn 0.164301 -0.372717 -0.913284
vn 0.519006 -0.174236 -0.836824
vn 0.696356 -0.173722 -0.696354
vn 0.669742 -0.320771 -0.669740
vn 0.494985 -0.332074 -0.802943
vn 0.449893 -0.459326 -0.765909
vn 0.284878 -0.503033 -0.815967
vn 0.635644 -0.438081 -0.635643
vn 0.607288 -0.512255 -0.607286
vn 0.401322 -0.525846 -0.749951
vn 0.242080 -0.555941 -0.795190
vn 0.144856 -0.537854 -0.830499
vn 0.123877 -0.581438 -0.804105
vn 0.749953 -0.525845 0.401319
vn 0.765911 -0.459325 0.449891
vn 0.795191 -0.555939 0.242079
vn 0.815969 -0.503031 0.284877
vn 0.876628 -0.354989 0.324817
vn 0.802944 -0.332072 0.494983
vn 0.804106 -0.581437 0.123877
vn 0.830501 -0.537852 0.144856
vn 0.806535 -0.591187 -0.000000
vn 0.834719 -0.550677 -0.000000
vn 0.925272 -0.379304 0.000000
vn 0.913284 -0.372717 0.164301
vn 0.969933 -0.174225 0.169927
vn 0.923502 -0.174669 0.341520
vn 0.984745 -0.174002 0.000000
vn 1.000000 -0.000000 -0.000000
vn 0.985480 -0.000000 0.169790
vn 0.938835 -0.000000 0.344367
vn 0.836826 -0.174236 0.519004
vn 0.850569 -0.000000 0.525863
vn 0.804106 -0.581437 -0.123877
vn 0.830501 -0.537852 -0.144856
vn 0.795191 -0.555940 -0.242079
vn 0.815969 -0.503031 -0.284877
vn 0.876628 -0.354989 -0.324817
vn 0.913284 -0.372717 -0.164301
vn 0.749953 -0.525845 -0.401320
vn 0.765910 -0.459325 -0.449891
vn 0.802944 -0.332073 -0.494983
vn 0.836826 -0.174236 -0.519004
vn 0.923502 -0.174669 -0.341519
vn 0.850569 0.000000 -0.525863
vn 0.938835 -0.000000 -0.344367
vn 0.969933 -0.174225 -0.169927
vn 0.985480 0.000000 -0.169790
vn 0.970465 0.170583 -0.170583
vn 0.985480 0.169789 -0.000000
vn 0.923505 0.172616 -0.342551
vn 0.878390 0.337958 -0.337958
vn 0.923506 0.342550 -0.172616
vn 0.938836 0.344366 -0.000000
vn 0.836378 0.174229 -0.519727
vn 0.797406 0.330990 -0.504569
vn 0.734744 0.479662 -0.479662
vn 0.797407 0.504568 -0.330990
vn 0.836379 0.519726 -0.174229
vn 0.850570 0.525862 -0.000000
vn 0.836378 0.174229 0.519727
vn 0.923506 0.172616 0.342551
vn 0.878390 0.337958 0.337958
vn 0.797406 0.330990 0.504569
vn 0.970465 0.170583 0.170583
vn 0.923506 0.342550 0.172616
vn 0.836379 0.519726 0.174229
vn 0.797407 0.504568 0.330989
vn 0.734744 0.479662 0.479662
vn 0.174715 -0.696230 0.696231
vn 0.174232 -0.519727 0.836377
vn 0.327050 -0.668220 0.668222
vn 0.330992 -0.504569 0.797405
vn 0.337960 -0.337960 0.878389
vn 0.172618 -0.342551 0.923505
vn 0.461261 -0.627390 0.627391
vn 0.479663 -0.479663 0.734743
vn 0.577350 -0.577349 0.577351
vn 0.627391 -0.461260 0.627391
vn 0.668220 -0.327051 0.668221
vn 0.504569 -0.330992 0.797404
vn 0.519728 -0.174232 0.836377
vn 0.342551 -0.172618 0.923505
vn 0.696230 -0.174716 0.696231
vn 0.707107 -0.000000 0.707107
vn 0.525864 -0.000000 0.850569
vn 0.344366 -0.000000 0.938835
vn 0.170583 -0.170583 0.970465
vn 0.169788 -0.000000 0.985481
vn 0.169941 0.173098 0.970133
vn 0.341560 0.173524 0.923702
vn 0.325459 0.345696 0.880097
vn 0.164578 0.363007 0.917137
vn 0.519091 0.173078 0.837012
vn 0.696499 0.172566 0.696499
vn 0.671724 0.312366 0.671725
vn 0.496174 0.323344 0.805767
vn 0.444702 0.483239 0.754136
vn 0.281961 0.524805 0.803167
vn 0.626809 0.462840 0.626809
vn 0.519852 0.677871 0.519852
vn 0.346185 0.689501 0.636195
vn 0.209031 0.713640 0.668599
vn 0.143386 0.557838 0.817470
vn 0.106700 0.733160 0.671634
vn 0.106700 0.733160 -0.671634
vn 0.143386 0.557838 -0.817470
vn 0.209031 0.713640 -0.668599
vn 0.281961 0.524805 -0.803167
vn 0.325459 0.345696 -0.880097
vn 0.164578 0.363007 -0.917137
vn 0.346185 0.689501 -0.636196
vn 0.444702 0.483238 -0.754136
vn 0.519851 0.677871 -0.519852
vn 0.626809 0.462840 -0.626810
vn 0.671724 0.312366 -0.671725
vn 0.496174 0.323344 -0.805767
vn 0.519091 0.173078 -0.837012
vn 0.341560 0.173524 -0.923702
vn 0.696499 0.172566 -0.696499
vn 0.707107 0.000000 -0.707107
vn 0.525864 0.000000 -0.850569
vn 0.344366 0.000000 -0.938835
vn 0.169941 0.173098 -0.970133
vn 0.169788 0.000000 -0.985481
vn 0.170583 -0.170583 -0.970465
vn 0.342551 -0.172618 -0.923505
vn 0.337960 -0.337960 -0.878389
vn 0.172618 -0.342552 -0.923505
vn 0.519728 -0.174232 -0.836377
vn 0.696230 -0.174716 -0.696231
vn 0.668220 -0.327051 -0.668221
vn 0.504569 -0.330993 -0.797405
vn 0.479663 -0.479663 -0.734743
vn 0.330992 -0.504569 -0.797405
vn 0.627391 -0.461260 -0.627391
vn 0.577350 -0.577349 -0.577351
vn 0.461261 -0.627390 -0.627392
vn 0.327050 -0.668220 -0.668222
vn 0.174232 -0.519727 -0.836377
vn 0.174715 -0.696230 -0.696231
vn 0.174231 -0.836377 -0.519728
vn 0.330991 -0.797405 -0.504570
vn 0.337959 -0.878389 -0.337959
vn 0.172617 -0.923505 -0.342551
vn 0.479663 -0.734742 -0.479663
vn 0.627391 -0.627390 -0.461261
vn 0.668222 -0.668221 -0.327049
vn 0.504570 -0.797405 -0.330991
vn 0.518561 -0.830738 -0.202407
vn 0.361718 -0.904387 -0.226372
vn 0.692433 -0.692432 -0.202669
vn 0.703737 -0.703736 -0.097518
vn 0.523196 -0.846871 -0.095261
vn 0.431948 -0.897118 -0.092736
vn 0.154429 -0.962914 -0.221244
vn 0.084638 -0.992810 -0.084643
vn 0.152268 -0.986982 0.051774
vn 0.170583 -0.970465 0.170582
vn 0.361563 -0.930744 0.054652
vn 0.342551 -0.923505 0.172616
vn 0.337959 -0.878389 0.337959
vn 0.172617 -0.923505 0.342551
vn 0.525384 -0.850275 0.031702
vn 0.519728 -0.836377 0.174230
vn 0.706735 -0.706734 0.032459
vn 0.696231 -0.696231 0.174714
vn 0.668222 -0.668221 0.327049
vn 0.504570 -0.797405 0.330991
vn 0.479663 -0.734742 0.479663
vn 0.330991 -0.797405 0.504570
vn 0.627391 -0.627390 0.461261
vn 0.174231 -0.836377 0.519728
vn 0.734743 -0.479663 0.479663
vn 0.797405 -0.504569 0.330991
vn 0.878389 -0.337960 0.337959
vn 0.797404 -0.330992 0.504570
vn 0.836377 -0.519728 0.174231
vn 0.850275 -0.525383 0.031702
vn 0.938518 -0.343911 0.030154
vn 0.923505 -0.342552 0.172617
vn 0.970465 -0.170583 0.170583
vn 0.923505 -0.172618 0.342552
vn 0.985110 -0.169497 0.028781
vn 0.999601 0.000000 0.028239
vn 0.985481 0.000000 0.169788
vn 0.938835 0.000000 0.344367
vn 0.836377 -0.174232 0.519728
vn 0.850568 0.000000 0.525865
vn 0.846872 -0.523196 -0.095262
vn 0.830738 -0.518561 -0.202408
vn 0.797405 -0.504569 -0.330991
vn 0.878389 -0.337960 -0.337959
vn 0.917481 -0.343094 -0.201285
vn 0.935084 -0.342638 -0.090649
vn 0.734743 -0.479663 -0.479663
vn 0.797405 -0.330992 -0.504570
vn 0.836377 -0.174232 -0.519728
vn 0.923505 -0.172617 -0.342552
vn 0.850568 0.000000 -0.525865
vn 0.938835 0.000000 -0.344367
vn 0.981813 -0.168968 -0.086562
vn 0.964743 -0.171656 -0.199513
vn 0.980056 -0.000000 -0.198723
vn 0.996385 -0.000000 -0.084948
vn 0.981318 0.172071 -0.086062
vn 0.964507 0.173946 -0.198670
vn 0.923702 0.173524 -0.341560
vn 0.880098 0.345695 -0.325458
vn 0.912567 0.361228 -0.191665
vn 0.925710 0.368461 -0.085433
vn 0.837012 0.173078 -0.519091
vn 0.805767 0.323343 -0.496175
vn 0.754136 0.483238 -0.444703
vn 0.803168 0.524805 -0.281960
vn 0.636195 0.689501 -0.346185
vn 0.668599 0.713640 -0.209030
vn 0.795401 0.601748 -0.072365
vn 0.807687 0.569389 -0.153092
vn 0.697969 0.705473 -0.123074
vn 0.811865 0.583694 0.013264
vn 0.742583 0.666523 -0.065705
vn 0.744191 0.667967 -0.000000
vn 0.837012 0.173077 0.519092
vn 0.923702 0.173524 0.341560
vn 0.880097 0.345695 0.325458
vn 0.805767 0.323344 0.496175
vn 0.970133 0.173099 0.169941
vn 0.984569 0.172637 0.028648
vn 0.928820 0.369430 0.028554
vn 0.917137 0.363007 0.164577
vn 0.817470 0.557838 0.143385
vn 0.803167 0.524805 0.281960
vn 0.742583 0.666523 0.065705
vn 0.697969 0.705473 0.123074
vn 0.668599 0.713640 0.209030
vn 0.754136 0.483239 0.444702
vn 0.636196 0.689501 0.346185
vn 0.070690 0.844800 -0.530393
vn 0.074186 0.845221 -0.529243
vn 0.133554 0.849487 -0.510426
vn 0.142007 0.844262 -0.516775
vn 0.220519 0.860435 -0.459373
vn 0.237379 0.845905 -0.477593
vn 0.349512 0.869300 -0.349512
vn 0.373913 0.848751 -0.373914
vn 0.459373 0.860435 -0.220518
vn 0.477593 0.845905 -0.237379
vn 0.510427 0.849487 -0.133554
vn 0.516775 0.844262 -0.142007
vn 0.530393 0.844799 -0.070689
vn 0.512607 0.854057 -0.088438
vn 0.536868 0.843666 0.000000
vn 0.485088 0.874465 -0.000000
vn 0.484782 0.873913 -0.035524
vn 0.853129 -0.195832 -0.483550
vn 0.690074 0.621885 -0.370212
vn 0.650878 0.752138 -0.103180
vn 0.982835 0.132139 -0.128746
vn 0.558121 0.821139 -0.119295
vn 0.530393 0.844799 0.070690
vn 0.512607 0.854057 0.088438
vn 0.484782 0.873913 0.035524
vn 0.510426 0.849487 0.133554
vn 0.516775 0.844262 0.142007
vn 0.558121 0.821139 0.119295
vn 0.995878 0.090707 -0.000000
vn 0.622180 0.782874 -0.000001
vn 0.650878 0.752138 0.103180
vn 0.982835 0.132138 0.128746
vn 0.459373 0.860435 0.220519
vn 0.477593 0.845906 0.237379
vn 0.349512 0.869300 0.349512
vn 0.373913 0.848751 0.373913
vn 0.220519 0.860435 0.459373
vn 0.237379 0.845906 0.477593
vn 0.133555 0.849487 0.510426
vn 0.142008 0.844262 0.516775
vn 0.070690 0.844800 0.530393
vn 0.074186 0.845221 0.529243
vn 0.120202 -0.469810 -0.874546
vn 0.230815 -0.466089 -0.854100
vn 0.251697 0.012501 -0.967725
vn 0.131386 0.012180 -0.991257
vn 0.390271 -0.467447 -0.793210
vn 0.623196 -0.472500 -0.623194
vn 0.707033 0.014509 -0.707032
vn 0.430224 0.013535 -0.902621
vn 0.793211 -0.467447 -0.390269
vn 0.854100 -0.466088 -0.230814
vn 0.967726 0.012501 -0.251696
vn 0.902622 0.013536 -0.430222
vn 0.874546 -0.469810 -0.120202
vn 0.881618 -0.471963 0.000000
vn 0.999926 0.012172 -0.000000
vn 0.991256 0.012179 -0.131386
vn 0.874546 -0.469810 0.120202
vn 0.854100 -0.466088 0.230814
vn 0.967726 0.012501 0.251696
vn 0.991256 0.012178 0.131386
vn 0.793212 -0.467446 0.390268
vn 0.623196 -0.472501 0.623194
vn 0.707033 0.014509 0.707032
vn 0.902622 0.013536 0.430222
vn 0.390270 -0.467447 0.793210
vn 0.230815 -0.466088 0.854100
vn 0.251697 0.012501 0.967725
vn 0.430224 0.013535 0.902621
vn 0.120202 -0.469809 0.874546
vn 0.131386 0.012179 0.991256
vn 0.100228 0.650047 -0.753255
vn 0.190355 0.657787 -0.728753
vn 0.317842 0.677409 -0.663395
vn 0.509049 0.694073 -0.509050
vn 0.663396 0.677409 -0.317841
vn 0.728753 0.657787 -0.190354
vn 0.753256 0.650047 -0.100228
vn 0.761170 0.648553 0.000000
vn 0.753256 0.650046 0.100228
vn 0.728753 0.657787 0.190355
vn 0.663395 0.677410 0.317841
vn 0.509049 0.694074 0.509049
vn 0.317842 0.677410 0.663394
vn 0.190355 0.657788 0.728753
vn 0.100228 0.650047 0.753255
vn -0.146187 0.863922 -0.481942
vn -0.101988 0.926208 -0.362955
vn -0.231293 0.972277 -0.034365
vn -0.263645 0.962956 -0.056636
vn 0.120545 -0.992708 0.000000
vn 0.315480 -0.948932 0.000000
vn 0.400654 -0.913393 -0.072046
vn 0.172886 -0.980724 -0.091053
vn 0.298892 -0.727075 -0.618082
vn 0.435020 -0.272126 -0.858316
vn 0.083028 0.463260 -0.882325
vn 0.034376 0.350395 -0.935971
vn -0.307290 0.951616 0.000000
vn -0.315516 0.948920 0.000000
vn -0.231292 0.972277 0.034367
vn -0.263645 0.962956 0.056637
vn -0.146187 0.863922 0.481943
vn -0.101987 0.926208 0.362956
vn 0.083028 0.463260 0.882324
vn 0.034376 0.350394 0.935971
vn 0.298892 -0.727075 0.618082
vn 0.435020 -0.272126 0.858315
vn 0.400654 -0.913392 0.072046
vn 0.172886 -0.980724 0.091053
vn -0.254524 0.823201 -0.507502
vn -0.245830 0.822857 -0.512322
vn -0.293271 0.952182 -0.085689
vn -0.274068 0.958227 -0.081786
vn -0.071389 -0.805089 -0.588842
vn -0.059206 0.198955 -0.978219
vn -0.193576 0.214214 -0.957414
vn -0.270285 0.962780 -0.000000
vn -0.294039 0.955793 0.000000
vn -0.293271 0.952181 0.085690
vn -0.274068 0.958227 0.081786
vn -0.254524 0.823200 0.507502
vn -0.245831 0.822857 0.512322
vn -0.059206 0.198955 0.978219
vn -0.193576 0.214214 0.957414
vn -0.360058 0.755865 -0.546834
vn -0.315215 0.788685 -0.527841
vn -0.241217 0.967237 -0.079168
vn -0.215509 0.973058 -0.081942
vn -0.245885 -0.969299 0.000000
vn -0.192348 -0.981327 -0.000000
vn -0.187397 -0.979155 -0.078342
vn -0.256882 -0.960988 -0.102541
vn -0.389144 -0.740636 -0.547746
vn -0.365574 -0.768115 -0.525694
vn -0.385525 0.067816 -0.920202
vn -0.472299 0.040505 -0.880507
vn -0.190822 0.981625 0.000000
vn -0.226283 0.974062 0.000000
vn -0.241217 0.967237 0.079167
vn -0.215509 0.973058 0.081941
vn -0.360058 0.755865 0.546833
vn -0.315215 0.788685 0.527841
vn -0.385525 0.067816 0.920202
vn -0.472299 0.040505 0.880507
vn -0.389144 -0.740636 0.547746
vn -0.365574 -0.768116 0.525694
vn -0.187397 -0.979155 0.078342
vn -0.256882 -0.960988 0.102541
vn -0.341847 0.768596 -0.540741
vn -0.351916 0.757720 -0.549559
vn -0.203730 0.975485 -0.083205
vn -0.211870 0.974023 -0.079936
vn -0.164008 -0.986457 0.002014
vn -0.203221 -0.979133 0.000000
vn -0.229727 -0.965691 -0.121103
vn -0.196146 -0.973095 -0.120886
vn -0.353771 -0.722593 -0.593890
vn -0.381779 -0.719293 -0.580398
vn -0.459995 0.063813 -0.885625
vn -0.437695 0.090872 -0.894520
vn -0.185421 0.982657 0.002071
vn -0.178394 0.983959 0.000000
vn -0.203730 0.975485 0.083204
vn -0.201823 0.975901 0.082979
vn -0.329516 0.775022 0.539222
vn -0.351916 0.757720 0.549559
vn -0.459995 0.063813 0.885626
vn -0.434541 0.091539 0.895988
vn -0.338672 -0.730093 0.593520
vn -0.381779 -0.719293 0.580398
vn -0.229727 -0.965691 0.121103
vn -0.183891 -0.975028 0.124518
vn -0.356034 0.771916 -0.526673
vn -0.372528 0.760712 -0.531545
vn -0.247800 0.965927 -0.074694
vn -0.223586 0.972111 -0.070777
vn 0.045990 -0.998679 0.022931
vn -0.044411 -0.998956 0.010731
vn -0.101666 -0.988635 -0.110751
vn -0.017747 -0.995646 -0.091516
vn -0.252478 -0.765428 -0.591925
vn -0.307194 -0.741121 -0.596969
vn -0.444002 0.098594 -0.890585
vn -0.435978 0.106491 -0.893635
vn -0.184520 0.982544 0.023674
vn -0.211116 0.977402 0.010715
vn -0.211108 0.973261 0.090529
vn -0.182068 0.977704 0.104622
vn -0.307075 0.800837 0.514165
vn -0.329346 0.783904 0.526333
vn -0.432741 0.103463 0.895562
vn -0.424080 0.119598 0.897693
vn -0.192303 -0.788165 0.584650
vn -0.251336 -0.763238 0.595229
vn -0.058051 -0.989990 0.128649
vn 0.028152 -0.991447 0.127434
vn -0.097218 0.855111 -0.509248
vn -0.232528 0.821556 -0.520554
vn -0.071831 0.994992 -0.069501
vn 0.062257 0.995684 -0.068834
vn 0.024493 -0.999532 0.018349
vn 0.050705 -0.998355 0.026762
vn 0.023246 -0.996618 -0.078824
vn 0.035474 -0.995799 -0.084420
vn -0.112011 -0.812469 -0.572143
vn -0.186020 -0.795292 -0.576981
vn -0.386238 0.124503 -0.913958
vn -0.273595 0.149874 -0.950097
vn 0.066609 0.997591 0.019398
vn -0.048216 0.998435 0.028328
vn -0.077775 0.991115 0.107896
vn 0.012036 0.995468 0.094334
vn -0.136452 0.865794 0.481438
vn -0.229686 0.837336 0.496098
vn -0.387277 0.143611 0.910710
vn -0.288038 0.165332 0.943239
vn -0.158016 -0.823712 0.544545
vn -0.185490 -0.809260 0.557397
vn 0.015584 -0.992887 0.118033
vn -0.018547 -0.993897 0.108743
vn 0.110346 0.880490 -0.461043
vn 0.012381 0.870216 -0.492515
vn 0.066904 0.995472 -0.067524
vn 0.030510 0.997420 -0.064984
vn 0.000941 -0.999999 0.001162
vn 0.001354 -0.999973 0.007189
vn 0.026220 -0.994899 -0.097410
vn 0.025933 -0.994246 -0.103933
vn 0.139370 -0.809704 -0.570048
vn 0.003830 -0.811791 -0.583936
vn -0.047653 0.184479 -0.981681
vn 0.213564 0.217818 -0.952337
vn 0.014390 0.999896 0.001237
vn 0.057642 0.998309 0.007586
vn 0.025062 0.996682 0.077439
vn 0.019487 0.997586 0.066651
vn 0.097243 0.883404 0.458412
vn -0.024778 0.878160 0.477725
vn -0.061024 0.191731 0.979549
vn 0.209118 0.219386 0.952964
vn 0.123285 -0.815187 0.565925
vn -0.038897 -0.823770 0.565589
vn -0.018771 -0.994197 0.105924
vn 0.013959 -0.994349 0.105242
vn 0.212907 0.864776 -0.454790
vn 0.169440 0.876901 -0.449817
vn 0.060710 0.996038 -0.064978
vn 0.112916 0.991358 -0.066777
vn 0.106976 -0.994262 0.000000
vn 0.051121 -0.998692 0.000000
vn 0.071844 -0.991619 -0.107377
vn 0.125765 -0.985854 -0.110796
vn 0.257202 -0.781530 -0.568382
vn 0.212606 -0.799133 -0.562303
vn 0.327413 0.222874 -0.918220
vn 0.348820 0.216868 -0.911753
vn 0.098487 0.995138 0.000000
vn 0.045500 0.998964 -0.000000
vn 0.060710 0.996038 0.064978
vn 0.112916 0.991358 0.066777
vn 0.212907 0.864776 0.454790
vn 0.169440 0.876901 0.449816
vn 0.327413 0.222873 0.918220
vn 0.348820 0.216868 0.911753
vn 0.257201 -0.781531 0.568381
vn 0.212605 -0.799133 0.562303
vn 0.071843 -0.991619 0.107377
vn 0.125765 -0.985854 0.110796
vn 0.249607 0.856183 -0.452380
vn 0.234966 0.859005 -0.454864
vn 0.134452 0.988640 -0.067180
vn 0.143452 0.987382 -0.067071
vn 0.138335 -0.990385 0.000000
vn 0.129327 -0.991602 0.000000
vn 0.148479 -0.982592 -0.111657
vn 0.158710 -0.980998 -0.111602
vn 0.299143 -0.768390 -0.565765
vn 0.281481 -0.772773 -0.568850
vn 0.366305 0.215391 -0.905222
vn 0.386918 0.215232 -0.896644
vn 0.127575 0.991829 -0.000000
vn 0.119466 0.992838 -0.000000
vn 0.134452 0.988640 0.067180
vn 0.143452 0.987382 0.067071
vn 0.249607 0.856183 0.452379
vn 0.234965 0.859006 0.454863
vn 0.366305 0.215391 0.905222
vn 0.386919 0.215232 0.896643
vn 0.299143 -0.768390 0.565765
vn 0.281480 -0.772774 0.568850
vn 0.148478 -0.982592 0.111658
vn 0.158710 -0.980998 0.111602
vn 0.302604 0.844463 -0.441943
vn 0.273668 0.851072 -0.448088
vn 0.158404 0.985104 -0.066917
vn 0.176590 0.982029 -0.066591
vn 0.171736 -0.985143 0.000000
vn 0.153370 -0.988169 0.000000
vn 0.175772 -0.978090 -0.111556
vn 0.196588 -0.974146 -0.111327
vn 0.363375 -0.749051 -0.553968
vn 0.328200 -0.760190 -0.560710
vn 0.420154 0.215115 -0.881587
vn 0.460003 0.215439 -0.861385
vn 0.157411 0.987533 -0.000000
vn 0.141052 0.990002 -0.000000
vn 0.158405 0.985104 0.066917
vn 0.176591 0.982029 0.066591
vn 0.302604 0.844463 0.441943
vn 0.273668 0.851072 0.448088
vn 0.420154 0.215116 0.881587
vn 0.460003 0.215438 0.861385
vn 0.363375 -0.749052 0.553968
vn 0.328201 -0.760190 0.560710
vn 0.175773 -0.978090 0.111556
vn 0.196588 -0.974146 0.111327
vn 0.432952 0.798739 -0.417815
vn 0.328229 0.838086 -0.435749
vn 0.193106 0.978944 -0.066165
vn 0.275185 0.959368 -0.062338
vn 0.284697 -0.958618 -0.000000
vn 0.188584 -0.982057 -0.000000
vn 0.215581 -0.970166 -0.110920
vn 0.336579 -0.933348 -0.124802
vn 0.468358 -0.737843 -0.486032
vn 0.394459 -0.738521 -0.546799
vn 0.494383 0.215410 -0.842130
vn 0.580628 0.230954 -0.780725
vn 0.261187 0.965288 -0.000000
vn 0.172331 0.985039 -0.000000
vn 0.193106 0.978944 0.066165
vn 0.275184 0.959368 0.062338
vn 0.432951 0.798739 0.417815
vn 0.328229 0.838086 0.435749
vn 0.494383 0.215409 0.842131
vn 0.580628 0.230953 0.780725
vn 0.468358 -0.737843 0.486033
vn 0.394457 -0.738522 0.546799
vn 0.215580 -0.970166 0.110920
vn 0.336578 -0.933349 0.124801
vn 0.682029 -0.731325 -0.000000
vn 0.669964 -0.732356 -0.121668
vn 0.690075 0.621883 0.370214
vn 0.853130 -0.195833 0.483549
vn 0.669965 -0.732355 0.121667
vn -0.071389 -0.805090 0.588841
vn 0.464101 0.818892 0.337678
vn 0.464101 0.818892 0.337678
vn 0.464101 0.818892 0.337678
vn 0.464101 0.818892 0.337678
vn 0.832038 0.447555 0.327729
vn 0.832039 0.447555 0.327729
vn 0.832038 0.447555 0.327729
vn 0.832038 0.447555 0.327729
vn -0.135154 0.906636 0.399681
vn -0.135154 0.906636 0.399681
vn -0.135154 0.906636 0.399681
vn -0.135154 0.906636 0.399681
vn -0.750435 0.464396 0.470302
vn -0.750435 0.464396 0.470302
vn -0.750435 0.464396 0.470302
vn -0.750435 0.464396 0.470302
vn -0.787094 -0.327859 0.522486
vn -0.787094 -0.327859 0.522486
vn -0.787094 -0.327859 0.522487
vn -0.787094 -0.327859 0.522486
vn -0.241451 -0.819333 0.519995
vn -0.241451 -0.819333 0.519995
vn -0.241451 -0.819333 0.519995
vn -0.241451 -0.819333 0.519995
vn 0.921669 -0.107816 0.372695
vn 0.921669 -0.107816 0.372695
vn 0.921669 -0.107816 0.372695
vn 0.921669 -0.107816 0.372695
vn 0.546705 -0.706266 0.449781
vn 0.546705 -0.706266 0.449781
vn 0.546705 -0.706266 0.449781
vn 0.546705 -0.706266 0.449781
vn 0.469084 0.761040 0.448083
vn 0.469084 0.761040 0.448083
vn 0.469084 0.761040 0.448083
vn 0.469084 0.761040 0.448083
vn 0.785482 0.439752 0.435473
vn 0.785482 0.439752 0.435473
vn 0.785482 0.439752 0.435473
vn 0.785482 0.439752 0.435472
vn -0.035149 0.846973 0.530473
vn -0.035149 0.846973 0.530473
vn -0.035149 0.846973 0.530473
vn -0.035149 0.846973 0.530473
vn -0.574639 0.496855 0.650326
vn -0.574639 0.496855 0.650326
vn -0.574639 0.496855 0.650326
vn -0.574639 0.496855 0.650326
vn -0.662502 -0.222892 0.715130
vn -0.662502 -0.222892 0.715130
vn -0.662502 -0.222892 0.715130
vn -0.119008 -0.702188 0.701976
vn -0.119008 -0.702188 0.701976
vn -0.119008 -0.702188 0.701976
vn 0.869113 -0.032503 0.493544
vn 0.869113 -0.032503 0.493544
vn 0.869113 -0.032503 0.493544
vn 0.869113 -0.032503 0.493544
vn 0.574511 -0.547034 0.608844
vn 0.574511 -0.547034 0.608844
vn 0.574511 -0.547034 0.608844
vn 0.574511 -0.547034 0.608844
vn 0.467794 0.787954 0.400373
vn 0.467793 0.787954 0.400373
vn 0.467793 0.787954 0.400373
vn 0.467793 0.787954 0.400373
vn 0.807316 0.443938 0.388792
vn 0.807316 0.443938 0.388792
vn 0.807316 0.443938 0.388792
vn 0.807316 0.443938 0.388792
vn -0.079365 0.876489 0.474834
vn -0.079365 0.876489 0.474834
vn -0.079365 0.876489 0.474834
vn -0.079365 0.876489 0.474834
vn -0.658883 0.486160 0.574039
vn -0.658883 0.486161 0.574039
vn -0.658883 0.486161 0.574039
vn -0.658883 0.486161 0.574039
vn -0.729793 -0.254562 0.634508
vn -0.729793 -0.254562 0.634508
vn -0.729793 -0.254562 0.634508
vn -0.729793 -0.254562 0.634508
vn -0.156340 -0.763992 0.625999
vn -0.156340 -0.763992 0.625999
vn -0.156340 -0.763992 0.625999
vn -0.156340 -0.763992 0.625999
vn 0.894704 -0.065720 0.441798
vn 0.894704 -0.065720 0.441798
vn 0.894704 -0.065720 0.441798
vn 0.894704 -0.065720 0.441798
vn 0.565767 -0.621690 0.541673
vn 0.565767 -0.621690 0.541673
vn 0.565767 -0.621690 0.541673
vn 0.565767 -0.621690 0.541673
vn 0.461830 0.643825 0.610084
vn 0.461830 0.643825 0.610084
vn 0.461830 0.643825 0.610084
vn 0.687575 0.414351 0.596283
vn 0.687575 0.414351 0.596283
vn 0.687575 0.414351 0.596283
vn 0.122274 0.702507 0.701094
vn 0.122274 0.702507 0.701094
vn 0.122274 0.702507 0.701094
vn -0.215309 0.481174 0.849773
vn -0.215309 0.481174 0.849773
vn -0.215309 0.481174 0.849773
vn -0.265838 0.003141 0.964013
vn -0.265838 0.003141 0.964013
vn -0.265838 0.003141 0.964013
vn 0.112621 -0.334197 0.935750
vn 0.112621 -0.334197 0.935750
vn 0.112621 -0.334197 0.935750
vn 0.746236 0.087059 0.659964
vn 0.746236 0.087059 0.659964
vn 0.746236 0.087059 0.659964
vn 0.558093 -0.241243 0.793935
vn 0.558093 -0.241243 0.793935
vn 0.558093 -0.241243 0.793935
vn 0.000155 0.233062 0.972462
vn 0.919662 -0.382574 0.088650
vn 0.919662 -0.382574 0.088650
vn 0.919662 -0.382574 0.088650
vn 0.050239 0.563103 0.824858
vn 0.050239 0.563103 0.824858
vn 0.050239 0.563103 0.824858
vn -0.050295 0.562793 0.825067
vn -0.050295 0.562793 0.825067
vn -0.050295 0.562793 0.825067
vn -0.920979 -0.379556 0.087949
vn -0.920979 -0.379556 0.087949
vn -0.920979 -0.379556 0.087949
vn -0.894922 -0.295815 0.334079
vn -0.894921 -0.295815 0.334079
vn -0.894921 -0.295815 0.334079
vn -0.894922 -0.295815 0.334079
vn -0.894922 -0.295815 0.334079
vn -0.894921 -0.295815 0.334079
vn -0.894922 -0.295815 0.334079
vn -0.894922 -0.295815 0.334079
vn 0.028819 0.120129 0.992340
vn 0.028819 0.120129 0.992340
vn 0.028819 0.120129 0.992340
vn 0.028819 0.120129 0.992340
vn 0.028819 0.120129 0.992340
vn 0.028819 0.120129 0.992340
vn 0.028819 0.120129 0.992340
vn 0.028819 0.120129 0.992340
vn 0.935423 -0.350361 0.047239
vn 0.935423 -0.350361 0.047239
vn 0.935423 -0.350361 0.047239
vn 0.935423 -0.350361 0.047239
vn 0.935423 -0.350361 0.047239
vn 0.935423 -0.350361 0.047239
vn 0.935423 -0.350361 0.047239
vn 0.935423 -0.350361 0.047239
vn 0.830704 -0.387750 -0.399477
vn 0.830704 -0.387750 -0.399477
vn 0.830704 -0.387750 -0.399477
vn 0.830704 -0.387750 -0.399477
vn 0.830704 -0.387750 -0.399477
vn 0.830704 -0.387750 -0.399477
vn 0.830704 -0.387750 -0.399477
vn 0.830704 -0.387750 -0.399477
vn -0.106184 -0.220906 -0.969498
vn -0.106184 -0.220906 -0.969498
vn -0.106184 -0.220906 -0.969498
vn -0.106184 -0.220906 -0.969498
vn -0.106184 -0.220906 -0.969498
vn -0.106184 -0.220906 -0.969498
vn -0.106184 -0.220906 -0.969498
vn -0.106184 -0.220906 -0.969498
vn -0.965830 -0.257866 0.026043
vn -0.965830 -0.257866 0.026043
vn -0.965830 -0.257866 0.026043
vn -0.965830 -0.257866 0.026043
vn -0.965830 -0.257866 0.026043
vn -0.965830 -0.257866 0.026043
vn -0.965830 -0.257866 0.026043
vn -0.965830 -0.257866 0.026043
vn 0.989175 -0.145133 0.021653
vn 0.989175 -0.145133 0.021653
vn 0.989175 -0.145133 0.021653
vn 0.989175 -0.145133 0.021653
vn 0.989175 -0.145133 0.021653
vn 0.989175 -0.145133 0.021653
vn 0.989175 -0.145133 0.021653
vn 0.989175 -0.145133 0.021653
vn 0.861133 -0.234965 -0.450823
vn 0.861133 -0.234965 -0.450823
vn 0.861133 -0.234965 -0.450823
vn 0.861133 -0.234965 -0.450823
vn 0.861133 -0.234965 -0.450823
vn 0.861133 -0.234965 -0.450823
vn 0.861133 -0.234965 -0.450823
vn 0.861133 -0.234965 -0.450823
vn 0.079441 -0.370517 -0.925422
vn 0.079441 -0.370517 -0.925422
vn 0.079441 -0.370517 -0.925422
vn 0.079441 -0.370517 -0.925422
vn 0.079441 -0.370517 -0.925422
vn 0.079441 -0.370517 -0.925422
vn 0.079441 -0.370517 -0.925422
vn 0.079441 -0.370517 -0.925422
vn -0.884604 -0.463657 0.049980
vn -0.884604 -0.463657 0.049980
vn -0.884604 -0.463657 0.049980
vn -0.884604 -0.463657 0.049980
vn -0.884604 -0.463657 0.049980
vn -0.884604 -0.463657 0.049980
vn -0.884604 -0.463657 0.049980
vn -0.884604 -0.463657 0.049980
vn -0.831435 -0.441982 0.336702
vn -0.831435 -0.441982 0.336702
vn -0.831435 -0.441982 0.336702
vn -0.831435 -0.441982 0.336702
vn -0.831435 -0.441982 0.336702
vn -0.831435 -0.441982 0.336702
vn -0.831435 -0.441982 0.336702
vn -0.831435 -0.441982 0.336702
vn -0.056065 0.285748 0.956664
vn -0.056065 0.285748 0.956664
vn -0.056065 0.285748 0.956664
vn -0.056065 0.285748 0.956664
vn -0.056065 0.285748 0.956664
vn -0.056065 0.285748 0.956664
vn -0.056065 0.285748 0.956663
vn -0.056065 0.285748 0.956664
vn 0.713147 0.109896 0.692347
vn 0.713147 0.109896 0.692347
vn 0.713147 0.109896 0.692347
vn 0.713147 0.109896 0.692347
vn 0.713147 0.109896 0.692347
vn -0.713991 0.112031 0.691134
vn -0.713991 0.112031 0.691134
vn -0.713991 0.112031 0.691134
vn -0.713991 0.112031 0.691134
vn -0.713991 0.112031 0.691134
vn 0.086695 -0.996235 0.000516
vn 0.086695 -0.996235 0.000516
vn 0.086695 -0.996235 0.000516
vn 0.086695 -0.996235 0.000516
vn 0.086684 0.996236 -0.000515
vn 0.086684 0.996236 -0.000515
vn 0.086684 0.996236 -0.000515
vn 0.086684 0.996236 -0.000515
vn 0.920656 -0.390366 -0.002690
vn 0.920656 -0.390366 -0.002690
vn 0.920656 -0.390366 -0.002690
vn 0.920656 -0.390366 -0.002690
vn -0.920402 -0.390974 0.000000
vn -0.920402 -0.390974 0.000000
vn -0.920402 -0.390974 0.000000
vn -0.920402 -0.390974 0.000000
vn 0.919062 -0.394114 0.000000
vn 0.919062 -0.394114 0.000000
vn 0.919062 -0.394114 0.000000
vn 0.919062 -0.394114 0.000000
vn -0.921579 -0.388185 -0.001996
vn -0.921579 -0.388185 -0.001996
vn -0.921579 -0.388185 -0.001996
vn -0.921579 -0.388185 -0.001996
vn 0.105342 0.031289 0.993944
vn 0.105342 0.031289 0.993944
vn 0.105342 0.031289 0.993944
vn 0.105348 -0.030340 -0.993972
vn 0.105348 -0.030340 -0.993972
vn 0.105348 -0.030340 -0.993972
vn -0.001074 -0.120277 -0.992740
vn -0.001074 -0.120277 -0.992740
vn -0.001074 -0.120277 -0.992740
vn 0.000324 -0.131340 -0.991337
vn 0.000324 -0.131340 -0.991337
vn 0.000324 -0.131340 -0.991337
vn -0.001394 -0.131333 -0.991337
vn -0.001394 -0.131333 -0.991337
vn -0.001394 -0.131333 -0.991337
vn 0.000002 -0.120567 -0.992705
vn 0.000002 -0.120567 -0.992705
vn 0.000002 -0.120567 -0.992705
vn 0.209351 -0.873702 -0.439110
vn 0.209351 -0.873702 -0.439110
vn 0.209351 -0.873702 -0.439110
vn 0.209351 -0.873702 -0.439110
vn -0.212130 -0.873353 -0.438470
vn -0.212130 -0.873353 -0.438470
vn -0.212130 -0.873353 -0.438470
vn -0.212130 -0.873353 -0.438470
vn -0.497341 0.790355 0.357758
vn -0.497341 0.790355 0.357758
vn -0.497341 0.790355 0.357758
vn -0.497341 0.790355 0.357758
vn 0.502788 0.787919 0.355511
vn 0.502788 0.787919 0.355511
vn 0.502788 0.787919 0.355511
vn 0.502788 0.787919 0.355511
s off
g pSphere3
usemtl initialShadingGroup
f 1/1/1 2/2/2 10/11/3 9/10/4
f 2/2/5 3/3/6 11/12/7 10/11/8
f 3/3/9 4/4/10 12/13/11 11/12/12
f 4/4/13 5/5/14 13/14/15 12/13/16
f 5/5/17 6/6/18 14/15/19 13/14/20
f 6/6/21 7/7/22 15/16/23 14/15/24
f 7/7/25 8/8/26 16/17/27 15/16/28
f 8/8/29 1/9/30 9/18/31 16/17/32
f 9/10/33 10/11/34 18/20/35 17/19/36
f 10/11/37 11/12/38 19/21/39 18/20/40
f 11/12/41 12/13/42 20/22/43 19/21/44
f 12/13/45 13/14/46 21/23/47 20/22/48
f 13/14/49 14/15/50 22/24/51 21/23/52
f 14/15/53 15/16/54 23/25/55 22/24/56
f 15/16/57 16/17/58 24/26/59 23/25/60
f 16/17/61 9/18/62 17/27/63 24/26/64
f 17/19/65 18/20/66 26/29/67 25/28/68
f 18/20/69 19/21/70 27/30/71 26/29/72
f 19/21/73 20/22/74 28/31/75 27/30/76
f 20/22/77 21/23/78 29/32/79 28/31/80
f 21/23/81 22/24/82 30/33/83 29/32/84
f 22/24/85 23/25/86 31/34/87 30/33/88
f 23/25/89 24/26/90 32/35/91 31/34/92
f 24/26/93 17/27/94 25/36/95 32/35/96
f 25/28/97 26/29/98 34/38/99 33/37/100
f 26/29/101 27/30/102 35/39/103 34/38/104
f 27/30/105 28/31/106 36/40/107 35/39/108
f 28/31/109 29/32/110 37/41/111 36/40/112
f 29/32/113 30/33/114 38/42/115 37/41/116
f 30/33/117 31/34/118 39/43/119 38/42/120
f 31/34/121 32/35/122 40/44/123 39/43/124
f 32/35/125 25/36/126 33/45/127 40/44/128
f 33/37/129 34/38/130 42/47/131 41/46/132
f 34/38/133 35/39/134 43/48/135 42/47/136
f 35/39/137 36/40/138 44/49/139 43/48/140
f 36/40/141 37/41/142 45/50/143 44/49/144
f 37/41/145 38/42/146 46/51/147 45/50/148
f 38/42/149 39/43/150 47/52/151 46/51/152
f 39/43/153 40/44/154 48/53/155 47/52/156
f 40/44/157 33/45/158 41/54/159 48/53/160
f 41/46/161 42/47/162 50/56/163 49/55/164
f 42/47/165 43/48/166 51/57/167 50/56/168
f 43/48/169 44/49/170 52/58/171 51/57/172
f 44/49/173 45/50/174 53/59/175 52/58/176
f 45/50/177 46/51/178 54/60/179 53/59/180
f 46/51/181 47/52/182 55/61/183 54/60/184
f 47/52/185 48/53/186 56/62/187 55/61/188
f 48/53/189 41/54/190 49/63/191 56/62/192
f 2/2/193 1/1/194 57/64/195
f 3/3/196 2/2/197 57/65/198
f 4/4/199 3/3/200 57/66/201
f 5/5/202 4/4/203 57/67/204
f 6/6/205 5/5/206 57/68/207
f 7/7/208 6/6/209 57/69/210
f 8/8/211 7/7/212 57/70/213
f 1/9/214 8/8/215 57/71/216
f 49/55/217 50/56/218 58/72/219
f 50/56/220 51/57/221 58/73/222
f 51/57/223 52/58/224 58/74/225
f 52/58/226 53/59/227 58/75/228
f 53/59/229 54/60/230 58/76/231
f 54/60/232 55/61/233 58/77/234
f 55/61/235 56/62/236 58/78/237
f 56/62/238 49/63/239 58/79/240
f 59/80/241 60/81/242 68/82/243 67/83/244
f 60/81/245 61/84/246 69/85/247 68/82/248
f 61/84/249 62/86/250 70/87/251 69/85/252
f 62/86/253 63/88/254 71/89/255 70/87/256
f 63/88/257 64/90/258 72/91/259 71/89/260
f 64/90/261 65/92/262 73/93/263 72/91/264
f 65/92/265 66/94/266 74/95/267 73/93/268
f 66/94/269 59/96/270 67/97/271 74/95/272
f 67/83/273 68/82/274 76/98/275 75/99/276
f 68/82/277 69/85/278 77/100/279 76/98/280
f 69/85/281 70/87/282 78/101/283 77/100/284
f 70/87/285 71/89/286 79/102/287 78/101/288
f 71/89/289 72/91/290 80/103/291 79/102/292
f 72/91/293 73/93/294 81/104/295 80/103/296
f 73/93/297 74/95/298 82/105/299 81/104/300
f 74/95/301 67/97/302 75/106/303 82/105/304
f 75/99/305 76/98/306 84/107/307 83/108/308
f 76/98/309 77/100/310 85/109/311 84/107/312
f 77/100/313 78/101/314 86/110/315 85/109/316
f 78/101/317 79/102/318 87/111/319 86/110/320
f 79/102/321 80/103/322 88/112/323 87/111/324
f 80/103/325 81/104/326 89/113/327 88/112/328
f 81/104/329 82/105/330 90/114/331 89/113/332
f 82/105/333 75/106/334 83/115/335 90/114/336
f 83/108/337 84/107/338 92/116/339 91/117/340
f 84/107/341 85/109/342 93/118/343 92/116/344
f 85/109/345 86/110/346 94/119/347 93/118/348
f 86/110/349 87/111/350 95/120/351 94/119/352
f 87/111/353 88/112/354 96/121/355 95/120/356
f 88/112/357 89/113/358 97/122/359 96/121/360
f 89/113/361 90/114/362 98/123/363 97/122/364
f 90/114/365 83/115/366 91/124/367 98/123/368
f 91/117/369 92/116/370 100/125/371 99/126/372
f 92/116/373 93/118/374 101/127/375 100/125/376
f 93/118/377 94/119/378 102/128/379 101/127/380
f 94/119/381 95/120/382 103/129/383 102/128/384
f 95/120/385 96/121/386 104/130/387 103/129/388
f 96/121/389 97/122/390 105/131/391 104/130/392
f 97/122/393 98/123/394 106/132/395 105/131/396
f 98/123/397 91/124/398 99/133/399 106/132/400
f 99/126/401 100/125/402 108/134/403 107/135/404
f 100/125/405 101/127/406 109/136/407 108/134/408
f 101/127/409 102/128/410 110/137/411 109/136/412
f 102/128/413 103/129/414 111/138/415 110/137/416
f 103/129/417 104/130/418 112/139/419 111/138/420
f 104/130/421 105/131/422 113/140/423 112/139/424
f 105/131/425 106/132/426 114/141/427 113/140/428
f 106/132/429 99/133/430 107/142/431 114/141/432
f 60/81/433 59/80/434 115/143/435
f 61/84/436 60/81/437 115/144/438
f 62/86/439 61/84/440 115/145/441
f 63/88/442 62/86/443 115/146/444
f 64/90/445 63/88/446 115/147/447
f 65/92/448 64/90/449 115/148/450
f 66/94/451 65/92/452 115/149/453
f 59/96/454 66/94/455 115/150/456
f 107/135/457 108/134/458 116/151/459
f 108/134/460 109/136/461 116/152/462
f 109/136/463 110/137/464 116/153/465
f 110/137/466 111/138/467 116/154/468
f 111/138/469 112/139/470 116/155/471
f 112/139/472 113/140/473 116/156/474
f 113/140/475 114/141/476 116/157/477
f 114/141/478 107/142/479 116/158/480
f 117/159/481 118/160/482 126/161/483 125/162/484
f 118/160/485 127/163/486 126/161/487
f 118/160/488 119/164/489 128/165/490 127/163/491
s 1
f 120/166/492 129/167/493 119/164/494
f 119/164/494 129/167/493 128/165/495
s 2
f 120/166/496 121/168/497 129/167/498
f 129/167/498 121/168/497 130/169/499
s 3
f 121/168/500 122/170/501 130/169/502
f 130/169/502 122/170/501 131/171/503
s off
f 122/170/504 132/172/505 131/171/506
s 4
f 123/173/507 133/174/508 122/170/509
f 122/170/509 133/174/508 132/172/510
s off
f 123/173/511 124/175/512 133/174/513
f 124/175/514 117/176/515 125/177/516
s 5
f 125/162/517 126/161/518 134/178/519
f 134/178/519 126/161/518 135/179/520
s off
f 126/161/521 127/163/522 136/180/523 135/179/524
s 6
f 128/165/525 137/181/526 127/163/527
f 127/163/527 137/181/526 136/180/528
s 7
f 129/167/529 138/182/530 128/165/531
f 128/165/531 138/182/530 137/181/532
s 8
f 129/167/533 130/169/534 138/182/535
f 138/182/535 130/169/534 139/183/536
s 9
f 130/169/537 131/171/538 139/183/539
f 131/171/538 140/184/540 139/183/539
s 10
f 131/171/541 132/172/542 140/184/543
f 140/184/543 132/172/542 141/185/544
s 11
f 132/172/545 133/174/546 141/185/547
f 141/185/547 133/174/546 142/186/548
s off
f 133/174/549 124/175/550 142/186/551
f 124/175/552 125/177/553 134/187/554
s 12
f 134/178/555 135/179/556 143/188/557
f 143/188/557 135/179/556 144/189/558
s off
f 135/179/559 136/180/560 145/190/561 144/189/562
s 13
f 137/181/563 146/191/564 136/180/565
f 136/180/565 146/191/564 145/190/566
s 14
f 138/182/567 147/192/568 137/181/569
f 137/181/569 147/192/568 146/191/570
s 15
f 138/182/571 139/183/572 147/192/573
f 147/192/573 139/183/572 148/193/574
s 16
f 140/184/575 149/194/576 139/183/577
f 139/183/577 149/194/576 148/193/578
s 17
f 141/185/579 150/195/580 140/184/581
f 140/184/581 150/195/580 149/194/582
s 18
f 141/185/583 142/186/584 150/195/585
f 150/195/585 142/186/584 151/196/586
s off
f 142/186/587 124/175/588 152/197/589 151/196/590
f 124/175/591 134/187/592 143/198/593 152/197/594
s 19
f 143/188/595 144/189/596 153/199/597
f 153/199/597 144/189/596 154/200/598
s 20
f 144/189/599 145/190/600 155/201/601 154/200/602
s 21
f 146/191/603 156/202/604 145/190/605
f 145/190/605 156/202/604 155/201/606
s 22
f 147/192/607 148/193/608 157/203/609
f 157/203/609 148/193/608 158/204/610
s 23
f 148/193/611 149/194/612 158/204/613
f 158/204/613 149/194/612 159/205/614
s 24
f 150/195/615 160/206/616 149/194/617
f 149/194/617 160/206/616 159/205/618
s 25
f 151/196/619 161/207/620 150/195/621
f 150/195/621 161/207/620 160/206/622
s 26
f 151/196/623 152/197/624 162/208/625 161/207/626
s 27
f 152/197/627 143/198/628 153/209/629 162/208/630
s off
f 118/160/631 117/159/632 163/210/633
f 119/164/634 118/160/635 163/211/636
f 120/166/637 119/164/638 163/212/639
f 121/168/640 120/166/641 163/213/642
f 122/170/643 121/168/644 163/214/645
f 123/173/646 122/170/647 163/215/648
f 124/175/649 123/173/650 163/216/651
f 117/176/652 124/175/653 163/217/654
f 164/218/655 172/219/656 173/220/657 165/221/658
f 165/221/659 173/220/660 174/222/661
f 165/221/662 174/222/663 175/223/664 166/224/665
s 28
f 175/223/666 176/225/667 166/224/668
f 166/224/668 176/225/667 167/226/669
s 29
f 167/226/670 176/225/671 168/227/672
f 168/227/672 176/225/671 177/228/673
s 30
f 168/227/674 177/228/675 169/229/676
f 169/229/676 177/228/675 178/230/677
s off
f 169/229/678 178/230/679 179/231/680
s 31
f 179/231/681 180/232/682 169/229/683
f 169/229/683 180/232/682 170/233/684
s off
f 180/232/685 171/234/686 170/233/687
f 164/235/688 171/234/689 172/236/690
s 32
f 172/219/691 181/237/692 173/220/693
f 173/220/693 181/237/692 182/238/694
s off
f 173/220/695 182/238/696 183/239/697 174/222/698
s 33
f 183/239/699 184/240/700 174/222/701
f 174/222/701 184/240/700 175/223/702
s 34
f 184/240/703 185/241/704 175/223/705
f 175/223/705 185/241/704 176/225/706
s 35
f 176/225/707 185/241/708 177/228/709
f 177/228/709 185/241/708 186/242/710
s 36
f 177/228/711 186/242/712 178/230/713
f 186/242/712 187/243/714 178/230/713
s 37
f 178/230/715 187/243/716 179/231/717
f 179/231/717 187/243/716 188/244/718
s 38
f 179/231/719 188/244/720 180/232/721
f 180/232/721 188/244/720 189/245/722
s off
f 180/232/723 189/245/724 171/234/725
f 172/236/726 171/234/727 181/246/728
s 39
f 181/237/729 190/247/730 182/238/731
f 182/238/731 190/247/730 191/248/732
s off
f 182/238/733 191/248/734 192/249/735 183/239/736
s 40
f 192/249/737 193/250/738 183/239/739
f 183/239/739 193/250/738 184/240/740
s 41
f 193/250/741 194/251/742 184/240/743
f 184/240/743 194/251/742 185/241/744
s 42
f 185/241/745 194/251/746 186/242/747
f 186/242/747 194/251/746 195/252/748
s 43
f 195/252/749 196/253/750 186/242/751
f 186/242/751 196/253/750 187/243/752
s 44
f 196/253/753 197/254/754 187/243/755
f 187/243/755 197/254/754 188/244/756
s 45
f 188/244/757 197/254/758 189/245/759
f 189/245/759 197/254/758 198/255/760
s off
f 189/245/761 198/255/762 199/256/763 171/234/764
f 171/234/765 199/256/766 190/257/767 181/246/768
s 19
f 190/247/769 153/258/597 191/248/770
f 191/248/770 153/258/597 154/259/598
s 20
f 191/248/771 154/259/602 155/260/601 192/249/772
s 21
f 155/260/606 156/261/604 192/249/773
f 192/249/773 156/261/604 193/250/774
s 22
f 194/251/775 157/262/609 195/252/776
f 195/252/776 157/262/609 158/263/610
s 46
f 195/252/777 158/263/778 196/253/779
f 196/253/779 158/263/778 159/264/780
s 47
f 159/264/781 160/265/782 196/253/783
f 196/253/783 160/265/782 197/254/784
s 25
f 160/265/622 161/266/620 197/254/785
f 197/254/785 161/266/620 198/255/786
s 26
f 198/255/787 161/266/626 162/267/625 199/256/788
s 27
f 199/256/789 162/267/630 153/268/629 190/257/790
s off
f 165/221/791 200/269/792 164/218/793
f 166/224/794 200/270/795 165/221/796
f 167/226/797 200/271/798 166/224/799
f 168/227/800 200/272/801 167/226/802
f 169/229/803 200/273/804 168/227/805
f 170/233/806 200/274/807 169/229/808
f 171/234/809 200/275/810 170/233/811
f 164/235/812 200/276/813 171/234/814
f 201/277/815 209/278/816 210/279/817 202/280/818
f 202/280/819 210/279/820 211/281/821
f 202/280/822 211/281/823 212/282/824 203/283/825
s 48
f 204/284/826 203/283/827 213/285/828
f 203/283/827 212/282/829 213/285/828
s 49
f 204/284/830 213/285/831 205/286/832
f 213/285/831 214/287/833 205/286/832
s 50
f 205/286/834 214/287/835 206/288/836
f 214/287/835 215/289/837 206/288/836
s off
f 206/288/838 215/289/839 216/290/840
s 51
f 207/291/841 206/288/842 217/292/843
f 206/288/842 216/290/844 217/292/843
s off
f 207/291/845 217/292/846 208/293/847
f 208/293/848 209/294/849 201/295/850
s 52
f 209/278/851 218/296/852 210/279/853
f 218/296/852 219/297/854 210/279/853
s off
f 210/279/855 219/297/856 220/298/857 211/281/858
s 53
f 212/282/859 211/281/860 221/299/861
f 211/281/860 220/298/862 221/299/861
s 54
f 213/285/863 212/282/864 222/300/865
f 212/282/864 221/299/866 222/300/865
s 55
f 213/285/867 222/300/868 214/287/869
f 222/300/868 223/301/870 214/287/869
s 56
f 214/287/871 223/301/872 215/289/873
f 215/289/873 223/301/872 224/302/874
s 57
f 215/289/875 224/302/876 216/290/877
f 224/302/876 225/303/878 216/290/877
s 58
f 216/290/879 225/303/880 217/292/881
f 225/303/880 226/304/882 217/292/881
s off
f 217/292/883 226/304/884 208/293/885
f 208/293/886 218/305/887 209/294/888
s 59
f 218/296/889 227/306/890 219/297/891
f 227/306/890 228/307/892 219/297/891
s off
f 219/297/893 228/307/894 229/308/895 220/298/896
s 60
f 221/299/897 220/298/898 230/309/899
f 220/298/898 229/308/900 230/309/899
s 61
f 222/300/901 221/299/902 231/310/903
f 221/299/902 230/309/904 231/310/903
s 62
f 222/300/905 231/310/906 223/301/907
f 231/310/906 232/311/908 223/301/907
s 63
f 224/302/909 223/301/910 233/312/911
f 223/301/910 232/311/912 233/312/911
s 64
f 225/303/913 224/302/914 234/313/915
f 224/302/914 233/312/916 234/313/915
s 65
f 225/303/917 234/313/918 226/304/919
f 234/313/918 235/314/920 226/304/919
s off
f 226/304/921 235/314/922 236/315/923 208/293/924
f 208/293/925 236/315/926 227/316/927 218/305/928
s 66
f 227/306/929 237/317/930 228/307/931
f 237/317/930 238/318/932 228/307/931
s 67
f 228/307/933 238/318/934 239/319/935 229/308/936
s 68
f 230/309/937 229/308/938 240/320/939
f 229/308/938 239/319/940 240/320/939
s 69
f 231/310/941 241/321/942 232/311/943
f 241/321/942 242/322/944 232/311/943
s 70
f 232/311/945 242/322/946 233/312/947
f 242/322/946 243/323/948 233/312/947
s 71
f 234/313/949 233/312/950 244/324/951
f 233/312/950 243/323/952 244/324/951
s 72
f 235/314/953 234/313/954 245/325/955
f 234/313/954 244/324/956 245/325/955
s 73
f 235/314/957 245/325/958 246/326/959 236/315/960
s 74
f 236/315/961 246/326/962 237/327/963 227/316/964
s off
f 202/280/965 247/328/966 201/277/967
f 203/283/968 247/329/969 202/280/970
f 204/284/971 247/330/972 203/283/973
f 205/286/974 247/331/975 204/284/976
f 206/288/977 247/332/978 205/286/979
f 207/291/980 247/333/981 206/288/982
f 208/293/983 247/334/984 207/291/985
f 201/295/986 247/335/987 208/293/988
f 248/336/989 249/337/990 257/338/991 256/339/992
f 249/337/993 258/340/994 257/338/995
f 249/337/996 250/341/997 259/342/998 258/340/999
s 75
f 259/342/1000 250/341/1001 260/343/1002
f 250/341/1001 251/344/1003 260/343/1002
s 76
f 251/344/1004 252/345/1005 260/343/1006
f 252/345/1005 261/346/1007 260/343/1006
s 77
f 252/345/1008 253/347/1009 261/346/1010
f 253/347/1009 262/348/1011 261/346/1010
s off
f 253/347/1012 263/349/1013 262/348/1014
s 78
f 263/349/1015 253/347/1016 264/350/1017
f 253/347/1016 254/351/1018 264/350/1017
s off
f 264/350/1019 254/351/1020 255/352/1021
f 248/353/1022 256/354/1023 255/352/1024
s 79
f 256/339/1025 257/338/1026 265/355/1027
f 257/338/1026 266/356/1028 265/355/1027
s off
f 257/338/1029 258/340/1030 267/357/1031 266/356/1032
s 80
f 267/357/1033 258/340/1034 268/358/1035
f 258/340/1034 259/342/1036 268/358/1035
s 81
f 268/358/1037 259/342/1038 269/359/1039
f 259/342/1038 260/343/1040 269/359/1039
s 82
f 260/343/1041 261/346/1042 269/359/1043
f 261/346/1042 270/360/1044 269/359/1043
s 83
f 261/346/1045 262/348/1046 270/360/1047
f 270/360/1047 262/348/1046 271/361/1048
s 84
f 262/348/1049 263/349/1050 271/361/1051
f 263/349/1050 272/362/1052 271/361/1051
s 85
f 263/349/1053 264/350/1054 272/362/1055
f 264/350/1054 273/363/1056 272/362/1055
s off
f 264/350/1057 255/352/1058 273/363/1059
f 256/354/1060 265/364/1061 255/352/1062
s 86
f 265/355/1063 266/356/1064 274/365/1065
f 266/356/1064 275/366/1066 274/365/1065
s off
f 266/356/1067 267/357/1068 276/367/1069 275/366/1070
s 87
f 276/367/1071 267/357/1072 277/368/1073
f 267/357/1072 268/358/1074 277/368/1073
s 88
f 277/368/1075 268/358/1076 278/369/1077
f 268/358/1076 269/359/1078 278/369/1077
s 89
f 269/359/1079 270/360/1080 278/369/1081
f 270/360/1080 279/370/1082 278/369/1081
s 90
f 279/370/1083 270/360/1084 280/371/1085
f 270/360/1084 271/361/1086 280/371/1085
s 91
f 280/371/1087 271/361/1088 281/372/1089
f 271/361/1088 272/362/1090 281/372/1089
s 92
f 272/362/1091 273/363/1092 281/372/1093
f 273/363/1092 282/373/1094 281/372/1093
s off
f 273/363/1095 255/352/1096 283/374/1097 282/373/1098
f 255/352/1099 265/364/1100 274/375/1101 283/374/1102
s 66
f 274/365/1103 275/366/1104 237/376/930
f 275/366/1104 238/377/932 237/376/930
s 67
f 275/366/1105 276/367/1106 239/378/935 238/377/934
s 68
f 239/378/940 276/367/1107 240/379/939
f 276/367/1107 277/368/1108 240/379/939
s 69
f 278/369/1109 279/370/1110 241/380/942
f 279/370/1110 242/381/944 241/380/942
s 93
f 279/370/1111 280/371/1112 242/381/1113
f 280/371/1112 243/382/1114 242/381/1113
s 94
f 243/382/1115 280/371/1116 244/383/1117
f 280/371/1116 281/372/1118 244/383/1117
s 72
f 244/383/956 281/372/1119 245/384/955
f 281/372/1119 282/373/1120 245/384/955
s 73
f 282/373/1121 283/374/1122 246/385/959 245/384/958
s 74
f 283/374/1123 274/375/1124 237/386/963 246/385/962
s off
f 249/337/1125 248/336/1126 284/387/1127
f 250/341/1128 249/337/1129 284/388/1130
f 251/344/1131 250/341/1132 284/389/1133
f 252/345/1134 251/344/1135 284/390/1136
f 253/347/1137 252/345/1138 284/391/1139
f 254/351/1140 253/347/1141 284/392/1142
f 255/352/1143 254/351/1144 284/393/1145
f 248/353/1146 255/352/1147 284/394/1148
s 95
f 286/395/1149 329/396/1150 627/397/1151 531/398/1152
f 531/398/1152 627/397/1151 532/399/1153 370/400/1154
f 627/397/1151 533/401/1155 354/402/1156 532/399/1153
f 329/396/1150 292/403/1157 533/401/1155 627/397/1151
f 370/400/1154 532/399/1153 628/404/1158 534/405/1159
f 534/405/1159 628/404/1158 535/406/1160 345/407/1161
f 628/404/1158 536/408/1162 371/409/1163 535/406/1160
f 532/399/1153 354/402/1156 536/408/1162 628/404/1158
f 354/402/1156 539/410/1164 629/411/1165 536/408/1162
f 536/408/1162 629/411/1165 537/412/1166 371/409/1163
f 629/411/1165 538/413/1167 351/414/1168 537/412/1166
f 539/410/1164 363/415/1169 538/413/1167 629/411/1165
f 292/403/1157 330/416/1170 630/417/1171 533/401/1155
f 533/401/1155 630/417/1171 539/410/1164 354/402/1156
f 630/417/1171 540/418/1172 363/415/1169 539/410/1164
f 330/416/1170 289/419/1173 540/418/1172 630/417/1171
f 289/419/1173 1744/420/1174 631/421/1175 540/418/1172
f 540/418/1172 631/421/1175 541/422/1176 363/415/1169
f 1692/423/1177 542/424/1178 631/421/1175
f 363/415/1169 541/422/1176 632/425/1179 538/413/1167
f 538/413/1167 632/425/1179 543/426/1180 351/414/1168
f 632/425/1179 544/427/1181 372/428/1182 543/426/1180
f 544/427/1181 633/429/1183 545/430/1184 372/428/1182
f 633/429/1183 546/431/1185 346/432/1186 545/430/1184
f 547/433/1187 373/434/1188 546/431/1185 633/429/1183
f 293/435/1189 332/436/1190 634/437/1191 542/424/1178
f 634/437/1191 548/438/1192 373/434/1188 547/433/1187
f 332/436/1190 287/439/1193 548/438/1192 634/437/1191
f 287/439/1193 333/440/1194 635/441/1195 548/438/1192
f 548/438/1192 635/441/1195 549/442/1196 373/434/1188
f 635/441/1195 550/443/1197 355/444/1198 549/442/1196
f 333/440/1194 294/445/1199 550/443/1197 635/441/1195
f 373/434/1188 549/442/1196 636/446/1200 546/431/1185
f 546/431/1185 636/446/1200 551/447/1201 346/432/1186
f 636/446/1200 552/448/1202 374/449/1203 551/447/1201
f 549/442/1196 355/444/1198 552/448/1202 636/446/1200
f 355/444/1198 555/450/1204 637/451/1205 552/448/1202
f 552/448/1202 637/451/1205 553/452/1206 374/449/1203
f 637/451/1205 554/453/1207 352/454/1208 553/452/1206
f 555/450/1204 364/455/1209 554/453/1207 637/451/1205
f 294/445/1199 334/456/1210 638/457/1211 550/443/1197
f 550/443/1197 638/457/1211 555/450/1204 355/444/1198
f 638/457/1211 556/458/1212 364/455/1209 555/450/1204
f 334/456/1210 290/459/1213 556/458/1212 638/457/1211
f 290/459/1213 335/460/1214 639/461/1215 556/458/1212
f 556/458/1212 639/461/1215 557/462/1216 364/455/1209
f 639/461/1215 558/463/1217 356/464/1218 557/462/1216
f 335/460/1214 295/465/1219 558/463/1217 639/461/1215
f 364/455/1209 557/462/1216 640/466/1220 554/453/1207
f 554/453/1207 640/466/1220 559/467/1221 352/454/1208
f 640/466/1220 560/468/1222 375/469/1223 559/467/1221
f 557/462/1216 356/464/1218 560/468/1222 640/466/1220
f 356/464/1218 563/470/1224 641/471/1225 560/468/1222
f 560/468/1222 641/471/1225 561/472/1226 375/469/1223
f 641/471/1225 562/473/1227 347/474/1228 561/472/1226
f 563/470/1224 376/475/1229 562/473/1227 641/471/1225
f 295/465/1219 336/476/1230 642/477/1231 558/463/1217
f 558/463/1217 642/477/1231 563/470/1224 356/464/1218
f 642/477/1231 564/478/1232 376/475/1229 563/470/1224
f 336/476/1230 288/479/1233 564/478/1232 642/477/1231
f 288/479/1233 337/480/1234 643/481/1235 564/478/1232
f 564/478/1232 643/481/1235 565/482/1236 376/475/1229
f 643/481/1235 566/483/1237 357/484/1238 565/482/1236
f 337/480/1234 296/485/1239 566/483/1237 643/481/1235
f 376/475/1229 565/482/1236 644/486/1240 562/473/1227
f 562/473/1227 644/486/1240 567/487/1241 347/474/1228
f 644/486/1240 568/488/1242 377/489/1243 567/487/1241
f 565/482/1236 357/484/1238 568/488/1242 644/486/1240
f 357/484/1238 571/490/1244 645/491/1245 568/488/1242
f 568/488/1242 645/491/1245 569/492/1246 377/489/1243
f 645/491/1245 570/493/1247 349/494/1248 569/492/1246
f 571/490/1244 365/495/1249 570/493/1247 645/491/1245
f 296/485/1239 338/496/1250 646/497/1251 566/483/1237
f 566/483/1237 646/497/1251 571/490/1244 357/484/1238
f 646/497/1251 572/498/1252 365/495/1249 571/490/1244
f 338/496/1250 291/499/1253 572/498/1252 646/497/1251
f 291/499/1253 339/500/1254 647/501/1255 572/498/1252
f 572/498/1252 647/501/1255 573/502/1256 365/495/1249
f 647/501/1255 574/503/1257 358/504/1258 573/502/1256
f 339/500/1254 297/505/1259 574/503/1257 647/501/1255
f 365/495/1249 573/502/1256 648/506/1260 570/493/1247
f 570/493/1247 648/506/1260 575/507/1261 349/494/1248
f 648/506/1260 576/508/1262 378/509/1263 575/507/1261
f 573/502/1256 358/504/1258 576/508/1262 648/506/1260
f 358/504/1258 579/510/1264 649/511/1265 576/508/1262
f 576/508/1262 649/511/1265 577/512/1266 378/509/1263
f 649/511/1265 578/513/1267 348/514/1268 577/512/1266
f 579/510/1264 379/515/1269 578/513/1267 649/511/1265
f 297/505/1259 340/516/1270 650/517/1271 574/503/1257
f 574/503/1257 650/517/1271 579/510/1264 358/504/1258
f 650/517/1271 580/518/1272 379/515/1269 579/510/1264
f 340/516/1270 285/519/1273 580/518/1272 650/517/1271
f 345/407/1161 535/406/1160 651/520/1274 581/521/1275
f 581/521/1275 651/520/1274 582/522/1276 381/523/1277
f 651/520/1274 583/524/1278 359/525/1279 582/522/1276
f 535/406/1160 371/409/1163 583/524/1278 651/520/1274
f 381/523/1277 582/522/1276 652/526/1280 584/527/1281
f 584/527/1281 652/526/1280 585/528/1282 350/529/1283
f 652/526/1280 586/530/1284 366/531/1285 585/528/1282
f 582/522/1276 359/525/1279 586/530/1284 652/526/1280
f 359/525/1279 589/532/1286 653/533/1287 586/530/1284
f 586/530/1284 653/533/1287 587/534/1288 366/531/1285
f 653/533/1287 588/535/1289 353/536/1290 587/534/1288
f 589/532/1286 369/537/1291 588/535/1289 653/533/1287
f 371/409/1163 537/412/1166 654/538/1292 583/524/1278
f 583/524/1278 654/538/1292 589/532/1286 359/525/1279
f 654/538/1292 590/539/1293 369/537/1291 589/532/1286
f 537/412/1166 351/414/1168 590/539/1293 654/538/1292
f 350/529/1283 585/528/1282 655/540/1294 591/541/1295
f 591/541/1295 655/540/1294 592/542/1296 380/543/1297
f 655/540/1294 593/544/1298 360/545/1299 592/542/1296
f 585/528/1282 366/531/1285 593/544/1298 655/540/1294
f 380/543/1297 592/542/1296 656/546/1300 594/547/1301
f 594/547/1301 656/546/1300 577/548/1266 348/549/1268
f 656/546/1300 595/550/1302 378/551/1263 577/548/1266
f 592/542/1296 360/545/1299 595/550/1302 656/546/1300
f 360/545/1299 597/552/1303 657/553/1304 595/550/1302
f 595/550/1302 657/553/1304 575/554/1261 378/551/1263
f 657/553/1304 596/555/1305 349/556/1248 575/554/1261
f 597/552/1303 367/557/1306 596/555/1305 657/553/1304
f 366/531/1285 587/534/1288 658/558/1307 593/544/1298
f 593/544/1298 658/558/1307 597/552/1303 360/545/1299
f 658/558/1307 598/559/1308 367/557/1306 597/552/1303
f 587/534/1288 353/536/1290 598/559/1308 658/558/1307
f 353/536/1290 601/560/1309 659/561/1310 598/559/1308
f 598/559/1308 659/561/1310 599/562/1311 367/557/1306
f 659/561/1310 600/563/1312 361/564/1313 599/562/1311
f 601/560/1309 368/565/1314 600/563/1312 659/561/1310
f 367/557/1306 599/562/1311 660/566/1315 596/555/1305
f 596/555/1305 660/566/1315 569/567/1246 349/556/1248
f 660/566/1315 602/568/1316 377/569/1243 569/567/1246
f 599/562/1311 361/564/1313 602/568/1316 660/566/1315
f 361/564/1313 603/570/1317 661/571/1318 602/568/1316
f 602/568/1316 661/571/1318 567/572/1241 377/569/1243
f 661/571/1318 561/573/1226 347/574/1228 567/572/1241
f 603/570/1317 375/575/1223 561/573/1226 661/571/1318
f 368/565/1314 604/576/1319 662/577/1320 600/563/1312
f 600/563/1312 662/577/1320 603/570/1317 361/564/1313
f 662/577/1320 559/578/1221 375/575/1223 603/570/1317
f 604/576/1319 352/579/1208 559/578/1221 662/577/1320
f 351/414/1168 543/426/1180 663/580/1321 590/539/1293
f 590/539/1293 663/580/1321 605/581/1322 369/537/1291
f 663/580/1321 606/582/1323 362/583/1324 605/581/1322
f 543/426/1180 372/428/1182 606/582/1323 663/580/1321
f 369/537/1291 605/581/1322 664/584/1325 588/535/1289
f 588/535/1289 664/584/1325 601/560/1309 353/536/1290
f 664/584/1325 607/585/1326 368/565/1314 601/560/1309
f 605/581/1322 362/583/1324 607/585/1326 664/584/1325
f 362/583/1324 608/586/1327 665/587/1328 607/585/1326
f 607/585/1326 665/587/1328 604/576/1319 368/565/1314
f 665/587/1328 553/588/1206 352/579/1208 604/576/1319
f 608/586/1327 374/589/1203 553/588/1206 665/587/1328
f 372/428/1182 545/430/1184 666/590/1329 606/582/1323
f 606/582/1323 666/590/1329 608/586/1327 362/583/1324
f 666/590/1329 551/591/1201 374/589/1203 608/586/1327
f 545/430/1184 346/432/1186 551/591/1201 666/590/1329
f 299/592/1330 341/593/1331 667/594/1332 609/595/1333
f 609/595/1333 667/594/1332 610/596/1334 408/597/1335
f 667/594/1332 611/598/1336 391/599/1337 610/596/1334
f 341/593/1331 305/600/1338 611/598/1336 667/594/1332
f 408/597/1335 610/596/1334 668/601/1339 612/602/1340
f 612/602/1340 668/601/1339 613/603/1341 382/604/1342
f 668/601/1339 614/605/1343 409/606/1344 613/603/1341
f 610/596/1334 391/599/1337 614/605/1343 668/601/1339
f 391/599/1337 617/607/1345 669/608/1346 614/605/1343
f 614/605/1343 669/608/1346 615/609/1347 409/606/1344
f 669/608/1346 616/610/1348 388/611/1349 615/609/1347
f 617/607/1345 401/612/1350 616/610/1348 669/608/1346
f 305/600/1338 342/613/1351 670/614/1352 611/598/1336
f 611/598/1336 670/614/1352 617/607/1345 391/599/1337
f 670/614/1352 618/615/1353 401/612/1350 617/607/1345
f 342/613/1351 302/616/1354 618/615/1353 670/614/1352
f 302/616/1354 343/617/1355 671/618/1356 618/615/1353
f 618/615/1353 671/618/1356 619/619/1357 401/612/1350
f 671/618/1356 620/620/1358 392/621/1359 619/619/1357
f 343/617/1355 306/622/1360 620/620/1358 671/618/1356
f 401/612/1350 619/619/1357 672/623/1361 616/610/1348
f 616/610/1348 672/623/1361 621/624/1362 388/611/1349
f 672/623/1361 622/625/1363 410/626/1364 621/624/1362
f 619/619/1357 392/621/1359 622/625/1363 672/623/1361
f 392/621/1359 625/627/1365 673/628/1366 622/625/1363
f 622/625/1363 673/628/1366 623/629/1367 410/626/1364
f 673/628/1366 624/630/1368 383/631/1369 623/629/1367
f 625/627/1365 411/632/1370 624/630/1368 673/628/1366
f 306/622/1360 344/633/1371 674/634/1372 620/620/1358
f 620/620/1358 674/634/1372 625/627/1365 392/621/1359
f 674/634/1372 626/635/1373 411/632/1370 625/627/1365
f 344/633/1371 300/636/1374 626/635/1373 674/634/1372
f 301/637/1375 315/638/1376 675/639/1377 434/640/1378
f 434/640/1378 675/639/1377 435/641/1379 414/642/1380
f 675/639/1377 436/643/1381 393/644/1382 435/641/1379
f 315/638/1376 307/645/1383 436/643/1381 675/639/1377
f 414/642/1380 435/641/1379 676/646/1384 437/647/1385
f 437/647/1385 676/646/1384 438/648/1386 384/649/1387
f 676/646/1384 439/650/1388 415/651/1389 438/648/1386
f 435/641/1379 393/644/1382 439/650/1388 676/646/1384
f 393/644/1382 442/652/1390 677/653/1391 439/650/1388
f 439/650/1388 677/653/1391 440/654/1392 415/651/1389
f 677/653/1391 441/655/1393 386/656/1394 440/654/1392
f 442/652/1390 402/657/1395 441/655/1393 677/653/1391
f 307/645/1383 316/658/1396 678/659/1397 436/643/1381
f 436/643/1381 678/659/1397 442/652/1390 393/644/1382
f 678/659/1397 443/660/1398 402/657/1395 442/652/1390
f 316/658/1396 303/661/1399 443/660/1398 678/659/1397
f 303/661/1399 317/662/1400 679/663/1401 443/660/1398
f 443/660/1398 679/663/1401 444/664/1402 402/657/1395
f 679/663/1401 445/665/1403 394/666/1404 444/664/1402
f 317/662/1400 308/667/1405 445/665/1403 679/663/1401
f 402/657/1395 444/664/1402 680/668/1406 441/655/1393
f 441/655/1393 680/668/1406 446/669/1407 386/656/1394
f 680/668/1406 447/670/1408 416/671/1409 446/669/1407
f 444/664/1402 394/666/1404 447/670/1408 680/668/1406
f 394/666/1404 450/672/1410 681/673/1411 447/670/1408
f 447/670/1408 681/673/1411 448/674/1412 416/671/1409
f 681/673/1411 449/675/1413 385/676/1414 448/674/1412
f 450/672/1410 417/677/1415 449/675/1413 681/673/1411
f 308/667/1405 318/678/1416 682/679/1417 445/665/1403
f 445/665/1403 682/679/1417 450/672/1410 394/666/1404
f 682/679/1417 451/680/1418 417/677/1415 450/672/1410
f 318/678/1416 298/681/1419 451/680/1418 682/679/1417
f 298/681/1419 319/682/1420 683/683/1421 451/680/1418
f 451/680/1418 683/683/1421 452/684/1422 417/677/1415
f 683/683/1421 453/685/1423 395/686/1424 452/684/1422
f 319/682/1420 309/687/1425 453/685/1423 683/683/1421
f 417/677/1415 452/684/1422 684/688/1426 449/675/1413
f 449/675/1413 684/688/1426 454/689/1427 385/676/1414
f 684/688/1426 455/690/1428 418/691/1429 454/689/1427
f 452/684/1422 395/686/1424 455/690/1428 684/688/1426
f 395/686/1424 458/692/1430 685/693/1431 455/690/1428
f 455/690/1428 685/693/1431 456/694/1432 418/691/1429
f 685/693/1431 1709/695/1433 1710/696/1434 456/694/1432
f 458/692/1430 1708/697/1435 1709/695/1433 685/693/1431
f 309/687/1425 320/698/1436 686/699/1437 453/685/1423
f 453/685/1423 686/699/1437 458/692/1430 395/686/1424
f 320/698/1436 1706/700/1438 1707/701/1439 686/699/1437
f 304/702/1440 321/703/1441 687/704/1442 459/705/1443
f 459/705/1443 687/704/1442 460/706/1444 403/707/1445
f 687/704/1442 461/708/1446 396/709/1447 460/706/1444
f 321/703/1441 310/710/1448 461/708/1446 687/704/1442
f 403/707/1445 460/706/1444 688/711/1449 457/712/1450
f 457/712/1450 688/711/1449 462/713/1451 387/714/1452
f 688/711/1449 463/715/1453 419/716/1454 462/713/1451
f 460/706/1444 396/709/1447 463/715/1453 688/711/1449
f 396/709/1447 465/717/1455 689/718/1456 463/715/1453
f 463/715/1453 689/718/1456 464/719/1457 419/716/1454
f 689/718/1456 612/720/1340 382/721/1342 464/719/1457
f 465/717/1455 408/722/1335 612/720/1340 689/718/1456
f 310/710/1448 322/723/1458 690/724/1459 461/708/1446
f 461/708/1446 690/724/1459 465/717/1455 396/709/1447
f 690/724/1459 609/725/1333 408/722/1335 465/717/1455
f 322/723/1458 299/726/1330 609/725/1333 690/724/1459
f 382/604/1342 613/603/1341 691/727/1460 464/728/1457
f 464/728/1457 691/727/1460 466/729/1461 419/730/1454
f 691/727/1460 467/731/1462 397/732/1463 466/729/1461
f 613/603/1341 409/606/1344 467/731/1462 691/727/1460
f 419/730/1454 466/729/1461 692/733/1464 462/734/1451
f 462/734/1451 692/733/1464 468/735/1465 387/736/1452
f 692/733/1464 469/737/1466 404/738/1467 468/735/1465
f 466/729/1461 397/732/1463 469/737/1466 692/733/1464
f 397/732/1463 472/739/1468 693/740/1469 469/737/1466
f 469/737/1466 693/740/1469 470/741/1470 404/738/1467
f 693/740/1469 471/742/1471 390/743/1472 470/741/1470
f 472/739/1468 407/744/1473 471/742/1471 693/740/1469
f 409/606/1344 615/609/1347 694/745/1474 467/731/1462
f 467/731/1462 694/745/1474 472/739/1468 397/732/1463
f 694/745/1474 473/746/1475 407/744/1473 472/739/1468
f 615/609/1347 388/611/1349 473/746/1475 694/745/1474
f 1710/747/1434 1711/748/1476 695/749/1477 456/750/1432
f 456/750/1432 695/749/1477 474/751/1478 418/752/1429
f 695/749/1477 475/753/1479 398/754/1480 474/751/1478
f 1711/748/1476 1712/755/1481 475/753/1479 695/749/1477
f 418/752/1429 474/751/1478 696/756/1482 454/757/1427
f 454/757/1427 696/756/1482 448/758/1412 385/759/1414
f 696/756/1482 476/760/1483 416/761/1409 448/758/1412
f 474/751/1478 398/754/1480 476/760/1483 696/756/1482
f 398/754/1480 478/762/1484 697/763/1485 476/760/1483
f 476/760/1483 697/763/1485 446/764/1407 416/761/1409
f 697/763/1485 477/765/1486 386/766/1394 446/764/1407
f 478/762/1484 405/767/1487 477/765/1486 697/763/1485
f 1712/755/1481 1713/768/1488 698/769/1489 475/753/1479
f 475/753/1479 698/769/1489 478/762/1484 398/754/1480
f 698/769/1489 479/770/1490 405/767/1487 478/762/1484
f 1713/768/1488 1714/771/1491 479/770/1490 698/769/1489
f 1714/771/1491 1715/772/1492 699/773/1493 479/770/1490
f 479/770/1490 699/773/1493 480/774/1494 405/767/1487
f 699/773/1493 481/775/1495 399/776/1496 480/774/1494
f 1715/772/1492 1716/777/1497 481/775/1495 699/773/1493
f 405/767/1487 480/774/1494 700/778/1498 477/765/1486
f 477/765/1486 700/778/1498 440/779/1392 386/766/1394
f 700/778/1498 483/780/1499 415/781/1389 440/779/1392
f 480/774/1494 399/776/1496 483/780/1499 700/778/1498
f 399/776/1496 485/782/1500 701/783/1501 483/780/1499
f 483/780/1499 701/783/1501 438/784/1386 415/781/1389
f 701/783/1501 484/785/1502 384/786/1387 438/784/1386
f 485/782/1500 413/787/1503 484/785/1502 701/783/1501
f 1716/777/1497 1717/788/1504 702/789/1505 481/775/1495
f 481/775/1495 702/789/1505 485/782/1500 399/776/1496
f 702/789/1505 486/790/1506 413/787/1503 485/782/1500
f 487/791/1507 389/792/1508 809/793/1509 486/790/1506 702/789/1505 1717/788/1504
f 388/611/1349 621/624/1362 703/794/1510 473/746/1475
f 473/746/1475 703/794/1510 488/795/1511 407/744/1473
f 703/794/1510 489/796/1512 400/797/1513 488/795/1511
f 621/624/1362 410/626/1364 489/796/1512 703/794/1510
f 407/744/1473 488/795/1511 704/798/1514 471/742/1471
f 471/742/1471 704/798/1514 482/799/1515 390/743/1472
f 704/798/1514 490/800/1516 406/801/1517 482/799/1515
f 488/795/1511 400/797/1513 490/800/1516 704/798/1514
f 400/797/1513 492/802/1518 705/803/1519 490/800/1516
f 490/800/1516 705/803/1519 487/791/1507 406/801/1517
f 705/803/1519 491/804/1520 825/805/1521 389/792/1508 487/791/1507
f 492/802/1518 412/806/1522 491/804/1520 705/803/1519
f 410/626/1364 623/629/1367 706/807/1523 489/796/1512
f 489/796/1512 706/807/1523 492/802/1518 400/797/1513
f 706/807/1523 493/808/1524 412/806/1522 492/802/1518
f 623/629/1367 383/631/1369 493/808/1524 706/807/1523
f 313/809/1525 323/810/1526 707/811/1527 494/812/1528
f 494/812/1528 707/811/1527 495/813/1529 427/814/1530
f 707/811/1527 434/640/1378 414/642/1380 495/813/1529
f 323/810/1526 301/637/1375 434/640/1378 707/811/1527
f 427/814/1530 495/813/1529 708/815/1531 496/816/1532
f 496/816/1532 708/815/1531 497/817/1533 428/818/1534
f 708/815/1531 437/647/1385 384/649/1387 497/817/1533
f 495/813/1529 414/642/1380 437/647/1385 708/815/1531
f 428/819/1534 497/820/1533 709/821/1535 498/822/1536
f 498/822/1536 709/821/1535 499/823/1537 429/824/1538
f 709/821/1535 484/785/1502 413/787/1503 499/823/1537
f 497/820/1533 384/786/1387 484/785/1502 709/821/1535
f 429/824/1538 499/823/1537 710/825/1539 500/826/1540
f 500/826/1540 710/825/1539 804/827/1541 501/828/1542 430/829/1543
s 102
f 793/830/1544 796/831/1545 797/832/1546 791/833/1547
s 95
f 499/823/1537 413/787/1503 486/790/1506 814/834/1548 710/825/1539
f 430/829/1543 501/828/1542 817/835/1549 711/836/1550 502/837/1551
f 502/837/1551 711/836/1550 503/838/1552 431/839/1553
f 711/836/1550 821/840/1554 491/804/1520 412/806/1522 503/838/1552
s 102
f 798/841/1555 800/842/1556 801/843/1557 790/844/1558
s 95
f 431/839/1553 503/838/1552 712/845/1559 504/846/1560
f 504/846/1560 712/845/1559 505/847/1561 432/848/1562
f 712/845/1559 493/808/1524 383/631/1369 505/847/1561
f 503/838/1552 412/806/1522 493/808/1524 712/845/1559
f 432/848/1562 505/847/1561 713/849/1563 506/850/1564
f 506/850/1564 713/849/1563 507/851/1565 433/852/1566
f 713/849/1563 624/630/1368 411/632/1370 507/851/1565
f 505/847/1561 383/631/1369 624/630/1368 713/849/1563
f 433/852/1566 507/851/1565 714/853/1567 508/854/1568
f 508/854/1568 714/853/1567 324/855/1569 314/856/1570
f 714/853/1567 626/635/1373 300/636/1374 324/855/1569
f 507/851/1565 411/632/1370 626/635/1373 714/853/1567
f 285/519/1273 325/857/1571 715/858/1572 580/518/1272
f 580/518/1272 715/858/1572 509/859/1573 379/515/1269
f 715/858/1572 510/860/1574 420/861/1575 509/859/1573
f 325/857/1571 311/862/1576 510/860/1574 715/858/1572
f 379/515/1269 509/859/1573 716/863/1577 578/513/1267
f 578/513/1267 716/863/1577 511/864/1578 348/514/1268
f 716/863/1577 512/865/1579 421/866/1580 511/864/1578
f 509/859/1573 420/861/1575 512/865/1579 716/863/1577
f 348/549/1268 511/867/1578 717/868/1581 594/547/1301
f 594/547/1301 717/868/1581 513/869/1582 380/543/1297
f 717/868/1581 514/870/1583 422/871/1584 513/869/1582
f 511/867/1578 421/872/1580 514/870/1583 717/868/1581
f 380/543/1297 513/869/1582 718/873/1585 591/541/1295
f 591/541/1295 718/873/1585 515/874/1586 350/529/1283
f 718/873/1585 516/875/1587 423/876/1588 515/874/1586
f 513/869/1582 422/871/1584 516/875/1587 718/873/1585
f 350/529/1283 515/874/1586 719/877/1589 584/527/1281
f 584/527/1281 719/877/1589 517/878/1590 381/523/1277
f 719/877/1589 518/879/1591 424/880/1592 517/878/1590
f 515/874/1586 423/876/1588 518/879/1591 719/877/1589
f 381/523/1277 517/878/1590 720/881/1593 581/521/1275
f 581/521/1275 720/881/1593 519/882/1594 345/407/1161
f 720/881/1593 520/883/1595 425/884/1596 519/882/1594
f 517/878/1590 424/880/1592 520/883/1595 720/881/1593
f 345/407/1161 519/882/1594 721/885/1597 534/405/1159
f 534/405/1159 721/885/1597 521/886/1598 370/400/1154
f 721/885/1597 522/887/1599 426/888/1600 521/886/1598
f 519/882/1594 425/884/1596 522/887/1599 721/885/1597
f 370/400/1154 521/886/1598 722/889/1601 531/398/1152
f 531/398/1152 722/889/1601 326/890/1602 286/395/1149
f 722/889/1601 523/891/1603 312/892/1604 326/890/1602
f 521/886/1598 426/888/1600 523/891/1603 722/889/1601
f 311/862/1576 327/893/1605 723/894/1606 510/860/1574
f 510/860/1574 723/894/1606 524/895/1607 420/861/1575
f 723/894/1606 494/812/1528 427/814/1530 524/895/1607
f 327/893/1605 313/809/1525 494/812/1528 723/894/1606
f 420/861/1575 524/895/1607 724/896/1608 512/865/1579
f 512/865/1579 724/896/1608 525/897/1609 421/866/1580
f 724/896/1608 496/816/1532 428/818/1534 525/897/1609
f 524/895/1607 427/814/1530 496/816/1532 724/896/1608
f 421/872/1580 525/898/1609 725/899/1610 514/870/1583
f 514/870/1583 725/899/1610 526/900/1611 422/871/1584
f 725/899/1610 498/822/1536 429/824/1538 526/900/1611
f 525/898/1609 428/819/1534 498/822/1536 725/899/1610
f 422/871/1584 526/900/1611 726/901/1612 516/875/1587
f 516/875/1587 726/901/1612 527/902/1613 423/876/1588
f 726/901/1612 500/826/1540 430/829/1543 527/902/1613
f 526/900/1611 429/824/1538 500/826/1540 726/901/1612
f 423/876/1588 527/902/1613 727/903/1614 518/879/1591
f 518/879/1591 727/903/1614 528/904/1615 424/880/1592
f 727/903/1614 502/837/1551 431/839/1553 528/904/1615
f 527/902/1613 430/829/1543 502/837/1551 727/903/1614
f 424/880/1592 528/904/1615 728/905/1616 520/883/1595
f 520/883/1595 728/905/1616 529/906/1617 425/884/1596
f 728/905/1616 504/846/1560 432/848/1562 529/906/1617
f 528/904/1615 431/839/1553 504/846/1560 728/905/1616
f 425/884/1596 529/906/1617 729/907/1618 522/887/1599
f 522/887/1599 729/907/1618 530/908/1619 426/888/1600
f 729/907/1618 506/850/1564 433/852/1566 530/908/1619
f 529/906/1617 432/848/1562 506/850/1564 729/907/1618
f 426/888/1600 530/908/1619 730/909/1620 523/891/1603
f 523/891/1603 730/909/1620 328/910/1621 312/892/1604
f 730/909/1620 508/854/1568 314/856/1570 328/910/1621
f 530/908/1619 433/852/1566 508/854/1568 730/909/1620
s 102
f 807/911/1622 803/912/1623 804/827/1624 710/825/1625
f 812/913/1626 808/914/1627 809/793/1628 389/792/1629
f 810/915/1630 813/916/1631 814/834/1632 486/790/1633
f 805/917/1634 816/918/1635 817/835/1636 501/828/1637
f 818/919/1638 820/920/1639 821/840/1640 711/836/1641
f 822/921/1642 824/922/1643 825/805/1644 491/804/1645
f 830/923/1646 827/924/1647 806/925/1648 732/926/1649
f 734/927/1650 831/928/1651 815/929/1652
f 828/930/1653 833/931/1654 819/932/1655 731/933/1656
f 834/934/1657 836/935/1658 823/936/1659 735/937/1660
f 841/938/1661 838/939/1662 829/940/1663 738/941/1664
f 845/942/1665 842/943/1666 811/944/1667 733/945/1668
f 843/946/1669 846/947/1670 832/948/1671 739/949/1672
f 839/950/1673 848/951/1674 835/952/1675 737/953/1676
f 849/954/1677 851/955/1678 837/956/1679 740/957/1680
f 852/958/1681 854/959/1682 826/960/1683 741/961/1684
f 859/962/1685 856/963/1686 840/964/1687 743/965/1688
f 863/966/1689 860/967/1690 844/968/1691 744/969/1692
f 861/970/1693 864/971/1694 847/972/1695 745/973/1696
f 857/974/1697 866/975/1698 850/976/1699 742/977/1700
f 867/978/1701 869/979/1702 853/980/1703 746/981/1704
f 870/982/1705 872/983/1706 855/984/1707 747/985/1708
f 877/986/1709 874/987/1710 858/988/1711 749/989/1712
f 881/990/1713 878/991/1714 862/992/1715 750/993/1716
f 879/994/1717 882/995/1718 865/996/1719 751/997/1720
f 875/998/1721 884/999/1722 868/1000/1723 748/1001/1724
f 885/1002/1725 887/1003/1726 871/1004/1727 752/1005/1728
f 888/1006/1729 890/1007/1730 873/1008/1731 753/1009/1732
f 895/1010/1733 892/1011/1734 876/1012/1735 755/1013/1736
f 899/1014/1737 896/1015/1738 880/1016/1739 756/1017/1740
f 897/1018/1741 900/1019/1742 883/1020/1743 757/1021/1744
f 893/1022/1745 902/1023/1746 886/1024/1747 754/1025/1748
f 903/1026/1749 905/1027/1750 889/1028/1751 758/1029/1752
f 906/1030/1753 908/1031/1754 891/1032/1755 759/1033/1756
f 913/1034/1757 910/1035/1758 894/1036/1759 761/1037/1760
f 917/1038/1761 914/1039/1762 898/1040/1763 762/1041/1764
f 915/1042/1765 918/1043/1766 901/1044/1767 763/1045/1768
f 911/1046/1769 920/1047/1770 904/1048/1771 760/1049/1772
f 921/1050/1773 923/1051/1774 907/1052/1775 764/1053/1776
f 924/1054/1777 926/1055/1778 909/1056/1779 765/1057/1780
f 931/1058/1781 928/1059/1782 912/1060/1783 767/1061/1784
f 935/1062/1785 932/1063/1786 916/1064/1787 768/1065/1788
f 933/1066/1789 936/1067/1790 919/1068/1791 769/1069/1792
f 929/1070/1793 938/1071/1794 922/1072/1795 766/1073/1796
f 939/1074/1797 941/1075/1798 925/1076/1799 770/1077/1800
f 942/1078/1801 944/1079/1802 927/1080/1803 771/1081/1804
f 949/1082/1805 946/1083/1806 930/1084/1807 773/1085/1808
f 953/1086/1809 950/1087/1810 934/1088/1811 774/1089/1812
f 951/1090/1813 954/1091/1814 937/1092/1815 775/1093/1816
f 947/1094/1817 956/1095/1818 940/1096/1819 772/1097/1820
f 957/1098/1821 959/1099/1822 943/1100/1823 776/1101/1824
f 960/1102/1825 962/1103/1826 945/1104/1827 777/1105/1828
f 967/1106/1829 964/1107/1830 948/1108/1831 779/1109/1832
f 971/1110/1833 968/1111/1834 952/1112/1835 780/1113/1836
f 969/1114/1837 972/1115/1838 955/1116/1839 781/1117/1840
f 965/1118/1841 974/1119/1842 958/1120/1843 778/1121/1844
f 975/1122/1845 977/1123/1846 961/1124/1847 782/1125/1848
f 978/1126/1849 980/1127/1850 963/1128/1851 783/1129/1852
f 984/1130/1853 982/1131/1854 966/1132/1855 785/1133/1856
f 987/1134/1857 985/1135/1858 970/1136/1859 786/1137/1860
f 986/1138/1861 988/1139/1862 973/1140/1863 787/1141/1864
f 983/1142/1865 989/1143/1866 976/1144/1867 784/1145/1868
f 990/1146/1869 991/1147/1870 979/1148/1871 788/1149/1872
f 992/1150/1873 993/1151/1874 981/1152/1875 789/1153/1876
f 797/832/1546 796/831/1545 798/841/1555 790/844/1558
f 798/841/1555 796/831/1545 799/1154/1877 792/1155/1878
f 799/1154/1877 796/831/1545 793/830/1544
f 801/843/1557 800/842/1556 795/1156/1879 794/1157/1880
f 795/1156/1879 800/842/1556 802/1158/1881
f 802/1158/1881 800/842/1556 798/841/1555 792/1155/1878
f 804/827/1624 803/912/1623 805/917/1634 501/828/1637
f 805/917/1634 803/912/1623 806/925/1648 731/933/1656
f 806/925/1648 803/912/1623 807/911/1622 732/926/1649
f 809/793/1628 808/914/1627 810/915/1630 486/790/1633
f 810/915/1630 808/914/1627 811/944/1667 734/927/1650
f 811/944/1667 808/914/1627 812/913/1626 733/945/1668
f 814/834/1632 813/916/1631 807/911/1622 710/825/1625
f 807/911/1622 813/916/1631 815/929/1652 732/926/1649
f 815/929/1652 813/916/1631 810/915/1630 734/927/1650
f 817/835/1636 816/918/1635 818/919/1638 711/836/1641
f 818/919/1638 816/918/1635 819/932/1655 735/937/1660
f 819/932/1655 816/918/1635 805/917/1634 731/933/1656
f 821/840/1640 820/920/1639 822/921/1642 491/804/1645
f 822/921/1642 820/920/1639 823/936/1659 736/1159/1882
f 823/936/1659 820/920/1639 818/919/1638 735/937/1660
f 825/805/1644 824/922/1643 812/913/1626 389/792/1629
f 812/913/1626 824/922/1643 826/960/1683 733/945/1668
f 826/960/1683 824/922/1643 822/921/1642 736/1159/1882
f 806/925/1648 827/924/1647 828/930/1653 731/933/1656
f 828/930/1653 827/924/1647 829/940/1663 737/953/1676
f 829/940/1663 827/924/1647 830/923/1646 738/941/1664
f 734/927/1650 811/944/1667 739/949/1672
f 815/929/1652 831/928/1651 830/923/1646 732/926/1649
f 830/923/1646 831/928/1651 832/948/1671 738/941/1664
f 832/948/1671 831/928/1651 734/927/1650 739/949/1672
f 819/932/1655 833/931/1654 834/934/1657 735/937/1660
f 834/934/1657 833/931/1654 835/952/1675 740/957/1680
f 835/952/1675 833/931/1654 828/930/1653 737/953/1676
f 823/936/1659 836/935/1658 736/1159/1882
f 736/1159/1882 836/935/1658 837/956/1679 741/961/1684
f 837/956/1679 836/935/1658 834/934/1657 740/957/1680
f 826/960/1683 736/1159/1882 741/961/1684
f 829/940/1663 838/939/1662 839/950/1673 737/953/1676
f 839/950/1673 838/939/1662 840/964/1687 742/977/1700
f 840/964/1687 838/939/1662 841/938/1661 743/965/1688
f 811/944/1667 842/943/1666 843/946/1669 739/949/1672
f 843/946/1669 842/943/1666 844/968/1691 745/973/1696
f 844/968/1691 842/943/1666 845/942/1665 744/969/1692
f 832/948/1671 846/947/1670 841/938/1661 738/941/1664
f 841/938/1661 846/947/1670 847/972/1695 743/965/1688
f 847/972/1695 846/947/1670 843/946/1669 745/973/1696
f 835/952/1675 848/951/1674 849/954/1677 740/957/1680
f 849/954/1677 848/951/1674 850/976/1699 746/981/1704
f 850/976/1699 848/951/1674 839/950/1673 742/977/1700
f 837/956/1679 851/955/1678 852/958/1681 741/961/1684
f 852/958/1681 851/955/1678 853/980/1703 747/985/1708
f 853/980/1703 851/955/1678 849/954/1677 746/981/1704
f 826/960/1683 854/959/1682 845/942/1665 733/945/1668
f 845/942/1665 854/959/1682 855/984/1707 744/969/1692
f 855/984/1707 854/959/1682 852/958/1681 747/985/1708
f 840/964/1687 856/963/1686 857/974/1697 742/977/1700
f 857/974/1697 856/963/1686 858/988/1711 748/1001/1724
f 858/988/1711 856/963/1686 859/962/1685 749/989/1712
f 844/968/1691 860/967/1690 861/970/1693 745/973/1696
f 861/970/1693 860/967/1690 862/992/1715 751/997/1720
f 862/992/1715 860/967/1690 863/966/1689 750/993/1716
f 847/972/1695 864/971/1694 859/962/1685 743/965/1688
f 859/962/1685 864/971/1694 865/996/1719 749/989/1712
f 865/996/1719 864/971/1694 861/970/1693 751/997/1720
f 850/976/1699 866/975/1698 867/978/1701 746/981/1704
f 867/978/1701 866/975/1698 868/1000/1723 752/1005/1728
f 868/1000/1723 866/975/1698 857/974/1697 748/1001/1724
f 853/980/1703 869/979/1702 870/982/1705 747/985/1708
f 870/982/1705 869/979/1702 871/1004/1727 753/1009/1732
f 871/1004/1727 869/979/1702 867/978/1701 752/1005/1728
f 855/984/1707 872/983/1706 863/966/1689 744/969/1692
f 863/966/1689 872/983/1706 873/1008/1731 750/993/1716
f 873/1008/1731 872/983/1706 870/982/1705 753/1009/1732
f 858/988/1711 874/987/1710 875/998/1721 748/1001/1724
f 875/998/1721 874/987/1710 876/1012/1735 754/1025/1748
f 876/1012/1735 874/987/1710 877/986/1709 755/1013/1736
f 862/992/1715 878/991/1714 879/994/1717 751/997/1720
f 879/994/1717 878/991/1714 880/1016/1739 757/1021/1744
f 880/1016/1739 878/991/1714 881/990/1713 756/1017/1740
f 865/996/1719 882/995/1718 877/986/1709 749/989/1712
f 877/986/1709 882/995/1718 883/1020/1743 755/1013/1736
f 883/1020/1743 882/995/1718 879/994/1717 757/1021/1744
f 868/1000/1723 884/999/1722 885/1002/1725 752/1005/1728
f 885/1002/1725 884/999/1722 886/1024/1747 758/1029/1752
f 886/1024/1747 884/999/1722 875/998/1721 754/1025/1748
f 871/1004/1727 887/1003/1726 888/1006/1729 753/1009/1732
f 888/1006/1729 887/1003/1726 889/1028/1751 759/1033/1756
f 889/1028/1751 887/1003/1726 885/1002/1725 758/1029/1752
f 873/1008/1731 890/1007/1730 881/990/1713 750/993/1716
f 881/990/1713 890/1007/1730 891/1032/1755 756/1017/1740
f 891/1032/1755 890/1007/1730 888/1006/1729 759/1033/1756
f 876/1012/1735 892/1011/1734 893/1022/1745 754/1025/1748
f 893/1022/1745 892/1011/1734 894/1036/1759 760/1049/1772
f 894/1036/1759 892/1011/1734 895/1010/1733 761/1037/1760
f 880/1016/1739 896/1015/1738 897/1018/1741 757/1021/1744
f 897/1018/1741 896/1015/1738 898/1040/1763 763/1045/1768
f 898/1040/1763 896/1015/1738 899/1014/1737 762/1041/1764
f 883/1020/1743 900/1019/1742 895/1010/1733 755/1013/1736
f 895/1010/1733 900/1019/1742 901/1044/1767 761/1037/1760
f 901/1044/1767 900/1019/1742 897/1018/1741 763/1045/1768
f 886/1024/1747 902/1023/1746 903/1026/1749 758/1029/1752
f 903/1026/1749 902/1023/1746 904/1048/1771 764/1053/1776
f 904/1048/1771 902/1023/1746 893/1022/1745 760/1049/1772
f 889/1028/1751 905/1027/1750 906/1030/1753 759/1033/1756
f 906/1030/1753 905/1027/1750 907/1052/1775 765/1057/1780
f 907/1052/1775 905/1027/1750 903/1026/1749 764/1053/1776
f 891/1032/1755 908/1031/1754 899/1014/1737 756/1017/1740
f 899/1014/1737 908/1031/1754 909/1056/1779 762/1041/1764
f 909/1056/1779 908/1031/1754 906/1030/1753 765/1057/1780
f 894/1036/1759 910/1035/1758 911/1046/1769 760/1049/1772
f 911/1046/1769 910/1035/1758 912/1060/1783 766/1073/1796
f 912/1060/1783 910/1035/1758 913/1034/1757 767/1061/1784
f 898/1040/1763 914/1039/1762 915/1042/1765 763/1045/1768
f 915/1042/1765 914/1039/1762 916/1064/1787 769/1069/1792
f 916/1064/1787 914/1039/1762 917/1038/1761 768/1065/1788
f 901/1044/1767 918/1043/1766 913/1034/1757 761/1037/1760
f 913/1034/1757 918/1043/1766 919/1068/1791 767/1061/1784
f 919/1068/1791 918/1043/1766 915/1042/1765 769/1069/1792
f 904/1048/1771 920/1047/1770 921/1050/1773 764/1053/1776
f 921/1050/1773 920/1047/1770 922/1072/1795 770/1077/1800
f 922/1072/1795 920/1047/1770 911/1046/1769 766/1073/1796
f 907/1052/1775 923/1051/1774 924/1054/1777 765/1057/1780
f 924/1054/1777 923/1051/1774 925/1076/1799 771/1081/1804
f 925/1076/1799 923/1051/1774 921/1050/1773 770/1077/1800
f 909/1056/1779 926/1055/1778 917/1038/1761 762/1041/1764
f 917/1038/1761 926/1055/1778 927/1080/1803 768/1065/1788
f 927/1080/1803 926/1055/1778 924/1054/1777 771/1081/1804
f 912/1060/1783 928/1059/1782 929/1070/1793 766/1073/1796
f 929/1070/1793 928/1059/1782 930/1084/1807 772/1097/1820
f 930/1084/1807 928/1059/1782 931/1058/1781 773/1085/1808
f 916/1064/1787 932/1063/1786 933/1066/1789 769/1069/1792
f 933/1066/1789 932/1063/1786 934/1088/1811 775/1093/1816
f 934/1088/1811 932/1063/1786 935/1062/1785 774/1089/1812
f 919/1068/1791 936/1067/1790 931/1058/1781 767/1061/1784
f 931/1058/1781 936/1067/1790 937/1092/1815 773/1085/1808
f 937/1092/1815 936/1067/1790 933/1066/1789 775/1093/1816
f 922/1072/1795 938/1071/1794 939/1074/1797 770/1077/1800
f 939/1074/1797 938/1071/1794 940/1096/1819 776/1101/1824
f 940/1096/1819 938/1071/1794 929/1070/1793 772/1097/1820
f 925/1076/1799 941/1075/1798 942/1078/1801 771/1081/1804
f 942/1078/1801 941/1075/1798 943/1100/1823 777/1105/1828
f 943/1100/1823 941/1075/1798 939/1074/1797 776/1101/1824
f 927/1080/1803 944/1079/1802 935/1062/1785 768/1065/1788
f 935/1062/1785 944/1079/1802 945/1104/1827 774/1089/1812
f 945/1104/1827 944/1079/1802 942/1078/1801 777/1105/1828
f 930/1084/1807 946/1083/1806 947/1094/1817 772/1097/1820
f 947/1094/1817 946/1083/1806 948/1108/1831 778/1121/1844
f 948/1108/1831 946/1083/1806 949/1082/1805 779/1109/1832
f 934/1088/1811 950/1087/1810 951/1090/1813 775/1093/1816
f 951/1090/1813 950/1087/1810 952/1112/1835 781/1117/1840
f 952/1112/1835 950/1087/1810 953/1086/1809 780/1113/1836
f 937/1092/1815 954/1091/1814 949/1082/1805 773/1085/1808
f 949/1082/1805 954/1091/1814 955/1116/1839 779/1109/1832
f 955/1116/1839 954/1091/1814 951/1090/1813 781/1117/1840
f 940/1096/1819 956/1095/1818 957/1098/1821 776/1101/1824
f 957/1098/1821 956/1095/1818 958/1120/1843 782/1125/1848
f 958/1120/1843 956/1095/1818 947/1094/1817 778/1121/1844
f 943/1100/1823 959/1099/1822 960/1102/1825 777/1105/1828
f 960/1102/1825 959/1099/1822 961/1124/1847 783/1129/1852
f 961/1124/1847 959/1099/1822 957/1098/1821 782/1125/1848
f 945/1104/1827 962/1103/1826 953/1086/1809 774/1089/1812
f 953/1086/1809 962/1103/1826 963/1128/1851 780/1113/1836
f 963/1128/1851 962/1103/1826 960/1102/1825 783/1129/1852
f 948/1108/1831 964/1107/1830 965/1118/1841 778/1121/1844
f 965/1118/1841 964/1107/1830 966/1132/1855 784/1145/1868
f 966/1132/1855 964/1107/1830 967/1106/1829 785/1133/1856
f 952/1112/1835 968/1111/1834 969/1114/1837 781/1117/1840
f 969/1114/1837 968/1111/1834 970/1136/1859 787/1141/1864
f 970/1136/1859 968/1111/1834 971/1110/1833 786/1137/1860
f 955/1116/1839 972/1115/1838 967/1106/1829 779/1109/1832
f 967/1106/1829 972/1115/1838 973/1140/1863 785/1133/1856
f 973/1140/1863 972/1115/1838 969/1114/1837 787/1141/1864
f 958/1120/1843 974/1119/1842 975/1122/1845 782/1125/1848
f 975/1122/1845 974/1119/1842 976/1144/1867 788/1149/1872
f 976/1144/1867 974/1119/1842 965/1118/1841 784/1145/1868
f 961/1124/1847 977/1123/1846 978/1126/1849 783/1129/1852
f 978/1126/1849 977/1123/1846 979/1148/1871 789/1153/1876
f 979/1148/1871 977/1123/1846 975/1122/1845 788/1149/1872
f 963/1128/1851 980/1127/1850 971/1110/1833 780/1113/1836
f 971/1110/1833 980/1127/1850 981/1152/1875 786/1137/1860
f 981/1152/1875 980/1127/1850 978/1126/1849 789/1153/1876
f 966/1132/1855 982/1131/1854 983/1142/1865 784/1145/1868
f 983/1142/1865 982/1131/1854 797/832/1546 790/844/1558
f 797/832/1546 982/1131/1854 984/1130/1853 791/833/1547
f 970/1136/1859 985/1135/1858 986/1138/1861 787/1141/1864
f 986/1138/1861 985/1135/1858 799/1154/1877 793/830/1544
f 799/1154/1877 985/1135/1858 987/1134/1857 792/1155/1878
f 973/1140/1863 988/1139/1862 984/1130/1853 785/1133/1856
f 984/1130/1853 988/1139/1862 793/830/1544 791/833/1547
f 793/830/1544 988/1139/1862 986/1138/1861
f 976/1144/1867 989/1143/1866 990/1146/1869 788/1149/1872
f 990/1146/1869 989/1143/1866 801/843/1557 794/1157/1880
f 801/843/1557 989/1143/1866 983/1142/1865 790/844/1558
f 979/1148/1871 991/1147/1870 992/1150/1873 789/1153/1876
f 992/1150/1873 991/1147/1870 795/1156/1879
f 795/1156/1879 991/1147/1870 990/1146/1869 794/1157/1880
f 981/1152/1875 993/1151/1874 987/1134/1857 786/1137/1860
f 987/1134/1857 993/1151/1874 802/1158/1881 792/1155/1878
f 802/1158/1881 993/1151/1874 992/1150/1873 795/1156/1879
s off
f 541/1160/1883 631/1161/1884 995/1162/1885 994/1163/1886
f 631/1164/1887 542/1165/1888 996/1166/1889 995/1167/1890
f 632/1168/1891 541/1169/1892 994/1170/1893 997/1171/1894
f 544/1172/1895 632/1173/1896 997/1174/1897 998/1175/1898
f 633/1176/1899 544/1177/1900 998/1178/1901 999/1179/1902
f 547/1180/1903 633/1181/1904 999/1182/1905 1000/1183/1906
f 542/1184/1907 634/1185/1908 1001/1186/1909 996/1187/1910
f 634/1188/1911 547/1189/1912 1000/1190/1913 1001/1191/1914
f 994/1192/1915 995/1193/1916 1003/1194/1917 1002/1195/1918
f 995/1196/1919 996/1197/1920 1004/1198/1921 1003/1199/1922
f 997/1200/1923 994/1201/1924 1002/1202/1925 1005/1203/1926
f 998/1204/1927 997/1205/1928 1005/1206/1929 1006/1207/1930
f 999/1208/1931 998/1209/1932 1006/1210/1933
f 1000/1211/1934 999/1212/1935 1007/1213/1936
f 996/1214/1937 1001/1215/1938 1008/1216/1939 1004/1217/1940
f 1001/1218/1941 1000/1219/1942 1007/1220/1943 1008/1221/1944
f 1002/1222/1945 1003/1223/1946 1010/1224/1947 1009/1225/1948
f 1003/1226/1949 1004/1227/1950 1011/1228/1951 1010/1229/1952
f 1005/1230/1953 1002/1231/1954 1009/1232/1955 1012/1233/1956
f 1006/1234/1957 1005/1235/1958 1012/1236/1959 1013/1237/1960
f 999/1238/1961 1006/1239/1962 1013/1240/1963 1014/1241/1964
f 1007/1242/1965 999/1243/1966 1014/1244/1967 1015/1245/1968
f 1004/1246/1969 1008/1247/1970 1016/1248/1971 1011/1249/1972
f 1008/1250/1973 1007/1251/1974 1015/1252/1975 1016/1253/1976
f 1009/1254/1977 1010/1255/1978 1017/1256/1979
f 1010/1257/1980 1011/1258/1981 1017/1259/1982
f 1012/1260/1983 1009/1261/1984 1017/1262/1985
f 1013/1263/1986 1012/1264/1987 1017/1265/1988
f 1014/1266/1989 1013/1267/1990 1017/1268/1991
f 1015/1269/1992 1014/1270/1993 1017/1271/1994
f 1011/1272/1995 1016/1273/1996 1017/1274/1997
f 1016/1275/1998 1015/1276/1999 1017/1277/2000
s 95
f 286/1278/1149 1204/1279/2001 1300/1280/2002 329/1281/1150
f 1204/1279/2001 1043/1282/2003 1205/1283/2004 1300/1280/2002
f 1300/1280/2002 1205/1283/2004 1027/1284/2005 1206/1285/2006
f 329/1281/1150 1300/1280/2002 1206/1285/2006 292/1286/1157
f 1043/1282/2003 1207/1287/2007 1301/1288/2008 1205/1283/2004
f 1207/1287/2007 1018/1289/2009 1208/1290/2010 1301/1288/2008
f 1301/1288/2008 1208/1290/2010 1044/1291/2011 1209/1292/2012
f 1205/1283/2004 1301/1288/2008 1209/1292/2012 1027/1284/2005
f 1027/1284/2005 1209/1292/2012 1302/1293/2013 1212/1294/2014
f 1209/1292/2012 1044/1291/2011 1210/1295/2015 1302/1293/2013
f 1302/1293/2013 1210/1295/2015 1024/1296/2016 1211/1297/2017
f 1212/1294/2014 1302/1293/2013 1211/1297/2017 1036/1298/2018
f 292/1286/1157 1206/1285/2006 1303/1299/2019 330/1300/1170
f 1206/1285/2006 1027/1284/2005 1212/1294/2014 1303/1299/2019
f 1303/1299/2019 1212/1294/2014 1036/1298/2018 1213/1301/2020
f 330/1300/1170 1303/1299/2019 1213/1301/2020 289/1302/1173
f 289/1302/1173 1213/1301/2020 1304/1303/2021 1742/1304/2022
f 1213/1301/2020 1036/1298/2018 1214/1305/2023 1304/1303/2021
f 1215/1306/2024 1691/1307/2025 1304/1303/2021
f 1036/1298/2018 1211/1297/2017 1305/1308/2026 1214/1305/2023
f 1211/1297/2017 1024/1296/2016 1216/1309/2027 1305/1308/2026
f 1305/1308/2026 1216/1309/2027 1045/1310/2028 1217/1311/2029
f 1217/1311/2029 1045/1310/2028 1218/1312/2030 1306/1313/2031
f 1306/1313/2031 1218/1312/2030 1019/1314/2032 1219/1315/2033
f 1220/1316/2034 1306/1313/2031 1219/1315/2033 1046/1317/2035
f 293/1318/1189 1215/1306/2024 1307/1319/2036 332/1320/1190
f 1307/1319/2036 1220/1316/2034 1046/1317/2035 1221/1321/2037
f 332/1320/1190 1307/1319/2036 1221/1321/2037 287/1322/1193
f 287/1322/1193 1221/1321/2037 1308/1323/2038 333/1324/1194
f 1221/1321/2037 1046/1317/2035 1222/1325/2039 1308/1323/2038
f 1308/1323/2038 1222/1325/2039 1028/1326/2040 1223/1327/2041
f 333/1324/1194 1308/1323/2038 1223/1327/2041 294/1328/1199
f 1046/1317/2035 1219/1315/2033 1309/1329/2042 1222/1325/2039
f 1219/1315/2033 1019/1314/2032 1224/1330/2043 1309/1329/2042
f 1309/1329/2042 1224/1330/2043 1047/1331/2044 1225/1332/2045
f 1222/1325/2039 1309/1329/2042 1225/1332/2045 1028/1326/2040
f 1028/1326/2040 1225/1332/2045 1310/1333/2046 1228/1334/2047
f 1225/1332/2045 1047/1331/2044 1226/1335/2048 1310/1333/2046
f 1310/1333/2046 1226/1335/2048 1025/1336/2049 1227/1337/2050
f 1228/1334/2047 1310/1333/2046 1227/1337/2050 1037/1338/2051
f 294/1328/1199 1223/1327/2041 1311/1339/2052 334/1340/1210
f 1223/1327/2041 1028/1326/2040 1228/1334/2047 1311/1339/2052
f 1311/1339/2052 1228/1334/2047 1037/1338/2051 1229/1341/2053
f 334/1340/1210 1311/1339/2052 1229/1341/2053 290/1342/1213
f 290/1342/1213 1229/1341/2053 1312/1343/2054 335/1344/1214
f 1229/1341/2053 1037/1338/2051 1230/1345/2055 1312/1343/2054
f 1312/1343/2054 1230/1345/2055 1029/1346/2056 1231/1347/2057
f 335/1344/1214 1312/1343/2054 1231/1347/2057 295/1348/1219
f 1037/1338/2051 1227/1337/2050 1313/1349/2058 1230/1345/2055
f 1227/1337/2050 1025/1336/2049 1232/1350/2059 1313/1349/2058
f 1313/1349/2058 1232/1350/2059 1048/1351/2060 1233/1352/2061
f 1230/1345/2055 1313/1349/2058 1233/1352/2061 1029/1346/2056
f 1029/1346/2056 1233/1352/2061 1314/1353/2062 1236/1354/2063
f 1233/1352/2061 1048/1351/2060 1234/1355/2064 1314/1353/2062
f 1314/1353/2062 1234/1355/2064 1020/1356/2065 1235/1357/2066
f 1236/1354/2063 1314/1353/2062 1235/1357/2066 1049/1358/2067
f 295/1348/1219 1231/1347/2057 1315/1359/2068 336/1360/1230
f 1231/1347/2057 1029/1346/2056 1236/1354/2063 1315/1359/2068
f 1315/1359/2068 1236/1354/2063 1049/1358/2067 1237/1361/2069
f 336/1360/1230 1315/1359/2068 1237/1361/2069 288/1362/1233
f 288/1362/1233 1237/1361/2069 1316/1363/2070 337/1364/1234
f 1237/1361/2069 1049/1358/2067 1238/1365/2071 1316/1363/2070
f 1316/1363/2070 1238/1365/2071 1030/1366/2072 1239/1367/2073
f 337/1364/1234 1316/1363/2070 1239/1367/2073 296/1368/1239
f 1049/1358/2067 1235/1357/2066 1317/1369/2074 1238/1365/2071
f 1235/1357/2066 1020/1356/2065 1240/1370/2075 1317/1369/2074
f 1317/1369/2074 1240/1370/2075 1050/1371/2076 1241/1372/2077
f 1238/1365/2071 1317/1369/2074 1241/1372/2077 1030/1366/2072
f 1030/1366/2072 1241/1372/2077 1318/1373/2078 1244/1374/2079
f 1241/1372/2077 1050/1371/2076 1242/1375/2080 1318/1373/2078
f 1318/1373/2078 1242/1375/2080 1022/1376/2081 1243/1377/2082
f 1244/1374/2079 1318/1373/2078 1243/1377/2082 1038/1378/2083
f 296/1368/1239 1239/1367/2073 1319/1379/2084 338/1380/1250
f 1239/1367/2073 1030/1366/2072 1244/1374/2079 1319/1379/2084
f 1319/1379/2084 1244/1374/2079 1038/1378/2083 1245/1381/2085
f 338/1380/1250 1319/1379/2084 1245/1381/2085 291/1382/1253
f 291/1382/1253 1245/1381/2085 1320/1383/2086 339/1384/1254
f 1245/1381/2085 1038/1378/2083 1246/1385/2087 1320/1383/2086
f 1320/1383/2086 1246/1385/2087 1031/1386/2088 1247/1387/2089
f 339/1384/1254 1320/1383/2086 1247/1387/2089 297/1388/1259
f 1038/1378/2083 1243/1377/2082 1321/1389/2090 1246/1385/2087
f 1243/1377/2082 1022/1376/2081 1248/1390/2091 1321/1389/2090
f 1321/1389/2090 1248/1390/2091 1051/1391/2092 1249/1392/2093
f 1246/1385/2087 1321/1389/2090 1249/1392/2093 1031/1386/2088
f 1031/1386/2088 1249/1392/2093 1322/1393/2094 1252/1394/2095
f 1249/1392/2093 1051/1391/2092 1250/1395/2096 1322/1393/2094
f 1322/1393/2094 1250/1395/2096 1021/1396/2097 1251/1397/2098
f 1252/1394/2095 1322/1393/2094 1251/1397/2098 1052/1398/2099
f 297/1388/1259 1247/1387/2089 1323/1399/2100 340/1400/1270
f 1247/1387/2089 1031/1386/2088 1252/1394/2095 1323/1399/2100
f 1323/1399/2100 1252/1394/2095 1052/1398/2099 1253/1401/2101
f 340/1400/1270 1323/1399/2100 1253/1401/2101 285/1402/1273
f 1018/1289/2009 1254/1403/2102 1324/1404/2103 1208/1290/2010
f 1254/1403/2102 1054/1405/2104 1255/1406/2105 1324/1404/2103
f 1324/1404/2103 1255/1406/2105 1032/1407/2106 1256/1408/2107
f 1208/1290/2010 1324/1404/2103 1256/1408/2107 1044/1291/2011
f 1054/1405/2104 1257/1409/2108 1325/1410/2109 1255/1406/2105
f 1257/1409/2108 1023/1411/2110 1258/1412/2111 1325/1410/2109
f 1325/1410/2109 1258/1412/2111 1039/1413/2112 1259/1414/2113
f 1255/1406/2105 1325/1410/2109 1259/1414/2113 1032/1407/2106
f 1032/1407/2106 1259/1414/2113 1326/1415/2114 1262/1416/2115
f 1259/1414/2113 1039/1413/2112 1260/1417/2116 1326/1415/2114
f 1326/1415/2114 1260/1417/2116 1026/1418/2117 1261/1419/2118
f 1262/1416/2115 1326/1415/2114 1261/1419/2118 1042/1420/2119
f 1044/1291/2011 1256/1408/2107 1327/1421/2120 1210/1295/2015
f 1256/1408/2107 1032/1407/2106 1262/1416/2115 1327/1421/2120
f 1327/1421/2120 1262/1416/2115 1042/1420/2119 1263/1422/2121
f 1210/1295/2015 1327/1421/2120 1263/1422/2121 1024/1296/2016
f 1023/1411/2110 1264/1423/2122 1328/1424/2123 1258/1412/2111
f 1264/1423/2122 1053/1425/2124 1265/1426/2125 1328/1424/2123
f 1328/1424/2123 1265/1426/2125 1033/1427/2126 1266/1428/2127
f 1258/1412/2111 1328/1424/2123 1266/1428/2127 1039/1413/2112
f 1053/1425/2124 1267/1429/2128 1329/1430/2129 1265/1426/2125
f 1267/1429/2128 1021/1431/2097 1250/1432/2096 1329/1430/2129
f 1329/1430/2129 1250/1432/2096 1051/1433/2092 1268/1434/2130
f 1265/1426/2125 1329/1430/2129 1268/1434/2130 1033/1427/2126
f 1033/1427/2126 1268/1434/2130 1330/1435/2131 1270/1436/2132
f 1268/1434/2130 1051/1433/2092 1248/1437/2091 1330/1435/2131
f 1330/1435/2131 1248/1437/2091 1022/1438/2081 1269/1439/2133
f 1270/1436/2132 1330/1435/2131 1269/1439/2133 1040/1440/2134
f 1039/1413/2112 1266/1428/2127 1331/1441/2135 1260/1417/2116
f 1266/1428/2127 1033/1427/2126 1270/1436/2132 1331/1441/2135
f 1331/1441/2135 1270/1436/2132 1040/1440/2134 1271/1442/2136
f 1260/1417/2116 1331/1441/2135 1271/1442/2136 1026/1418/2117
f 1026/1418/2117 1271/1442/2136 1332/1443/2137 1274/1444/2138
f 1271/1442/2136 1040/1440/2134 1272/1445/2139 1332/1443/2137
f 1332/1443/2137 1272/1445/2139 1034/1446/2140 1273/1447/2141
f 1274/1444/2138 1332/1443/2137 1273/1447/2141 1041/1448/2142
f 1040/1440/2134 1269/1439/2133 1333/1449/2143 1272/1445/2139
f 1269/1439/2133 1022/1438/2081 1242/1450/2080 1333/1449/2143
f 1333/1449/2143 1242/1450/2080 1050/1451/2076 1275/1452/2144
f 1272/1445/2139 1333/1449/2143 1275/1452/2144 1034/1446/2140
f 1034/1446/2140 1275/1452/2144 1334/1453/2145 1276/1454/2146
f 1275/1452/2144 1050/1451/2076 1240/1455/2075 1334/1453/2145
f 1334/1453/2145 1240/1455/2075 1020/1456/2065 1234/1457/2064
f 1276/1454/2146 1334/1453/2145 1234/1457/2064 1048/1458/2060
f 1041/1448/2142 1273/1447/2141 1335/1459/2147 1277/1460/2148
f 1273/1447/2141 1034/1446/2140 1276/1454/2146 1335/1459/2147
f 1335/1459/2147 1276/1454/2146 1048/1458/2060 1232/1461/2059
f 1277/1460/2148 1335/1459/2147 1232/1461/2059 1025/1462/2049
f 1024/1296/2016 1263/1422/2121 1336/1463/2149 1216/1309/2027
f 1263/1422/2121 1042/1420/2119 1278/1464/2150 1336/1463/2149
f 1336/1463/2149 1278/1464/2150 1035/1465/2151 1279/1466/2152
f 1216/1309/2027 1336/1463/2149 1279/1466/2152 1045/1310/2028
f 1042/1420/2119 1261/1419/2118 1337/1467/2153 1278/1464/2150
f 1261/1419/2118 1026/1418/2117 1274/1444/2138 1337/1467/2153
f 1337/1467/2153 1274/1444/2138 1041/1448/2142 1280/1468/2154
f 1278/1464/2150 1337/1467/2153 1280/1468/2154 1035/1465/2151
f 1035/1465/2151 1280/1468/2154 1338/1469/2155 1281/1470/2156
f 1280/1468/2154 1041/1448/2142 1277/1460/2148 1338/1469/2155
f 1338/1469/2155 1277/1460/2148 1025/1462/2049 1226/1471/2048
f 1281/1470/2156 1338/1469/2155 1226/1471/2048 1047/1472/2044
f 1045/1310/2028 1279/1466/2152 1339/1473/2157 1218/1312/2030
f 1279/1466/2152 1035/1465/2151 1281/1470/2156 1339/1473/2157
f 1339/1473/2157 1281/1470/2156 1047/1472/2044 1224/1474/2043
f 1218/1312/2030 1339/1473/2157 1224/1474/2043 1019/1314/2032
f 299/1475/1330 1282/1476/2158 1340/1477/2159 341/1478/1331
f 1282/1476/2158 1081/1479/2160 1283/1480/2161 1340/1477/2159
f 1340/1477/2159 1283/1480/2161 1064/1481/2162 1284/1482/2163
f 341/1478/1331 1340/1477/2159 1284/1482/2163 305/1483/1338
f 1081/1479/2160 1285/1484/2164 1341/1485/2165 1283/1480/2161
f 1285/1484/2164 1055/1486/2166 1286/1487/2167 1341/1485/2165
f 1341/1485/2165 1286/1487/2167 1082/1488/2168 1287/1489/2169
f 1283/1480/2161 1341/1485/2165 1287/1489/2169 1064/1481/2162
f 1064/1481/2162 1287/1489/2169 1342/1490/2170 1290/1491/2171
f 1287/1489/2169 1082/1488/2168 1288/1492/2172 1342/1490/2170
f 1342/1490/2170 1288/1492/2172 1061/1493/2173 1289/1494/2174
f 1290/1491/2171 1342/1490/2170 1289/1494/2174 1074/1495/2175
f 305/1483/1338 1284/1482/2163 1343/1496/2176 342/1497/1351
f 1284/1482/2163 1064/1481/2162 1290/1491/2171 1343/1496/2176
f 1343/1496/2176 1290/1491/2171 1074/1495/2175 1291/1498/2177
f 342/1497/1351 1343/1496/2176 1291/1498/2177 302/1499/1354
f 302/1499/1354 1291/1498/2177 1344/1500/2178 343/1501/1355
f 1291/1498/2177 1074/1495/2175 1292/1502/2179 1344/1500/2178
f 1344/1500/2178 1292/1502/2179 1065/1503/2180 1293/1504/2181
f 343/1501/1355 1344/1500/2178 1293/1504/2181 306/1505/1360
f 1074/1495/2175 1289/1494/2174 1345/1506/2182 1292/1502/2179
f 1289/1494/2174 1061/1493/2173 1294/1507/2183 1345/1506/2182
f 1345/1506/2182 1294/1507/2183 1083/1508/2184 1295/1509/2185
f 1292/1502/2179 1345/1506/2182 1295/1509/2185 1065/1503/2180
f 1065/1503/2180 1295/1509/2185 1346/1510/2186 1298/1511/2187
f 1295/1509/2185 1083/1508/2184 1296/1512/2188 1346/1510/2186
f 1346/1510/2186 1296/1512/2188 1056/1513/2189 1297/1514/2190
f 1298/1511/2187 1346/1510/2186 1297/1514/2190 1084/1515/2191
f 306/1505/1360 1293/1504/2181 1347/1516/2192 344/1517/1371
f 1293/1504/2181 1065/1503/2180 1298/1511/2187 1347/1516/2192
f 1347/1516/2192 1298/1511/2187 1084/1515/2191 1299/1518/2193
f 344/1517/1371 1347/1516/2192 1299/1518/2193 300/1519/1374
f 301/1520/1375 1107/1521/2194 1348/1522/2195 315/1523/1376
f 1107/1521/2194 1087/1524/2196 1108/1525/2197 1348/1522/2195
f 1348/1522/2195 1108/1525/2197 1066/1526/2198 1109/1527/2199
f 315/1523/1376 1348/1522/2195 1109/1527/2199 307/1528/1383
f 1087/1524/2196 1110/1529/2200 1349/1530/2201 1108/1525/2197
f 1110/1529/2200 1057/1531/2202 1111/1532/2203 1349/1530/2201
f 1349/1530/2201 1111/1532/2203 1088/1533/2204 1112/1534/2205
f 1108/1525/2197 1349/1530/2201 1112/1534/2205 1066/1526/2198
f 1066/1526/2198 1112/1534/2205 1350/1535/2206 1115/1536/2207
f 1112/1534/2205 1088/1533/2204 1113/1537/2208 1350/1535/2206
f 1350/1535/2206 1113/1537/2208 1059/1538/2209 1114/1539/2210
f 1115/1536/2207 1350/1535/2206 1114/1539/2210 1075/1540/2211
f 307/1528/1383 1109/1527/2199 1351/1541/2212 316/1542/1396
f 1109/1527/2199 1066/1526/2198 1115/1536/2207 1351/1541/2212
f 1351/1541/2212 1115/1536/2207 1075/1540/2211 1116/1543/2213
f 316/1542/1396 1351/1541/2212 1116/1543/2213 303/1544/1399
f 303/1544/1399 1116/1543/2213 1352/1545/2214 317/1546/1400
f 1116/1543/2213 1075/1540/2211 1117/1547/2215 1352/1545/2214
f 1352/1545/2214 1117/1547/2215 1067/1548/2216 1118/1549/2217
f 317/1546/1400 1352/1545/2214 1118/1549/2217 308/1550/1405
f 1075/1540/2211 1114/1539/2210 1353/1551/2218 1117/1547/2215
f 1114/1539/2210 1059/1538/2209 1119/1552/2219 1353/1551/2218
f 1353/1551/2218 1119/1552/2219 1089/1553/2220 1120/1554/2221
f 1117/1547/2215 1353/1551/2218 1120/1554/2221 1067/1548/2216
f 1067/1548/2216 1120/1554/2221 1354/1555/2222 1123/1556/2223
f 1120/1554/2221 1089/1553/2220 1121/1557/2224 1354/1555/2222
f 1354/1555/2222 1121/1557/2224 1058/1558/2225 1122/1559/2226
f 1123/1556/2223 1354/1555/2222 1122/1559/2226 1090/1560/2227
f 308/1550/1405 1118/1549/2217 1355/1561/2228 318/1562/1416
f 1118/1549/2217 1067/1548/2216 1123/1556/2223 1355/1561/2228
f 1355/1561/2228 1123/1556/2223 1090/1560/2227 1124/1563/2229
f 318/1562/1416 1355/1561/2228 1124/1563/2229 298/1564/1419
f 298/1564/1419 1124/1563/2229 1356/1565/2230 319/1566/1420
f 1124/1563/2229 1090/1560/2227 1125/1567/2231 1356/1565/2230
f 1356/1565/2230 1125/1567/2231 1068/1568/2232 1126/1569/2233
f 319/1566/1420 1356/1565/2230 1126/1569/2233 309/1570/1425
f 1090/1560/2227 1122/1559/2226 1357/1571/2234 1125/1567/2231
f 1122/1559/2226 1058/1558/2225 1127/1572/2235 1357/1571/2234
f 1357/1571/2234 1127/1572/2235 1091/1573/2236 1128/1574/2237
f 1125/1567/2231 1357/1571/2234 1128/1574/2237 1068/1568/2232
f 1068/1568/2232 1128/1574/2237 1358/1575/2238 1131/1576/2239
f 1128/1574/2237 1091/1573/2236 1129/1577/2240 1358/1575/2238
f 1358/1575/2238 1129/1577/2240 1702/1578/2241 1703/1579/2242
f 1131/1576/2239 1358/1575/2238 1703/1579/2242 1704/1580/2243
f 309/1570/1425 1126/1569/2233 1359/1581/2244 320/1582/1436
f 1126/1569/2233 1068/1568/2232 1131/1576/2239 1359/1581/2244
f 320/1582/1436 1359/1581/2244 1705/1583/2245 1706/1584/1438
f 304/1585/1440 1132/1586/2246 1360/1587/2247 321/1588/1441
f 1132/1586/2246 1076/1589/2248 1133/1590/2249 1360/1587/2247
f 1360/1587/2247 1133/1590/2249 1069/1591/2250 1134/1592/2251
f 321/1588/1441 1360/1587/2247 1134/1592/2251 310/1593/1448
f 1076/1589/2248 1130/1594/2252 1361/1595/2253 1133/1590/2249
f 1130/1594/2252 1060/1596/2254 1135/1597/2255 1361/1595/2253
f 1361/1595/2253 1135/1597/2255 1092/1598/2256 1136/1599/2257
f 1133/1590/2249 1361/1595/2253 1136/1599/2257 1069/1591/2250
f 1069/1591/2250 1136/1599/2257 1362/1600/2258 1138/1601/2259
f 1136/1599/2257 1092/1598/2256 1137/1602/2260 1362/1600/2258
f 1362/1600/2258 1137/1602/2260 1055/1603/2166 1285/1604/2164
f 1138/1601/2259 1362/1600/2258 1285/1604/2164 1081/1605/2160
f 310/1593/1448 1134/1592/2251 1363/1606/2261 322/1607/1458
f 1134/1592/2251 1069/1591/2250 1138/1601/2259 1363/1606/2261
f 1363/1606/2261 1138/1601/2259 1081/1605/2160 1282/1608/2158
f 322/1607/1458 1363/1606/2261 1282/1608/2158 299/1609/1330
f 1055/1486/2166 1137/1610/2260 1364/1611/2262 1286/1487/2167
f 1137/1610/2260 1092/1612/2256 1139/1613/2263 1364/1611/2262
f 1364/1611/2262 1139/1613/2263 1070/1614/2264 1140/1615/2265
f 1286/1487/2167 1364/1611/2262 1140/1615/2265 1082/1488/2168
f 1092/1612/2256 1135/1616/2255 1365/1617/2266 1139/1613/2263
f 1135/1616/2255 1060/1618/2254 1141/1619/2267 1365/1617/2266
f 1365/1617/2266 1141/1619/2267 1077/1620/2268 1142/1621/2269
f 1139/1613/2263 1365/1617/2266 1142/1621/2269 1070/1614/2264
f 1070/1614/2264 1142/1621/2269 1366/1622/2270 1145/1623/2271
f 1142/1621/2269 1077/1620/2268 1143/1624/2272 1366/1622/2270
f 1366/1622/2270 1143/1624/2272 1063/1625/2273 1144/1626/2274
f 1145/1623/2271 1366/1622/2270 1144/1626/2274 1080/1627/2275
f 1082/1488/2168 1140/1615/2265 1367/1628/2276 1288/1492/2172
f 1140/1615/2265 1070/1614/2264 1145/1623/2271 1367/1628/2276
f 1367/1628/2276 1145/1623/2271 1080/1627/2275 1146/1629/2277
f 1288/1492/2172 1367/1628/2276 1146/1629/2277 1061/1493/2173
f 1701/1630/2278 1702/1631/2241 1129/1632/2240 1368/1633/2279
f 1129/1632/2240 1091/1634/2236 1147/1635/2280 1368/1633/2279
f 1368/1633/2279 1147/1635/2280 1071/1636/2281 1148/1637/2282
f 1700/1638/2283 1701/1630/2278 1368/1633/2279 1148/1637/2282
f 1091/1634/2236 1127/1639/2235 1369/1640/2284 1147/1635/2280
f 1127/1639/2235 1058/1641/2225 1121/1642/2224 1369/1640/2284
f 1369/1640/2284 1121/1642/2224 1089/1643/2220 1149/1644/2285
f 1147/1635/2280 1369/1640/2284 1149/1644/2285 1071/1636/2281
f 1071/1636/2281 1149/1644/2285 1370/1645/2286 1151/1646/2287
f 1149/1644/2285 1089/1643/2220 1119/1647/2219 1370/1645/2286
f 1370/1645/2286 1119/1647/2219 1059/1648/2209 1150/1649/2288
f 1151/1646/2287 1370/1645/2286 1150/1649/2288 1078/1650/2289
f 1699/1651/2290 1700/1638/2283 1148/1637/2282 1371/1652/2291
f 1148/1637/2282 1071/1636/2281 1151/1646/2287 1371/1652/2291
f 1371/1652/2291 1151/1646/2287 1078/1650/2289 1152/1653/2292
f 1698/1654/2293 1699/1651/2290 1371/1652/2291 1152/1653/2292
f 1697/1655/2294 1698/1654/2293 1152/1653/2292 1372/1656/2295
f 1152/1653/2292 1078/1650/2289 1153/1657/2296 1372/1656/2295
f 1372/1656/2295 1153/1657/2296 1072/1658/2297 1154/1659/2298
f 1696/1660/2299 1697/1655/2294 1372/1656/2295 1154/1659/2298
f 1078/1650/2289 1150/1649/2288 1373/1661/2300 1153/1657/2296
f 1150/1649/2288 1059/1648/2209 1113/1662/2208 1373/1661/2300
f 1373/1661/2300 1113/1662/2208 1088/1663/2204 1156/1664/2301
f 1153/1657/2296 1373/1661/2300 1156/1664/2301 1072/1658/2297
f 1072/1658/2297 1156/1664/2301 1374/1665/2302 1158/1666/2303
f 1156/1664/2301 1088/1663/2204 1111/1667/2203 1374/1665/2302
f 1374/1665/2302 1111/1667/2203 1057/1668/2202 1157/1669/2304
f 1158/1666/2303 1374/1665/2302 1157/1669/2304 1086/1670/2305
f 1695/1671/2306 1696/1660/2299 1154/1659/2298 1375/1672/2307
f 1154/1659/2298 1072/1658/2297 1158/1666/2303 1375/1672/2307
f 1375/1672/2307 1158/1666/2303 1086/1670/2305 1159/1673/2308
f 1160/1674/2309 1695/1671/2306 1375/1672/2307 1159/1673/2308 1482/1675/2310 1062/1676/2311
f 1061/1493/2173 1146/1629/2277 1376/1677/2312 1294/1507/2183
f 1146/1629/2277 1080/1627/2275 1161/1678/2313 1376/1677/2312
f 1376/1677/2312 1161/1678/2313 1073/1679/2314 1162/1680/2315
f 1294/1507/2183 1376/1677/2312 1162/1680/2315 1083/1508/2184
f 1080/1627/2275 1144/1626/2274 1377/1681/2316 1161/1678/2313
f 1144/1626/2274 1063/1625/2273 1155/1682/2317 1377/1681/2316
f 1377/1681/2316 1155/1682/2317 1079/1683/2318 1163/1684/2319
f 1161/1678/2313 1377/1681/2316 1163/1684/2319 1073/1679/2314
f 1073/1679/2314 1163/1684/2319 1378/1685/2320 1165/1686/2321
f 1163/1684/2319 1079/1683/2318 1160/1674/2309 1378/1685/2320
f 1378/1685/2320 1160/1674/2309 1062/1676/2311 1498/1687/2322 1164/1688/2323
f 1165/1686/2321 1378/1685/2320 1164/1688/2323 1085/1689/2324
f 1083/1508/2184 1162/1680/2315 1379/1690/2325 1296/1512/2188
f 1162/1680/2315 1073/1679/2314 1165/1686/2321 1379/1690/2325
f 1379/1690/2325 1165/1686/2321 1085/1689/2324 1166/1691/2326
f 1296/1512/2188 1379/1690/2325 1166/1691/2326 1056/1513/2189
f 313/1692/1525 1167/1693/2327 1380/1694/2328 323/1695/1526
f 1167/1693/2327 1100/1696/2329 1168/1697/2330 1380/1694/2328
f 1380/1694/2328 1168/1697/2330 1087/1524/2196 1107/1521/2194
f 323/1695/1526 1380/1694/2328 1107/1521/2194 301/1520/1375
f 1100/1696/2329 1169/1698/2331 1381/1699/2332 1168/1697/2330
f 1169/1698/2331 1101/1700/2333 1170/1701/2334 1381/1699/2332
f 1381/1699/2332 1170/1701/2334 1057/1531/2202 1110/1529/2200
f 1168/1697/2330 1381/1699/2332 1110/1529/2200 1087/1524/2196
f 1101/1702/2333 1171/1703/2335 1382/1704/2336 1170/1705/2334
f 1171/1703/2335 1102/1706/2337 1172/1707/2338 1382/1704/2336
f 1382/1704/2336 1172/1707/2338 1086/1670/2305 1157/1669/2304
f 1170/1705/2334 1382/1704/2336 1157/1669/2304 1057/1668/2202
f 1102/1706/2337 1173/1708/2339 1383/1709/2340 1172/1707/2338
f 1173/1708/2339 1103/1710/2341 1174/1711/2342 1477/1712/2343 1383/1709/2340
s 167
f 1466/1713/2344 1464/1714/2345 1470/1715/2346 1469/1716/2347
s 95
f 1172/1707/2338 1383/1709/2340 1487/1717/2348 1159/1673/2308 1086/1670/2305
f 1103/1710/2341 1175/1718/2349 1384/1719/2350 1490/1720/2351 1174/1711/2342
f 1175/1718/2349 1104/1721/2352 1176/1722/2353 1384/1719/2350
f 1384/1719/2350 1176/1722/2353 1085/1689/2324 1164/1688/2323 1494/1723/2354
s 167
f 1471/1724/2355 1463/1725/2356 1474/1726/2357 1473/1727/2358
s 95
f 1104/1721/2352 1177/1728/2359 1385/1729/2360 1176/1722/2353
f 1177/1728/2359 1105/1730/2361 1178/1731/2362 1385/1729/2360
f 1385/1729/2360 1178/1731/2362 1056/1513/2189 1166/1691/2326
f 1176/1722/2353 1385/1729/2360 1166/1691/2326 1085/1689/2324
f 1105/1730/2361 1179/1732/2363 1386/1733/2364 1178/1731/2362
f 1179/1732/2363 1106/1734/2365 1180/1735/2366 1386/1733/2364
f 1386/1733/2364 1180/1735/2366 1084/1515/2191 1297/1514/2190
f 1178/1731/2362 1386/1733/2364 1297/1514/2190 1056/1513/2189
f 1106/1734/2365 1181/1736/2367 1387/1737/2368 1180/1735/2366
f 1181/1736/2367 314/1738/1570 324/1739/1569 1387/1737/2368
f 1387/1737/2368 324/1739/1569 300/1519/1374 1299/1518/2193
f 1180/1735/2366 1387/1737/2368 1299/1518/2193 1084/1515/2191
f 285/1402/1273 1253/1401/2101 1388/1740/2369 325/1741/1571
f 1253/1401/2101 1052/1398/2099 1182/1742/2370 1388/1740/2369
f 1388/1740/2369 1182/1742/2370 1093/1743/2371 1183/1744/2372
f 325/1741/1571 1388/1740/2369 1183/1744/2372 311/1745/1576
f 1052/1398/2099 1251/1397/2098 1389/1746/2373 1182/1742/2370
f 1251/1397/2098 1021/1396/2097 1184/1747/2374 1389/1746/2373
f 1389/1746/2373 1184/1747/2374 1094/1748/2375 1185/1749/2376
f 1182/1742/2370 1389/1746/2373 1185/1749/2376 1093/1743/2371
f 1021/1431/2097 1267/1429/2128 1390/1750/2377 1184/1751/2374
f 1267/1429/2128 1053/1425/2124 1186/1752/2378 1390/1750/2377
f 1390/1750/2377 1186/1752/2378 1095/1753/2379 1187/1754/2380
f 1184/1751/2374 1390/1750/2377 1187/1754/2380 1094/1755/2375
f 1053/1425/2124 1264/1423/2122 1391/1756/2381 1186/1752/2378
f 1264/1423/2122 1023/1411/2110 1188/1757/2382 1391/1756/2381
f 1391/1756/2381 1188/1757/2382 1096/1758/2383 1189/1759/2384
f 1186/1752/2378 1391/1756/2381 1189/1759/2384 1095/1753/2379
f 1023/1411/2110 1257/1409/2108 1392/1760/2385 1188/1757/2382
f 1257/1409/2108 1054/1405/2104 1190/1761/2386 1392/1760/2385
f 1392/1760/2385 1190/1761/2386 1097/1762/2387 1191/1763/2388
f 1188/1757/2382 1392/1760/2385 1191/1763/2388 1096/1758/2383
f 1054/1405/2104 1254/1403/2102 1393/1764/2389 1190/1761/2386
f 1254/1403/2102 1018/1289/2009 1192/1765/2390 1393/1764/2389
f 1393/1764/2389 1192/1765/2390 1098/1766/2391 1193/1767/2392
f 1190/1761/2386 1393/1764/2389 1193/1767/2392 1097/1762/2387
f 1018/1289/2009 1207/1287/2007 1394/1768/2393 1192/1765/2390
f 1207/1287/2007 1043/1282/2003 1194/1769/2394 1394/1768/2393
f 1394/1768/2393 1194/1769/2394 1099/1770/2395 1195/1771/2396
f 1192/1765/2390 1394/1768/2393 1195/1771/2396 1098/1766/2391
f 1043/1282/2003 1204/1279/2001 1395/1772/2397 1194/1769/2394
f 1204/1279/2001 286/1278/1149 326/1773/1602 1395/1772/2397
f 1395/1772/2397 326/1773/1602 312/1774/1604 1196/1775/2398
f 1194/1769/2394 1395/1772/2397 1196/1775/2398 1099/1770/2395
f 311/1745/1576 1183/1744/2372 1396/1776/2399 327/1777/1605
f 1183/1744/2372 1093/1743/2371 1197/1778/2400 1396/1776/2399
f 1396/1776/2399 1197/1778/2400 1100/1696/2329 1167/1693/2327
f 327/1777/1605 1396/1776/2399 1167/1693/2327 313/1692/1525
f 1093/1743/2371 1185/1749/2376 1397/1779/2401 1197/1778/2400
f 1185/1749/2376 1094/1748/2375 1198/1780/2402 1397/1779/2401
f 1397/1779/2401 1198/1780/2402 1101/1700/2333 1169/1698/2331
f 1197/1778/2400 1397/1779/2401 1169/1698/2331 1100/1696/2329
f 1094/1755/2375 1187/1754/2380 1398/1781/2403 1198/1782/2402
f 1187/1754/2380 1095/1753/2379 1199/1783/2404 1398/1781/2403
f 1398/1781/2403 1199/1783/2404 1102/1706/2337 1171/1703/2335
f 1198/1782/2402 1398/1781/2403 1171/1703/2335 1101/1702/2333
f 1095/1753/2379 1189/1759/2384 1399/1784/2405 1199/1783/2404
f 1189/1759/2384 1096/1758/2383 1200/1785/2406 1399/1784/2405
f 1399/1784/2405 1200/1785/2406 1103/1710/2341 1173/1708/2339
f 1199/1783/2404 1399/1784/2405 1173/1708/2339 1102/1706/2337
f 1096/1758/2383 1191/1763/2388 1400/1786/2407 1200/1785/2406
f 1191/1763/2388 1097/1762/2387 1201/1787/2408 1400/1786/2407
f 1400/1786/2407 1201/1787/2408 1104/1721/2352 1175/1718/2349
f 1200/1785/2406 1400/1786/2407 1175/1718/2349 1103/1710/2341
f 1097/1762/2387 1193/1767/2392 1401/1788/2409 1201/1787/2408
f 1193/1767/2392 1098/1766/2391 1202/1789/2410 1401/1788/2409
f 1401/1788/2409 1202/1789/2410 1105/1730/2361 1177/1728/2359
f 1201/1787/2408 1401/1788/2409 1177/1728/2359 1104/1721/2352
f 1098/1766/2391 1195/1771/2396 1402/1790/2411 1202/1789/2410
f 1195/1771/2396 1099/1770/2395 1203/1791/2412 1402/1790/2411
f 1402/1790/2411 1203/1791/2412 1106/1734/2365 1179/1732/2363
f 1202/1789/2410 1402/1790/2411 1179/1732/2363 1105/1730/2361
f 1099/1770/2395 1196/1775/2398 1403/1792/2413 1203/1791/2412
f 1196/1775/2398 312/1774/1604 328/1793/1621 1403/1792/2413
f 1403/1792/2413 328/1793/1621 314/1738/1570 1181/1736/2367
f 1203/1791/2412 1403/1792/2413 1181/1736/2367 1106/1734/2365
s 167
f 1480/1794/2414 1383/1709/2415 1477/1712/2416 1476/1795/2417
f 1485/1796/2418 1062/1676/2419 1482/1675/2420 1481/1797/2421
f 1483/1798/2422 1159/1673/2423 1487/1717/2424 1486/1799/2425
f 1478/1800/2426 1174/1711/2427 1490/1720/2428 1489/1801/2429
f 1491/1802/2430 1384/1719/2431 1494/1723/2432 1493/1803/2433
f 1495/1804/2434 1164/1688/2435 1498/1687/2436 1497/1805/2437
f 1503/1806/2438 1405/1807/2439 1479/1808/2440 1500/1809/2441
f 1407/1810/2442 1488/1811/2443 1504/1812/2444
f 1501/1813/2445 1404/1814/2446 1492/1815/2447 1506/1816/2448
f 1507/1817/2449 1408/1818/2450 1496/1819/2451 1509/1820/2452
f 1514/1821/2453 1411/1822/2454 1502/1823/2455 1511/1824/2456
f 1518/1825/2457 1406/1826/2458 1484/1827/2459 1515/1828/2460
f 1516/1829/2461 1412/1830/2462 1505/1831/2463 1519/1832/2464
f 1512/1833/2465 1410/1834/2466 1508/1835/2467 1521/1836/2468
f 1522/1837/2469 1413/1838/2470 1510/1839/2471 1524/1840/2472
f 1525/1841/2473 1414/1842/2474 1499/1843/2475 1527/1844/2476
f 1532/1845/2477 1416/1846/2478 1513/1847/2479 1529/1848/2480
f 1536/1849/2481 1417/1850/2482 1517/1851/2483 1533/1852/2484
f 1534/1853/2485 1418/1854/2486 1520/1855/2487 1537/1856/2488
f 1530/1857/2489 1415/1858/2490 1523/1859/2491 1539/1860/2492
f 1540/1861/2493 1419/1862/2494 1526/1863/2495 1542/1864/2496
f 1543/1865/2497 1420/1866/2498 1528/1867/2499 1545/1868/2500
f 1550/1869/2501 1422/1870/2502 1531/1871/2503 1547/1872/2504
f 1554/1873/2505 1423/1874/2506 1535/1875/2507 1551/1876/2508
f 1552/1877/2509 1424/1878/2510 1538/1879/2511 1555/1880/2512
f 1548/1881/2513 1421/1882/2514 1541/1883/2515 1557/1884/2516
f 1558/1885/2517 1425/1886/2518 1544/1887/2519 1560/1888/2520
f 1561/1889/2521 1426/1890/2522 1546/1891/2523 1563/1892/2524
f 1568/1893/2525 1428/1894/2526 1549/1895/2527 1565/1896/2528
f 1572/1897/2529 1429/1898/2530 1553/1899/2531 1569/1900/2532
f 1570/1901/2533 1430/1902/2534 1556/1903/2535 1573/1904/2536
f 1566/1905/2537 1427/1906/2538 1559/1907/2539 1575/1908/2540
f 1576/1909/2541 1431/1910/2542 1562/1911/2543 1578/1912/2544
f 1579/1913/2545 1432/1914/2546 1564/1915/2547 1581/1916/2548
f 1586/1917/2549 1434/1918/2550 1567/1919/2551 1583/1920/2552
f 1590/1921/2553 1435/1922/2554 1571/1923/2555 1587/1924/2556
f 1588/1925/2557 1436/1926/2558 1574/1927/2559 1591/1928/2560
f 1584/1929/2561 1433/1930/2562 1577/1931/2563 1593/1932/2564
f 1594/1933/2565 1437/1934/2566 1580/1935/2567 1596/1936/2568
f 1597/1937/2569 1438/1938/2570 1582/1939/2571 1599/1940/2572
f 1604/1941/2573 1440/1942/2574 1585/1943/2575 1601/1944/2576
f 1608/1945/2577 1441/1946/2578 1589/1947/2579 1605/1948/2580
f 1606/1949/2581 1442/1950/2582 1592/1951/2583 1609/1952/2584
f 1602/1953/2585 1439/1954/2586 1595/1955/2587 1611/1956/2588
f 1612/1957/2589 1443/1958/2590 1598/1959/2591 1614/1960/2592
f 1615/1961/2593 1444/1962/2594 1600/1963/2595 1617/1964/2596
f 1622/1965/2597 1446/1966/2598 1603/1967/2599 1619/1968/2600
f 1626/1969/2601 1447/1970/2602 1607/1971/2603 1623/1972/2604
f 1624/1973/2605 1448/1974/2606 1610/1975/2607 1627/1976/2608
f 1620/1977/2609 1445/1978/2610 1613/1979/2611 1629/1980/2612
f 1630/1981/2613 1449/1982/2614 1616/1983/2615 1632/1984/2616
f 1633/1985/2617 1450/1986/2618 1618/1987/2619 1635/1988/2620
f 1640/1989/2621 1452/1990/2622 1621/1991/2623 1637/1992/2624
f 1644/1993/2625 1453/1994/2626 1625/1995/2627 1641/1996/2628
f 1642/1997/2629 1454/1998/2630 1628/1999/2631 1645/2000/2632
f 1638/2001/2633 1451/2002/2634 1631/2003/2635 1647/2004/2636
f 1648/2005/2637 1455/2006/2638 1634/2007/2639 1650/2008/2640
f 1651/2009/2641 1456/2010/2642 1636/2011/2643 1653/2012/2644
f 1657/2013/2645 1458/2014/2646 1639/2015/2647 1655/2016/2648
f 1660/2017/2649 1459/2018/2650 1643/2019/2651 1658/2020/2652
f 1659/2021/2653 1460/2022/2654 1646/2023/2655 1661/2024/2656
f 1656/2025/2657 1457/2026/2658 1649/2027/2659 1662/2028/2660
f 1663/2029/2661 1461/2030/2662 1652/2031/2663 1664/2032/2664
f 1665/2033/2665 1462/2034/2666 1654/2035/2667 1666/2036/2668
f 1470/1715/2346 1463/1725/2356 1471/1724/2355 1469/1716/2347
f 1471/1724/2355 1465/2037/2669 1472/2038/2670 1469/1716/2347
f 1472/2038/2670 1466/1713/2344 1469/1716/2347
f 1474/1726/2357 1467/2039/2671 1468/2040/2672 1473/1727/2358
f 1468/2040/2672 1475/2041/2673 1473/1727/2358
f 1475/2041/2673 1465/2037/2669 1471/1724/2355 1473/1727/2358
f 1477/1712/2416 1174/1711/2427 1478/1800/2426 1476/1795/2417
f 1478/1800/2426 1404/1814/2446 1479/1808/2440 1476/1795/2417
f 1479/1808/2440 1405/1807/2439 1480/1794/2414 1476/1795/2417
f 1482/1675/2420 1159/1673/2423 1483/1798/2422 1481/1797/2421
f 1483/1798/2422 1407/1810/2442 1484/1827/2459 1481/1797/2421
f 1484/1827/2459 1406/1826/2458 1485/1796/2418 1481/1797/2421
f 1487/1717/2424 1383/1709/2415 1480/1794/2414 1486/1799/2425
f 1480/1794/2414 1405/1807/2439 1488/1811/2443 1486/1799/2425
f 1488/1811/2443 1407/1810/2442 1483/1798/2422 1486/1799/2425
f 1490/1720/2428 1384/1719/2431 1491/1802/2430 1489/1801/2429
f 1491/1802/2430 1408/1818/2450 1492/1815/2447 1489/1801/2429
f 1492/1815/2447 1404/1814/2446 1478/1800/2426 1489/1801/2429
f 1494/1723/2432 1164/1688/2435 1495/1804/2434 1493/1803/2433
f 1495/1804/2434 1409/2042/2674 1496/1819/2451 1493/1803/2433
f 1496/1819/2451 1408/1818/2450 1491/1802/2430 1493/1803/2433
f 1498/1687/2436 1062/1676/2419 1485/1796/2418 1497/1805/2437
f 1485/1796/2418 1406/1826/2458 1499/1843/2475 1497/1805/2437
f 1499/1843/2475 1409/2042/2674 1495/1804/2434 1497/1805/2437
f 1479/1808/2440 1404/1814/2446 1501/1813/2445 1500/1809/2441
f 1501/1813/2445 1410/1834/2466 1502/1823/2455 1500/1809/2441
f 1502/1823/2455 1411/1822/2454 1503/1806/2438 1500/1809/2441
f 1407/1810/2442 1412/1830/2462 1484/1827/2459
f 1488/1811/2443 1405/1807/2439 1503/1806/2438 1504/1812/2444
f 1503/1806/2438 1411/1822/2454 1505/1831/2463 1504/1812/2444
f 1505/1831/2463 1412/1830/2462 1407/1810/2442 1504/1812/2444
f 1492/1815/2447 1408/1818/2450 1507/1817/2449 1506/1816/2448
f 1507/1817/2449 1413/1838/2470 1508/1835/2467 1506/1816/2448
f 1508/1835/2467 1410/1834/2466 1501/1813/2445 1506/1816/2448
f 1496/1819/2451 1409/2042/2674 1509/1820/2452
f 1409/2042/2674 1414/1842/2474 1510/1839/2471 1509/1820/2452
f 1510/1839/2471 1413/1838/2470 1507/1817/2449 1509/1820/2452
f 1499/1843/2475 1414/1842/2474 1409/2042/2674
f 1502/1823/2455 1410/1834/2466 1512/1833/2465 1511/1824/2456
f 1512/1833/2465 1415/1858/2490 1513/1847/2479 1511/1824/2456
f 1513/1847/2479 1416/1846/2478 1514/1821/2453 1511/1824/2456
f 1484/1827/2459 1412/1830/2462 1516/1829/2461 1515/1828/2460
f 1516/1829/2461 1418/1854/2486 1517/1851/2483 1515/1828/2460
f 1517/1851/2483 1417/1850/2482 1518/1825/2457 1515/1828/2460
f 1505/1831/2463 1411/1822/2454 1514/1821/2453 1519/1832/2464
f 1514/1821/2453 1416/1846/2478 1520/1855/2487 1519/1832/2464
f 1520/1855/2487 1418/1854/2486 1516/1829/2461 1519/1832/2464
f 1508/1835/2467 1413/1838/2470 1522/1837/2469 1521/1836/2468
f 1522/1837/2469 1419/1862/2494 1523/1859/2491 1521/1836/2468
f 1523/1859/2491 1415/1858/2490 1512/1833/2465 1521/1836/2468
f 1510/1839/2471 1414/1842/2474 1525/1841/2473 1524/1840/2472
f 1525/1841/2473 1420/1866/2498 1526/1863/2495 1524/1840/2472
f 1526/1863/2495 1419/1862/2494 1522/1837/2469 1524/1840/2472
f 1499/1843/2475 1406/1826/2458 1518/1825/2457 1527/1844/2476
f 1518/1825/2457 1417/1850/2482 1528/1867/2499 1527/1844/2476
f 1528/1867/2499 1420/1866/2498 1525/1841/2473 1527/1844/2476
f 1513/1847/2479 1415/1858/2490 1530/1857/2489 1529/1848/2480
f 1530/1857/2489 1421/1882/2514 1531/1871/2503 1529/1848/2480
f 1531/1871/2503 1422/1870/2502 1532/1845/2477 1529/1848/2480
f 1517/1851/2483 1418/1854/2486 1534/1853/2485 1533/1852/2484
f 1534/1853/2485 1424/1878/2510 1535/1875/2507 1533/1852/2484
f 1535/1875/2507 1423/1874/2506 1536/1849/2481 1533/1852/2484
f 1520/1855/2487 1416/1846/2478 1532/1845/2477 1537/1856/2488
f 1532/1845/2477 1422/1870/2502 1538/1879/2511 1537/1856/2488
f 1538/1879/2511 1424/1878/2510 1534/1853/2485 1537/1856/2488
f 1523/1859/2491 1419/1862/2494 1540/1861/2493 1539/1860/2492
f 1540/1861/2493 1425/1886/2518 1541/1883/2515 1539/1860/2492
f 1541/1883/2515 1421/1882/2514 1530/1857/2489 1539/1860/2492
f 1526/1863/2495 1420/1866/2498 1543/1865/2497 1542/1864/2496
f 1543/1865/2497 1426/1890/2522 1544/1887/2519 1542/1864/2496
f 1544/1887/2519 1425/1886/2518 1540/1861/2493 1542/1864/2496
f 1528/1867/2499 1417/1850/2482 1536/1849/2481 1545/1868/2500
f 1536/1849/2481 1423/1874/2506 1546/1891/2523 1545/1868/2500
f 1546/1891/2523 1426/1890/2522 1543/1865/2497 1545/1868/2500
f 1531/1871/2503 1421/1882/2514 1548/1881/2513 1547/1872/2504
f 1548/1881/2513 1427/1906/2538 1549/1895/2527 1547/1872/2504
f 1549/1895/2527 1428/1894/2526 1550/1869/2501 1547/1872/2504
f 1535/1875/2507 1424/1878/2510 1552/1877/2509 1551/1876/2508
f 1552/1877/2509 1430/1902/2534 1553/1899/2531 1551/1876/2508
f 1553/1899/2531 1429/1898/2530 1554/1873/2505 1551/1876/2508
f 1538/1879/2511 1422/1870/2502 1550/1869/2501 1555/1880/2512
f 1550/1869/2501 1428/1894/2526 1556/1903/2535 1555/1880/2512
f 1556/1903/2535 1430/1902/2534 1552/1877/2509 1555/1880/2512
f 1541/1883/2515 1425/1886/2518 1558/1885/2517 1557/1884/2516
f 1558/1885/2517 1431/1910/2542 1559/1907/2539 1557/1884/2516
f 1559/1907/2539 1427/1906/2538 1548/1881/2513 1557/1884/2516
f 1544/1887/2519 1426/1890/2522 1561/1889/2521 1560/1888/2520
f 1561/1889/2521 1432/1914/2546 1562/1911/2543 1560/1888/2520
f 1562/1911/2543 1431/1910/2542 1558/1885/2517 1560/1888/2520
f 1546/1891/2523 1423/1874/2506 1554/1873/2505 1563/1892/2524
f 1554/1873/2505 1429/1898/2530 1564/1915/2547 1563/1892/2524
f 1564/1915/2547 1432/1914/2546 1561/1889/2521 1563/1892/2524
f 1549/1895/2527 1427/1906/2538 1566/1905/2537 1565/1896/2528
f 1566/1905/2537 1433/1930/2562 1567/1919/2551 1565/1896/2528
f 1567/1919/2551 1434/1918/2550 1568/1893/2525 1565/1896/2528
f 1553/1899/2531 1430/1902/2534 1570/1901/2533 1569/1900/2532
f 1570/1901/2533 1436/1926/2558 1571/1923/2555 1569/1900/2532
f 1571/1923/2555 1435/1922/2554 1572/1897/2529 1569/1900/2532
f 1556/1903/2535 1428/1894/2526 1568/1893/2525 1573/1904/2536
f 1568/1893/2525 1434/1918/2550 1574/1927/2559 1573/1904/2536
f 1574/1927/2559 1436/1926/2558 1570/1901/2533 1573/1904/2536
f 1559/1907/2539 1431/1910/2542 1576/1909/2541 1575/1908/2540
f 1576/1909/2541 1437/1934/2566 1577/1931/2563 1575/1908/2540
f 1577/1931/2563 1433/1930/2562 1566/1905/2537 1575/1908/2540
f 1562/1911/2543 1432/1914/2546 1579/1913/2545 1578/1912/2544
f 1579/1913/2545 1438/1938/2570 1580/1935/2567 1578/1912/2544
f 1580/1935/2567 1437/1934/2566 1576/1909/2541 1578/1912/2544
f 1564/1915/2547 1429/1898/2530 1572/1897/2529 1581/1916/2548
f 1572/1897/2529 1435/1922/2554 1582/1939/2571 1581/1916/2548
f 1582/1939/2571 1438/1938/2570 1579/1913/2545 1581/1916/2548
f 1567/1919/2551 1433/1930/2562 1584/1929/2561 1583/1920/2552
f 1584/1929/2561 1439/1954/2586 1585/1943/2575 1583/1920/2552
f 1585/1943/2575 1440/1942/2574 1586/1917/2549 1583/1920/2552
f 1571/1923/2555 1436/1926/2558 1588/1925/2557 1587/1924/2556
f 1588/1925/2557 1442/1950/2582 1589/1947/2579 1587/1924/2556
f 1589/1947/2579 1441/1946/2578 1590/1921/2553 1587/1924/2556
f 1574/1927/2559 1434/1918/2550 1586/1917/2549 1591/1928/2560
f 1586/1917/2549 1440/1942/2574 1592/1951/2583 1591/1928/2560
f 1592/1951/2583 1442/1950/2582 1588/1925/2557 1591/1928/2560
f 1577/1931/2563 1437/1934/2566 1594/1933/2565 1593/1932/2564
f 1594/1933/2565 1443/1958/2590 1595/1955/2587 1593/1932/2564
f 1595/1955/2587 1439/1954/2586 1584/1929/2561 1593/1932/2564
f 1580/1935/2567 1438/1938/2570 1597/1937/2569 1596/1936/2568
f 1597/1937/2569 1444/1962/2594 1598/1959/2591 1596/1936/2568
f 1598/1959/2591 1443/1958/2590 1594/1933/2565 1596/1936/2568
f 1582/1939/2571 1435/1922/2554 1590/1921/2553 1599/1940/2572
f 1590/1921/2553 1441/1946/2578 1600/1963/2595 1599/1940/2572
f 1600/1963/2595 1444/1962/2594 1597/1937/2569 1599/1940/2572
f 1585/1943/2575 1439/1954/2586 1602/1953/2585 1601/1944/2576
f 1602/1953/2585 1445/1978/2610 1603/1967/2599 1601/1944/2576
f 1603/1967/2599 1446/1966/2598 1604/1941/2573 1601/1944/2576
f 1589/1947/2579 1442/1950/2582 1606/1949/2581 1605/1948/2580
f 1606/1949/2581 1448/1974/2606 1607/1971/2603 1605/1948/2580
f 1607/1971/2603 1447/1970/2602 1608/1945/2577 1605/1948/2580
f 1592/1951/2583 1440/1942/2574 1604/1941/2573 1609/1952/2584
f 1604/1941/2573 1446/1966/2598 1610/1975/2607 1609/1952/2584
f 1610/1975/2607 1448/1974/2606 1606/1949/2581 1609/1952/2584
f 1595/1955/2587 1443/1958/2590 1612/1957/2589 1611/1956/2588
f 1612/1957/2589 1449/1982/2614 1613/1979/2611 1611/1956/2588
f 1613/1979/2611 1445/1978/2610 1602/1953/2585 1611/1956/2588
f 1598/1959/2591 1444/1962/2594 1615/1961/2593 1614/1960/2592
f 1615/1961/2593 1450/1986/2618 1616/1983/2615 1614/1960/2592
f 1616/1983/2615 1449/1982/2614 1612/1957/2589 1614/1960/2592
f 1600/1963/2595 1441/1946/2578 1608/1945/2577 1617/1964/2596
f 1608/1945/2577 1447/1970/2602 1618/1987/2619 1617/1964/2596
f 1618/1987/2619 1450/1986/2618 1615/1961/2593 1617/1964/2596
f 1603/1967/2599 1445/1978/2610 1620/1977/2609 1619/1968/2600
f 1620/1977/2609 1451/2002/2634 1621/1991/2623 1619/1968/2600
f 1621/1991/2623 1452/1990/2622 1622/1965/2597 1619/1968/2600
f 1607/1971/2603 1448/1974/2606 1624/1973/2605 1623/1972/2604
f 1624/1973/2605 1454/1998/2630 1625/1995/2627 1623/1972/2604
f 1625/1995/2627 1453/1994/2626 1626/1969/2601 1623/1972/2604
f 1610/1975/2607 1446/1966/2598 1622/1965/2597 1627/1976/2608
f 1622/1965/2597 1452/1990/2622 1628/1999/2631 1627/1976/2608
f 1628/1999/2631 1454/1998/2630 1624/1973/2605 1627/1976/2608
f 1613/1979/2611 1449/1982/2614 1630/1981/2613 1629/1980/2612
f 1630/1981/2613 1455/2006/2638 1631/2003/2635 1629/1980/2612
f 1631/2003/2635 1451/2002/2634 1620/1977/2609 1629/1980/2612
f 1616/1983/2615 1450/1986/2618 1633/1985/2617 1632/1984/2616
f 1633/1985/2617 1456/2010/2642 1634/2007/2639 1632/1984/2616
f 1634/2007/2639 1455/2006/2638 1630/1981/2613 1632/1984/2616
f 1618/1987/2619 1447/1970/2602 1626/1969/2601 1635/1988/2620
f 1626/1969/2601 1453/1994/2626 1636/2011/2643 1635/1988/2620
f 1636/2011/2643 1456/2010/2642 1633/1985/2617 1635/1988/2620
f 1621/1991/2623 1451/2002/2634 1638/2001/2633 1637/1992/2624
f 1638/2001/2633 1457/2026/2658 1639/2015/2647 1637/1992/2624
f 1639/2015/2647 1458/2014/2646 1640/1989/2621 1637/1992/2624
f 1625/1995/2627 1454/1998/2630 1642/1997/2629 1641/1996/2628
f 1642/1997/2629 1460/2022/2654 1643/2019/2651 1641/1996/2628
f 1643/2019/2651 1459/2018/2650 1644/1993/2625 1641/1996/2628
f 1628/1999/2631 1452/1990/2622 1640/1989/2621 1645/2000/2632
f 1640/1989/2621 1458/2014/2646 1646/2023/2655 1645/2000/2632
f 1646/2023/2655 1460/2022/2654 1642/1997/2629 1645/2000/2632
f 1631/2003/2635 1455/2006/2638 1648/2005/2637 1647/2004/2636
f 1648/2005/2637 1461/2030/2662 1649/2027/2659 1647/2004/2636
f 1649/2027/2659 1457/2026/2658 1638/2001/2633 1647/2004/2636
f 1634/2007/2639 1456/2010/2642 1651/2009/2641 1650/2008/2640
f 1651/2009/2641 1462/2034/2666 1652/2031/2663 1650/2008/2640
f 1652/2031/2663 1461/2030/2662 1648/2005/2637 1650/2008/2640
f 1636/2011/2643 1453/1994/2626 1644/1993/2625 1653/2012/2644
f 1644/1993/2625 1459/2018/2650 1654/2035/2667 1653/2012/2644
f 1654/2035/2667 1462/2034/2666 1651/2009/2641 1653/2012/2644
f 1639/2015/2647 1457/2026/2658 1656/2025/2657 1655/2016/2648
f 1656/2025/2657 1463/1725/2356 1470/1715/2346 1655/2016/2648
f 1470/1715/2346 1464/1714/2345 1657/2013/2645 1655/2016/2648
f 1643/2019/2651 1460/2022/2654 1659/2021/2653 1658/2020/2652
f 1659/2021/2653 1466/1713/2344 1472/2038/2670 1658/2020/2652
f 1472/2038/2670 1465/2037/2669 1660/2017/2649 1658/2020/2652
f 1646/2023/2655 1458/2014/2646 1657/2013/2645 1661/2024/2656
f 1657/2013/2645 1464/1714/2345 1466/1713/2344 1661/2024/2656
f 1466/1713/2344 1659/2021/2653 1661/2024/2656
f 1649/2027/2659 1461/2030/2662 1663/2029/2661 1662/2028/2660
f 1663/2029/2661 1467/2039/2671 1474/1726/2357 1662/2028/2660
f 1474/1726/2357 1463/1725/2356 1656/2025/2657 1662/2028/2660
f 1652/2031/2663 1462/2034/2666 1665/2033/2665 1664/2032/2664
f 1665/2033/2665 1468/2040/2672 1664/2032/2664
f 1468/2040/2672 1467/2039/2671 1663/2029/2661 1664/2032/2664
f 1654/2035/2667 1459/2018/2650 1660/2017/2649 1666/2036/2668
f 1660/2017/2649 1465/2037/2669 1475/2041/2673 1666/2036/2668
f 1475/2041/2673 1468/2040/2672 1665/2033/2665 1666/2036/2668
s off
f 1214/2043/2675 1667/2044/2676 1668/2045/2677 1304/2046/2678
f 1304/2047/2679 1668/2048/2680 1669/2049/2681 1215/2050/2682
f 1305/2051/2683 1670/2052/2684 1667/2053/2685 1214/2054/2686
f 1217/2055/2687 1671/2056/2688 1670/2057/2689 1305/2058/2690
f 1306/2059/2691 1672/2060/2692 1671/2061/2693 1217/2062/2694
f 1220/2063/2695 1673/2064/2696 1672/2065/2697 1306/2066/2698
f 1215/2067/2699 1669/2068/2700 1674/2069/2701 1307/2070/2702
f 1307/2071/2703 1674/2072/2704 1673/2073/2705 1220/2074/2706
f 1667/2075/2707 1675/2076/2708 1676/2077/2709 1668/2078/2710
f 1668/2079/2711 1676/2080/2712 1677/2081/2713 1669/2082/2714
f 1670/2083/2715 1678/2084/2716 1675/2085/2717 1667/2086/2718
f 1671/2087/2719 1679/2088/2720 1678/2089/2721 1670/2090/2722
f 1672/2091/2723 1679/2092/2724 1671/2093/2725
f 1673/2094/2726 1680/2095/2727 1672/2096/2728
f 1669/2097/2729 1677/2098/2730 1681/2099/2731 1674/2100/2732
f 1674/2101/2733 1681/2102/2734 1680/2103/2735 1673/2104/2736
f 1675/2105/2737 1682/2106/2738 1683/2107/2739 1676/2108/2740
f 1676/2109/2741 1683/2110/2742 1684/2111/2743 1677/2112/2744
f 1678/2113/2745 1685/2114/2746 1682/2115/2747 1675/2116/2748
f 1679/2117/2749 1686/2118/2750 1685/2119/2751 1678/2120/2752
f 1672/2121/2753 1687/2122/2754 1686/2123/2755 1679/2124/2756
f 1680/2125/2757 1688/2126/2758 1687/2127/2759 1672/2128/2760
f 1677/2129/2761 1684/2130/2762 1689/2131/2763 1681/2132/2764
f 1681/2133/2765 1689/2134/2766 1688/2135/2767 1680/2136/2768
f 1682/2137/2769 1690/2138/2770 1683/2139/2771
f 1683/2140/2772 1690/2141/2773 1684/2142/2774
f 1685/2143/2775 1690/2144/2776 1682/2145/2777
f 1686/2146/2778 1690/2147/2779 1685/2148/2780
f 1687/2149/2781 1690/2150/2782 1686/2151/2783
f 1688/2152/2784 1690/2153/2785 1687/2154/2786
f 1684/2155/2787 1690/2156/2788 1689/2157/2789
f 1689/2158/2790 1690/2159/2791 1688/2160/2792
s 95
f 331/2161/2793 1691/1307/2025 1215/1306/2024 293/1318/1189
f 331/2162/2793 293/435/1189 542/424/1178 1692/423/1177
s off
f 289/1302/2794 1742/1304/2795 1743/2163/2796
f 1691/1307/2797 331/2161/2798 1693/2164/2799
f 331/2162/2800 1692/423/2801 1693/2165/2802
f 1743/2166/2803 1744/420/2804 289/419/2805
s 95
f 1079/1683/2318 1696/1660/2299 1695/1671/2306 1160/1674/2309
f 1155/1682/2317 1697/1655/2294 1696/1660/2299 1079/1683/2318
f 1063/1625/2273 1698/1654/2293 1697/1655/2294 1155/1682/2317
f 1143/1624/2272 1699/1651/2290 1698/1654/2293 1063/1625/2273
f 1077/1620/2268 1700/1638/2283 1699/1651/2290 1143/1624/2272
f 1141/1619/2267 1701/1630/2278 1700/1638/2283 1077/1620/2268
f 1060/1618/2254 1702/1631/2241 1701/1630/2278 1141/1619/2267
f 1703/1579/2242 1702/1578/2241 1060/1596/2254 1130/1594/2252
f 1704/1580/2243 1703/1579/2242 1130/1594/2252 1076/1589/2248
f 1706/1584/1438 1705/1583/2245 1132/1586/2246 304/1585/1440
f 1707/701/1439 1706/700/1438 304/702/1440 459/705/1443
f 1709/695/1433 1708/697/1435 403/707/1445 457/712/1450
f 1710/696/1434 1709/695/1433 457/712/1450 387/714/1452
f 387/736/1452 468/735/1465 1711/748/1476 1710/747/1434
f 468/735/1465 404/738/1467 1712/755/1481 1711/748/1476
f 404/738/1467 470/741/1470 1713/768/1488 1712/755/1481
f 470/741/1470 390/743/1472 1714/771/1491 1713/768/1488
f 390/743/1472 482/799/1515 1715/772/1492 1714/771/1491
f 482/799/1515 406/801/1517 1716/777/1497 1715/772/1492
f 406/801/1517 487/791/1507 1717/788/1504 1716/777/1497
s off
f 1725/2167/2806 403/707/2807 1708/697/2808 1724/2168/2809 1718/2169/2810 147/192/2811 157/203/2812 1719/2170/2813
f 1726/2171/2814 459/705/2815 403/707/2816 1725/2172/2817 1719/2173/2818 157/262/2819 194/251/2820 1720/2174/2821
f 1727/2175/2822 1707/701/2823 459/705/2824 1726/2171/2825 1720/2174/2826 194/251/2827 193/250/2828 1721/2176/2829
f 1728/2177/2830 686/699/2831 1707/701/2832 1727/2175/2833 1721/2176/2834 193/250/2835 156/261/2836 1722/2178/2837
f 1729/2179/2838 458/692/2839 686/699/2840 1728/2180/2841 1722/2181/2842 156/202/2843 146/191/2844 1723/2182/2845
f 1724/2168/2846 1708/697/2847 458/692/2848 1729/2179/2849 1723/2182/2850 146/191/2851 147/192/2852 1718/2169/2853
f 1737/2183/2854 1704/1580/2855 1076/1589/2856 1736/2184/2857 1730/2185/2858 231/310/2859 230/309/2860 1731/2186/2861
f 1738/2187/2862 1131/1576/2863 1704/1580/2864 1737/2183/2865 1731/2186/2866 230/309/2867 240/320/2868 1732/2188/2869
f 1739/2189/2870 1359/1581/2871 1131/1576/2872 1738/2190/2873 1732/2191/2874 240/379/2875 277/368/2876 1733/2192/2877
f 1740/2193/2878 1705/1583/2879 1359/1581/2880 1739/2189/2881 1733/2192/2882 277/368/2883 278/369/2884 1734/2194/2885
f 1741/2195/2886 1132/1586/2887 1705/1583/2888 1740/2193/2889 1734/2194/2890 278/369/2891 241/380/2892 1735/2196/2893
f 1736/2184/2894 1076/1589/2895 1132/1586/2896 1741/2197/2897 1735/2198/2898 241/321/2899 231/310/2900 1730/2185/2901
s 95
f 1742/1304/2022 1304/1303/2021 1691/1307/2025
f 631/421/1175 1744/420/1174 1692/423/1177
s off
f 1745/2199/2902 1742/1304/2903 1691/1307/2904 1693/2164/2905 1694/2200/2906
f 1692/423/2907 1744/420/2908 1745/2201/2909 1694/2202/2910 1693/2165/2911
f 1691/2203/2912 331/2204/2913 1747/2205/2914 1746/2206/2915
f 1692/2207/2916 331/2208/2917 1747/2209/2918 1748/2210/2919
f 1691/2211/2920 1742/2212/2921 1749/2213/2922 1746/2214/2923
f 289/2215/2924 1744/2216/2925 1751/2217/2926 1750/2218/2927
f 1742/2219/2928 289/2220/2929 1750/2221/2930 1749/2222/2931
f 1744/2223/2932 1692/2224/2933 1748/2225/2934 1751/2226/2935
f 1746/2227/2936 1747/2228/2937 1752/2229/2938
f 1748/2230/2939 1747/2231/2940 1752/2232/2941
f 1746/2233/2942 1749/2234/2943 1752/2235/2944
f 1750/2236/2945 1751/2237/2946 1752/2238/2947
f 1749/2239/2948 1750/2240/2949 1752/2241/2950
f 1751/2242/2951 1748/2243/2952 1752/2244/2953
f 1742/2245/2954 1745/2246/2955 1753/2247/2956 1746/2248/2957
f 1745/2249/2958 1744/2250/2959 1748/2251/2960 1753/2252/2961
f 1743/2253/2962 1742/2254/2963 1746/2255/2964 1754/2256/2965
f 1744/2257/2966 1743/2258/2967 1754/2259/2968 1748/2260/2969
