# This file uses meters as units for non-parametric coordinates.

mtllib ookface.mtl
g default
v -891.306512 -50.000000 -399.446475
v -792.151501 -50.000000 -386.474386
v -891.306512 50.000000 -399.446475
v -792.151501 50.000000 -386.474386
v -869.127941 50.000000 -502.124655
v -772.137025 50.000000 -477.778450
v -869.127941 -50.000000 -502.124655
v -772.137025 -50.000000 -477.778450
v -847.146256 50.000000 -552.635858
v -755.910463 50.000000 -529.734233
v -755.910463 -50.000000 -529.734233
v -847.146256 -50.000000 -552.635858
v -811.766657 50.000000 -610.134449
v -726.219260 50.000000 -571.018151
v -726.219260 -50.000000 -571.018151
v -811.766657 -50.000000 -610.134449
v -765.221055 50.000000 -672.323749
v -685.928234 50.000000 -621.716549
v -685.928234 -50.000000 -621.716549
v -765.221055 -50.000000 -672.323749
v -711.382410 50.000000 -721.820628
v -632.089544 50.000000 -671.213355
v -632.089544 -50.000000 -671.213355
v -711.382410 -50.000000 -721.820628
v -648.349766 50.000000 -778.936788
v -601.338587 50.000000 -697.460314
v -601.338587 -50.000000 -697.460314
v -648.349766 -50.000000 -778.936788
v -549.306214 50.000000 -824.783349
v -561.443589 50.000000 -731.503575
v -561.443589 -50.000000 -731.503575
v -549.306214 -50.000000 -824.783349
v -631.653386 50.000000 -567.944198
v -631.653386 -50.000000 -567.944198
v -597.592080 -50.000000 -589.723990
v -597.592080 50.000000 -589.723990
v -553.403341 -50.000000 -617.971425
v -553.403341 50.000000 -617.971425
v -513.963991 50.000000 -737.095353
v -513.963991 -50.000000 -737.095353
v -491.468902 50.000000 -634.956686
v -491.468902 -50.000000 -634.956686
v -454.046812 50.000000 -757.067807
v -454.046812 -50.000000 -757.067807
v -431.551708 50.000000 -654.929198
v -431.551708 -50.000000 -654.929198
v -374.157218 50.000000 -777.908570
v -374.157218 -50.000000 -777.908570
v -351.662099 50.000000 -675.770525
v -351.662099 -50.000000 -675.770525
v -303.522462 50.000000 -783.373772
v -303.522462 -50.000000 -783.373772
v -297.252348 50.000000 -685.935714
v -297.252348 -50.000000 -685.935714
v -199.285843 50.000000 -788.890910
v -199.285843 -50.000000 -788.890910
v -190.225924 50.000000 -688.603796
v -190.225924 -50.000000 -688.603796
v -199.155348 50.000000 -824.930524
v -199.155348 -50.000000 -824.930524
v -112.482129 50.000000 -824.930531
v -112.482129 -50.000000 -824.930531
v -106.211882 50.000000 -687.797327
v -106.211882 -50.000000 -687.797327
v -1.110296 50.000000 -825.869801
v -1.110296 -50.000000 -825.869801
v -0.492523 50.000000 -688.594589
v -0.492523 -50.000000 -688.594589
v -123.876634 50.000000 -579.635754
v -123.876634 -50.000000 -579.635754
v 0.375968 -50.000000 -586.995856
v 0.375968 50.000000 -586.995856
v -65.398725 50.000000 -405.578141
v -65.398725 -50.000000 -405.578141
v -48.899790 -50.000000 -363.896734
v -48.899790 50.000000 -363.896734
v -1.360884 -50.000000 -391.613328
v -1.360884 50.000000 -391.613328
v -1.684518 -50.000000 -222.751522
v -1.684518 50.000000 -222.751522
v -958.667049 -50.000000 -317.383672
v -780.041176 -50.000000 -304.411684
v -780.041176 50.000000 -304.411684
v -958.667049 50.000000 -317.383672
v -1047.945571 -50.000000 -176.007886
v -721.637969 -50.000000 -163.035951
v -721.637969 50.000000 -163.035951
v -1047.945571 50.000000 -176.007886
v -884.791770 50.000000 -169.521919
v -884.791770 -50.000000 -169.521919
v -833.408383 50.000000 -97.698334
v -833.408383 -50.000000 -97.698334
v -689.606451 -50.000000 -130.590907
v -689.606451 50.000000 -130.590907
v -772.621232 50.000000 -31.958129
v -772.621232 -50.000000 -31.958129
v -635.698265 -50.000000 -86.849146
v -635.698265 50.000000 -86.849146
v -677.980865 50.000000 27.179458
v -677.980865 -50.000000 27.179458
v -579.149164 -50.000000 -36.504815
v -579.149164 50.000000 -36.504815
v -586.565805 50.000000 73.543049
v -586.565805 -50.000000 73.543049
v -511.554626 -50.000000 0.546491
v -511.554626 50.000000 0.546491
v -495.847408 50.000000 110.617612
v -495.847408 -50.000000 110.617612
v -443.263221 -50.000000 33.853208
v -443.263221 50.000000 33.853208
v -265.023265 50.000000 201.182317
v -265.023265 -50.000000 201.182317
v -236.158788 -50.000000 112.725042
v -236.158788 50.000000 112.725042
v -186.821859 50.000000 220.732527
v -186.821859 -50.000000 220.732527
v -157.957352 -50.000000 132.275386
v -157.957352 50.000000 132.275386
v -143.072704 50.000000 297.055203
v -143.072704 -50.000000 297.055203
v -91.486082 -50.000000 145.308966
v -91.486082 50.000000 145.308966
v -687.311341 50.000000 113.103529
v -687.311341 -50.000000 113.103529
v -611.122533 -50.000000 133.594893
v -611.122533 50.000000 133.594893
v -686.011426 50.000000 203.536439
v -686.011426 -50.000000 203.536439
v -607.208971 -50.000000 207.384902
v -607.208971 50.000000 207.384902
v -661.820463 50.000000 292.758847
v -661.820463 -50.000000 292.758847
v -584.479140 -50.000000 277.172259
v -584.479140 50.000000 277.172259
v -579.453639 50.000000 399.635573
v -579.453639 -50.000000 399.635573
v -515.656632 -50.000000 344.944874
v -515.656632 50.000000 344.944874
v -464.192112 50.000000 456.985134
v -464.192112 -50.000000 456.985134
v -453.661740 -50.000000 373.616994
v -453.661740 50.000000 373.616994
v -332.984230 50.000000 455.114879
v -332.984230 -50.000000 455.114879
v -350.265403 -50.000000 372.880434
v -350.265403 50.000000 372.880434
v -220.350242 50.000000 405.548374
v -220.350242 -50.000000 405.548374
v -277.822552 -50.000000 344.245410
v -277.822552 50.000000 344.245410
v -218.708884 -50.000000 288.106562
v -218.708884 50.000000 288.106562
v -0.283925 -50.000000 29.438106
v -0.283925 50.000000 29.438106
v 0.099163 50.000000 165.159112
v 0.099163 -50.000000 165.159112
v 0.225523 -50.000000 103.948803
v 0.225523 50.000000 103.948803
v -73.359089 -50.000004 279.599920
v -73.359089 50.000004 279.599920
v -142.213325 50.000000 395.882722
v -142.213325 -50.000000 395.882722
v -72.499710 -50.000004 378.427439
v -72.499710 50.000004 378.427439
v -120.728981 50.000000 529.944379
v -120.728981 -50.000000 529.944379
v -51.015425 -50.000004 512.489082
v -51.015425 50.000004 512.489082
v -59.367097 50.000000 708.137368
v -59.367097 -50.000000 708.137368
v -58.890696 50.000000 830.926397
v -58.890696 -50.000000 830.926397
v -1095.185918 -50.000000 -54.954464
v -932.032109 -50.000000 -48.468527
v -932.032109 50.000000 -48.468527
v -1095.185918 50.000000 -54.954464
v -1095.525256 -50.000000 92.987865
v -949.645540 -50.000000 78.291859
v -949.645540 50.000000 78.291859
v -1095.525256 50.000000 92.987865
v -1084.775741 -50.000000 165.161623
v -938.895980 -50.000000 150.464936
v -938.895980 50.000000 150.464936
v -1084.775741 50.000000 165.161623
v -1051.039888 -50.000000 275.354578
v -923.492803 -50.000000 203.045915
v -923.492803 50.000000 203.045915
v -1051.039888 50.000000 275.354578
v -1012.775902 -50.000000 253.661831
v -1012.775902 50.000000 253.661831
v -935.752373 50.000000 405.783412
v -935.752373 -50.000000 405.783412
v -846.469364 -50.000000 355.167348
v -846.469364 50.000000 355.167348
v -915.926032 50.000000 432.218440
v -915.926032 -50.000000 432.218440
v -826.642918 -50.000000 381.602465
v -826.642918 50.000000 381.602465
v -799.224598 50.000000 572.789684
v -799.224598 -50.000000 572.789684
v -736.253107 -50.000000 525.389343
v -736.253107 50.000000 525.389343
v -798.005054 50.000000 329.833447
v -798.005054 -50.000000 329.833447
v -778.178476 50.000000 356.268786
v -778.178476 -50.000000 356.268786
v -688.066627 -50.000000 452.239931
v -688.066627 50.000000 452.239931
v -668.408567 50.000000 589.650469
v -668.408567 -50.000000 589.650469
v -605.086805 -50.000000 508.674215
v -605.086805 50.000000 508.674215
v -540.975423 50.000000 662.469403
v -540.975423 -50.000000 662.469403
v -477.653735 -50.000000 581.493193
v -477.653735 50.000000 581.493193
v -358.987309 50.000000 739.981324
v -358.987309 -50.000000 739.981324
v -317.392666 -50.000000 645.977942
v -317.392666 50.000000 645.977942
v -218.810876 50.000000 780.031969
v -218.810876 -50.000000 780.031969
v -177.216203 -50.000000 686.028217
v -177.216203 50.000000 686.028217
v -506.071531 -50.000000 164.545413
v -315.556947 -50.000000 244.991671
v -315.556947 50.000000 244.991671
v -506.071531 50.000000 164.545413
v -490.082540 -50.000000 210.137641
v -354.306119 -50.000000 263.127601
v -354.306119 50.000000 263.127601
v -490.082540 50.000000 210.137641
v -466.104196 -50.000000 257.579534
v -398.009840 -50.000000 279.413844
v -398.009840 50.000000 279.413844
v -466.104196 50.000000 257.579534
v -1.661613 50.000000 719.048605
v -1.661613 -50.000000 719.048605
v -1.185198 50.000000 841.837574
v -1.185198 -50.000000 841.837574
v -88.835011 -50.000000 647.961314
v -19.121395 -50.000004 630.506031
v -19.121395 50.000004 630.506031
v -88.835011 50.000000 647.961314
v 891.306592 -50.000000 -399.446486
v 792.151534 -50.000000 -386.474371
v 891.306592 50.000000 -399.446486
v 792.151534 50.000000 -386.474371
v 869.127921 50.000000 -502.124693
v 772.137071 50.000000 -477.778474
v 869.127921 -50.000000 -502.124693
v 772.137071 -50.000000 -477.778474
v 847.146169 50.000000 -552.635916
v 755.910414 50.000000 -529.734244
v 755.910414 -50.000000 -529.734244
v 847.146169 -50.000000 -552.635916
v 811.766649 50.000000 -610.134480
v 726.219206 50.000000 -571.018201
v 726.219206 -50.000000 -571.018201
v 811.766649 -50.000000 -610.134480
v 765.221005 50.000000 -672.323810
v 685.928244 50.000000 -621.716527
v 685.928244 -50.000000 -621.716527
v 765.221005 -50.000000 -672.323810
v 711.382462 50.000000 -721.820665
v 632.089464 50.000000 -671.213442
v 632.089464 -50.000000 -671.213442
v 711.382462 -50.000000 -721.820665
v 648.349696 50.000000 -778.936750
v 601.338546 50.000000 -697.460340
v 601.338546 -50.000000 -697.460340
v 648.349696 -50.000000 -778.936750
v 549.306271 50.000000 -824.783323
v 561.443638 50.000000 -731.503525
v 561.443638 -50.000000 -731.503525
v 549.306271 -50.000000 -824.783323
v 631.653362 50.000000 -567.944263
v 631.653362 -50.000000 -567.944263
v 597.592058 -50.000000 -589.723973
v 597.592058 50.000000 -589.723973
v 553.403344 -50.000000 -617.971406
v 553.403344 50.000000 -617.971406
v 513.964012 50.000000 -737.095317
v 513.964012 -50.000000 -737.095317
v 491.468870 50.000000 -634.956721
v 491.468870 -50.000000 -634.956721
v 454.046776 50.000000 -757.067881
v 454.046776 -50.000000 -757.067881
v 431.551738 50.000000 -654.929196
v 431.551738 -50.000000 -654.929196
v 374.157161 50.000000 -777.908580
v 374.157161 -50.000000 -777.908580
v 351.662138 50.000000 -675.770458
v 351.662138 -50.000000 -675.770458
v 303.522489 50.000000 -783.373822
v 303.522489 -50.000000 -783.373822
v 297.252362 50.000000 -685.935652
v 297.252362 -50.000000 -685.935652
v 199.285816 50.000000 -788.890868
v 199.285816 -50.000000 -788.890868
v 190.225930 50.000000 -688.603800
v 190.225930 -50.000000 -688.603800
v 199.155301 50.000000 -824.930554
v 199.155301 -50.000000 -824.930554
v 112.482083 50.000000 -824.930547
v 112.482083 -50.000000 -824.930547
v 106.211882 50.000000 -687.797282
v 106.211882 -50.000000 -687.797282
v 1.110274 50.000000 -825.869819
v 1.110274 -50.000000 -825.869819
v 0.492512 50.000000 -688.594637
v 0.492512 -50.000000 -688.594637
v 123.876641 50.000000 -579.635763
v 123.876641 -50.000000 -579.635763
v -0.375975 -50.000000 -586.995822
v -0.375975 50.000000 -586.995822
v 65.398723 50.000000 -405.578166
v 65.398723 -50.000000 -405.578166
v 48.899785 -50.000000 -363.896721
v 48.899785 50.000000 -363.896721
v 1.360908 -50.000000 -391.613325
v 1.360908 50.000000 -391.613325
v 1.684500 -50.000000 -222.751535
v 1.684500 50.000000 -222.751535
v 958.667029 -50.000000 -317.383650
v 780.041105 -50.000000 -304.411671
v 780.041105 50.000000 -304.411671
v 958.667029 50.000000 -317.383650
v 1047.945562 -50.000000 -176.007858
v 721.637934 -50.000000 -163.035930
v 721.637934 50.000000 -163.035930
v 1047.945562 50.000000 -176.007858
v 884.791815 50.000000 -169.521909
v 884.791815 -50.000000 -169.521909
v 833.408410 50.000000 -97.698330
v 833.408410 -50.000000 -97.698330
v 689.606406 -50.000000 -130.590940
v 689.606406 50.000000 -130.590940
v 772.621208 50.000000 -31.958142
v 772.621208 -50.000000 -31.958142
v 635.698206 -50.000000 -86.849155
v 635.698206 50.000000 -86.849155
v 677.980829 50.000000 27.179479
v 677.980829 -50.000000 27.179479
v 579.149191 -50.000000 -36.504814
v 579.149191 50.000000 -36.504814
v 586.565737 50.000000 73.543011
v 586.565737 -50.000000 73.543011
v 511.554622 -50.000000 0.546483
v 511.554622 50.000000 0.546483
v 495.847448 50.000000 110.617621
v 495.847448 -50.000000 110.617621
v 443.263231 -50.000000 33.853218
v 443.263231 50.000000 33.853218
v 265.023266 50.000000 201.182346
v 265.023266 -50.000000 201.182346
v 236.158782 -50.000000 112.725033
v 236.158782 50.000000 112.725033
v 186.821852 50.000000 220.732571
v 186.821852 -50.000000 220.732571
v 157.957339 -50.000000 132.275376
v 157.957339 50.000000 132.275376
v 143.072672 50.000000 297.055232
v 143.072672 -50.000000 297.055232
v 91.486118 -50.000000 145.308955
v 91.486118 50.000000 145.308955
v 687.311305 50.000000 113.103508
v 687.311305 -50.000000 113.103508
v 611.122584 -50.000000 133.594911
v 611.122584 50.000000 133.594911
v 686.011499 50.000000 203.536458
v 686.011499 -50.000000 203.536458
v 607.208955 -50.000000 207.384893
v 607.208955 50.000000 207.384893
v 661.820420 50.000000 292.758860
v 661.820420 -50.000000 292.758860
v 584.479027 -50.000000 277.172248
v 584.479027 50.000000 277.172248
v 579.453639 50.000000 399.635603
v 579.453639 -50.000000 399.635603
v 515.656627 -50.000000 344.944883
v 515.656627 50.000000 344.944883
v 464.192053 50.000000 456.985173
v 464.192053 -50.000000 456.985173
v 453.661830 -50.000000 373.617010
v 453.661830 50.000000 373.617010
v 332.984218 50.000000 455.114894
v 332.984218 -50.000000 455.114894
v 350.265321 -50.000000 372.880429
v 350.265321 50.000000 372.880429
v 220.350248 50.000000 405.548365
v 220.350248 -50.000000 405.548365
v 277.822512 -50.000000 344.245370
v 277.822512 50.000000 344.245370
v 218.708921 -50.000000 288.106589
v 218.708921 50.000000 288.106589
v 0.283945 -50.000000 29.438103
v 0.283945 50.000000 29.438103
v -0.099192 50.000000 165.159129
v -0.099192 -50.000000 165.159129
v -0.225546 -50.000000 103.948785
v -0.225546 50.000000 103.948785
v 73.359000 -50.000004 279.599920
v 73.359000 50.000004 279.599920
v 142.213280 50.000000 395.882747
v 142.213280 -50.000000 395.882747
v 72.499727 -50.000004 378.427465
v 72.499727 50.000004 378.427465
v 120.728963 50.000000 529.944391
v 120.728963 -50.000000 529.944391
v 51.015425 -50.000004 512.489049
v 51.015425 50.000004 512.489049
v 59.367025 50.000000 708.137416
v 59.367025 -50.000000 708.137416
v 58.890691 50.000000 830.926420
v 58.890691 -50.000000 830.926420
v 1095.185882 -50.000000 -54.954481
v 932.032016 -50.000000 -48.468561
v 932.032016 50.000000 -48.468561
v 1095.185882 50.000000 -54.954481
v 1095.525167 -50.000000 92.987847
v 949.645558 -50.000000 78.291879
v 949.645558 50.000000 78.291879
v 1095.525167 50.000000 92.987847
v 1084.775774 -50.000000 165.161636
v 938.895965 -50.000000 150.464958
v 938.895965 50.000000 150.464958
v 1084.775774 50.000000 165.161636
v 1051.039918 -50.000000 275.354557
v 923.492781 -50.000000 203.045899
v 923.492781 50.000000 203.045899
v 1051.039918 50.000000 275.354557
v 1012.775912 -50.000000 253.661874
v 1012.775912 50.000000 253.661874
v 935.752373 50.000000 405.783403
v 935.752373 -50.000000 405.783403
v 846.469387 -50.000000 355.167354
v 846.469387 50.000000 355.167354
v 915.926076 50.000000 432.218442
v 915.926076 -50.000000 432.218442
v 826.642949 -50.000000 381.602452
v 826.642949 50.000000 381.602452
v 799.224552 50.000000 572.789727
v 799.224552 -50.000000 572.789727
v 736.253130 -50.000000 525.389312
v 736.253130 50.000000 525.389312
v 798.005046 50.000000 329.833476
v 798.005046 -50.000000 329.833476
v 778.178430 50.000000 356.268781
v 778.178430 -50.000000 356.268781
v 688.066619 -50.000000 452.239922
v 688.066619 50.000000 452.239922
v 668.408591 50.000000 589.650439
v 668.408591 -50.000000 589.650439
v 605.086760 -50.000000 508.674239
v 605.086760 50.000000 508.674239
v 540.975431 50.000000 662.469419
v 540.975431 -50.000000 662.469419
v 477.653733 -50.000000 581.493190
v 477.653733 50.000000 581.493190
v 358.987261 50.000000 739.981280
v 358.987261 -50.000000 739.981280
v 317.392606 -50.000000 645.977914
v 317.392606 50.000000 645.977914
v 218.810813 50.000000 780.032015
v 218.810813 -50.000000 780.032015
v 177.216262 -50.000000 686.028234
v 177.216262 50.000000 686.028234
v 506.071450 -50.000000 164.545390
v 315.556863 -50.000000 244.991691
v 315.556863 50.000000 244.991691
v 506.071450 50.000000 164.545390
v 490.082495 -50.000000 210.137621
v 354.306148 -50.000000 263.127644
v 354.306148 50.000000 263.127644
v 490.082495 50.000000 210.137621
v 466.104216 -50.000000 257.579553
v 398.009841 -50.000000 279.413858
v 398.009841 50.000000 279.413858
v 466.104216 50.000000 257.579553
v 1.661529 50.000000 719.048592
v 1.661529 -50.000000 719.048592
v 1.185062 50.000000 841.837626
v 1.185062 -50.000000 841.837626
v 88.835058 -50.000000 647.961343
v 19.121386 -50.000004 630.506031
v 19.121386 50.000004 630.506031
v 88.835058 50.000000 647.961343
vt 0.375000 0.000000
vt 0.625000 0.000000
vt 0.375000 0.250000
vt 0.625000 0.250000
vt 0.375000 0.500000
vt 0.625000 0.500000
vt 0.375000 0.750000
vt 0.625000 0.750000
vt 0.375000 1.000000
vt 0.625000 1.000000
vt 0.875000 0.000000
vt 0.875000 0.250000
vt 0.125000 0.000000
vt 0.125000 0.250000
vt 0.375000 0.500000
vt 0.625000 0.500000
vt 0.625000 0.750000
vt 0.375000 0.750000
vt 0.375000 0.500000
vt 0.625000 0.500000
vt 0.625000 0.750000
vt 0.375000 0.750000
vt 0.375000 0.500000
vt 0.625000 0.500000
vt 0.625000 0.750000
vt 0.375000 0.750000
vt 0.375000 0.500000
vt 0.625000 0.500000
vt 0.625000 0.750000
vt 0.375000 0.750000
vt 0.375000 0.500000
vt 0.625000 0.500000
vt 0.625000 0.750000
vt 0.375000 0.750000
vt 0.375000 0.500000
vt 0.625000 0.500000
vt 0.625000 0.750000
vt 0.375000 0.750000
vt 0.625000 0.500000
vt 0.625000 0.750000
vt 0.625000 0.750000
vt 0.625000 0.500000
vt 0.625000 0.750000
vt 0.625000 0.500000
vt 0.625000 0.750000
vt 0.625000 0.500000
vt 0.625000 0.500000
vt 0.625000 0.750000
vt 0.625000 0.750000
vt 0.625000 0.500000
vt 0.625000 0.500000
vt 0.625000 0.750000
vt 0.625000 0.750000
vt 0.625000 0.500000
vt 0.625000 0.500000
vt 0.625000 0.750000
vt 0.625000 0.750000
vt 0.625000 0.500000
vt 0.625000 0.500000
vt 0.625000 0.750000
vt 0.625000 0.750000
vt 0.625000 0.500000
vt 0.625000 0.500000
vt 0.625000 0.750000
vt 0.625000 0.750000
vt 0.625000 0.500000
vt 0.625000 0.750000
vt 0.625000 0.500000
vt 0.625000 0.500000
vt 0.625000 0.750000
vt 0.625000 0.750000
vt 0.625000 0.500000
vt 0.625000 0.500000
vt 0.625000 0.750000
vt 0.625000 0.500000
vt 0.625000 0.750000
vt 0.625000 0.750000
vt 0.625000 0.500000
vt 0.625000 0.500000
vt 0.625000 0.750000
vt 0.625000 0.750000
vt 0.625000 0.500000
vt 0.625000 0.750000
vt 0.625000 0.500000
vt 0.625000 0.750000
vt 0.625000 0.500000
vt 0.375000 0.000000
vt 0.625000 0.000000
vt 0.625000 0.250000
vt 0.375000 0.250000
vt 0.375000 0.000000
vt 0.625000 0.000000
vt 0.625000 0.250000
vt 0.375000 0.250000
vt 0.500000 0.250000
vt 0.500000 0.000000
vt 0.500000 0.250000
vt 0.500000 0.000000
vt 0.625000 0.000000
vt 0.625000 0.250000
vt 0.500000 0.250000
vt 0.500000 0.000000
vt 0.625000 0.000000
vt 0.625000 0.250000
vt 0.500000 0.250000
vt 0.500000 0.000000
vt 0.625000 0.000000
vt 0.625000 0.250000
vt 0.500000 0.250000
vt 0.500000 0.000000
vt 0.625000 0.000000
vt 0.625000 0.250000
vt 0.500000 0.250000
vt 0.500000 0.000000
vt 0.625000 0.000000
vt 0.625000 0.250000
vt 0.500000 0.250000
vt 0.500000 0.000000
vt 0.625000 0.000000
vt 0.625000 0.250000
vt 0.500000 0.250000
vt 0.500000 0.000000
vt 0.625000 0.000000
vt 0.625000 0.250000
vt 0.500000 0.250000
vt 0.500000 0.000000
vt 0.625000 0.000000
vt 0.625000 0.250000
vt 0.500000 0.250000
vt 0.500000 0.000000
vt 0.500000 0.000000
vt 0.500000 0.250000
vt 0.500000 0.250000
vt 0.500000 0.000000
vt 0.500000 0.000000
vt 0.500000 0.250000
vt 0.500000 0.250000
vt 0.500000 0.000000
vt 0.500000 0.000000
vt 0.500000 0.250000
vt 0.500000 0.250000
vt 0.500000 0.000000
vt 0.500000 0.000000
vt 0.500000 0.250000
vt 0.500000 0.250000
vt 0.500000 0.000000
vt 0.500000 0.000000
vt 0.500000 0.250000
vt 0.500000 0.250000
vt 0.500000 0.000000
vt 0.500000 0.000000
vt 0.500000 0.250000
vt 0.500000 0.250000
vt 0.500000 0.000000
vt 0.500000 0.000000
vt 0.500000 0.250000
vt 0.500000 0.000000
vt 0.500000 0.250000
vt 0.375000 0.000000
vt 0.500000 0.000000
vt 0.500000 0.250000
vt 0.375000 0.250000
vt 0.375000 0.000000
vt 0.500000 0.000000
vt 0.500000 0.250000
vt 0.375000 0.250000
vt 0.375000 0.000000
vt 0.500000 0.000000
vt 0.500000 0.250000
vt 0.375000 0.250000
vt 0.375000 0.000000
vt 0.470833 0.000000
vt 0.500000 0.250000
vt 0.375000 0.250000
vt 0.412500 0.000000
vt 0.412500 0.250000
vt 0.412500 0.250000
vt 0.412500 0.000000
vt 0.500000 0.000000
vt 0.500000 0.250000
vt 0.412500 0.250000
vt 0.412500 0.000000
vt 0.500000 0.000000
vt 0.500000 0.250000
vt 0.412500 0.250000
vt 0.412500 0.000000
vt 0.500000 0.000000
vt 0.500000 0.250000
vt 0.500000 0.000000
vt 0.500000 0.250000
vt 0.500000 0.250000
vt 0.500000 0.000000
vt 0.500000 0.250000
vt 0.500000 0.000000
vt 0.500000 0.000000
vt 0.500000 0.250000
vt 0.500000 0.250000
vt 0.500000 0.000000
vt 0.500000 0.000000
vt 0.500000 0.250000
vt 0.500000 0.250000
vt 0.500000 0.000000
vt 0.500000 0.000000
vt 0.500000 0.250000
vt 0.500000 0.250000
vt 0.500000 0.000000
vt 0.500000 0.000000
vt 0.500000 0.250000
vt 0.500000 0.250000
vt 0.500000 0.000000
vt 0.500000 0.000000
vt 0.500000 0.250000
vt 0.375000 0.250000
vt 0.625000 0.250000
vt 0.625000 0.500000
vt 0.375000 0.500000
vt 0.375000 0.500000
vt 0.625000 0.500000
vt 0.625000 0.750000
vt 0.375000 0.750000
vt 0.375000 0.750000
vt 0.625000 0.750000
vt 0.625000 1.000000
vt 0.375000 1.000000
vt 0.625000 0.000000
vt 0.875000 0.000000
vt 0.875000 0.250000
vt 0.125000 0.000000
vt 0.375000 0.000000
vt 0.125000 0.250000
vt 0.625000 0.500000
vt 0.375000 0.500000
vt 0.625000 0.750000
vt 0.375000 0.750000
vt 0.625000 0.500000
vt 0.375000 0.500000
vt 0.625000 0.750000
vt 0.375000 0.750000
vt 0.625000 0.500000
vt 0.375000 0.500000
vt 0.625000 0.750000
vt 0.375000 0.750000
vt 0.625000 0.500000
vt 0.375000 0.500000
vt 0.625000 0.750000
vt 0.375000 0.750000
vt 0.625000 0.500000
vt 0.375000 0.500000
vt 0.625000 0.500000
vt 0.625000 0.750000
vt 0.625000 0.750000
vt 0.625000 0.500000
vt 0.375000 0.750000
vt 0.625000 0.750000
vt 0.625000 0.750000
vt 0.625000 0.500000
vt 0.625000 0.750000
vt 0.625000 0.500000
vt 0.625000 0.500000
vt 0.625000 0.750000
vt 0.625000 0.500000
vt 0.625000 0.750000
vt 0.625000 0.500000
vt 0.625000 0.750000
vt 0.625000 0.500000
vt 0.625000 0.750000
vt 0.625000 0.500000
vt 0.625000 0.750000
vt 0.625000 0.500000
vt 0.625000 0.750000
vt 0.625000 0.500000
vt 0.625000 0.750000
vt 0.625000 0.500000
vt 0.625000 0.750000
vt 0.625000 0.500000
vt 0.625000 0.750000
vt 0.625000 0.500000
vt 0.625000 0.750000
vt 0.625000 0.500000
vt 0.625000 0.750000
vt 0.625000 0.500000
vt 0.625000 0.750000
vt 0.625000 0.500000
vt 0.625000 0.750000
vt 0.625000 0.500000
vt 0.625000 0.750000
vt 0.625000 0.750000
vt 0.625000 0.500000
vt 0.625000 0.750000
vt 0.625000 0.500000
vt 0.625000 0.750000
vt 0.625000 0.500000
vt 0.625000 0.750000
vt 0.625000 0.500000
vt 0.625000 0.750000
vt 0.625000 0.500000
vt 0.625000 0.750000
vt 0.625000 0.500000
vt 0.625000 0.000000
vt 0.375000 0.000000
vt 0.625000 0.250000
vt 0.375000 0.250000
vt 0.625000 0.000000
vt 0.500000 0.000000
vt 0.375000 0.000000
vt 0.625000 0.250000
vt 0.500000 0.250000
vt 0.375000 0.250000
vt 0.412500 0.250000
vt 0.412500 0.000000
vt 0.500000 0.000000
vt 0.500000 0.250000
vt 0.500000 0.000000
vt 0.500000 0.250000
vt 0.625000 0.000000
vt 0.625000 0.250000
vt 0.500000 0.000000
vt 0.500000 0.250000
vt 0.625000 0.000000
vt 0.625000 0.250000
vt 0.500000 0.000000
vt 0.500000 0.250000
vt 0.625000 0.000000
vt 0.625000 0.250000
vt 0.625000 0.000000
vt 0.500000 0.000000
vt 0.625000 0.250000
vt 0.500000 0.250000
vt 0.500000 0.000000
vt 0.500000 0.250000
vt 0.625000 0.000000
vt 0.625000 0.250000
vt 0.500000 0.000000
vt 0.500000 0.250000
vt 0.625000 0.000000
vt 0.625000 0.250000
vt 0.500000 0.000000
vt 0.500000 0.250000
vt 0.625000 0.000000
vt 0.625000 0.250000
vt 0.625000 0.250000
vt 0.625000 0.000000
vt 0.500000 0.250000
vt 0.500000 0.000000
vt 0.500000 0.250000
vt 0.500000 0.000000
vt 0.500000 0.250000
vt 0.500000 0.000000
vt 0.500000 0.250000
vt 0.500000 0.000000
vt 0.500000 0.250000
vt 0.500000 0.000000
vt 0.500000 0.250000
vt 0.500000 0.000000
vt 0.500000 0.250000
vt 0.500000 0.000000
vt 0.500000 0.250000
vt 0.500000 0.000000
vt 0.500000 0.250000
vt 0.500000 0.000000
vt 0.500000 0.250000
vt 0.500000 0.000000
vt 0.500000 0.250000
vt 0.500000 0.000000
vt 0.500000 0.250000
vt 0.500000 0.000000
vt 0.500000 0.250000
vt 0.500000 0.000000
vt 0.500000 0.250000
vt 0.500000 0.000000
vt 0.500000 0.250000
vt 0.500000 0.000000
vt 0.500000 0.000000
vt 0.500000 0.250000
vt 0.500000 0.000000
vt 0.375000 0.000000
vt 0.500000 0.250000
vt 0.375000 0.250000
vt 0.500000 0.000000
vt 0.375000 0.000000
vt 0.500000 0.250000
vt 0.375000 0.250000
vt 0.500000 0.000000
vt 0.375000 0.000000
vt 0.500000 0.250000
vt 0.375000 0.250000
vt 0.412500 0.000000
vt 0.375000 0.000000
vt 0.500000 0.250000
vt 0.470833 0.000000
vt 0.375000 0.250000
vt 0.412500 0.250000
vt 0.412500 0.000000
vt 0.412500 0.250000
vt 0.500000 0.000000
vt 0.500000 0.250000
vt 0.412500 0.000000
vt 0.412500 0.250000
vt 0.500000 0.000000
vt 0.500000 0.000000
vt 0.500000 0.250000
vt 0.500000 0.250000
vt 0.500000 0.000000
vt 0.500000 0.250000
vt 0.500000 0.000000
vt 0.500000 0.250000
vt 0.500000 0.000000
vt 0.500000 0.250000
vt 0.500000 0.000000
vt 0.500000 0.250000
vt 0.500000 0.000000
vt 0.500000 0.250000
vt 0.500000 0.000000
vt 0.500000 0.250000
vt 0.500000 0.000000
vt 0.500000 0.250000
vt 0.500000 0.000000
vt 0.500000 0.250000
vt 0.500000 0.000000
vt 0.500000 0.250000
vt 0.500000 0.000000
vt 0.500000 0.250000
vt 0.500000 0.000000
vt 0.500000 0.250000
vt 0.500000 0.250000
vt 0.500000 0.250000
vt 0.500000 0.000000
vt 0.500000 0.000000
vt 0.500000 0.250000
vt 0.500000 0.250000
vt 0.500000 0.000000
vt 0.500000 0.000000
vt 0.500000 0.250000
vt 0.500000 0.250000
vt 0.500000 0.000000
vt 0.500000 0.000000
vt 0.470833 0.000000
vt 0.470833 0.000000
vt 0.375000 0.250000
vt 0.625000 0.250000
vt 0.625000 0.500000
vt 0.375000 0.500000
vt 0.375000 0.500000
vt 0.625000 0.500000
vt 0.625000 0.750000
vt 0.375000 0.750000
vt 0.375000 0.750000
vt 0.625000 0.750000
vt 0.625000 1.000000
vt 0.375000 1.000000
vt 0.625000 0.000000
vt 0.875000 0.000000
vt 0.875000 0.250000
vt 0.125000 0.000000
vt 0.375000 0.000000
vt 0.125000 0.250000
vt 0.625000 0.500000
vt 0.375000 0.500000
vt 0.625000 0.750000
vt 0.375000 0.750000
vt 0.625000 0.500000
vt 0.375000 0.500000
vt 0.625000 0.750000
vt 0.375000 0.750000
vt 0.625000 0.500000
vt 0.375000 0.500000
vt 0.625000 0.750000
vt 0.375000 0.750000
vt 0.625000 0.500000
vt 0.375000 0.500000
vt 0.625000 0.750000
vt 0.375000 0.750000
vt 0.625000 0.500000
vt 0.375000 0.500000
vt 0.625000 0.500000
vt 0.625000 0.750000
vt 0.625000 0.750000
vt 0.625000 0.500000
vt 0.375000 0.750000
vt 0.625000 0.750000
vt 0.625000 0.750000
vt 0.625000 0.500000
vt 0.625000 0.750000
vt 0.625000 0.500000
vt 0.625000 0.500000
vt 0.625000 0.750000
vt 0.625000 0.500000
vt 0.625000 0.750000
vt 0.625000 0.500000
vt 0.625000 0.750000
vt 0.625000 0.500000
vt 0.625000 0.750000
vt 0.625000 0.500000
vt 0.625000 0.750000
vt 0.625000 0.500000
vt 0.625000 0.750000
vt 0.625000 0.500000
vt 0.625000 0.750000
vt 0.625000 0.500000
vt 0.625000 0.750000
vt 0.625000 0.500000
vt 0.625000 0.750000
vt 0.625000 0.500000
vt 0.625000 0.750000
vt 0.625000 0.500000
vt 0.625000 0.750000
vt 0.625000 0.500000
vt 0.625000 0.750000
vt 0.625000 0.500000
vt 0.625000 0.750000
vt 0.625000 0.500000
vt 0.625000 0.750000
vt 0.625000 0.750000
vt 0.625000 0.500000
vt 0.625000 0.750000
vt 0.625000 0.500000
vt 0.625000 0.750000
vt 0.625000 0.500000
vt 0.625000 0.750000
vt 0.625000 0.500000
vt 0.625000 0.750000
vt 0.625000 0.500000
vt 0.625000 0.750000
vt 0.625000 0.500000
vt 0.625000 0.000000
vt 0.375000 0.000000
vt 0.625000 0.250000
vt 0.375000 0.250000
vt 0.625000 0.000000
vt 0.500000 0.000000
vt 0.375000 0.000000
vt 0.625000 0.250000
vt 0.500000 0.250000
vt 0.375000 0.250000
vt 0.412500 0.250000
vt 0.412500 0.000000
vt 0.500000 0.000000
vt 0.500000 0.250000
vt 0.500000 0.000000
vt 0.500000 0.250000
vt 0.625000 0.000000
vt 0.625000 0.250000
vt 0.500000 0.000000
vt 0.500000 0.250000
vt 0.625000 0.000000
vt 0.625000 0.250000
vt 0.500000 0.000000
vt 0.500000 0.250000
vt 0.625000 0.000000
vt 0.625000 0.250000
vt 0.625000 0.000000
vt 0.500000 0.000000
vt 0.625000 0.250000
vt 0.500000 0.250000
vt 0.500000 0.000000
vt 0.500000 0.250000
vt 0.625000 0.000000
vt 0.625000 0.250000
vt 0.500000 0.000000
vt 0.500000 0.250000
vt 0.625000 0.000000
vt 0.625000 0.250000
vt 0.500000 0.000000
vt 0.500000 0.250000
vt 0.625000 0.000000
vt 0.625000 0.250000
vt 0.625000 0.250000
vt 0.625000 0.000000
vt 0.500000 0.250000
vt 0.500000 0.000000
vt 0.500000 0.250000
vt 0.500000 0.000000
vt 0.500000 0.250000
vt 0.500000 0.000000
vt 0.500000 0.250000
vt 0.500000 0.000000
vt 0.500000 0.250000
vt 0.500000 0.000000
vt 0.500000 0.250000
vt 0.500000 0.000000
vt 0.500000 0.250000
vt 0.500000 0.000000
vt 0.500000 0.250000
vt 0.500000 0.000000
vt 0.500000 0.250000
vt 0.500000 0.000000
vt 0.500000 0.250000
vt 0.500000 0.000000
vt 0.500000 0.250000
vt 0.500000 0.000000
vt 0.500000 0.250000
vt 0.500000 0.000000
vt 0.500000 0.250000
vt 0.500000 0.000000
vt 0.500000 0.250000
vt 0.500000 0.000000
vt 0.500000 0.250000
vt 0.500000 0.000000
vt 0.500000 0.000000
vt 0.500000 0.250000
vt 0.500000 0.000000
vt 0.375000 0.000000
vt 0.500000 0.250000
vt 0.375000 0.250000
vt 0.500000 0.000000
vt 0.375000 0.000000
vt 0.500000 0.250000
vt 0.375000 0.250000
vt 0.500000 0.000000
vt 0.375000 0.000000
vt 0.500000 0.250000
vt 0.375000 0.250000
vt 0.412500 0.000000
vt 0.375000 0.000000
vt 0.500000 0.250000
vt 0.470833 0.000000
vt 0.375000 0.250000
vt 0.412500 0.250000
vt 0.470833 0.000000
vt 0.412500 0.000000
vt 0.412500 0.250000
vt 0.500000 0.000000
vt 0.500000 0.250000
vt 0.412500 0.000000
vt 0.412500 0.250000
vt 0.500000 0.000000
vt 0.500000 0.000000
vt 0.500000 0.250000
vt 0.500000 0.250000
vt 0.500000 0.000000
vt 0.500000 0.250000
vt 0.500000 0.000000
vt 0.500000 0.250000
vt 0.500000 0.000000
vt 0.500000 0.250000
vt 0.500000 0.000000
vt 0.500000 0.250000
vt 0.500000 0.000000
vt 0.500000 0.250000
vt 0.500000 0.000000
vt 0.500000 0.250000
vt 0.500000 0.000000
vt 0.500000 0.250000
vt 0.500000 0.000000
vt 0.500000 0.250000
vt 0.500000 0.000000
vt 0.500000 0.250000
vt 0.500000 0.000000
vt 0.500000 0.250000
vt 0.500000 0.000000
vt 0.500000 0.250000
vt 0.375000 0.250000
vt 0.375000 0.500000
vt 0.625000 0.500000
vt 0.625000 0.250000
vt 0.375000 0.500000
vt 0.375000 0.750000
vt 0.625000 0.750000
vt 0.625000 0.500000
vt 0.375000 0.750000
vt 0.375000 1.000000
vt 0.625000 1.000000
vt 0.625000 0.750000
vt 0.625000 0.000000
vt 0.875000 0.250000
vt 0.875000 0.000000
vt 0.125000 0.000000
vt 0.125000 0.250000
vt 0.375000 0.000000
vt 0.375000 0.500000
vt 0.625000 0.500000
vt 0.625000 0.750000
vt 0.375000 0.750000
vt 0.375000 0.500000
vt 0.625000 0.500000
vt 0.625000 0.750000
vt 0.375000 0.750000
vt 0.375000 0.500000
vt 0.625000 0.500000
vt 0.625000 0.750000
vt 0.375000 0.750000
vt 0.375000 0.500000
vt 0.625000 0.500000
vt 0.625000 0.750000
vt 0.375000 0.750000
vt 0.375000 0.500000
vt 0.625000 0.500000
vt 0.625000 0.500000
vt 0.625000 0.500000
vt 0.625000 0.750000
vt 0.625000 0.750000
vt 0.625000 0.750000
vt 0.375000 0.750000
vt 0.625000 0.500000
vt 0.625000 0.750000
vt 0.625000 0.750000
vt 0.625000 0.750000
vt 0.625000 0.500000
vt 0.625000 0.500000
vt 0.625000 0.750000
vt 0.625000 0.500000
vt 0.625000 0.500000
vt 0.625000 0.750000
vt 0.625000 0.750000
vt 0.625000 0.500000
vt 0.625000 0.500000
vt 0.625000 0.750000
vt 0.625000 0.750000
vt 0.625000 0.500000
vt 0.625000 0.500000
vt 0.625000 0.750000
vt 0.625000 0.750000
vt 0.625000 0.500000
vt 0.625000 0.500000
vt 0.625000 0.750000
vt 0.625000 0.750000
vt 0.625000 0.500000
vt 0.625000 0.500000
vt 0.625000 0.750000
vt 0.625000 0.750000
vt 0.625000 0.500000
vt 0.625000 0.750000
vt 0.625000 0.500000
vt 0.625000 0.500000
vt 0.625000 0.750000
vt 0.625000 0.500000
vt 0.625000 0.750000
vt 0.625000 0.750000
vt 0.625000 0.500000
vt 0.625000 0.500000
vt 0.625000 0.750000
vt 0.625000 0.750000
vt 0.625000 0.500000
vt 0.625000 0.750000
vt 0.625000 0.500000
vt 0.625000 0.750000
vt 0.625000 0.500000
vt 0.375000 0.000000
vt 0.625000 0.000000
vt 0.625000 0.250000
vt 0.375000 0.250000
vt 0.375000 0.000000
vt 0.500000 0.000000
vt 0.625000 0.000000
vt 0.625000 0.250000
vt 0.500000 0.250000
vt 0.375000 0.250000
vt 0.412500 0.250000
vt 0.500000 0.250000
vt 0.500000 0.000000
vt 0.412500 0.000000
vt 0.500000 0.250000
vt 0.500000 0.000000
vt 0.625000 0.000000
vt 0.625000 0.250000
vt 0.500000 0.250000
vt 0.500000 0.000000
vt 0.625000 0.000000
vt 0.625000 0.250000
vt 0.500000 0.250000
vt 0.500000 0.000000
vt 0.625000 0.000000
vt 0.625000 0.250000
vt 0.500000 0.000000
vt 0.625000 0.000000
vt 0.625000 0.250000
vt 0.500000 0.250000
vt 0.500000 0.250000
vt 0.500000 0.000000
vt 0.625000 0.000000
vt 0.625000 0.250000
vt 0.500000 0.250000
vt 0.500000 0.250000
vt 0.500000 0.000000
vt 0.500000 0.000000
vt 0.500000 0.000000
vt 0.625000 0.000000
vt 0.625000 0.250000
vt 0.500000 0.250000
vt 0.500000 0.250000
vt 0.500000 0.000000
vt 0.625000 0.000000
vt 0.625000 0.250000
vt 0.625000 0.000000
vt 0.625000 0.250000
vt 0.500000 0.250000
vt 0.500000 0.250000
vt 0.500000 0.000000
vt 0.500000 0.000000
vt 0.500000 0.250000
vt 0.500000 0.250000
vt 0.500000 0.000000
vt 0.500000 0.000000
vt 0.500000 0.250000
vt 0.500000 0.250000
vt 0.500000 0.000000
vt 0.500000 0.000000
vt 0.500000 0.250000
vt 0.500000 0.250000
vt 0.500000 0.000000
vt 0.500000 0.000000
vt 0.500000 0.250000
vt 0.500000 0.250000
vt 0.500000 0.000000
vt 0.500000 0.000000
vt 0.500000 0.250000
vt 0.500000 0.250000
vt 0.500000 0.000000
vt 0.500000 0.000000
vt 0.500000 0.250000
vt 0.500000 0.000000
vt 0.500000 0.000000
vt 0.500000 0.250000
vt 0.500000 0.250000
vt 0.500000 0.000000
vt 0.500000 0.000000
vt 0.500000 0.250000
vt 0.375000 0.000000
vt 0.500000 0.000000
vt 0.500000 0.250000
vt 0.375000 0.250000
vt 0.375000 0.000000
vt 0.500000 0.000000
vt 0.500000 0.250000
vt 0.375000 0.250000
vt 0.375000 0.000000
vt 0.500000 0.000000
vt 0.500000 0.250000
vt 0.375000 0.250000
vt 0.375000 0.000000
vt 0.412500 0.000000
vt 0.470833 0.000000
vt 0.500000 0.250000
vt 0.375000 0.250000
vt 0.412500 0.250000
vt 0.470833 0.000000
vt 0.412500 0.250000
vt 0.412500 0.000000
vt 0.500000 0.000000
vt 0.500000 0.250000
vt 0.412500 0.250000
vt 0.412500 0.000000
vt 0.500000 0.000000
vt 0.500000 0.000000
vt 0.500000 0.000000
vt 0.500000 0.250000
vt 0.500000 0.250000
vt 0.500000 0.250000
vt 0.500000 0.250000
vt 0.500000 0.000000
vt 0.500000 0.000000
vt 0.500000 0.250000
vt 0.500000 0.250000
vt 0.500000 0.000000
vt 0.500000 0.000000
vt 0.500000 0.250000
vt 0.500000 0.250000
vt 0.500000 0.000000
vt 0.500000 0.000000
vt 0.500000 0.250000
vt 0.500000 0.250000
vt 0.500000 0.000000
vt 0.500000 0.000000
vt 0.500000 0.250000
vt 0.500000 0.250000
vt 0.500000 0.000000
vt 0.500000 0.000000
vt 0.500000 0.250000
vt 0.500000 0.250000
vt 0.500000 0.250000
vt 0.500000 0.000000
vt 0.500000 0.000000
vt 0.500000 0.250000
vt 0.500000 0.250000
vt 0.500000 0.000000
vt 0.500000 0.000000
vn 0.999998 0.000000 0.002064
vn 0.999998 0.000000 0.002064
vn 0.999998 0.000000 0.002064
vn 0.999998 0.000000 0.002064
vn -0.000000 1.000000 0.000000
vn -0.000000 1.000000 0.000000
vn -0.000000 1.000000 0.000000
vn -0.000000 1.000000 0.000000
vn 0.991641 0.000000 0.129030
vn 0.991641 0.000000 0.129030
vn 0.991641 0.000000 0.129030
vn 0.991641 0.000000 0.129030
vn -0.000000 -1.000000 0.000000
vn -0.000000 -1.000000 0.000000
vn -0.000000 -1.000000 0.000000
vn -0.000000 -1.000000 0.000000
vn 0.976807 0.000000 0.214123
vn 0.976807 0.000000 0.214123
vn 0.976807 0.000000 0.214123
vn 0.976807 0.000000 0.214123
vn -0.977458 0.000000 -0.211132
vn -0.977458 0.000000 -0.211132
vn -0.977458 0.000000 -0.211132
vn -0.977458 0.000000 -0.211132
vn 0.000000 1.000000 -0.000000
vn 0.000000 1.000000 -0.000000
vn 0.000000 1.000000 -0.000000
vn 0.000000 1.000000 -0.000000
vn 0.954530 0.000000 0.298114
vn 0.954530 0.000000 0.298114
vn 0.954530 0.000000 0.298114
vn 0.954530 0.000000 0.298114
vn 0.000000 -1.000000 -0.000000
vn 0.000000 -1.000000 -0.000000
vn 0.000000 -1.000000 -0.000000
vn 0.000000 -1.000000 -0.000000
vn -0.916935 0.000000 -0.399036
vn -0.916935 0.000000 -0.399036
vn -0.916935 0.000000 -0.399036
vn -0.916935 0.000000 -0.399036
vn 0.000000 1.000000 -0.000000
vn 0.000000 1.000000 -0.000000
vn 0.000000 1.000000 -0.000000
vn 0.000000 1.000000 -0.000000
vn 0.811844 0.000000 0.583874
vn 0.811844 0.000000 0.583874
vn 0.811844 0.000000 0.583874
vn 0.811844 0.000000 0.583874
vn 0.000000 -1.000000 0.000000
vn 0.000000 -1.000000 0.000000
vn 0.000000 -1.000000 0.000000
vn 0.000000 -1.000000 0.000000
vn -0.851686 0.000000 -0.524053
vn -0.851686 0.000000 -0.524053
vn -0.851686 0.000000 -0.524053
vn -0.851686 0.000000 -0.524053
vn -0.000000 1.000000 0.000000
vn -0.000000 1.000000 0.000000
vn -0.000000 1.000000 0.000000
vn -0.000000 1.000000 0.000000
vn 0.782881 0.000000 0.622171
vn 0.782881 0.000000 0.622171
vn 0.782881 0.000000 0.622171
vn 0.782881 0.000000 0.622171
vn -0.000000 -1.000000 0.000000
vn -0.000000 -1.000000 0.000000
vn -0.000000 -1.000000 0.000000
vn -0.000000 -1.000000 0.000000
vn -0.800595 0.000000 -0.599206
vn -0.800595 0.000000 -0.599206
vn -0.800595 0.000000 -0.599206
vn -0.800595 0.000000 -0.599206
vn 0.000000 1.000000 -0.000000
vn 0.000000 1.000000 -0.000000
vn 0.000000 1.000000 -0.000000
vn 0.000000 1.000000 -0.000000
vn 0.676799 0.000000 0.736168
vn 0.676799 0.000000 0.736168
vn 0.676799 0.000000 0.736168
vn 0.676799 0.000000 0.736168
vn 0.000000 -1.000000 -0.000000
vn 0.000000 -1.000000 -0.000000
vn 0.000000 -1.000000 -0.000000
vn 0.000000 -1.000000 -0.000000
vn -0.676800 0.000000 -0.736167
vn -0.676800 0.000000 -0.736167
vn -0.676800 0.000000 -0.736167
vn -0.676800 0.000000 -0.736167
vn 0.000000 1.000000 0.000000
vn 0.000000 1.000000 0.000000
vn 0.000000 1.000000 0.000000
vn 0.000000 1.000000 0.000000
vn 0.538713 0.000000 0.842490
vn 0.538713 0.000000 0.842490
vn 0.538713 0.000000 0.842490
vn 0.538713 0.000000 0.842490
vn -0.000000 -1.000000 0.000000
vn -0.000000 -1.000000 0.000000
vn -0.000000 -1.000000 0.000000
vn -0.000000 -1.000000 0.000000
vn -0.671473 0.000000 -0.741029
vn -0.671473 0.000000 -0.741029
vn -0.671473 0.000000 -0.741029
vn -0.671473 0.000000 -0.741029
vn 0.000000 1.000000 0.000000
vn 0.000000 1.000000 0.000000
vn 0.000000 1.000000 0.000000
vn 0.000000 1.000000 0.000000
vn 0.538602 0.000000 0.842560
vn 0.538602 0.000000 0.842560
vn 0.538602 0.000000 0.842560
vn 0.538602 0.000000 0.842560
vn -0.000000 -1.000000 0.000000
vn -0.000000 -1.000000 0.000000
vn -0.000000 -1.000000 0.000000
vn -0.000000 -1.000000 0.000000
vn -0.420071 0.000000 -0.907491
vn -0.420071 0.000000 -0.907491
vn -0.420071 0.000000 -0.907491
vn -0.420071 0.000000 -0.907491
vn -0.999991 0.000000 0.004223
vn -0.999991 0.000000 0.004223
vn -0.999991 0.000000 0.004223
vn -0.999991 0.000000 0.004223
vn -0.000000 -1.000000 0.000000
vn -0.000000 -1.000000 0.000000
vn -0.000000 -1.000000 0.000000
vn -0.000000 -1.000000 0.000000
vn 0.000000 1.000000 0.000000
vn 0.000000 1.000000 0.000000
vn 0.000000 1.000000 0.000000
vn 0.000000 1.000000 0.000000
vn -0.000000 -1.000000 0.000000
vn -0.000000 -1.000000 0.000000
vn -0.000000 -1.000000 0.000000
vn -0.000000 -1.000000 0.000000
vn 0.999990 0.000000 -0.004500
vn 0.999990 0.000000 -0.004500
vn 0.999990 0.000000 -0.004500
vn 0.999990 0.000000 -0.004500
vn 0.000000 1.000000 0.000000
vn 0.000000 1.000000 0.000000
vn 0.000000 1.000000 0.000000
vn 0.000000 1.000000 0.000000
vn -0.116963 0.000000 -0.993136
vn -0.116963 0.000000 -0.993136
vn -0.116963 0.000000 -0.993136
vn -0.116963 0.000000 -0.993136
vn 0.000000 1.000000 -0.000000
vn 0.000000 1.000000 -0.000000
vn 0.000000 1.000000 -0.000000
vn 0.000000 1.000000 -0.000000
vn 0.264480 0.000000 0.964391
vn 0.264480 0.000000 0.964391
vn 0.264480 0.000000 0.964391
vn 0.264480 0.000000 0.964391
vn 0.000000 -1.000000 -0.000000
vn 0.000000 -1.000000 -0.000000
vn 0.000000 -1.000000 -0.000000
vn 0.000000 -1.000000 -0.000000
vn -0.316229 0.000000 -0.948683
vn -0.316229 0.000000 -0.948683
vn -0.316229 0.000000 -0.948683
vn -0.316229 0.000000 -0.948683
vn -0.000000 1.000000 0.000000
vn -0.000000 1.000000 0.000000
vn -0.000000 1.000000 0.000000
vn -0.000000 1.000000 0.000000
vn 0.316229 0.000000 0.948683
vn 0.316229 0.000000 0.948683
vn 0.316229 0.000000 0.948683
vn 0.316229 0.000000 0.948683
vn 0.000000 -1.000000 0.000000
vn 0.000000 -1.000000 0.000000
vn 0.000000 -1.000000 0.000000
vn 0.000000 -1.000000 0.000000
vn -0.252422 0.000000 -0.967617
vn -0.252422 0.000000 -0.967617
vn -0.252422 0.000000 -0.967617
vn -0.252422 0.000000 -0.967617
vn 0.000000 1.000000 -0.000000
vn 0.000000 1.000000 -0.000000
vn 0.000000 1.000000 -0.000000
vn 0.000000 1.000000 -0.000000
vn 0.252428 0.000000 0.967616
vn 0.252428 0.000000 0.967616
vn 0.252428 0.000000 0.967616
vn 0.252428 0.000000 0.967616
vn 0.000000 -1.000000 -0.000000
vn 0.000000 -1.000000 -0.000000
vn 0.000000 -1.000000 -0.000000
vn 0.000000 -1.000000 -0.000000
vn -0.077142 0.000000 -0.997020
vn -0.077142 0.000000 -0.997020
vn -0.077142 0.000000 -0.997020
vn -0.077142 0.000000 -0.997020
vn 0.000000 1.000000 0.000000
vn 0.000000 1.000000 0.000000
vn 0.000000 1.000000 0.000000
vn 0.000000 1.000000 0.000000
vn 0.183649 0.000000 0.982992
vn 0.183649 0.000000 0.982992
vn 0.183649 0.000000 0.982992
vn 0.183649 0.000000 0.982992
vn 0.000000 -1.000000 0.000000
vn 0.000000 -1.000000 0.000000
vn 0.000000 -1.000000 0.000000
vn 0.000000 -1.000000 0.000000
vn -0.052855 0.000000 -0.998602
vn -0.052855 0.000000 -0.998602
vn -0.052855 0.000000 -0.998602
vn -0.052855 0.000000 -0.998602
vn -0.000000 1.000000 0.000000
vn -0.000000 1.000000 0.000000
vn -0.000000 1.000000 0.000000
vn -0.000000 1.000000 0.000000
vn 0.024921 0.000000 0.999689
vn 0.024921 0.000000 0.999689
vn 0.024921 0.000000 0.999689
vn 0.024921 0.000000 0.999689
vn 0.000000 -1.000000 0.000000
vn 0.000000 -1.000000 0.000000
vn 0.000000 -1.000000 0.000000
vn 0.000000 -1.000000 0.000000
vn -0.999993 0.000000 -0.003621
vn -0.999993 0.000000 -0.003621
vn -0.999993 0.000000 -0.003621
vn -0.999993 0.000000 -0.003621
vn 0.000000 1.000000 0.000000
vn 0.000000 1.000000 0.000000
vn 0.000000 1.000000 0.000000
vn 0.000000 -1.000000 0.000000
vn 0.000000 -1.000000 0.000000
vn 0.000000 -1.000000 0.000000
vn 0.000000 0.000000 -1.000000
vn 0.000000 0.000000 -1.000000
vn 0.000000 0.000000 -1.000000
vn 0.000000 0.000000 -1.000000
vn 0.000000 1.000000 0.000000
vn 0.000000 1.000000 0.000000
vn 0.000000 1.000000 0.000000
vn 0.000000 1.000000 0.000000
vn 0.000000 -1.000000 0.000000
vn 0.000000 -1.000000 0.000000
vn 0.000000 -1.000000 0.000000
vn 0.000000 -1.000000 0.000000
vn -0.008433 0.000000 -0.999964
vn -0.008433 0.000000 -0.999964
vn -0.008433 0.000000 -0.999964
vn -0.008433 0.000000 -0.999964
vn 0.000000 1.000000 0.000000
vn 0.000000 1.000000 0.000000
vn 0.000000 1.000000 0.000000
vn 0.000000 1.000000 0.000000
vn 0.000000 -1.000000 0.000000
vn 0.000000 -1.000000 0.000000
vn 0.000000 -1.000000 0.000000
vn 0.000000 -1.000000 0.000000
vn -0.854126 0.000000 0.520067
vn -0.854126 0.000000 0.520067
vn -0.854126 0.000000 0.520067
vn -0.854126 0.000000 0.520067
vn 0.000000 -1.000000 0.000000
vn 0.000000 -1.000000 0.000000
vn 0.000000 -1.000000 0.000000
vn 0.000000 1.000000 -0.000000
vn 0.000000 1.000000 -0.000000
vn 0.000000 1.000000 -0.000000
vn -0.000000 -1.000000 0.000000
vn -0.000000 -1.000000 0.000000
vn -0.000000 -1.000000 0.000000
vn -0.000000 -1.000000 0.000000
vn 0.999964 0.000000 -0.008548
vn 0.999964 0.000000 -0.008548
vn 0.999964 0.000000 -0.008548
vn 0.999964 0.000000 -0.008548
vn 0.000000 1.000000 0.000000
vn 0.000000 1.000000 0.000000
vn 0.000000 1.000000 0.000000
vn 0.000000 1.000000 0.000000
vn -0.947931 0.000000 0.318475
vn -0.947931 0.000000 0.318475
vn -0.947931 0.000000 0.318475
vn -0.947931 0.000000 0.318475
vn 0.000000 -1.000000 0.000000
vn 0.000000 -1.000000 0.000000
vn 0.000000 -1.000000 0.000000
vn 0.000000 1.000000 0.000000
vn 0.000000 1.000000 0.000000
vn 0.000000 1.000000 0.000000
vn 0.000000 -1.000000 0.000000
vn 0.000000 -1.000000 0.000000
vn 0.000000 -1.000000 0.000000
vn 0.000000 -1.000000 0.000000
vn 0.999961 0.000000 0.008889
vn 0.999961 0.000000 0.008889
vn 0.999961 0.000000 0.008889
vn 0.999961 0.000000 0.008889
vn -0.000000 1.000000 0.000000
vn -0.000000 1.000000 0.000000
vn -0.000000 1.000000 0.000000
vn -0.000000 1.000000 0.000000
vn 0.000000 -1.000000 0.000000
vn 0.000000 -1.000000 0.000000
vn 0.000000 -1.000000 0.000000
vn 0.999998 0.000000 0.001917
vn 0.999998 0.000000 0.001917
vn 0.999998 0.000000 0.001917
vn 0.999998 0.000000 0.001917
vn -0.000000 1.000000 0.000000
vn -0.000000 1.000000 0.000000
vn -0.000000 1.000000 0.000000
vn -0.944301 -0.000000 0.329084
vn -0.944301 -0.000000 0.329084
vn -0.944301 -0.000000 0.329084
vn -0.944301 -0.000000 0.329084
vn -0.944301 -0.000000 0.329084
vn -0.944301 -0.000000 0.329084
vn 0.000000 -1.000000 0.000000
vn 0.000000 -1.000000 0.000000
vn 0.000000 -1.000000 0.000000
vn 0.000000 -1.000000 0.000000
vn 0.989286 0.000000 -0.145993
vn 0.989286 0.000000 -0.145993
vn 0.989286 0.000000 -0.145993
vn 0.989286 0.000000 -0.145993
vn 0.000000 1.000000 0.000000
vn 0.000000 1.000000 0.000000
vn 0.000000 1.000000 0.000000
vn 0.000000 1.000000 0.000000
vn -0.772949 0.000000 -0.634468
vn -0.772949 0.000000 -0.634468
vn -0.772949 0.000000 -0.634468
vn -0.772949 0.000000 -0.634468
vn -0.000000 -1.000000 0.000000
vn -0.000000 -1.000000 0.000000
vn -0.000000 -1.000000 0.000000
vn -0.000000 -1.000000 0.000000
vn -0.000000 -1.000000 0.000000
vn 0.924241 0.000000 -0.381810
vn 0.924241 0.000000 -0.381810
vn 0.924241 0.000000 -0.381810
vn 0.924241 0.000000 -0.381810
vn 0.000000 1.000000 0.000000
vn -0.000000 1.000000 0.000000
vn -0.000000 1.000000 0.000000
vn -0.845520 0.000000 -0.533944
vn -0.845520 0.000000 -0.533944
vn -0.845520 0.000000 -0.533944
vn -0.845520 0.000000 -0.533944
vn 0.601393 0.000000 0.798953
vn 0.601393 0.000000 0.798953
vn 0.601393 0.000000 0.798953
vn 0.601393 0.000000 0.798953
vn 0.000000 1.000000 0.000000
vn -0.000000 1.000000 0.000000
vn -0.813301 0.000000 0.581844
vn -0.813301 0.000000 0.581844
vn -0.813301 0.000000 0.581844
vn -0.813301 0.000000 0.581844
vn 0.000000 -1.000000 0.000000
vn 0.000000 -1.000000 0.000000
vn 0.000000 -1.000000 0.000000
vn 0.000000 -1.000000 0.000000
vn 0.711627 0.000000 -0.702557
vn 0.711627 0.000000 -0.702557
vn 0.711627 0.000000 -0.702557
vn 0.711627 0.000000 -0.702557
vn 0.000000 1.000000 -0.000000
vn 0.000000 1.000000 -0.000000
vn 0.000000 1.000000 -0.000000
vn 0.000000 1.000000 -0.000000
vn -0.734225 0.000000 0.678906
vn -0.734225 0.000000 0.678906
vn -0.734225 0.000000 0.678906
vn -0.734225 0.000000 0.678906
vn 0.000000 -1.000000 -0.000000
vn 0.000000 -1.000000 -0.000000
vn 0.000000 -1.000000 -0.000000
vn 0.000000 -1.000000 -0.000000
vn 0.630084 0.000000 -0.776527
vn 0.630084 0.000000 -0.776527
vn 0.630084 0.000000 -0.776527
vn 0.630084 0.000000 -0.776527
vn 0.000000 1.000000 0.000000
vn 0.000000 1.000000 0.000000
vn 0.000000 1.000000 0.000000
vn 0.000000 1.000000 0.000000
vn -0.529917 0.000000 0.848049
vn -0.529917 0.000000 0.848049
vn -0.529917 0.000000 0.848049
vn -0.529917 0.000000 0.848049
vn 0.000000 -1.000000 0.000000
vn 0.000000 -1.000000 0.000000
vn 0.000000 -1.000000 0.000000
vn 0.000000 -1.000000 0.000000
vn 0.664943 0.000000 -0.746895
vn 0.664943 0.000000 -0.746895
vn 0.664943 0.000000 -0.746895
vn 0.664943 0.000000 -0.746895
vn -0.000000 1.000000 0.000000
vn -0.000000 1.000000 0.000000
vn -0.000000 1.000000 0.000000
vn -0.000000 1.000000 0.000000
vn 0.000000 -1.000000 0.000000
vn 0.000000 -1.000000 0.000000
vn 0.000000 -1.000000 0.000000
vn 0.000000 -1.000000 0.000000
vn 0.480666 0.000000 -0.876904
vn 0.480666 0.000000 -0.876904
vn 0.480666 0.000000 -0.876904
vn 0.480666 0.000000 -0.876904
vn -0.000000 1.000000 0.000000
vn -0.000000 1.000000 0.000000
vn -0.000000 1.000000 0.000000
vn -0.000000 1.000000 0.000000
vn -0.378305 0.000000 0.925681
vn -0.378305 0.000000 0.925681
vn -0.378305 0.000000 0.925681
vn -0.378305 0.000000 0.925681
vn 0.000000 -1.000000 -0.000000
vn 0.000000 -1.000000 -0.000000
vn 0.000000 -1.000000 -0.000000
vn 0.000000 -1.000000 -0.000000
vn 0.438358 0.000000 -0.898800
vn 0.438358 0.000000 -0.898800
vn 0.438358 0.000000 -0.898800
vn 0.438358 0.000000 -0.898800
vn 0.000000 1.000000 -0.000000
vn 0.000000 1.000000 -0.000000
vn 0.000000 1.000000 -0.000000
vn 0.000000 1.000000 -0.000000
vn -0.365246 0.000000 0.930911
vn -0.365246 0.000000 0.930911
vn -0.365246 0.000000 0.930911
vn -0.365246 0.000000 0.930911
vn -0.000000 -1.000000 0.000000
vn -0.000000 -1.000000 0.000000
vn -0.000000 -1.000000 0.000000
vn -0.000000 -1.000000 0.000000
vn 0.355896 0.000000 -0.934525
vn 0.355896 0.000000 -0.934525
vn 0.355896 0.000000 -0.934525
vn 0.355896 0.000000 -0.934525
vn -0.000000 1.000000 0.000000
vn -0.000000 1.000000 0.000000
vn -0.000000 1.000000 0.000000
vn -0.000000 1.000000 0.000000
vn -0.242534 0.000000 0.970143
vn -0.242534 0.000000 0.970143
vn -0.242534 0.000000 0.970143
vn -0.242534 0.000000 0.970143
vn 0.000000 -1.000000 0.000000
vn 0.000000 -1.000000 0.000000
vn 0.000000 -1.000000 0.000000
vn 0.000000 -1.000000 0.000000
vn 0.242536 0.000000 -0.970143
vn 0.242536 0.000000 -0.970143
vn 0.242536 0.000000 -0.970143
vn 0.242536 0.000000 -0.970143
vn 0.000000 1.000000 0.000000
vn 0.000000 1.000000 0.000000
vn 0.000000 1.000000 0.000000
vn 0.000000 1.000000 0.000000
vn 0.000000 -1.000000 0.000000
vn 0.000000 -1.000000 0.000000
vn 0.000000 -1.000000 0.000000
vn 0.000000 -1.000000 0.000000
vn 0.192415 0.000000 -0.981314
vn 0.192415 0.000000 -0.981314
vn 0.192415 0.000000 -0.981314
vn 0.192415 0.000000 -0.981314
vn 0.000000 1.000000 0.000000
vn 0.000000 1.000000 0.000000
vn 0.000000 1.000000 0.000000
vn 0.000000 1.000000 0.000000
vn -0.994156 0.000000 -0.107955
vn -0.994156 0.000000 -0.107955
vn -0.994156 0.000000 -0.107955
vn -0.994156 0.000000 -0.107955
vn 0.000000 -1.000000 -0.000000
vn 0.000000 -1.000000 -0.000000
vn 0.000000 -1.000000 -0.000000
vn 0.000000 -1.000000 -0.000000
vn 0.925601 0.000000 0.378502
vn 0.925601 0.000000 0.378502
vn 0.925601 0.000000 0.378502
vn 0.925601 0.000000 0.378502
vn 0.000000 1.000000 -0.000000
vn 0.000000 1.000000 -0.000000
vn 0.000000 1.000000 -0.000000
vn 0.000000 1.000000 -0.000000
vn -0.999897 0.000000 0.014373
vn -0.999897 0.000000 0.014373
vn -0.999897 0.000000 0.014373
vn -0.999897 0.000000 0.014373
vn -0.000000 -1.000000 0.000000
vn -0.000000 -1.000000 0.000000
vn -0.000000 -1.000000 0.000000
vn -0.000000 -1.000000 0.000000
vn 0.998597 0.000000 -0.052962
vn 0.998597 0.000000 -0.052962
vn 0.998597 0.000000 -0.052962
vn 0.998597 0.000000 -0.052962
vn -0.000000 1.000000 0.000000
vn -0.000000 1.000000 0.000000
vn -0.000000 1.000000 0.000000
vn -0.000000 1.000000 0.000000
vn -0.965154 0.000000 0.261683
vn -0.965154 0.000000 0.261683
vn -0.965154 0.000000 0.261683
vn -0.965154 0.000000 0.261683
vn 0.000000 -1.000000 0.000000
vn 0.000000 -1.000000 0.000000
vn 0.000000 -1.000000 0.000000
vn 0.000000 -1.000000 0.000000
vn 0.950838 0.000000 -0.309689
vn 0.950838 0.000000 -0.309689
vn 0.950838 0.000000 -0.309689
vn 0.950838 0.000000 -0.309689
vn -0.000000 1.000000 0.000000
vn -0.000000 1.000000 0.000000
vn -0.000000 1.000000 0.000000
vn -0.000000 1.000000 0.000000
vn -0.792072 0.000000 0.610427
vn -0.792072 0.000000 0.610427
vn -0.792072 0.000000 0.610427
vn -0.792072 0.000000 0.610427
vn 0.000000 -1.000000 0.000000
vn 0.000000 -1.000000 0.000000
vn 0.000000 -1.000000 0.000000
vn 0.000000 -1.000000 0.000000
vn 0.701651 0.000000 -0.712521
vn 0.701651 0.000000 -0.712521
vn 0.701651 0.000000 -0.712521
vn 0.701651 0.000000 -0.712521
vn 0.000000 1.000000 0.000000
vn 0.000000 1.000000 0.000000
vn 0.000000 1.000000 0.000000
vn 0.000000 1.000000 0.000000
vn -0.445465 0.000000 0.895299
vn -0.445465 0.000000 0.895299
vn -0.445465 0.000000 0.895299
vn -0.445465 0.000000 0.895299
vn 0.000000 -1.000000 0.000000
vn 0.000000 -1.000000 0.000000
vn 0.000000 -1.000000 0.000000
vn 0.000000 -1.000000 0.000000
vn 0.419772 0.000000 -0.907630
vn 0.419772 0.000000 -0.907630
vn 0.419772 0.000000 -0.907630
vn 0.419772 0.000000 -0.907630
vn 0.000000 1.000000 0.000000
vn 0.000000 1.000000 0.000000
vn 0.000000 1.000000 0.000000
vn 0.000000 1.000000 0.000000
vn 0.014253 0.000000 0.999898
vn 0.014253 0.000000 0.999898
vn 0.014253 0.000000 0.999898
vn 0.014253 0.000000 0.999898
vn 0.000000 -1.000000 0.000000
vn 0.000000 -1.000000 0.000000
vn 0.000000 -1.000000 0.000000
vn 0.000000 -1.000000 0.000000
vn -0.007123 0.000000 -0.999975
vn -0.007123 0.000000 -0.999975
vn -0.007123 0.000000 -0.999975
vn -0.007123 0.000000 -0.999975
vn 0.000000 1.000000 0.000000
vn 0.000000 1.000000 0.000000
vn 0.000000 1.000000 0.000000
vn 0.000000 1.000000 0.000000
vn 0.402790 0.000000 0.915292
vn 0.402790 0.000000 0.915292
vn 0.402790 0.000000 0.915292
vn 0.402790 0.000000 0.915292
vn 0.000000 -1.000000 0.000000
vn 0.000000 -1.000000 0.000000
vn 0.000000 -1.000000 0.000000
vn 0.000000 -1.000000 0.000000
vn -0.367601 0.000000 -0.929983
vn -0.367601 0.000000 -0.929983
vn -0.367601 0.000000 -0.929983
vn -0.367601 0.000000 -0.929983
vn 0.000000 1.000000 0.000000
vn 0.000000 1.000000 0.000000
vn 0.000000 1.000000 0.000000
vn 0.000000 1.000000 0.000000
vn 0.814505 0.000000 0.580156
vn 0.814505 0.000000 0.580156
vn 0.814505 0.000000 0.580156
vn 0.814505 0.000000 0.580156
vn 0.000000 -1.000000 0.000000
vn 0.000000 -1.000000 0.000000
vn 0.000000 -1.000000 0.000000
vn 0.000000 -1.000000 0.000000
vn -0.688626 0.000000 -0.725117
vn -0.688626 0.000000 -0.725117
vn -0.688626 0.000000 -0.725117
vn -0.688626 0.000000 -0.725117
vn 0.000000 1.000000 -0.000000
vn 0.000000 1.000000 -0.000000
vn 0.000000 1.000000 -0.000000
vn 0.000000 1.000000 -0.000000
vn 0.000000 -1.000000 0.000000
vn 0.000000 -1.000000 0.000000
vn 0.000000 -1.000000 0.000000
vn 0.000000 1.000000 0.000000
vn 0.000000 1.000000 0.000000
vn 0.000000 1.000000 0.000000
vn -0.903878 0.000000 -0.427791
vn -0.903878 0.000000 -0.427791
vn -0.903878 0.000000 -0.427791
vn -0.903878 0.000000 -0.427791
vn 0.000000 -1.000000 0.000000
vn 0.000000 -1.000000 0.000000
vn 0.000000 -1.000000 0.000000
vn -0.785789 0.000000 -0.618495
vn -0.785789 0.000000 -0.618495
vn -0.785789 0.000000 -0.618495
vn -0.785789 0.000000 -0.618495
vn 0.000000 1.000000 0.000000
vn 0.000000 1.000000 0.000000
vn 0.000000 1.000000 0.000000
vn 0.000000 -1.000000 0.000000
vn 0.000000 -1.000000 0.000000
vn 0.000000 -1.000000 0.000000
vn 0.000000 -1.000000 0.000000
vn 0.999977 0.000000 -0.006837
vn 0.999977 0.000000 -0.006837
vn 0.999977 0.000000 -0.006837
vn 0.999977 0.000000 -0.006837
vn 0.000000 1.000000 -0.000000
vn 0.000000 1.000000 -0.000000
vn 0.000000 1.000000 -0.000000
vn 0.000000 1.000000 -0.000000
vn -0.000000 -1.000000 -0.000000
vn -0.000000 -1.000000 -0.000000
vn -0.000000 -1.000000 -0.000000
vn 0.841549 0.000000 0.540181
vn 0.841549 0.000000 0.540181
vn 0.841549 0.000000 0.540181
vn 0.841549 0.000000 0.540181
vn -0.000000 1.000000 -0.000000
vn -0.000000 1.000000 -0.000000
vn -0.000000 1.000000 -0.000000
vn -0.999962 0.000000 0.008695
vn -0.999962 0.000000 0.008695
vn -0.999962 0.000000 0.008695
vn -0.999962 0.000000 0.008695
vn -0.000000 -1.000000 -0.000000
vn -0.000000 -1.000000 -0.000000
vn -0.000000 -1.000000 -0.000000
vn -0.000000 -1.000000 -0.000000
vn 0.999962 0.000000 -0.008695
vn 0.999962 0.000000 -0.008695
vn 0.999962 0.000000 -0.008695
vn 0.999962 0.000000 -0.008695
vn -0.000000 1.000000 0.000000
vn -0.000000 1.000000 0.000000
vn -0.000000 1.000000 0.000000
vn -0.000000 1.000000 0.000000
vn -0.987401 0.000000 0.158238
vn -0.987401 0.000000 0.158238
vn -0.987401 0.000000 0.158238
vn -0.987401 0.000000 0.158238
vn -0.000000 -1.000000 0.000000
vn -0.000000 -1.000000 0.000000
vn -0.000000 -1.000000 0.000000
vn -0.000000 -1.000000 0.000000
vn 0.987401 0.000000 -0.158238
vn 0.987401 0.000000 -0.158238
vn 0.987401 0.000000 -0.158238
vn 0.987401 0.000000 -0.158238
vn -0.000000 1.000000 0.000000
vn -0.000000 1.000000 0.000000
vn -0.000000 1.000000 0.000000
vn -0.000000 1.000000 0.000000
vn -0.000000 -1.000000 0.000000
vn -0.000000 -1.000000 0.000000
vn -0.000000 -1.000000 0.000000
vn -0.000000 -1.000000 0.000000
vn 0.931578 0.000000 0.363542
vn 0.931578 0.000000 0.363542
vn 0.931578 0.000000 0.363542
vn 0.931578 0.000000 0.363542
vn 0.000000 1.000000 -0.000000
vn 0.000000 1.000000 -0.000000
vn 0.000000 1.000000 -0.000000
vn 0.000000 1.000000 -0.000000
vn -0.931578 0.000000 -0.363542
vn -0.931578 0.000000 -0.363542
vn -0.931578 0.000000 -0.363542
vn -0.931578 0.000000 -0.363542
vn -0.000000 -1.000000 0.000000
vn -0.000000 -1.000000 0.000000
vn -0.000000 -1.000000 0.000000
vn -0.000000 -1.000000 0.000000
vn 0.990484 0.000000 0.137628
vn 0.990484 0.000000 0.137628
vn 0.990484 0.000000 0.137628
vn 0.990484 0.000000 0.137628
vn 0.000000 1.000000 0.000000
vn 0.000000 1.000000 0.000000
vn 0.000000 1.000000 0.000000
vn 0.000000 1.000000 0.000000
vn -0.999997 0.000000 -0.002294
vn -0.999997 0.000000 -0.002294
vn -0.999997 0.000000 -0.002294
vn -0.999997 0.000000 -0.002294
vn 0.000000 -1.000000 -0.000000
vn 0.000000 -1.000000 -0.000000
vn 0.000000 -1.000000 -0.000000
vn 0.000000 -1.000000 -0.000000
vn 0.989089 0.000000 -0.147316
vn 0.989089 0.000000 -0.147316
vn 0.989089 0.000000 -0.147316
vn 0.989089 0.000000 -0.147316
vn 0.000000 1.000000 -0.000000
vn 0.000000 1.000000 -0.000000
vn 0.000000 1.000000 -0.000000
vn 0.000000 1.000000 -0.000000
vn -0.989090 0.000000 0.147315
vn -0.989090 0.000000 0.147315
vn -0.989090 0.000000 0.147315
vn -0.989090 0.000000 0.147315
vn -0.000000 -1.000000 0.000000
vn -0.000000 -1.000000 0.000000
vn -0.000000 -1.000000 0.000000
vn -0.000000 -1.000000 0.000000
vn 0.959670 0.000000 -0.281128
vn 0.959670 0.000000 -0.281128
vn 0.959670 0.000000 -0.281128
vn 0.959670 0.000000 -0.281128
vn -0.956192 0.000000 0.292741
vn -0.956192 0.000000 0.292741
vn -0.956192 0.000000 0.292741
vn -0.956192 0.000000 0.292741
vn 0.000000 -1.000000 0.000000
vn 0.000000 -0.000000 0.000000
vn 0.000000 -1.000000 0.000000
vn 0.000000 -1.000000 0.000000
vn 0.493181 0.000000 0.869927
vn 0.493181 0.000000 0.869927
vn 0.493181 0.000000 0.869927
vn 0.493181 0.000000 0.869927
vn -0.000000 1.000000 0.000000
vn -0.000000 1.000000 0.000000
vn -0.000000 1.000000 0.000000
vn -0.000000 1.000000 0.000000
vn -0.892157 0.000000 0.451725
vn -0.892157 0.000000 0.451725
vn -0.892157 0.000000 0.451725
vn -0.892157 0.000000 0.451725
vn -0.000000 -1.000000 0.000000
vn -0.000000 -1.000000 0.000000
vn -0.000000 -1.000000 0.000000
vn -0.000000 -1.000000 0.000000
vn 0.892157 0.000000 -0.451725
vn 0.892157 0.000000 -0.451725
vn 0.892157 0.000000 -0.451725
vn 0.892157 0.000000 -0.451725
vn 0.000000 1.000000 0.000000
vn 0.000000 1.000000 0.000000
vn 0.000000 1.000000 0.000000
vn 0.000000 1.000000 0.000000
vn -0.799999 0.000000 0.600001
vn -0.799999 0.000000 0.600001
vn -0.799999 0.000000 0.600001
vn -0.799999 0.000000 0.600001
vn 0.000000 -1.000000 -0.000000
vn 0.000000 -1.000000 -0.000000
vn 0.000000 -1.000000 -0.000000
vn 0.000000 -1.000000 -0.000000
vn 0.799999 0.000000 -0.600001
vn 0.799999 0.000000 -0.600001
vn 0.799999 0.000000 -0.600001
vn 0.799999 0.000000 -0.600001
vn 0.000000 1.000000 0.000000
vn 0.000000 1.000000 0.000000
vn 0.000000 1.000000 0.000000
vn 0.000000 1.000000 0.000000
vn -0.769408 0.000000 0.638758
vn -0.769408 0.000000 0.638758
vn -0.769408 0.000000 0.638758
vn -0.769408 0.000000 0.638758
vn 0.000000 -1.000000 -0.000000
vn 0.000000 -1.000000 -0.000000
vn 0.000000 -1.000000 -0.000000
vn 0.000000 -1.000000 -0.000000
vn 0.846611 0.000000 -0.532211
vn 0.846611 0.000000 -0.532211
vn 0.846611 0.000000 -0.532211
vn 0.846611 0.000000 -0.532211
vn 0.000000 1.000000 -0.000000
vn 0.000000 1.000000 -0.000000
vn 0.000000 1.000000 -0.000000
vn 0.000000 1.000000 -0.000000
vn -0.463259 0.000000 -0.886223
vn -0.463259 0.000000 -0.886223
vn -0.463259 0.000000 -0.886223
vn -0.463259 0.000000 -0.886223
vn 0.000000 1.000000 0.000000
vn 0.000000 1.000000 0.000000
vn 0.000000 1.000000 0.000000
vn 0.000000 1.000000 0.000000
vn 0.000000 -1.000000 0.000000
vn 0.000000 -1.000000 0.000000
vn 0.000000 -1.000000 0.000000
vn 0.000000 -1.000000 0.000000
vn -0.846611 0.000000 0.532211
vn -0.846611 0.000000 0.532211
vn -0.846611 0.000000 0.532211
vn -0.846611 0.000000 0.532211
vn -0.000000 -1.000000 0.000000
vn -0.000000 -1.000000 0.000000
vn -0.000000 -1.000000 0.000000
vn -0.000000 -1.000000 0.000000
vn 0.729010 0.000000 -0.684503
vn 0.729010 0.000000 -0.684503
vn 0.729010 0.000000 -0.684503
vn 0.729010 0.000000 -0.684503
vn -0.000000 1.000000 0.000000
vn -0.000000 1.000000 0.000000
vn -0.000000 1.000000 0.000000
vn -0.000000 1.000000 0.000000
vn -0.687673 0.000000 0.726020
vn -0.687673 0.000000 0.726020
vn -0.687673 0.000000 0.726020
vn -0.687673 0.000000 0.726020
vn 0.000000 -1.000000 0.000000
vn 0.000000 -1.000000 0.000000
vn 0.000000 -1.000000 0.000000
vn 0.000000 -1.000000 0.000000
vn 0.562365 0.000000 -0.826889
vn 0.562365 0.000000 -0.826889
vn 0.562365 0.000000 -0.826889
vn 0.562365 0.000000 -0.826889
vn 0.000000 1.000000 0.000000
vn 0.000000 1.000000 0.000000
vn 0.000000 1.000000 0.000000
vn 0.000000 1.000000 0.000000
vn -0.496139 0.000000 0.868243
vn -0.496139 0.000000 0.868243
vn -0.496139 0.000000 0.868243
vn -0.496139 0.000000 0.868243
vn 0.000000 -1.000000 -0.000000
vn 0.000000 -1.000000 -0.000000
vn 0.000000 -1.000000 -0.000000
vn 0.000000 -1.000000 -0.000000
vn 0.496140 0.000000 -0.868243
vn 0.496140 0.000000 -0.868243
vn 0.496140 0.000000 -0.868243
vn 0.496140 0.000000 -0.868243
vn 0.000000 1.000000 -0.000000
vn 0.000000 1.000000 -0.000000
vn 0.000000 1.000000 -0.000000
vn 0.000000 1.000000 -0.000000
vn -0.391855 0.000000 0.920027
vn -0.391855 0.000000 0.920027
vn -0.391855 0.000000 0.920027
vn -0.391855 0.000000 0.920027
vn 0.000000 -1.000000 0.000000
vn 0.000000 -1.000000 0.000000
vn 0.000000 -1.000000 0.000000
vn 0.000000 -1.000000 0.000000
vn 0.373288 0.000000 -0.927716
vn 0.373288 0.000000 -0.927716
vn 0.373288 0.000000 -0.927716
vn 0.373288 0.000000 -0.927716
vn -0.000000 1.000000 0.000000
vn -0.000000 1.000000 0.000000
vn -0.000000 1.000000 0.000000
vn -0.000000 1.000000 0.000000
vn -0.274723 0.000000 0.961523
vn -0.274723 0.000000 0.961523
vn -0.274723 0.000000 0.961523
vn -0.274723 0.000000 0.961523
vn 0.000000 -1.000000 0.000000
vn 0.000000 -1.000000 0.000000
vn 0.000000 -1.000000 0.000000
vn 0.000000 -1.000000 0.000000
vn 0.274721 0.000000 -0.961524
vn 0.274721 0.000000 -0.961524
vn 0.274721 0.000000 -0.961524
vn 0.274721 0.000000 -0.961524
vn 0.000000 1.000000 0.000000
vn 0.000000 1.000000 0.000000
vn 0.000000 1.000000 0.000000
vn 0.000000 1.000000 0.000000
vn -0.000000 -1.000000 0.000000
vn -0.000000 -1.000000 0.000000
vn -0.000000 -1.000000 0.000000
vn -0.000000 -1.000000 0.000000
vn -0.303262 0.000000 0.952907
vn -0.303262 0.000000 0.952907
vn -0.303262 0.000000 0.952907
vn -0.303262 0.000000 0.952907
vn 0.000000 1.000000 0.000000
vn 0.000000 1.000000 0.000000
vn 0.000000 1.000000 0.000000
vn 0.000000 1.000000 0.000000
vn 0.184388 0.000000 -0.982854
vn 0.184388 0.000000 -0.982854
vn 0.184388 0.000000 -0.982854
vn 0.184388 0.000000 -0.982854
vn 0.999998 0.000000 0.002064
vn 0.999998 0.000000 0.002064
vn 0.999998 0.000000 0.002064
vn 0.999998 0.000000 0.002064
vn -0.000000 -1.000000 0.000000
vn -0.000000 -1.000000 0.000000
vn -0.000000 -1.000000 0.000000
vn -0.000000 -1.000000 0.000000
vn 0.991641 0.000000 0.129030
vn 0.991641 0.000000 0.129030
vn 0.991641 0.000000 0.129030
vn 0.991641 0.000000 0.129030
vn -0.000000 1.000000 0.000000
vn -0.000000 1.000000 0.000000
vn -0.000000 1.000000 0.000000
vn -0.000000 1.000000 0.000000
vn 0.976807 0.000000 0.214123
vn 0.976807 0.000000 0.214123
vn 0.976807 0.000000 0.214123
vn 0.976807 0.000000 0.214123
vn -0.977458 0.000000 -0.211132
vn -0.977458 0.000000 -0.211132
vn -0.977458 0.000000 -0.211132
vn -0.977458 0.000000 -0.211132
vn 0.000000 -1.000000 -0.000000
vn 0.000000 -1.000000 -0.000000
vn 0.000000 -1.000000 -0.000000
vn 0.000000 -1.000000 -0.000000
vn 0.954530 0.000000 0.298114
vn 0.954530 0.000000 0.298114
vn 0.954530 0.000000 0.298114
vn 0.954530 0.000000 0.298114
vn 0.000000 1.000000 -0.000000
vn 0.000000 1.000000 -0.000000
vn 0.000000 1.000000 -0.000000
vn 0.000000 1.000000 -0.000000
vn -0.916935 0.000000 -0.399036
vn -0.916935 0.000000 -0.399036
vn -0.916935 0.000000 -0.399036
vn -0.916935 0.000000 -0.399036
vn 0.000000 -1.000000 0.000000
vn 0.000000 -1.000000 0.000000
vn 0.000000 -1.000000 0.000000
vn 0.000000 -1.000000 0.000000
vn 0.811844 0.000000 0.583874
vn 0.811844 0.000000 0.583874
vn 0.811844 0.000000 0.583874
vn 0.811844 0.000000 0.583874
vn 0.000000 1.000000 0.000000
vn 0.000000 1.000000 0.000000
vn 0.000000 1.000000 0.000000
vn 0.000000 1.000000 0.000000
vn -0.851686 0.000000 -0.524053
vn -0.851686 0.000000 -0.524053
vn -0.851686 0.000000 -0.524053
vn -0.851686 0.000000 -0.524053
vn -0.000000 -1.000000 0.000000
vn -0.000000 -1.000000 0.000000
vn -0.000000 -1.000000 0.000000
vn -0.000000 -1.000000 0.000000
vn 0.782881 0.000000 0.622171
vn 0.782881 0.000000 0.622171
vn 0.782881 0.000000 0.622171
vn 0.782881 0.000000 0.622171
vn -0.000000 1.000000 0.000000
vn -0.000000 1.000000 0.000000
vn -0.000000 1.000000 0.000000
vn -0.000000 1.000000 0.000000
vn -0.800595 0.000000 -0.599206
vn -0.800595 0.000000 -0.599206
vn -0.800595 0.000000 -0.599206
vn -0.800595 0.000000 -0.599206
vn 0.000000 -1.000000 0.000000
vn 0.000000 -1.000000 0.000000
vn 0.000000 -1.000000 0.000000
vn 0.000000 -1.000000 0.000000
vn 0.676799 0.000000 0.736168
vn 0.676799 0.000000 0.736168
vn 0.676799 0.000000 0.736168
vn 0.676799 0.000000 0.736168
vn 0.000000 1.000000 0.000000
vn 0.000000 1.000000 0.000000
vn 0.000000 1.000000 0.000000
vn 0.000000 1.000000 0.000000
vn -0.676800 0.000000 -0.736167
vn -0.676800 0.000000 -0.736167
vn -0.676800 0.000000 -0.736167
vn -0.676800 0.000000 -0.736167
vn 0.000000 -1.000000 0.000000
vn 0.000000 -1.000000 0.000000
vn 0.000000 -1.000000 0.000000
vn 0.000000 -1.000000 0.000000
vn 0.538713 0.000000 0.842490
vn 0.538713 0.000000 0.842490
vn 0.538713 0.000000 0.842490
vn 0.538713 0.000000 0.842490
vn 0.000000 1.000000 0.000000
vn 0.000000 1.000000 0.000000
vn 0.000000 1.000000 0.000000
vn 0.000000 1.000000 0.000000
vn -0.671473 0.000000 -0.741029
vn -0.671473 0.000000 -0.741029
vn -0.671473 0.000000 -0.741029
vn -0.671473 0.000000 -0.741029
vn 0.000000 -1.000000 0.000000
vn 0.000000 -1.000000 0.000000
vn 0.000000 -1.000000 0.000000
vn 0.000000 -1.000000 0.000000
vn 0.538602 0.000000 0.842560
vn 0.538602 0.000000 0.842560
vn 0.538602 0.000000 0.842560
vn 0.538602 0.000000 0.842560
vn 0.000000 1.000000 0.000000
vn 0.000000 1.000000 0.000000
vn 0.000000 1.000000 0.000000
vn 0.000000 1.000000 0.000000
vn -0.420071 0.000000 -0.907491
vn -0.420071 0.000000 -0.907491
vn -0.420071 0.000000 -0.907491
vn -0.420071 0.000000 -0.907491
vn -0.999991 0.000000 0.004223
vn -0.999991 0.000000 0.004223
vn -0.999991 0.000000 0.004223
vn -0.999991 0.000000 0.004223
vn 0.000000 1.000000 -0.000000
vn 0.000000 1.000000 -0.000000
vn 0.000000 1.000000 -0.000000
vn 0.000000 1.000000 -0.000000
vn 0.000000 -1.000000 0.000000
vn 0.000000 -1.000000 0.000000
vn 0.000000 -1.000000 0.000000
vn 0.000000 -1.000000 0.000000
vn 0.000000 1.000000 -0.000000
vn 0.000000 1.000000 -0.000000
vn 0.000000 1.000000 -0.000000
vn 0.000000 1.000000 -0.000000
vn 0.999990 0.000000 -0.004500
vn 0.999990 0.000000 -0.004500
vn 0.999990 0.000000 -0.004500
vn 0.999990 0.000000 -0.004500
vn 0.000000 -1.000000 0.000000
vn 0.000000 -1.000000 0.000000
vn 0.000000 -1.000000 0.000000
vn 0.000000 -1.000000 0.000000
vn -0.116963 0.000000 -0.993136
vn -0.116963 0.000000 -0.993136
vn -0.116963 0.000000 -0.993136
vn -0.116963 0.000000 -0.993136
vn 0.000000 -1.000000 0.000000
vn 0.000000 -1.000000 0.000000
vn 0.000000 -1.000000 0.000000
vn 0.000000 -1.000000 0.000000
vn 0.264480 0.000000 0.964391
vn 0.264480 0.000000 0.964391
vn 0.264480 0.000000 0.964391
vn 0.264480 0.000000 0.964391
vn 0.000000 1.000000 -0.000000
vn 0.000000 1.000000 -0.000000
vn 0.000000 1.000000 -0.000000
vn 0.000000 1.000000 -0.000000
vn -0.316229 0.000000 -0.948683
vn -0.316229 0.000000 -0.948683
vn -0.316229 0.000000 -0.948683
vn -0.316229 0.000000 -0.948683
vn 0.000000 -1.000000 -0.000000
vn 0.000000 -1.000000 -0.000000
vn 0.000000 -1.000000 -0.000000
vn 0.000000 -1.000000 -0.000000
vn 0.316229 0.000000 0.948683
vn 0.316229 0.000000 0.948683
vn 0.316229 0.000000 0.948683
vn 0.316229 0.000000 0.948683
vn 0.000000 1.000000 0.000000
vn 0.000000 1.000000 0.000000
vn 0.000000 1.000000 0.000000
vn 0.000000 1.000000 0.000000
vn -0.252422 0.000000 -0.967617
vn -0.252422 0.000000 -0.967617
vn -0.252422 0.000000 -0.967617
vn -0.252422 0.000000 -0.967617
vn 0.000000 -1.000000 -0.000000
vn 0.000000 -1.000000 -0.000000
vn 0.000000 -1.000000 -0.000000
vn 0.000000 -1.000000 -0.000000
vn 0.252428 0.000000 0.967616
vn 0.252428 0.000000 0.967616
vn 0.252428 0.000000 0.967616
vn 0.252428 0.000000 0.967616
vn 0.000000 1.000000 -0.000000
vn 0.000000 1.000000 -0.000000
vn 0.000000 1.000000 -0.000000
vn 0.000000 1.000000 -0.000000
vn -0.077142 0.000000 -0.997020
vn -0.077142 0.000000 -0.997020
vn -0.077142 0.000000 -0.997020
vn -0.077142 0.000000 -0.997020
vn 0.000000 -1.000000 0.000000
vn 0.000000 -1.000000 0.000000
vn 0.000000 -1.000000 0.000000
vn 0.000000 -1.000000 0.000000
vn 0.183649 0.000000 0.982992
vn 0.183649 0.000000 0.982992
vn 0.183649 0.000000 0.982992
vn 0.183649 0.000000 0.982992
vn 0.000000 1.000000 0.000000
vn 0.000000 1.000000 0.000000
vn 0.000000 1.000000 0.000000
vn 0.000000 1.000000 0.000000
vn -0.052855 0.000000 -0.998602
vn -0.052855 0.000000 -0.998602
vn -0.052855 0.000000 -0.998602
vn -0.052855 0.000000 -0.998602
vn -0.000000 -1.000000 0.000000
vn -0.000000 -1.000000 0.000000
vn -0.000000 -1.000000 0.000000
vn -0.000000 -1.000000 0.000000
vn 0.024921 0.000000 0.999689
vn 0.024921 0.000000 0.999689
vn 0.024921 0.000000 0.999689
vn 0.024921 0.000000 0.999689
vn -0.000000 1.000000 0.000000
vn -0.000000 1.000000 0.000000
vn -0.000000 1.000000 0.000000
vn -0.000000 1.000000 0.000000
vn -0.999993 0.000000 -0.003621
vn -0.999993 0.000000 -0.003621
vn -0.999993 0.000000 -0.003621
vn -0.999993 0.000000 -0.003621
vn 0.000000 -1.000000 0.000000
vn 0.000000 -1.000000 0.000000
vn 0.000000 -1.000000 0.000000
vn 0.000000 1.000000 0.000000
vn 0.000000 1.000000 0.000000
vn 0.000000 1.000000 0.000000
vn 0.000000 0.000000 -1.000000
vn 0.000000 0.000000 -1.000000
vn 0.000000 0.000000 -1.000000
vn 0.000000 0.000000 -1.000000
vn 0.000000 -1.000000 0.000000
vn 0.000000 -1.000000 0.000000
vn 0.000000 -1.000000 0.000000
vn 0.000000 -1.000000 0.000000
vn 0.000000 1.000000 0.000000
vn 0.000000 1.000000 0.000000
vn 0.000000 1.000000 0.000000
vn 0.000000 1.000000 0.000000
vn -0.008433 0.000000 -0.999964
vn -0.008433 0.000000 -0.999964
vn -0.008433 0.000000 -0.999964
vn -0.008433 0.000000 -0.999964
vn 0.000000 -1.000000 0.000000
vn 0.000000 -1.000000 0.000000
vn 0.000000 -1.000000 0.000000
vn 0.000000 -1.000000 0.000000
vn 0.000000 1.000000 0.000000
vn 0.000000 1.000000 0.000000
vn 0.000000 1.000000 0.000000
vn 0.000000 1.000000 0.000000
vn -0.854126 0.000000 0.520067
vn -0.854126 0.000000 0.520067
vn -0.854126 0.000000 0.520067
vn -0.854126 0.000000 0.520067
vn 0.000000 1.000000 0.000000
vn 0.000000 1.000000 0.000000
vn 0.000000 1.000000 0.000000
vn 0.000000 -1.000000 0.000000
vn 0.000000 -1.000000 0.000000
vn 0.000000 -1.000000 0.000000
vn 0.000000 1.000000 0.000000
vn 0.000000 1.000000 0.000000
vn 0.000000 1.000000 0.000000
vn 0.000000 1.000000 0.000000
vn 0.999964 0.000000 -0.008548
vn 0.999964 0.000000 -0.008548
vn 0.999964 0.000000 -0.008548
vn 0.999964 0.000000 -0.008548
vn 0.000000 -1.000000 0.000000
vn 0.000000 -1.000000 0.000000
vn 0.000000 -1.000000 0.000000
vn 0.000000 -1.000000 0.000000
vn -0.947931 0.000000 0.318475
vn -0.947931 0.000000 0.318475
vn -0.947931 0.000000 0.318475
vn -0.947931 0.000000 0.318475
vn 0.000000 1.000000 0.000000
vn 0.000000 1.000000 0.000000
vn 0.000000 1.000000 0.000000
vn 0.000000 -1.000000 0.000000
vn 0.000000 -1.000000 0.000000
vn 0.000000 -1.000000 0.000000
vn -0.000000 1.000000 0.000000
vn -0.000000 1.000000 0.000000
vn -0.000000 1.000000 0.000000
vn -0.000000 1.000000 0.000000
vn 0.999961 0.000000 0.008889
vn 0.999961 0.000000 0.008889
vn 0.999961 0.000000 0.008889
vn 0.999961 0.000000 0.008889
vn -0.000000 -1.000000 0.000000
vn -0.000000 -1.000000 0.000000
vn -0.000000 -1.000000 0.000000
vn -0.000000 -1.000000 0.000000
vn -0.000000 1.000000 0.000000
vn -0.000000 1.000000 0.000000
vn -0.000000 1.000000 0.000000
vn 0.999998 0.000000 0.001917
vn 0.999998 0.000000 0.001917
vn 0.999998 0.000000 0.001917
vn 0.999998 0.000000 0.001917
vn -0.000000 -1.000000 0.000000
vn -0.000000 -1.000000 0.000000
vn -0.000000 -1.000000 0.000000
vn -0.944301 -0.000000 0.329084
vn -0.944301 -0.000000 0.329084
vn -0.944301 -0.000000 0.329084
vn -0.944301 -0.000000 0.329084
vn -0.944301 -0.000000 0.329084
vn -0.944301 -0.000000 0.329084
vn 0.000000 1.000000 0.000000
vn 0.000000 1.000000 0.000000
vn 0.000000 1.000000 0.000000
vn 0.000000 1.000000 0.000000
vn 0.989286 0.000000 -0.145993
vn 0.989286 0.000000 -0.145993
vn 0.989286 0.000000 -0.145993
vn 0.989286 0.000000 -0.145993
vn 0.000000 -1.000000 0.000000
vn 0.000000 -1.000000 0.000000
vn 0.000000 -1.000000 0.000000
vn 0.000000 -1.000000 0.000000
vn -0.772949 0.000000 -0.634468
vn -0.772949 0.000000 -0.634468
vn -0.772949 0.000000 -0.634468
vn -0.772949 0.000000 -0.634468
vn -0.000000 1.000000 0.000000
vn -0.000000 1.000000 0.000000
vn -0.000000 1.000000 0.000000
vn -0.000000 1.000000 0.000000
vn -0.000000 1.000000 0.000000
vn 0.924241 0.000000 -0.381810
vn 0.924241 0.000000 -0.381810
vn 0.924241 0.000000 -0.381810
vn 0.924241 0.000000 -0.381810
vn 0.000000 -1.000000 0.000000
vn -0.000000 -1.000000 0.000000
vn -0.000000 -1.000000 0.000000
vn -0.845520 0.000000 -0.533944
vn -0.845520 0.000000 -0.533944
vn -0.845520 0.000000 -0.533944
vn -0.845520 0.000000 -0.533944
vn 0.601393 0.000000 0.798953
vn 0.601393 0.000000 0.798953
vn 0.601393 0.000000 0.798953
vn 0.601393 0.000000 0.798953
vn 0.000000 -1.000000 0.000000
vn -0.000000 -1.000000 0.000000
vn -0.813301 0.000000 0.581844
vn -0.813301 0.000000 0.581844
vn -0.813301 0.000000 0.581844
vn -0.813301 0.000000 0.581844
vn 0.000000 1.000000 -0.000000
vn 0.000000 1.000000 -0.000000
vn 0.000000 1.000000 -0.000000
vn 0.000000 1.000000 -0.000000
vn 0.711627 0.000000 -0.702557
vn 0.711627 0.000000 -0.702557
vn 0.711627 0.000000 -0.702557
vn 0.711627 0.000000 -0.702557
vn 0.000000 -1.000000 -0.000000
vn 0.000000 -1.000000 -0.000000
vn 0.000000 -1.000000 -0.000000
vn 0.000000 -1.000000 -0.000000
vn -0.734225 0.000000 0.678906
vn -0.734225 0.000000 0.678906
vn -0.734225 0.000000 0.678906
vn -0.734225 0.000000 0.678906
vn 0.000000 1.000000 0.000000
vn 0.000000 1.000000 0.000000
vn 0.000000 1.000000 0.000000
vn 0.000000 1.000000 0.000000
vn 0.630084 0.000000 -0.776527
vn 0.630084 0.000000 -0.776527
vn 0.630084 0.000000 -0.776527
vn 0.630084 0.000000 -0.776527
vn 0.000000 -1.000000 0.000000
vn 0.000000 -1.000000 0.000000
vn 0.000000 -1.000000 0.000000
vn 0.000000 -1.000000 0.000000
vn -0.529917 0.000000 0.848049
vn -0.529917 0.000000 0.848049
vn -0.529917 0.000000 0.848049
vn -0.529917 0.000000 0.848049
vn 0.000000 1.000000 0.000000
vn 0.000000 1.000000 0.000000
vn 0.000000 1.000000 0.000000
vn 0.000000 1.000000 0.000000
vn 0.664943 0.000000 -0.746895
vn 0.664943 0.000000 -0.746895
vn 0.664943 0.000000 -0.746895
vn 0.664943 0.000000 -0.746895
vn -0.000000 -1.000000 0.000000
vn -0.000000 -1.000000 0.000000
vn -0.000000 -1.000000 0.000000
vn -0.000000 -1.000000 0.000000
vn -0.000000 1.000000 0.000000
vn -0.000000 1.000000 0.000000
vn -0.000000 1.000000 0.000000
vn -0.000000 1.000000 0.000000
vn 0.480666 0.000000 -0.876904
vn 0.480666 0.000000 -0.876904
vn 0.480666 0.000000 -0.876904
vn 0.480666 0.000000 -0.876904
vn -0.000000 -1.000000 0.000000
vn -0.000000 -1.000000 0.000000
vn -0.000000 -1.000000 0.000000
vn -0.000000 -1.000000 0.000000
vn -0.378305 0.000000 0.925681
vn -0.378305 0.000000 0.925681
vn -0.378305 0.000000 0.925681
vn -0.378305 0.000000 0.925681
vn 0.000000 1.000000 -0.000000
vn 0.000000 1.000000 -0.000000
vn 0.000000 1.000000 -0.000000
vn 0.000000 1.000000 -0.000000
vn 0.438358 0.000000 -0.898800
vn 0.438358 0.000000 -0.898800
vn 0.438358 0.000000 -0.898800
vn 0.438358 0.000000 -0.898800
vn 0.000000 -1.000000 -0.000000
vn 0.000000 -1.000000 -0.000000
vn 0.000000 -1.000000 -0.000000
vn 0.000000 -1.000000 -0.000000
vn -0.305336 0.000000 0.952245
vn -0.305336 0.000000 0.952245
vn -0.305336 0.000000 0.952245
vn -0.305336 0.000000 0.952245
vn -0.000000 1.000000 0.000000
vn -0.000000 1.000000 0.000000
vn -0.000000 1.000000 0.000000
vn -0.000000 1.000000 0.000000
vn 0.355896 0.000000 -0.934525
vn 0.355896 0.000000 -0.934525
vn 0.355896 0.000000 -0.934525
vn 0.355896 0.000000 -0.934525
vn -0.000000 -1.000000 0.000000
vn -0.000000 -1.000000 0.000000
vn -0.000000 -1.000000 0.000000
vn -0.000000 -1.000000 0.000000
vn -0.242534 0.000000 0.970143
vn -0.242534 0.000000 0.970143
vn -0.242534 0.000000 0.970143
vn -0.242534 0.000000 0.970143
vn 0.000000 1.000000 -0.000000
vn 0.000000 1.000000 -0.000000
vn 0.000000 1.000000 -0.000000
vn 0.000000 1.000000 -0.000000
vn 0.242536 0.000000 -0.970143
vn 0.242536 0.000000 -0.970143
vn 0.242536 0.000000 -0.970143
vn 0.242536 0.000000 -0.970143
vn 0.000000 -1.000000 -0.000000
vn 0.000000 -1.000000 -0.000000
vn 0.000000 -1.000000 -0.000000
vn 0.000000 -1.000000 -0.000000
vn 0.000000 1.000000 0.000000
vn 0.000000 1.000000 0.000000
vn 0.000000 1.000000 0.000000
vn 0.000000 1.000000 0.000000
vn 0.192415 0.000000 -0.981314
vn 0.192415 0.000000 -0.981314
vn 0.192415 0.000000 -0.981314
vn 0.192415 0.000000 -0.981314
vn 0.000000 -1.000000 0.000000
vn 0.000000 -1.000000 0.000000
vn 0.000000 -1.000000 0.000000
vn 0.000000 -1.000000 0.000000
vn -0.994156 0.000000 -0.107955
vn -0.994156 0.000000 -0.107955
vn -0.994156 0.000000 -0.107955
vn -0.994156 0.000000 -0.107955
vn 0.000000 1.000000 -0.000000
vn 0.000000 1.000000 -0.000000
vn 0.000000 1.000000 -0.000000
vn 0.000000 1.000000 -0.000000
vn 0.925601 0.000000 0.378502
vn 0.925601 0.000000 0.378502
vn 0.925601 0.000000 0.378502
vn 0.925601 0.000000 0.378502
vn 0.000000 -1.000000 -0.000000
vn 0.000000 -1.000000 -0.000000
vn 0.000000 -1.000000 -0.000000
vn 0.000000 -1.000000 -0.000000
vn -0.999897 0.000000 0.014373
vn -0.999897 0.000000 0.014373
vn -0.999897 0.000000 0.014373
vn -0.999897 0.000000 0.014373
vn -0.000000 1.000000 0.000000
vn -0.000000 1.000000 0.000000
vn -0.000000 1.000000 0.000000
vn -0.000000 1.000000 0.000000
vn 0.998597 0.000000 -0.052962
vn 0.998597 0.000000 -0.052962
vn 0.998597 0.000000 -0.052962
vn 0.998597 0.000000 -0.052962
vn -0.000000 -1.000000 0.000000
vn -0.000000 -1.000000 0.000000
vn -0.000000 -1.000000 0.000000
vn -0.000000 -1.000000 0.000000
vn -0.965154 0.000000 0.261683
vn -0.965154 0.000000 0.261683
vn -0.965154 0.000000 0.261683
vn -0.965154 0.000000 0.261683
vn 0.000000 1.000000 0.000000
vn 0.000000 1.000000 0.000000
vn 0.000000 1.000000 0.000000
vn 0.000000 1.000000 0.000000
vn 0.950838 0.000000 -0.309689
vn 0.950838 0.000000 -0.309689
vn 0.950838 0.000000 -0.309689
vn 0.950838 0.000000 -0.309689
vn 0.000000 -1.000000 0.000000
vn 0.000000 -1.000000 0.000000
vn 0.000000 -1.000000 0.000000
vn 0.000000 -1.000000 0.000000
vn -0.792072 0.000000 0.610427
vn -0.792072 0.000000 0.610427
vn -0.792072 0.000000 0.610427
vn -0.792072 0.000000 0.610427
vn 0.000000 1.000000 0.000000
vn 0.000000 1.000000 0.000000
vn 0.000000 1.000000 0.000000
vn 0.000000 1.000000 0.000000
vn 0.701651 0.000000 -0.712521
vn 0.701651 0.000000 -0.712521
vn 0.701651 0.000000 -0.712521
vn 0.701651 0.000000 -0.712521
vn 0.000000 -1.000000 0.000000
vn 0.000000 -1.000000 0.000000
vn 0.000000 -1.000000 0.000000
vn 0.000000 -1.000000 0.000000
vn -0.445465 0.000000 0.895299
vn -0.445465 0.000000 0.895299
vn -0.445465 0.000000 0.895299
vn -0.445465 0.000000 0.895299
vn 0.000000 1.000000 0.000000
vn 0.000000 1.000000 0.000000
vn 0.000000 1.000000 0.000000
vn 0.000000 1.000000 0.000000
vn 0.419772 0.000000 -0.907630
vn 0.419772 0.000000 -0.907630
vn 0.419772 0.000000 -0.907630
vn 0.419772 0.000000 -0.907630
vn 0.000000 -1.000000 0.000000
vn 0.000000 -1.000000 0.000000
vn 0.000000 -1.000000 0.000000
vn 0.000000 -1.000000 0.000000
vn 0.014253 0.000000 0.999898
vn 0.014253 0.000000 0.999898
vn 0.014253 0.000000 0.999898
vn 0.000000 1.000000 0.000000
vn 0.000000 1.000000 0.000000
vn 0.000000 1.000000 0.000000
vn 0.000000 1.000000 0.000000
vn -0.007123 0.000000 -0.999975
vn -0.007123 0.000000 -0.999975
vn -0.007123 0.000000 -0.999975
vn -0.007123 0.000000 -0.999975
vn 0.000000 -1.000000 0.000000
vn 0.000000 -1.000000 0.000000
vn 0.000000 -1.000000 0.000000
vn 0.000000 -1.000000 0.000000
vn 0.402790 0.000000 0.915293
vn 0.402790 0.000000 0.915292
vn 0.402789 0.000000 0.915293
vn -0.000000 1.000000 0.000000
vn -0.000000 1.000000 0.000000
vn -0.000000 1.000000 0.000000
vn -0.000000 1.000000 0.000000
vn -0.367601 0.000000 -0.929983
vn -0.367601 0.000000 -0.929983
vn -0.367601 0.000000 -0.929983
vn -0.367601 0.000000 -0.929983
vn -0.000000 -1.000000 0.000000
vn -0.000000 -1.000000 0.000000
vn -0.000000 -1.000000 0.000000
vn -0.000000 -1.000000 0.000000
vn 0.814505 0.000000 0.580156
vn 0.814505 0.000000 0.580156
vn 0.814505 0.000000 0.580156
vn 0.000000 1.000000 0.000000
vn 0.000000 1.000000 0.000000
vn 0.000000 1.000000 0.000000
vn 0.000000 1.000000 0.000000
vn -0.688626 0.000000 -0.725117
vn -0.688626 0.000000 -0.725117
vn -0.688626 0.000000 -0.725117
vn -0.688626 0.000000 -0.725117
vn -0.000000 -1.000000 0.000000
vn -0.000000 -1.000000 0.000000
vn -0.000000 -1.000000 0.000000
vn -0.000000 -1.000000 0.000000
vn 0.000000 1.000000 0.000000
vn 0.000000 1.000000 0.000000
vn 0.000000 1.000000 0.000000
vn 0.000000 -1.000000 0.000000
vn 0.000000 -1.000000 0.000000
vn 0.000000 -1.000000 0.000000
vn -0.903878 0.000000 -0.427791
vn -0.903878 0.000000 -0.427791
vn -0.903878 0.000000 -0.427791
vn -0.903878 0.000000 -0.427791
vn -0.000000 1.000000 0.000000
vn -0.000000 1.000000 0.000000
vn -0.000000 1.000000 0.000000
vn -0.785789 0.000000 -0.618495
vn -0.785789 0.000000 -0.618495
vn -0.785789 0.000000 -0.618495
vn -0.785789 0.000000 -0.618495
vn -0.000000 -1.000000 0.000000
vn -0.000000 -1.000000 0.000000
vn -0.000000 -1.000000 0.000000
vn 0.000000 1.000000 -0.000000
vn 0.000000 1.000000 -0.000000
vn 0.000000 1.000000 -0.000000
vn 0.000000 1.000000 -0.000000
vn 0.999977 0.000000 -0.006837
vn 0.999977 0.000000 -0.006837
vn 0.999977 0.000000 -0.006837
vn 0.999977 0.000000 -0.006837
vn 0.000000 -1.000000 -0.000000
vn 0.000000 -1.000000 -0.000000
vn 0.000000 -1.000000 -0.000000
vn 0.000000 -1.000000 -0.000000
vn -0.000000 1.000000 -0.000000
vn -0.000000 1.000000 -0.000000
vn -0.000000 1.000000 -0.000000
vn 0.841549 0.000000 0.540181
vn 0.841549 0.000000 0.540181
vn 0.841549 0.000000 0.540181
vn 0.841549 0.000000 0.540181
vn -0.000000 -1.000000 -0.000000
vn -0.000000 -1.000000 -0.000000
vn -0.000000 -1.000000 -0.000000
vn -0.999962 0.000000 0.008695
vn -0.999962 0.000000 0.008695
vn -0.999962 0.000000 0.008695
vn -0.999962 0.000000 0.008695
vn -0.000000 1.000000 0.000000
vn -0.000000 1.000000 0.000000
vn -0.000000 1.000000 0.000000
vn -0.000000 1.000000 0.000000
vn 0.999962 0.000000 -0.008695
vn 0.999962 0.000000 -0.008695
vn 0.999962 0.000000 -0.008695
vn 0.999962 0.000000 -0.008695
vn -0.000000 -1.000000 -0.000000
vn -0.000000 -1.000000 -0.000000
vn -0.000000 -1.000000 -0.000000
vn -0.000000 -1.000000 -0.000000
vn -0.987401 0.000000 0.158238
vn -0.987401 0.000000 0.158238
vn -0.987401 0.000000 0.158238
vn -0.987401 0.000000 0.158238
vn -0.000000 1.000000 0.000000
vn -0.000000 1.000000 0.000000
vn -0.000000 1.000000 0.000000
vn -0.000000 1.000000 0.000000
vn 0.987401 0.000000 -0.158238
vn 0.987401 0.000000 -0.158238
vn 0.987401 0.000000 -0.158238
vn 0.987401 0.000000 -0.158238
vn -0.000000 -1.000000 0.000000
vn -0.000000 -1.000000 0.000000
vn -0.000000 -1.000000 0.000000
vn -0.000000 -1.000000 0.000000
vn 0.000000 1.000000 -0.000000
vn 0.000000 1.000000 -0.000000
vn 0.000000 1.000000 -0.000000
vn 0.000000 1.000000 -0.000000
vn 0.931578 0.000000 0.363542
vn 0.931578 0.000000 0.363542
vn 0.931578 0.000000 0.363542
vn 0.931578 0.000000 0.363542
vn -0.000000 -1.000000 0.000000
vn -0.000000 -1.000000 0.000000
vn -0.000000 -1.000000 0.000000
vn -0.000000 -1.000000 0.000000
vn -0.931578 0.000000 -0.363542
vn -0.931578 0.000000 -0.363542
vn -0.931578 0.000000 -0.363542
vn -0.931578 0.000000 -0.363542
vn 0.000000 1.000000 -0.000000
vn 0.000000 1.000000 -0.000000
vn 0.000000 1.000000 -0.000000
vn 0.000000 1.000000 -0.000000
vn 0.990484 0.000000 0.137628
vn 0.990484 0.000000 0.137628
vn 0.990484 0.000000 0.137628
vn 0.990484 0.000000 0.137628
vn 0.000000 -1.000000 0.000000
vn 0.000000 -1.000000 0.000000
vn 0.000000 -1.000000 0.000000
vn 0.000000 -1.000000 0.000000
vn -0.999997 0.000000 -0.002294
vn -0.999997 0.000000 -0.002294
vn -0.999997 0.000000 -0.002294
vn -0.999997 0.000000 -0.002294
vn 0.000000 1.000000 -0.000000
vn 0.000000 1.000000 -0.000000
vn 0.000000 1.000000 -0.000000
vn 0.000000 1.000000 -0.000000
vn 0.989089 0.000000 -0.147316
vn 0.989089 0.000000 -0.147316
vn 0.989089 0.000000 -0.147316
vn 0.989089 0.000000 -0.147316
vn 0.000000 -1.000000 0.000000
vn 0.000000 -1.000000 0.000000
vn 0.000000 -1.000000 0.000000
vn 0.000000 -1.000000 0.000000
vn -0.989090 0.000000 0.147315
vn -0.989090 0.000000 0.147315
vn -0.989090 0.000000 0.147315
vn -0.989090 0.000000 0.147315
vn -0.000000 1.000000 0.000000
vn -0.000000 1.000000 0.000000
vn -0.000000 1.000000 0.000000
vn -0.000000 1.000000 0.000000
vn 0.959670 0.000000 -0.281128
vn 0.959670 0.000000 -0.281128
vn 0.959670 0.000000 -0.281128
vn 0.959670 0.000000 -0.281128
vn -0.956192 0.000000 0.292741
vn -0.956192 0.000000 0.292741
vn -0.956192 0.000000 0.292741
vn -0.956192 0.000000 0.292741
vn 0.000000 1.000000 0.000000
vn 0.000000 1.000000 0.000000
vn 0.000000 0.000000 0.000000
vn 0.000000 1.000000 0.000000
vn 0.493181 0.000000 0.869927
vn 0.493181 0.000000 0.869927
vn 0.493181 0.000000 0.869927
vn 0.493181 0.000000 0.869927
vn 0.000000 -1.000000 0.000000
vn 0.000000 -1.000000 0.000000
vn 0.000000 -1.000000 0.000000
vn 0.000000 -1.000000 0.000000
vn -0.892157 0.000000 0.451725
vn -0.892157 0.000000 0.451725
vn -0.892157 0.000000 0.451725
vn -0.892157 0.000000 0.451725
vn 0.000000 1.000000 -0.000000
vn 0.000000 1.000000 -0.000000
vn 0.000000 1.000000 -0.000000
vn 0.000000 1.000000 -0.000000
vn 0.892157 0.000000 -0.451725
vn 0.892157 0.000000 -0.451725
vn 0.892157 0.000000 -0.451725
vn 0.892157 0.000000 -0.451725
vn -0.000000 -1.000000 0.000000
vn -0.000000 -1.000000 0.000000
vn -0.000000 -1.000000 0.000000
vn -0.000000 -1.000000 0.000000
vn -0.799999 0.000000 0.600001
vn -0.799999 0.000000 0.600001
vn -0.799999 0.000000 0.600001
vn -0.799999 0.000000 0.600001
vn -0.000000 1.000000 0.000000
vn -0.000000 1.000000 0.000000
vn -0.000000 1.000000 0.000000
vn -0.000000 1.000000 0.000000
vn 0.799999 0.000000 -0.600001
vn 0.799999 0.000000 -0.600001
vn 0.799999 0.000000 -0.600001
vn 0.799999 0.000000 -0.600001
vn 0.000000 -1.000000 0.000000
vn 0.000000 -1.000000 0.000000
vn 0.000000 -1.000000 0.000000
vn 0.000000 -1.000000 0.000000
vn -0.769408 0.000000 0.638758
vn -0.769408 0.000000 0.638758
vn -0.769408 0.000000 0.638758
vn -0.769408 0.000000 0.638758
vn 0.000000 1.000000 -0.000000
vn 0.000000 1.000000 -0.000000
vn 0.000000 1.000000 -0.000000
vn 0.000000 1.000000 -0.000000
vn 0.846611 0.000000 -0.532211
vn 0.846611 0.000000 -0.532211
vn 0.846611 0.000000 -0.532211
vn 0.846611 0.000000 -0.532211
vn 0.000000 -1.000000 -0.000000
vn 0.000000 -1.000000 -0.000000
vn 0.000000 -1.000000 -0.000000
vn 0.000000 -1.000000 -0.000000
vn -0.463259 0.000000 -0.886223
vn -0.463259 0.000000 -0.886223
vn -0.463259 0.000000 -0.886223
vn -0.463259 0.000000 -0.886223
vn 0.000000 -1.000000 0.000000
vn 0.000000 -1.000000 0.000000
vn 0.000000 -1.000000 0.000000
vn 0.000000 -1.000000 0.000000
vn 0.000000 1.000000 0.000000
vn 0.000000 1.000000 0.000000
vn 0.000000 1.000000 0.000000
vn 0.000000 1.000000 0.000000
vn -0.846611 0.000000 0.532211
vn -0.846611 0.000000 0.532211
vn -0.846611 0.000000 0.532211
vn -0.846611 0.000000 0.532211
vn -0.000000 1.000000 0.000000
vn -0.000000 1.000000 0.000000
vn -0.000000 1.000000 0.000000
vn -0.000000 1.000000 0.000000
vn 0.729010 0.000000 -0.684503
vn 0.729010 0.000000 -0.684503
vn 0.729010 0.000000 -0.684503
vn 0.729010 0.000000 -0.684503
vn -0.000000 -1.000000 0.000000
vn -0.000000 -1.000000 0.000000
vn -0.000000 -1.000000 0.000000
vn -0.000000 -1.000000 0.000000
vn -0.687673 0.000000 0.726020
vn -0.687673 0.000000 0.726020
vn -0.687673 0.000000 0.726020
vn -0.687673 0.000000 0.726020
vn 0.000000 1.000000 -0.000000
vn 0.000000 1.000000 -0.000000
vn 0.000000 1.000000 -0.000000
vn 0.000000 1.000000 -0.000000
vn 0.562365 0.000000 -0.826889
vn 0.562365 0.000000 -0.826889
vn 0.562365 0.000000 -0.826889
vn 0.562365 0.000000 -0.826889
vn 0.000000 -1.000000 -0.000000
vn 0.000000 -1.000000 -0.000000
vn 0.000000 -1.000000 -0.000000
vn 0.000000 -1.000000 -0.000000
vn -0.496139 0.000000 0.868243
vn -0.496139 0.000000 0.868243
vn -0.496139 0.000000 0.868243
vn -0.496139 0.000000 0.868243
vn 0.000000 1.000000 -0.000000
vn 0.000000 1.000000 -0.000000
vn 0.000000 1.000000 -0.000000
vn 0.000000 1.000000 -0.000000
vn 0.496140 0.000000 -0.868243
vn 0.496140 0.000000 -0.868243
vn 0.496140 0.000000 -0.868243
vn 0.496140 0.000000 -0.868243
vn 0.000000 -1.000000 -0.000000
vn 0.000000 -1.000000 -0.000000
vn 0.000000 -1.000000 -0.000000
vn 0.000000 -1.000000 -0.000000
vn -0.391855 0.000000 0.920027
vn -0.391855 0.000000 0.920027
vn -0.391855 0.000000 0.920027
vn -0.391855 0.000000 0.920027
vn -0.000000 1.000000 0.000000
vn -0.000000 1.000000 0.000000
vn -0.000000 1.000000 0.000000
vn -0.000000 1.000000 0.000000
vn 0.373288 0.000000 -0.927716
vn 0.373288 0.000000 -0.927716
vn 0.373288 0.000000 -0.927716
vn 0.373288 0.000000 -0.927716
vn -0.000000 -1.000000 0.000000
vn -0.000000 -1.000000 0.000000
vn -0.000000 -1.000000 0.000000
vn -0.000000 -1.000000 0.000000
vn -0.274723 0.000000 0.961523
vn -0.274723 0.000000 0.961523
vn -0.274723 0.000000 0.961523
vn -0.274723 0.000000 0.961523
vn 0.000000 1.000000 -0.000000
vn 0.000000 1.000000 -0.000000
vn 0.000000 1.000000 -0.000000
vn 0.000000 1.000000 -0.000000
vn 0.274721 0.000000 -0.961524
vn 0.274721 0.000000 -0.961524
vn 0.274721 0.000000 -0.961524
vn 0.274721 0.000000 -0.961524
vn 0.000000 -1.000000 -0.000000
vn 0.000000 -1.000000 -0.000000
vn 0.000000 -1.000000 -0.000000
vn 0.000000 -1.000000 -0.000000
vn 0.000000 1.000000 0.000000
vn 0.000000 1.000000 0.000000
vn 0.000000 1.000000 0.000000
vn 0.000000 1.000000 0.000000
vn -0.303262 0.000000 0.952907
vn -0.303262 0.000000 0.952907
vn -0.303262 0.000000 0.952907
vn -0.303262 0.000000 0.952907
vn -0.000000 -1.000000 0.000000
vn -0.000000 -1.000000 0.000000
vn -0.000000 -1.000000 0.000000
vn -0.000000 -1.000000 0.000000
vn 0.184388 0.000000 -0.982854
vn 0.184388 0.000000 -0.982854
vn 0.184388 0.000000 -0.982854
vn 0.184388 0.000000 -0.982854
vn 0.000000 -1.000000 -0.000000
vn 0.000000 -1.000000 -0.000000
vn 0.000000 -1.000000 -0.000000
vn 0.000000 -1.000000 -0.000000
vn 0.655046 0.000000 0.755589
vn 0.655046 0.000000 0.755589
vn 0.655046 0.000000 0.755589
vn 0.655046 0.000000 0.755589
vn -0.000000 1.000000 0.000000
vn -0.000000 1.000000 0.000000
vn -0.000000 1.000000 0.000000
vn -0.000000 1.000000 0.000000
vn -0.982498 0.000000 -0.186271
vn -0.982498 0.000000 -0.186271
vn -0.982498 0.000000 -0.186271
vn -0.982498 0.000000 -0.186271
vn -0.000000 -1.000000 0.000000
vn -0.000000 -1.000000 0.000000
vn -0.000000 -1.000000 0.000000
vn -0.000000 -1.000000 0.000000
vn 0.423902 0.000000 0.905708
vn 0.423902 0.000000 0.905708
vn 0.423902 0.000000 0.905708
vn 0.423902 0.000000 0.905708
vn 0.000000 1.000000 -0.000000
vn 0.000000 1.000000 -0.000000
vn 0.000000 1.000000 -0.000000
vn 0.000000 1.000000 -0.000000
vn -0.943654 0.000000 0.330935
vn -0.943654 0.000000 0.330935
vn -0.943654 0.000000 0.330935
vn -0.943654 0.000000 0.330935
vn 0.000000 -1.000000 -0.000000
vn 0.000000 -1.000000 -0.000000
vn 0.000000 -1.000000 -0.000000
vn 0.000000 -1.000000 -0.000000
vn 0.349193 0.000000 0.937051
vn 0.349193 0.000000 0.937051
vn 0.349193 0.000000 0.937051
vn 0.349193 0.000000 0.937051
vn 0.000000 1.000000 -0.000000
vn 0.000000 1.000000 -0.000000
vn 0.000000 1.000000 -0.000000
vn 0.000000 1.000000 -0.000000
vn -0.892482 0.000000 0.451083
vn -0.892482 0.000000 0.451083
vn -0.892482 0.000000 0.451083
vn -0.892482 0.000000 0.451083
vn 0.999993 0.000000 -0.003880
vn 0.999993 0.000000 -0.003880
vn 0.999993 0.000000 -0.003880
vn 0.999993 0.000000 -0.003880
vn -0.000000 1.000000 0.000000
vn -0.000000 1.000000 0.000000
vn -0.000000 1.000000 0.000000
vn -0.000000 1.000000 0.000000
vn -0.185792 0.000000 0.982589
vn -0.185792 0.000000 0.982589
vn -0.185792 0.000000 0.982589
vn -0.185792 0.000000 0.982589
vn 0.000000 -1.000000 0.000000
vn 0.000000 -1.000000 0.000000
vn 0.000000 -1.000000 0.000000
vn 0.000000 -1.000000 0.000000
vn -0.000000 -1.000000 0.000000
vn -0.000000 -1.000000 0.000000
vn -0.000000 -1.000000 0.000000
vn -0.000000 -1.000000 0.000000
vn 0.965368 0.000000 -0.260891
vn 0.965368 0.000000 -0.260891
vn 0.965368 0.000000 -0.260891
vn 0.965368 0.000000 -0.260891
vn -0.000000 1.000000 0.000000
vn -0.000000 1.000000 0.000000
vn -0.000000 1.000000 0.000000
vn -0.000000 1.000000 0.000000
vn -0.965369 0.000000 0.260890
vn -0.965369 0.000000 0.260890
vn -0.965369 0.000000 0.260890
vn -0.965369 0.000000 0.260890
vn -0.898098 0.000000 0.439795
vn -0.898098 0.000000 0.439795
vn -0.898098 0.000000 0.439795
vn -0.898098 0.000000 0.439795
vn -0.000000 1.000000 0.000000
vn -0.000000 1.000000 0.000000
vn -0.000000 1.000000 0.000000
vn -0.000000 1.000000 0.000000
vn 0.981107 0.000000 -0.193465
vn 0.981107 0.000000 -0.193465
vn 0.981107 0.000000 -0.193465
vn 0.981107 0.000000 -0.193465
vn -0.000000 -1.000000 0.000000
vn -0.000000 -1.000000 0.000000
vn -0.000000 -1.000000 0.000000
vn -0.000000 -1.000000 0.000000
vn 0.014253 0.000000 0.999898
vn 0.402791 0.000000 0.915292
vn 0.814505 0.000000 0.580156
vn -0.999998 0.000000 0.002064
vn -0.999998 0.000000 0.002064
vn -0.999998 0.000000 0.002064
vn -0.999998 0.000000 0.002064
vn 0.000000 1.000000 0.000000
vn 0.000000 1.000000 0.000000
vn 0.000000 1.000000 0.000000
vn 0.000000 1.000000 0.000000
vn -0.991641 0.000000 0.129030
vn -0.991641 0.000000 0.129030
vn -0.991641 0.000000 0.129030
vn -0.991641 0.000000 0.129030
vn 0.000000 -1.000000 0.000000
vn 0.000000 -1.000000 0.000000
vn 0.000000 -1.000000 0.000000
vn 0.000000 -1.000000 0.000000
vn -0.976807 0.000000 0.214122
vn -0.976807 0.000000 0.214122
vn -0.976807 0.000000 0.214122
vn -0.976807 0.000000 0.214122
vn 0.977457 0.000000 -0.211133
vn 0.977457 0.000000 -0.211133
vn 0.977457 0.000000 -0.211133
vn 0.977457 0.000000 -0.211133
vn 0.000000 1.000000 0.000000
vn 0.000000 1.000000 0.000000
vn 0.000000 1.000000 0.000000
vn 0.000000 1.000000 0.000000
vn -0.954530 0.000000 0.298116
vn -0.954530 0.000000 0.298116
vn -0.954530 0.000000 0.298116
vn -0.954530 0.000000 0.298116
vn 0.000000 -1.000000 -0.000000
vn 0.000000 -1.000000 -0.000000
vn 0.000000 -1.000000 -0.000000
vn 0.000000 -1.000000 -0.000000
vn 0.916935 0.000000 -0.399037
vn 0.916935 0.000000 -0.399037
vn 0.916935 0.000000 -0.399037
vn 0.916935 0.000000 -0.399037
vn 0.000000 1.000000 0.000000
vn 0.000000 1.000000 0.000000
vn 0.000000 1.000000 0.000000
vn 0.000000 1.000000 0.000000
vn -0.811844 0.000000 0.583874
vn -0.811844 0.000000 0.583874
vn -0.811844 0.000000 0.583874
vn -0.811844 0.000000 0.583874
vn 0.000000 -1.000000 0.000000
vn 0.000000 -1.000000 0.000000
vn 0.000000 -1.000000 0.000000
vn 0.000000 -1.000000 0.000000
vn 0.851686 0.000000 -0.524052
vn 0.851686 0.000000 -0.524052
vn 0.851686 0.000000 -0.524052
vn 0.851686 0.000000 -0.524052
vn 0.000000 1.000000 -0.000000
vn 0.000000 1.000000 -0.000000
vn 0.000000 1.000000 -0.000000
vn 0.000000 1.000000 -0.000000
vn -0.782881 0.000000 0.622171
vn -0.782881 0.000000 0.622171
vn -0.782881 0.000000 0.622171
vn -0.782881 0.000000 0.622171
vn 0.000000 -1.000000 0.000000
vn 0.000000 -1.000000 0.000000
vn 0.000000 -1.000000 0.000000
vn 0.000000 -1.000000 0.000000
vn 0.800595 0.000000 -0.599206
vn 0.800595 0.000000 -0.599206
vn 0.800595 0.000000 -0.599206
vn 0.800595 0.000000 -0.599206
vn 0.000000 1.000000 0.000000
vn 0.000000 1.000000 0.000000
vn 0.000000 1.000000 0.000000
vn 0.000000 1.000000 0.000000
vn -0.676799 0.000000 0.736168
vn -0.676799 0.000000 0.736168
vn -0.676799 0.000000 0.736168
vn -0.676799 0.000000 0.736168
vn 0.000000 -1.000000 0.000000
vn 0.000000 -1.000000 0.000000
vn 0.000000 -1.000000 0.000000
vn 0.000000 -1.000000 0.000000
vn 0.676800 0.000000 -0.736167
vn 0.676800 0.000000 -0.736167
vn 0.676800 0.000000 -0.736167
vn 0.676800 0.000000 -0.736167
vn 0.000000 1.000000 0.000000
vn 0.000000 1.000000 0.000000
vn 0.000000 1.000000 0.000000
vn 0.000000 1.000000 0.000000
vn -0.538711 0.000000 0.842491
vn -0.538711 0.000000 0.842491
vn -0.538711 0.000000 0.842491
vn -0.538711 0.000000 0.842491
vn 0.000000 -1.000000 0.000000
vn 0.000000 -1.000000 0.000000
vn 0.000000 -1.000000 0.000000
vn 0.000000 -1.000000 0.000000
vn 0.671472 0.000000 -0.741030
vn 0.671472 0.000000 -0.741030
vn 0.671472 0.000000 -0.741030
vn 0.671472 0.000000 -0.741030
vn 0.000000 1.000000 -0.000000
vn 0.000000 1.000000 -0.000000
vn 0.000000 1.000000 -0.000000
vn 0.000000 1.000000 -0.000000
vn -0.538602 0.000000 0.842560
vn -0.538602 0.000000 0.842560
vn -0.538602 0.000000 0.842560
vn -0.538602 0.000000 0.842560
vn 0.000000 -1.000000 -0.000000
vn 0.000000 -1.000000 -0.000000
vn 0.000000 -1.000000 -0.000000
vn 0.000000 -1.000000 -0.000000
vn 0.420072 0.000000 -0.907491
vn 0.420072 0.000000 -0.907491
vn 0.420072 0.000000 -0.907491
vn 0.420072 0.000000 -0.907491
vn 0.999991 0.000000 0.004223
vn 0.999991 0.000000 0.004223
vn 0.999991 0.000000 0.004223
vn 0.999991 0.000000 0.004223
vn 0.000000 -1.000000 0.000000
vn 0.000000 -1.000000 0.000000
vn 0.000000 -1.000000 0.000000
vn 0.000000 -1.000000 0.000000
vn 0.000000 1.000000 0.000000
vn 0.000000 1.000000 0.000000
vn 0.000000 1.000000 0.000000
vn 0.000000 1.000000 0.000000
vn 0.000000 -1.000000 0.000000
vn 0.000000 -1.000000 0.000000
vn 0.000000 -1.000000 0.000000
vn 0.000000 -1.000000 0.000000
vn -0.999990 0.000000 -0.004500
vn -0.999990 0.000000 -0.004500
vn -0.999990 0.000000 -0.004500
vn -0.999990 0.000000 -0.004500
vn 0.000000 1.000000 0.000000
vn 0.000000 1.000000 0.000000
vn 0.000000 1.000000 0.000000
vn 0.000000 1.000000 0.000000
vn 0.116964 0.000000 -0.993136
vn 0.116964 0.000000 -0.993136
vn 0.116964 0.000000 -0.993136
vn 0.116964 0.000000 -0.993136
vn 0.000000 1.000000 0.000000
vn 0.000000 1.000000 0.000000
vn 0.000000 1.000000 0.000000
vn 0.000000 1.000000 0.000000
vn -0.264481 0.000000 0.964391
vn -0.264481 0.000000 0.964391
vn -0.264481 0.000000 0.964391
vn -0.264481 0.000000 0.964391
vn 0.000000 -1.000000 0.000000
vn 0.000000 -1.000000 0.000000
vn 0.000000 -1.000000 0.000000
vn 0.000000 -1.000000 0.000000
vn 0.316230 0.000000 -0.948683
vn 0.316230 0.000000 -0.948683
vn 0.316230 0.000000 -0.948683
vn 0.316230 0.000000 -0.948683
vn 0.000000 1.000000 0.000000
vn 0.000000 1.000000 0.000000
vn 0.000000 1.000000 0.000000
vn 0.000000 1.000000 0.000000
vn -0.316229 0.000000 0.948683
vn -0.316229 0.000000 0.948683
vn -0.316229 0.000000 0.948683
vn -0.316229 0.000000 0.948683
vn 0.000000 -1.000000 0.000000
vn 0.000000 -1.000000 0.000000
vn 0.000000 -1.000000 0.000000
vn 0.000000 -1.000000 0.000000
vn 0.252421 0.000000 -0.967618
vn 0.252421 0.000000 -0.967618
vn 0.252421 0.000000 -0.967618
vn 0.252421 0.000000 -0.967618
vn 0.000000 1.000000 -0.000000
vn 0.000000 1.000000 -0.000000
vn 0.000000 1.000000 -0.000000
vn 0.000000 1.000000 -0.000000
vn -0.252427 0.000000 0.967616
vn -0.252427 0.000000 0.967616
vn -0.252427 0.000000 0.967616
vn -0.252427 0.000000 0.967616
vn 0.000000 -1.000000 -0.000000
vn 0.000000 -1.000000 -0.000000
vn 0.000000 -1.000000 -0.000000
vn 0.000000 -1.000000 -0.000000
vn 0.077143 0.000000 -0.997020
vn 0.077143 0.000000 -0.997020
vn 0.077143 0.000000 -0.997020
vn 0.077143 0.000000 -0.997020
vn 0.000000 1.000000 0.000000
vn 0.000000 1.000000 0.000000
vn 0.000000 1.000000 0.000000
vn 0.000000 1.000000 0.000000
vn -0.183649 0.000000 0.982992
vn -0.183649 0.000000 0.982992
vn -0.183649 0.000000 0.982992
vn -0.183649 0.000000 0.982992
vn 0.000000 -1.000000 0.000000
vn 0.000000 -1.000000 0.000000
vn 0.000000 -1.000000 0.000000
vn 0.000000 -1.000000 0.000000
vn 0.052854 0.000000 -0.998602
vn 0.052854 0.000000 -0.998602
vn 0.052854 0.000000 -0.998602
vn 0.052854 0.000000 -0.998602
vn 0.000000 1.000000 0.000000
vn 0.000000 1.000000 0.000000
vn 0.000000 1.000000 0.000000
vn 0.000000 1.000000 0.000000
vn -0.024922 0.000000 0.999689
vn -0.024922 0.000000 0.999689
vn -0.024922 0.000000 0.999689
vn -0.024922 0.000000 0.999689
vn 0.000000 -1.000000 0.000000
vn 0.000000 -1.000000 0.000000
vn 0.000000 -1.000000 0.000000
vn 0.000000 -1.000000 0.000000
vn 0.999994 0.000000 -0.003621
vn 0.999994 0.000000 -0.003621
vn 0.999994 0.000000 -0.003621
vn 0.999994 0.000000 -0.003621
vn 0.000000 1.000000 0.000000
vn 0.000000 1.000000 0.000000
vn 0.000000 1.000000 0.000000
vn 0.000000 -1.000000 0.000000
vn 0.000000 -1.000000 0.000000
vn 0.000000 -1.000000 0.000000
vn -0.000000 0.000000 -1.000000
vn -0.000000 0.000000 -1.000000
vn -0.000000 0.000000 -1.000000
vn -0.000000 0.000000 -1.000000
vn 0.000000 1.000000 0.000000
vn 0.000000 1.000000 0.000000
vn 0.000000 1.000000 0.000000
vn 0.000000 1.000000 0.000000
vn -0.000000 -1.000000 0.000000
vn -0.000000 -1.000000 0.000000
vn -0.000000 -1.000000 0.000000
vn -0.000000 -1.000000 0.000000
vn 0.008434 0.000000 -0.999964
vn 0.008434 0.000000 -0.999964
vn 0.008434 0.000000 -0.999964
vn 0.008434 0.000000 -0.999964
vn 0.000000 1.000000 0.000000
vn 0.000000 1.000000 0.000000
vn 0.000000 1.000000 0.000000
vn 0.000000 1.000000 0.000000
vn 0.000000 -1.000000 0.000000
vn 0.000000 -1.000000 0.000000
vn 0.000000 -1.000000 0.000000
vn 0.000000 -1.000000 0.000000
vn 0.854126 0.000000 0.520067
vn 0.854126 0.000000 0.520067
vn 0.854126 0.000000 0.520067
vn 0.854126 0.000000 0.520067
vn 0.000000 -1.000000 0.000000
vn 0.000000 -1.000000 0.000000
vn 0.000000 -1.000000 0.000000
vn 0.000000 1.000000 0.000000
vn 0.000000 1.000000 0.000000
vn 0.000000 1.000000 0.000000
vn 0.000000 -1.000000 0.000000
vn 0.000000 -1.000000 0.000000
vn 0.000000 -1.000000 0.000000
vn 0.000000 -1.000000 0.000000
vn -0.999964 0.000000 -0.008548
vn -0.999964 0.000000 -0.008548
vn -0.999964 0.000000 -0.008548
vn -0.999964 0.000000 -0.008548
vn 0.000000 1.000000 0.000000
vn 0.000000 1.000000 0.000000
vn 0.000000 1.000000 0.000000
vn 0.000000 1.000000 0.000000
vn 0.947931 0.000000 0.318475
vn 0.947931 0.000000 0.318475
vn 0.947931 0.000000 0.318475
vn 0.947931 0.000000 0.318475
vn 0.000000 -1.000000 0.000000
vn 0.000000 -1.000000 0.000000
vn 0.000000 -1.000000 0.000000
vn 0.000000 1.000000 0.000000
vn 0.000000 1.000000 0.000000
vn 0.000000 1.000000 0.000000
vn 0.000000 -1.000000 0.000000
vn 0.000000 -1.000000 0.000000
vn 0.000000 -1.000000 0.000000
vn 0.000000 -1.000000 0.000000
vn -0.999960 0.000000 0.008889
vn -0.999960 0.000000 0.008889
vn -0.999960 0.000000 0.008889
vn -0.999960 0.000000 0.008889
vn 0.000000 1.000000 0.000000
vn 0.000000 1.000000 0.000000
vn 0.000000 1.000000 0.000000
vn 0.000000 1.000000 0.000000
vn 0.000000 -1.000000 0.000000
vn 0.000000 -1.000000 0.000000
vn 0.000000 -1.000000 0.000000
vn -0.999998 0.000000 0.001916
vn -0.999998 0.000000 0.001916
vn -0.999998 0.000000 0.001916
vn -0.999998 0.000000 0.001916
vn 0.000000 1.000000 0.000000
vn 0.000000 1.000000 0.000000
vn 0.000000 1.000000 0.000000
vn 0.944301 -0.000000 0.329084
vn 0.944301 -0.000000 0.329084
vn 0.944301 -0.000000 0.329084
vn 0.944301 -0.000000 0.329084
vn 0.944301 -0.000000 0.329084
vn 0.944301 -0.000000 0.329084
vn 0.000000 -1.000000 0.000000
vn 0.000000 -1.000000 0.000000
vn 0.000000 -1.000000 0.000000
vn 0.000000 -1.000000 0.000000
vn -0.989286 0.000000 -0.145994
vn -0.989286 0.000000 -0.145994
vn -0.989286 0.000000 -0.145994
vn -0.989286 0.000000 -0.145994
vn 0.000000 1.000000 0.000000
vn 0.000000 1.000000 0.000000
vn 0.000000 1.000000 0.000000
vn 0.000000 1.000000 0.000000
vn 0.772950 0.000000 -0.634468
vn 0.772950 0.000000 -0.634468
vn 0.772950 0.000000 -0.634468
vn 0.772950 0.000000 -0.634468
vn 0.000000 -1.000000 0.000000
vn 0.000000 -1.000000 0.000000
vn 0.000000 -1.000000 0.000000
vn 0.000000 -1.000000 0.000000
vn 0.000000 -1.000000 0.000000
vn -0.924241 0.000000 -0.381810
vn -0.924241 0.000000 -0.381810
vn -0.924241 0.000000 -0.381810
vn -0.924241 0.000000 -0.381810
vn 0.000000 1.000000 -0.000000
vn 0.000000 1.000000 -0.000000
vn 0.000000 1.000000 0.000000
vn 0.845520 0.000000 -0.533944
vn 0.845520 0.000000 -0.533944
vn 0.845520 0.000000 -0.533944
vn 0.845520 0.000000 -0.533944
vn -0.601395 0.000000 0.798952
vn -0.601395 0.000000 0.798952
vn -0.601395 0.000000 0.798952
vn -0.601395 0.000000 0.798952
vn 0.000000 1.000000 -0.000000
vn 0.000000 1.000000 0.000000
vn 0.813300 0.000000 0.581844
vn 0.813300 0.000000 0.581844
vn 0.813300 0.000000 0.581844
vn 0.813300 0.000000 0.581844
vn 0.000000 -1.000000 0.000000
vn 0.000000 -1.000000 0.000000
vn 0.000000 -1.000000 0.000000
vn 0.000000 -1.000000 0.000000
vn -0.711627 0.000000 -0.702558
vn -0.711627 0.000000 -0.702558
vn -0.711627 0.000000 -0.702558
vn -0.711627 0.000000 -0.702558
vn 0.000000 1.000000 0.000000
vn 0.000000 1.000000 0.000000
vn 0.000000 1.000000 0.000000
vn 0.000000 1.000000 0.000000
vn 0.734225 0.000000 0.678907
vn 0.734225 0.000000 0.678907
vn 0.734225 0.000000 0.678907
vn 0.734225 0.000000 0.678907
vn 0.000000 -1.000000 0.000000
vn 0.000000 -1.000000 0.000000
vn 0.000000 -1.000000 0.000000
vn 0.000000 -1.000000 0.000000
vn -0.630084 0.000000 -0.776527
vn -0.630084 0.000000 -0.776527
vn -0.630084 0.000000 -0.776527
vn -0.630084 0.000000 -0.776527
vn 0.000000 1.000000 0.000000
vn 0.000000 1.000000 0.000000
vn 0.000000 1.000000 0.000000
vn 0.000000 1.000000 0.000000
vn 0.529918 0.000000 0.848049
vn 0.529918 0.000000 0.848049
vn 0.529918 0.000000 0.848049
vn 0.529918 0.000000 0.848049
vn 0.000000 -1.000000 0.000000
vn 0.000000 -1.000000 0.000000
vn 0.000000 -1.000000 0.000000
vn 0.000000 -1.000000 0.000000
vn -0.664943 0.000000 -0.746894
vn -0.664943 0.000000 -0.746894
vn -0.664943 0.000000 -0.746894
vn -0.664943 0.000000 -0.746894
vn 0.000000 1.000000 0.000000
vn 0.000000 1.000000 0.000000
vn 0.000000 1.000000 0.000000
vn 0.000000 1.000000 0.000000
vn -0.000000 -1.000000 0.000000
vn -0.000000 -1.000000 0.000000
vn -0.000000 -1.000000 0.000000
vn -0.000000 -1.000000 0.000000
vn -0.480666 0.000000 -0.876904
vn -0.480666 0.000000 -0.876904
vn -0.480666 0.000000 -0.876904
vn -0.480666 0.000000 -0.876904
vn 0.000000 1.000000 0.000000
vn 0.000000 1.000000 0.000000
vn 0.000000 1.000000 0.000000
vn 0.000000 1.000000 0.000000
vn 0.378306 0.000000 0.925681
vn 0.378306 0.000000 0.925681
vn 0.378306 0.000000 0.925681
vn 0.378306 0.000000 0.925681
vn 0.000000 -1.000000 0.000000
vn 0.000000 -1.000000 0.000000
vn 0.000000 -1.000000 0.000000
vn 0.000000 -1.000000 0.000000
vn -0.438358 0.000000 -0.898800
vn -0.438358 0.000000 -0.898800
vn -0.438358 0.000000 -0.898800
vn -0.438358 0.000000 -0.898800
vn 0.000000 1.000000 0.000000
vn 0.000000 1.000000 0.000000
vn 0.000000 1.000000 0.000000
vn 0.000000 1.000000 0.000000
vn 0.365246 0.000000 0.930911
vn 0.365246 0.000000 0.930911
vn 0.365246 0.000000 0.930911
vn 0.365246 0.000000 0.930911
vn 0.000000 -1.000000 0.000000
vn 0.000000 -1.000000 0.000000
vn 0.000000 -1.000000 0.000000
vn 0.000000 -1.000000 0.000000
vn -0.355896 0.000000 -0.934525
vn -0.355896 0.000000 -0.934525
vn -0.355896 0.000000 -0.934525
vn -0.355896 0.000000 -0.934525
vn 0.000000 1.000000 0.000000
vn 0.000000 1.000000 0.000000
vn 0.000000 1.000000 0.000000
vn 0.000000 1.000000 0.000000
vn 0.242534 0.000000 0.970143
vn 0.242534 0.000000 0.970143
vn 0.242534 0.000000 0.970143
vn 0.242534 0.000000 0.970143
vn -0.000000 -1.000000 0.000000
vn -0.000000 -1.000000 0.000000
vn -0.000000 -1.000000 0.000000
vn -0.000000 -1.000000 0.000000
vn -0.242535 0.000000 -0.970143
vn -0.242535 0.000000 -0.970143
vn -0.242535 0.000000 -0.970143
vn -0.242535 0.000000 -0.970143
vn 0.000000 1.000000 0.000000
vn 0.000000 1.000000 0.000000
vn 0.000000 1.000000 0.000000
vn 0.000000 1.000000 0.000000
vn 0.000000 -1.000000 0.000000
vn 0.000000 -1.000000 0.000000
vn 0.000000 -1.000000 0.000000
vn 0.000000 -1.000000 0.000000
vn -0.192414 0.000000 -0.981314
vn -0.192414 0.000000 -0.981314
vn -0.192414 0.000000 -0.981314
vn -0.192414 0.000000 -0.981314
vn 0.000000 1.000000 0.000000
vn 0.000000 1.000000 0.000000
vn 0.000000 1.000000 0.000000
vn 0.000000 1.000000 0.000000
vn 0.994156 0.000000 -0.107955
vn 0.994156 0.000000 -0.107955
vn 0.994156 0.000000 -0.107955
vn 0.994156 0.000000 -0.107955
vn 0.000000 -1.000000 0.000000
vn 0.000000 -1.000000 0.000000
vn 0.000000 -1.000000 0.000000
vn 0.000000 -1.000000 0.000000
vn -0.925600 0.000000 0.378503
vn -0.925600 0.000000 0.378503
vn -0.925600 0.000000 0.378503
vn -0.925600 0.000000 0.378503
vn 0.000000 1.000000 0.000000
vn 0.000000 1.000000 0.000000
vn 0.000000 1.000000 0.000000
vn 0.000000 1.000000 0.000000
vn 0.999897 0.000000 0.014372
vn 0.999897 0.000000 0.014372
vn 0.999897 0.000000 0.014372
vn 0.999897 0.000000 0.014372
vn 0.000000 -1.000000 0.000000
vn 0.000000 -1.000000 0.000000
vn 0.000000 -1.000000 0.000000
vn 0.000000 -1.000000 0.000000
vn -0.998597 0.000000 -0.052963
vn -0.998597 0.000000 -0.052963
vn -0.998597 0.000000 -0.052963
vn -0.998597 0.000000 -0.052963
vn 0.000000 1.000000 0.000000
vn 0.000000 1.000000 0.000000
vn 0.000000 1.000000 0.000000
vn 0.000000 1.000000 0.000000
vn 0.965154 0.000000 0.261684
vn 0.965154 0.000000 0.261684
vn 0.965154 0.000000 0.261684
vn 0.965154 0.000000 0.261684
vn 0.000000 -1.000000 0.000000
vn 0.000000 -1.000000 0.000000
vn 0.000000 -1.000000 0.000000
vn 0.000000 -1.000000 0.000000
vn -0.950837 0.000000 -0.309690
vn -0.950837 0.000000 -0.309690
vn -0.950837 0.000000 -0.309690
vn -0.950837 0.000000 -0.309690
vn 0.000000 1.000000 0.000000
vn 0.000000 1.000000 0.000000
vn 0.000000 1.000000 0.000000
vn 0.000000 1.000000 0.000000
vn 0.792073 0.000000 0.610427
vn 0.792073 0.000000 0.610427
vn 0.792073 0.000000 0.610427
vn 0.792073 0.000000 0.610427
vn -0.000000 -1.000000 0.000000
vn -0.000000 -1.000000 0.000000
vn -0.000000 -1.000000 0.000000
vn -0.000000 -1.000000 0.000000
vn -0.701652 0.000000 -0.712520
vn -0.701652 0.000000 -0.712520
vn -0.701652 0.000000 -0.712520
vn -0.701652 0.000000 -0.712520
vn 0.000000 1.000000 0.000000
vn 0.000000 1.000000 0.000000
vn 0.000000 1.000000 0.000000
vn 0.000000 1.000000 0.000000
vn 0.445465 0.000000 0.895299
vn 0.445465 0.000000 0.895299
vn 0.445465 0.000000 0.895299
vn 0.445465 0.000000 0.895299
vn 0.000000 -1.000000 0.000000
vn 0.000000 -1.000000 0.000000
vn 0.000000 -1.000000 0.000000
vn 0.000000 -1.000000 0.000000
vn -0.419772 0.000000 -0.907630
vn -0.419772 0.000000 -0.907630
vn -0.419772 0.000000 -0.907630
vn -0.419772 0.000000 -0.907630
vn -0.000000 1.000000 0.000000
vn -0.000000 1.000000 0.000000
vn -0.000000 1.000000 0.000000
vn -0.000000 1.000000 0.000000
vn -0.014253 0.000000 0.999898
vn -0.014253 0.000000 0.999898
vn -0.014253 0.000000 0.999898
vn -0.014253 0.000000 0.999898
vn -0.000000 -1.000000 0.000000
vn -0.000000 -1.000000 0.000000
vn -0.000000 -1.000000 0.000000
vn -0.000000 -1.000000 0.000000
vn 0.007124 0.000000 -0.999975
vn 0.007124 0.000000 -0.999975
vn 0.007124 0.000000 -0.999975
vn 0.007124 0.000000 -0.999975
vn -0.000000 1.000000 0.000000
vn -0.000000 1.000000 0.000000
vn -0.000000 1.000000 0.000000
vn -0.000000 1.000000 0.000000
vn -0.402790 0.000000 0.915292
vn -0.402790 0.000000 0.915292
vn -0.402790 0.000000 0.915292
vn -0.402790 0.000000 0.915292
vn 0.000000 -1.000000 0.000000
vn 0.000000 -1.000000 0.000000
vn 0.000000 -1.000000 0.000000
vn 0.000000 -1.000000 0.000000
vn 0.367602 0.000000 -0.929983
vn 0.367602 0.000000 -0.929983
vn 0.367602 0.000000 -0.929983
vn 0.367602 0.000000 -0.929983
vn 0.000000 1.000000 -0.000000
vn 0.000000 1.000000 -0.000000
vn 0.000000 1.000000 -0.000000
vn 0.000000 1.000000 -0.000000
vn -0.814505 0.000000 0.580157
vn -0.814505 0.000000 0.580157
vn -0.814505 0.000000 0.580157
vn -0.814505 0.000000 0.580157
vn 0.000000 -1.000000 -0.000000
vn 0.000000 -1.000000 -0.000000
vn 0.000000 -1.000000 -0.000000
vn 0.000000 -1.000000 -0.000000
vn 0.688626 0.000000 -0.725117
vn 0.688626 0.000000 -0.725117
vn 0.688626 0.000000 -0.725117
vn 0.688626 0.000000 -0.725117
vn 0.000000 1.000000 -0.000000
vn 0.000000 1.000000 -0.000000
vn 0.000000 1.000000 -0.000000
vn 0.000000 1.000000 -0.000000
vn 0.000000 -1.000000 0.000000
vn 0.000000 -1.000000 0.000000
vn 0.000000 -1.000000 0.000000
vn 0.000000 1.000000 0.000000
vn 0.000000 1.000000 0.000000
vn 0.000000 1.000000 0.000000
vn 0.903878 0.000000 -0.427791
vn 0.903878 0.000000 -0.427791
vn 0.903878 0.000000 -0.427791
vn 0.903878 0.000000 -0.427791
vn -0.000000 -1.000000 0.000000
vn -0.000000 -1.000000 0.000000
vn -0.000000 -1.000000 0.000000
vn 0.785788 0.000000 -0.618496
vn 0.785788 0.000000 -0.618496
vn 0.785788 0.000000 -0.618496
vn 0.785788 0.000000 -0.618496
vn -0.000000 1.000000 0.000000
vn -0.000000 1.000000 0.000000
vn -0.000000 1.000000 0.000000
vn 0.000000 -1.000000 -0.000000
vn 0.000000 -1.000000 -0.000000
vn 0.000000 -1.000000 -0.000000
vn 0.000000 -1.000000 -0.000000
vn -0.999977 0.000000 -0.006838
vn -0.999977 0.000000 -0.006838
vn -0.999977 0.000000 -0.006838
vn -0.999977 0.000000 -0.006838
vn 0.000000 1.000000 -0.000000
vn 0.000000 1.000000 -0.000000
vn 0.000000 1.000000 -0.000000
vn 0.000000 1.000000 -0.000000
vn 0.000000 -1.000000 0.000000
vn 0.000000 -1.000000 0.000000
vn 0.000000 -1.000000 0.000000
vn -0.841549 0.000000 0.540180
vn -0.841549 0.000000 0.540180
vn -0.841549 0.000000 0.540180
vn -0.841549 0.000000 0.540180
vn 0.000000 1.000000 0.000000
vn 0.000000 1.000000 0.000000
vn 0.000000 1.000000 0.000000
vn 0.999962 0.000000 0.008695
vn 0.999962 0.000000 0.008695
vn 0.999962 0.000000 0.008695
vn 0.999962 0.000000 0.008695
vn 0.000000 -1.000000 0.000000
vn 0.000000 -1.000000 0.000000
vn 0.000000 -1.000000 0.000000
vn 0.000000 -1.000000 0.000000
vn -0.999962 0.000000 -0.008694
vn -0.999962 0.000000 -0.008694
vn -0.999962 0.000000 -0.008694
vn -0.999962 0.000000 -0.008694
vn 0.000000 1.000000 0.000000
vn 0.000000 1.000000 0.000000
vn 0.000000 1.000000 0.000000
vn 0.000000 1.000000 0.000000
vn 0.987401 0.000000 0.158238
vn 0.987401 0.000000 0.158238
vn 0.987401 0.000000 0.158238
vn 0.987401 0.000000 0.158238
vn 0.000000 -1.000000 0.000000
vn 0.000000 -1.000000 0.000000
vn 0.000000 -1.000000 0.000000
vn 0.000000 -1.000000 0.000000
vn -0.987401 0.000000 -0.158238
vn -0.987401 0.000000 -0.158238
vn -0.987401 0.000000 -0.158238
vn -0.987401 0.000000 -0.158238
vn 0.000000 1.000000 -0.000000
vn 0.000000 1.000000 -0.000000
vn 0.000000 1.000000 -0.000000
vn 0.000000 1.000000 -0.000000
vn 0.000000 -1.000000 -0.000000
vn 0.000000 -1.000000 -0.000000
vn 0.000000 -1.000000 -0.000000
vn 0.000000 -1.000000 -0.000000
vn -0.931578 0.000000 0.363542
vn -0.931578 0.000000 0.363542
vn -0.931578 0.000000 0.363542
vn -0.931578 0.000000 0.363542
vn 0.000000 1.000000 -0.000000
vn 0.000000 1.000000 -0.000000
vn 0.000000 1.000000 -0.000000
vn 0.000000 1.000000 -0.000000
vn 0.931578 0.000000 -0.363542
vn 0.931578 0.000000 -0.363542
vn 0.931578 0.000000 -0.363542
vn 0.931578 0.000000 -0.363542
vn -0.000000 -1.000000 0.000000
vn -0.000000 -1.000000 0.000000
vn -0.000000 -1.000000 0.000000
vn -0.000000 -1.000000 0.000000
vn -0.990484 0.000000 0.137629
vn -0.990484 0.000000 0.137629
vn -0.990484 0.000000 0.137629
vn -0.990484 0.000000 0.137629
vn -0.000000 1.000000 0.000000
vn -0.000000 1.000000 0.000000
vn -0.000000 1.000000 0.000000
vn -0.000000 1.000000 0.000000
vn 0.999997 0.000000 -0.002293
vn 0.999997 0.000000 -0.002293
vn 0.999997 0.000000 -0.002293
vn 0.999997 0.000000 -0.002293
vn 0.000000 -1.000000 0.000000
vn 0.000000 -1.000000 0.000000
vn 0.000000 -1.000000 0.000000
vn 0.000000 -1.000000 0.000000
vn -0.989089 0.000000 -0.147317
vn -0.989089 0.000000 -0.147317
vn -0.989089 0.000000 -0.147317
vn -0.989089 0.000000 -0.147317
vn 0.000000 1.000000 0.000000
vn 0.000000 1.000000 0.000000
vn 0.000000 1.000000 0.000000
vn 0.000000 1.000000 0.000000
vn 0.989090 0.000000 0.147313
vn 0.989090 0.000000 0.147313
vn 0.989090 0.000000 0.147313
vn 0.989090 0.000000 0.147313
vn 0.000000 -1.000000 0.000000
vn 0.000000 -1.000000 0.000000
vn 0.000000 -1.000000 0.000000
vn 0.000000 -1.000000 0.000000
vn -0.959670 0.000000 -0.281128
vn -0.959670 0.000000 -0.281128
vn -0.959670 0.000000 -0.281128
vn -0.959670 0.000000 -0.281128
vn 0.956192 0.000000 0.292741
vn 0.956192 0.000000 0.292741
vn 0.956192 0.000000 0.292741
vn 0.956192 0.000000 0.292741
vn 0.000000 -0.000000 0.000000
vn 0.000000 -1.000000 0.000000
vn 0.000000 -0.000000 0.000000
vn 0.000000 -1.000000 0.000000
vn -0.493180 0.000000 0.869927
vn -0.493180 0.000000 0.869927
vn -0.493180 0.000000 0.869927
vn -0.493180 0.000000 0.869927
vn 0.000000 1.000000 0.000000
vn 0.000000 1.000000 0.000000
vn 0.000000 1.000000 0.000000
vn 0.000000 1.000000 0.000000
vn 0.892157 0.000000 0.451725
vn 0.892157 0.000000 0.451725
vn 0.892157 0.000000 0.451725
vn 0.892157 0.000000 0.451725
vn 0.000000 -1.000000 0.000000
vn 0.000000 -1.000000 0.000000
vn 0.000000 -1.000000 0.000000
vn 0.000000 -1.000000 0.000000
vn -0.892157 0.000000 -0.451725
vn -0.892157 0.000000 -0.451725
vn -0.892157 0.000000 -0.451725
vn -0.892157 0.000000 -0.451725
vn 0.000000 1.000000 0.000000
vn 0.000000 1.000000 0.000000
vn 0.000000 1.000000 0.000000
vn 0.000000 1.000000 0.000000
vn 0.800000 0.000000 0.600000
vn 0.800000 0.000000 0.600000
vn 0.800000 0.000000 0.600000
vn 0.800000 0.000000 0.600000
vn 0.000000 -1.000000 -0.000000
vn 0.000000 -1.000000 -0.000000
vn 0.000000 -1.000000 -0.000000
vn 0.000000 -1.000000 -0.000000
vn -0.799998 0.000000 -0.600003
vn -0.799998 0.000000 -0.600003
vn -0.799998 0.000000 -0.600003
vn -0.799998 0.000000 -0.600003
vn 0.000000 1.000000 0.000000
vn 0.000000 1.000000 0.000000
vn 0.000000 1.000000 0.000000
vn 0.000000 1.000000 0.000000
vn 0.769408 0.000000 0.638758
vn 0.769408 0.000000 0.638758
vn 0.769408 0.000000 0.638758
vn 0.769408 0.000000 0.638758
vn -0.000000 -1.000000 0.000000
vn -0.000000 -1.000000 0.000000
vn -0.000000 -1.000000 0.000000
vn -0.000000 -1.000000 0.000000
vn -0.846611 0.000000 -0.532212
vn -0.846611 0.000000 -0.532212
vn -0.846611 0.000000 -0.532212
vn -0.846611 0.000000 -0.532212
vn 0.000000 1.000000 0.000000
vn 0.000000 1.000000 0.000000
vn 0.000000 1.000000 0.000000
vn 0.000000 1.000000 0.000000
vn 0.463258 0.000000 -0.886224
vn 0.463258 0.000000 -0.886224
vn 0.463258 0.000000 -0.886224
vn 0.463258 0.000000 -0.886224
vn 0.000000 1.000000 0.000000
vn 0.000000 1.000000 0.000000
vn 0.000000 1.000000 0.000000
vn 0.000000 1.000000 0.000000
vn 0.000000 -1.000000 0.000000
vn 0.000000 -1.000000 0.000000
vn 0.000000 -1.000000 0.000000
vn 0.000000 -1.000000 0.000000
vn 0.846611 0.000000 0.532212
vn 0.846611 0.000000 0.532212
vn 0.846611 0.000000 0.532212
vn 0.846611 0.000000 0.532212
vn 0.000000 -1.000000 0.000000
vn 0.000000 -1.000000 0.000000
vn 0.000000 -1.000000 0.000000
vn 0.000000 -1.000000 0.000000
vn -0.729011 0.000000 -0.684502
vn -0.729011 0.000000 -0.684502
vn -0.729011 0.000000 -0.684502
vn -0.729011 0.000000 -0.684502
vn 0.000000 1.000000 0.000000
vn 0.000000 1.000000 0.000000
vn 0.000000 1.000000 0.000000
vn 0.000000 1.000000 0.000000
vn 0.687673 0.000000 0.726020
vn 0.687673 0.000000 0.726020
vn 0.687673 0.000000 0.726020
vn 0.687673 0.000000 0.726020
vn 0.000000 -1.000000 0.000000
vn 0.000000 -1.000000 0.000000
vn 0.000000 -1.000000 0.000000
vn 0.000000 -1.000000 0.000000
vn -0.562364 0.000000 -0.826890
vn -0.562364 0.000000 -0.826890
vn -0.562364 0.000000 -0.826890
vn -0.562364 0.000000 -0.826890
vn 0.000000 1.000000 0.000000
vn 0.000000 1.000000 0.000000
vn 0.000000 1.000000 0.000000
vn 0.000000 1.000000 0.000000
vn 0.496139 0.000000 0.868243
vn 0.496139 0.000000 0.868243
vn 0.496139 0.000000 0.868243
vn 0.496139 0.000000 0.868243
vn 0.000000 -1.000000 0.000000
vn 0.000000 -1.000000 0.000000
vn 0.000000 -1.000000 0.000000
vn 0.000000 -1.000000 0.000000
vn -0.496140 0.000000 -0.868243
vn -0.496140 0.000000 -0.868243
vn -0.496140 0.000000 -0.868243
vn -0.496140 0.000000 -0.868243
vn -0.000000 1.000000 0.000000
vn -0.000000 1.000000 0.000000
vn -0.000000 1.000000 0.000000
vn -0.000000 1.000000 0.000000
vn 0.391855 0.000000 0.920027
vn 0.391855 0.000000 0.920027
vn 0.391855 0.000000 0.920027
vn 0.391855 0.000000 0.920027
vn -0.000000 -1.000000 0.000000
vn -0.000000 -1.000000 0.000000
vn -0.000000 -1.000000 0.000000
vn -0.000000 -1.000000 0.000000
vn -0.373287 0.000000 -0.927716
vn -0.373287 0.000000 -0.927716
vn -0.373287 0.000000 -0.927716
vn -0.373287 0.000000 -0.927716
vn 0.000000 1.000000 0.000000
vn 0.000000 1.000000 0.000000
vn 0.000000 1.000000 0.000000
vn 0.000000 1.000000 0.000000
vn 0.274723 0.000000 0.961523
vn 0.274723 0.000000 0.961523
vn 0.274723 0.000000 0.961523
vn 0.274723 0.000000 0.961523
vn -0.000000 -1.000000 0.000000
vn -0.000000 -1.000000 0.000000
vn -0.000000 -1.000000 0.000000
vn -0.000000 -1.000000 0.000000
vn -0.274721 0.000000 -0.961524
vn -0.274721 0.000000 -0.961524
vn -0.274721 0.000000 -0.961524
vn -0.274721 0.000000 -0.961524
vn 0.000000 1.000000 0.000000
vn 0.000000 1.000000 0.000000
vn 0.000000 1.000000 0.000000
vn 0.000000 1.000000 0.000000
vn 0.000000 -1.000000 0.000000
vn 0.000000 -1.000000 0.000000
vn 0.000000 -1.000000 0.000000
vn 0.000000 -1.000000 0.000000
vn 0.303262 0.000000 0.952907
vn 0.303262 0.000000 0.952907
vn 0.303262 0.000000 0.952907
vn 0.303262 0.000000 0.952907
vn -0.000000 1.000000 0.000000
vn -0.000000 1.000000 0.000000
vn -0.000000 1.000000 0.000000
vn -0.000000 1.000000 0.000000
vn -0.184389 0.000000 -0.982853
vn -0.184389 0.000000 -0.982853
vn -0.184389 0.000000 -0.982853
vn -0.184389 0.000000 -0.982853
vn -0.999998 0.000000 0.002064
vn -0.999998 0.000000 0.002064
vn -0.999998 0.000000 0.002064
vn -0.999998 0.000000 0.002064
vn -0.000000 -1.000000 0.000000
vn -0.000000 -1.000000 0.000000
vn -0.000000 -1.000000 0.000000
vn -0.000000 -1.000000 0.000000
vn -0.991641 0.000000 0.129030
vn -0.991641 0.000000 0.129030
vn -0.991641 0.000000 0.129030
vn -0.991641 0.000000 0.129030
vn -0.000000 1.000000 0.000000
vn -0.000000 1.000000 0.000000
vn -0.000000 1.000000 0.000000
vn -0.000000 1.000000 0.000000
vn -0.976807 0.000000 0.214122
vn -0.976807 0.000000 0.214122
vn -0.976807 0.000000 0.214122
vn -0.976807 0.000000 0.214122
vn 0.977457 0.000000 -0.211133
vn 0.977457 0.000000 -0.211133
vn 0.977457 0.000000 -0.211133
vn 0.977457 0.000000 -0.211133
vn 0.000000 -1.000000 -0.000000
vn 0.000000 -1.000000 -0.000000
vn 0.000000 -1.000000 -0.000000
vn 0.000000 -1.000000 -0.000000
vn -0.954530 0.000000 0.298116
vn -0.954530 0.000000 0.298116
vn -0.954530 0.000000 0.298116
vn -0.954530 0.000000 0.298116
vn 0.000000 1.000000 -0.000000
vn 0.000000 1.000000 -0.000000
vn 0.000000 1.000000 -0.000000
vn 0.000000 1.000000 -0.000000
vn 0.916935 0.000000 -0.399037
vn 0.916935 0.000000 -0.399037
vn 0.916935 0.000000 -0.399037
vn 0.916935 0.000000 -0.399037
vn 0.000000 -1.000000 0.000000
vn 0.000000 -1.000000 0.000000
vn 0.000000 -1.000000 0.000000
vn 0.000000 -1.000000 0.000000
vn -0.811844 0.000000 0.583874
vn -0.811844 0.000000 0.583874
vn -0.811844 0.000000 0.583874
vn -0.811844 0.000000 0.583874
vn -0.000000 1.000000 0.000000
vn -0.000000 1.000000 0.000000
vn -0.000000 1.000000 0.000000
vn -0.000000 1.000000 0.000000
vn 0.851686 0.000000 -0.524052
vn 0.851686 0.000000 -0.524052
vn 0.851686 0.000000 -0.524052
vn 0.851686 0.000000 -0.524052
vn -0.000000 -1.000000 0.000000
vn -0.000000 -1.000000 0.000000
vn -0.000000 -1.000000 0.000000
vn -0.000000 -1.000000 0.000000
vn -0.782881 0.000000 0.622171
vn -0.782881 0.000000 0.622171
vn -0.782881 0.000000 0.622171
vn -0.782881 0.000000 0.622171
vn 0.000000 1.000000 0.000000
vn 0.000000 1.000000 0.000000
vn 0.000000 1.000000 0.000000
vn 0.000000 1.000000 0.000000
vn 0.800595 0.000000 -0.599206
vn 0.800595 0.000000 -0.599206
vn 0.800595 0.000000 -0.599206
vn 0.800595 0.000000 -0.599206
vn 0.000000 -1.000000 0.000000
vn 0.000000 -1.000000 0.000000
vn 0.000000 -1.000000 0.000000
vn 0.000000 -1.000000 0.000000
vn -0.676799 0.000000 0.736168
vn -0.676799 0.000000 0.736168
vn -0.676799 0.000000 0.736168
vn -0.676799 0.000000 0.736168
vn 0.000000 1.000000 0.000000
vn 0.000000 1.000000 0.000000
vn 0.000000 1.000000 0.000000
vn 0.000000 1.000000 0.000000
vn 0.676800 0.000000 -0.736167
vn 0.676800 0.000000 -0.736167
vn 0.676800 0.000000 -0.736167
vn 0.676800 0.000000 -0.736167
vn 0.000000 -1.000000 0.000000
vn 0.000000 -1.000000 0.000000
vn 0.000000 -1.000000 0.000000
vn 0.000000 -1.000000 0.000000
vn -0.538711 0.000000 0.842491
vn -0.538711 0.000000 0.842491
vn -0.538711 0.000000 0.842491
vn -0.538711 0.000000 0.842491
vn 0.000000 1.000000 0.000000
vn 0.000000 1.000000 0.000000
vn 0.000000 1.000000 0.000000
vn 0.000000 1.000000 0.000000
vn 0.671472 0.000000 -0.741030
vn 0.671472 0.000000 -0.741030
vn 0.671472 0.000000 -0.741030
vn 0.671472 0.000000 -0.741030
vn 0.000000 -1.000000 0.000000
vn 0.000000 -1.000000 0.000000
vn 0.000000 -1.000000 0.000000
vn 0.000000 -1.000000 0.000000
vn -0.538602 0.000000 0.842560
vn -0.538602 0.000000 0.842560
vn -0.538602 0.000000 0.842560
vn -0.538602 0.000000 0.842560
vn 0.000000 1.000000 -0.000000
vn 0.000000 1.000000 -0.000000
vn 0.000000 1.000000 -0.000000
vn 0.000000 1.000000 -0.000000
vn 0.420072 0.000000 -0.907491
vn 0.420072 0.000000 -0.907491
vn 0.420072 0.000000 -0.907491
vn 0.420072 0.000000 -0.907491
vn 0.999991 0.000000 0.004223
vn 0.999991 0.000000 0.004223
vn 0.999991 0.000000 0.004223
vn 0.999991 0.000000 0.004223
vn 0.000000 1.000000 0.000000
vn 0.000000 1.000000 0.000000
vn 0.000000 1.000000 0.000000
vn 0.000000 1.000000 0.000000
vn 0.000000 -1.000000 0.000000
vn 0.000000 -1.000000 0.000000
vn 0.000000 -1.000000 0.000000
vn 0.000000 -1.000000 0.000000
vn 0.000000 1.000000 0.000000
vn 0.000000 1.000000 0.000000
vn 0.000000 1.000000 0.000000
vn 0.000000 1.000000 0.000000
vn -0.999990 0.000000 -0.004500
vn -0.999990 0.000000 -0.004500
vn -0.999990 0.000000 -0.004500
vn -0.999990 0.000000 -0.004500
vn 0.000000 -1.000000 0.000000
vn 0.000000 -1.000000 0.000000
vn 0.000000 -1.000000 0.000000
vn 0.000000 -1.000000 0.000000
vn 0.116964 0.000000 -0.993136
vn 0.116964 0.000000 -0.993136
vn 0.116964 0.000000 -0.993136
vn 0.116964 0.000000 -0.993136
vn 0.000000 -1.000000 0.000000
vn 0.000000 -1.000000 0.000000
vn 0.000000 -1.000000 0.000000
vn 0.000000 -1.000000 0.000000
vn -0.264481 0.000000 0.964391
vn -0.264481 0.000000 0.964391
vn -0.264481 0.000000 0.964391
vn -0.264481 0.000000 0.964391
vn 0.000000 1.000000 0.000000
vn 0.000000 1.000000 0.000000
vn 0.000000 1.000000 0.000000
vn 0.000000 1.000000 0.000000
vn 0.316230 0.000000 -0.948683
vn 0.316230 0.000000 -0.948683
vn 0.316230 0.000000 -0.948683
vn 0.316230 0.000000 -0.948683
vn 0.000000 -1.000000 0.000000
vn 0.000000 -1.000000 0.000000
vn 0.000000 -1.000000 0.000000
vn 0.000000 -1.000000 0.000000
vn -0.316229 0.000000 0.948683
vn -0.316229 0.000000 0.948683
vn -0.316229 0.000000 0.948683
vn -0.316229 0.000000 0.948683
vn 0.000000 1.000000 0.000000
vn 0.000000 1.000000 0.000000
vn 0.000000 1.000000 0.000000
vn 0.000000 1.000000 0.000000
vn 0.252421 0.000000 -0.967618
vn 0.252421 0.000000 -0.967618
vn 0.252421 0.000000 -0.967618
vn 0.252421 0.000000 -0.967618
vn 0.000000 -1.000000 0.000000
vn 0.000000 -1.000000 0.000000
vn 0.000000 -1.000000 0.000000
vn 0.000000 -1.000000 0.000000
vn -0.252427 0.000000 0.967616
vn -0.252427 0.000000 0.967616
vn -0.252427 0.000000 0.967616
vn -0.252427 0.000000 0.967616
vn 0.000000 1.000000 -0.000000
vn 0.000000 1.000000 -0.000000
vn 0.000000 1.000000 -0.000000
vn 0.000000 1.000000 -0.000000
vn 0.077143 0.000000 -0.997020
vn 0.077143 0.000000 -0.997020
vn 0.077143 0.000000 -0.997020
vn 0.077143 0.000000 -0.997020
vn 0.000000 -1.000000 0.000000
vn 0.000000 -1.000000 0.000000
vn 0.000000 -1.000000 0.000000
vn 0.000000 -1.000000 0.000000
vn -0.183649 0.000000 0.982992
vn -0.183649 0.000000 0.982992
vn -0.183649 0.000000 0.982992
vn -0.183649 0.000000 0.982992
vn 0.000000 1.000000 0.000000
vn 0.000000 1.000000 0.000000
vn 0.000000 1.000000 0.000000
vn 0.000000 1.000000 0.000000
vn 0.052854 0.000000 -0.998602
vn 0.052854 0.000000 -0.998602
vn 0.052854 0.000000 -0.998602
vn 0.052854 0.000000 -0.998602
vn 0.000000 -1.000000 0.000000
vn 0.000000 -1.000000 0.000000
vn 0.000000 -1.000000 0.000000
vn 0.000000 -1.000000 0.000000
vn -0.024922 0.000000 0.999689
vn -0.024922 0.000000 0.999689
vn -0.024922 0.000000 0.999689
vn -0.024922 0.000000 0.999689
vn 0.000000 1.000000 0.000000
vn 0.000000 1.000000 0.000000
vn 0.000000 1.000000 0.000000
vn 0.000000 1.000000 0.000000
vn 0.999994 0.000000 -0.003621
vn 0.999994 0.000000 -0.003621
vn 0.999994 0.000000 -0.003621
vn 0.999994 0.000000 -0.003621
vn 0.000000 -1.000000 0.000000
vn 0.000000 -1.000000 0.000000
vn 0.000000 -1.000000 0.000000
vn 0.000000 1.000000 0.000000
vn 0.000000 1.000000 0.000000
vn 0.000000 1.000000 0.000000
vn -0.000000 0.000000 -1.000000
vn -0.000000 0.000000 -1.000000
vn -0.000000 0.000000 -1.000000
vn -0.000000 0.000000 -1.000000
vn 0.000000 -1.000000 0.000000
vn 0.000000 -1.000000 0.000000
vn 0.000000 -1.000000 0.000000
vn 0.000000 -1.000000 0.000000
vn 0.000000 1.000000 -0.000000
vn 0.000000 1.000000 -0.000000
vn 0.000000 1.000000 -0.000000
vn 0.000000 1.000000 -0.000000
vn 0.008434 0.000000 -0.999964
vn 0.008434 0.000000 -0.999964
vn 0.008434 0.000000 -0.999964
vn 0.008434 0.000000 -0.999964
vn 0.000000 -1.000000 0.000000
vn 0.000000 -1.000000 0.000000
vn 0.000000 -1.000000 0.000000
vn 0.000000 -1.000000 0.000000
vn 0.000000 1.000000 0.000000
vn 0.000000 1.000000 0.000000
vn 0.000000 1.000000 0.000000
vn 0.000000 1.000000 0.000000
vn 0.854126 0.000000 0.520067
vn 0.854126 0.000000 0.520067
vn 0.854126 0.000000 0.520067
vn 0.854126 0.000000 0.520067
vn 0.000000 1.000000 0.000000
vn 0.000000 1.000000 0.000000
vn 0.000000 1.000000 0.000000
vn 0.000000 -1.000000 0.000000
vn 0.000000 -1.000000 0.000000
vn 0.000000 -1.000000 0.000000
vn -0.000000 1.000000 0.000000
vn -0.000000 1.000000 0.000000
vn -0.000000 1.000000 0.000000
vn -0.000000 1.000000 0.000000
vn -0.999964 0.000000 -0.008548
vn -0.999964 0.000000 -0.008548
vn -0.999964 0.000000 -0.008548
vn -0.999964 0.000000 -0.008548
vn -0.000000 -1.000000 0.000000
vn -0.000000 -1.000000 0.000000
vn -0.000000 -1.000000 0.000000
vn -0.000000 -1.000000 0.000000
vn 0.947931 0.000000 0.318475
vn 0.947931 0.000000 0.318475
vn 0.947931 0.000000 0.318475
vn 0.947931 0.000000 0.318475
vn 0.000000 1.000000 0.000000
vn 0.000000 1.000000 0.000000
vn 0.000000 1.000000 0.000000
vn 0.000000 -1.000000 0.000000
vn 0.000000 -1.000000 0.000000
vn 0.000000 -1.000000 0.000000
vn 0.000000 1.000000 0.000000
vn 0.000000 1.000000 0.000000
vn 0.000000 1.000000 0.000000
vn 0.000000 1.000000 0.000000
vn -0.999960 0.000000 0.008889
vn -0.999960 0.000000 0.008889
vn -0.999960 0.000000 0.008889
vn -0.999960 0.000000 0.008889
vn 0.000000 -1.000000 0.000000
vn 0.000000 -1.000000 0.000000
vn 0.000000 -1.000000 0.000000
vn 0.000000 -1.000000 0.000000
vn -0.000000 1.000000 0.000000
vn -0.000000 1.000000 0.000000
vn -0.000000 1.000000 0.000000
vn -0.999998 0.000000 0.001916
vn -0.999998 0.000000 0.001916
vn -0.999998 0.000000 0.001916
vn -0.999998 0.000000 0.001916
vn 0.000000 -1.000000 0.000000
vn 0.000000 -1.000000 0.000000
vn 0.000000 -1.000000 0.000000
vn 0.944301 -0.000000 0.329084
vn 0.944301 -0.000000 0.329084
vn 0.944301 -0.000000 0.329084
vn 0.944301 -0.000000 0.329084
vn 0.944301 -0.000000 0.329084
vn 0.944301 -0.000000 0.329084
vn 0.000000 1.000000 0.000000
vn 0.000000 1.000000 0.000000
vn 0.000000 1.000000 0.000000
vn 0.000000 1.000000 0.000000
vn -0.989286 0.000000 -0.145994
vn -0.989286 0.000000 -0.145994
vn -0.989286 0.000000 -0.145994
vn -0.989286 0.000000 -0.145994
vn 0.000000 -1.000000 0.000000
vn 0.000000 -1.000000 0.000000
vn 0.000000 -1.000000 0.000000
vn 0.000000 -1.000000 0.000000
vn 0.772950 0.000000 -0.634468
vn 0.772950 0.000000 -0.634468
vn 0.772950 0.000000 -0.634468
vn 0.772950 0.000000 -0.634468
vn 0.000000 1.000000 -0.000000
vn 0.000000 1.000000 -0.000000
vn 0.000000 1.000000 -0.000000
vn 0.000000 1.000000 -0.000000
vn 0.000000 1.000000 -0.000000
vn -0.924241 0.000000 -0.381810
vn -0.924241 0.000000 -0.381810
vn -0.924241 0.000000 -0.381810
vn -0.924241 0.000000 -0.381810
vn 0.000000 -1.000000 -0.000000
vn 0.000000 -1.000000 0.000000
vn 0.000000 -1.000000 -0.000000
vn 0.845520 0.000000 -0.533944
vn 0.845520 0.000000 -0.533944
vn 0.845520 0.000000 -0.533944
vn 0.845520 0.000000 -0.533944
vn -0.601395 0.000000 0.798952
vn -0.601395 0.000000 0.798952
vn -0.601395 0.000000 0.798952
vn -0.601395 0.000000 0.798952
vn 0.000000 -1.000000 -0.000000
vn 0.000000 -1.000000 0.000000
vn 0.813300 0.000000 0.581844
vn 0.813300 0.000000 0.581844
vn 0.813300 0.000000 0.581844
vn 0.813300 0.000000 0.581844
vn -0.000000 1.000000 0.000000
vn -0.000000 1.000000 0.000000
vn -0.000000 1.000000 0.000000
vn -0.000000 1.000000 0.000000
vn -0.711627 0.000000 -0.702558
vn -0.711627 0.000000 -0.702558
vn -0.711627 0.000000 -0.702558
vn -0.711627 0.000000 -0.702558
vn -0.000000 -1.000000 0.000000
vn -0.000000 -1.000000 0.000000
vn -0.000000 -1.000000 0.000000
vn -0.000000 -1.000000 0.000000
vn 0.734225 0.000000 0.678907
vn 0.734225 0.000000 0.678907
vn 0.734225 0.000000 0.678907
vn 0.734225 0.000000 0.678907
vn 0.000000 1.000000 0.000000
vn 0.000000 1.000000 0.000000
vn 0.000000 1.000000 0.000000
vn 0.000000 1.000000 0.000000
vn -0.630084 0.000000 -0.776527
vn -0.630084 0.000000 -0.776527
vn -0.630084 0.000000 -0.776527
vn -0.630084 0.000000 -0.776527
vn 0.000000 -1.000000 0.000000
vn 0.000000 -1.000000 0.000000
vn 0.000000 -1.000000 0.000000
vn 0.000000 -1.000000 0.000000
vn 0.529918 0.000000 0.848049
vn 0.529918 0.000000 0.848049
vn 0.529918 0.000000 0.848049
vn 0.529918 0.000000 0.848049
vn 0.000000 1.000000 -0.000000
vn 0.000000 1.000000 -0.000000
vn 0.000000 1.000000 -0.000000
vn 0.000000 1.000000 -0.000000
vn -0.664943 0.000000 -0.746894
vn -0.664943 0.000000 -0.746894
vn -0.664943 0.000000 -0.746894
vn -0.664943 0.000000 -0.746894
vn 0.000000 -1.000000 -0.000000
vn 0.000000 -1.000000 -0.000000
vn 0.000000 -1.000000 -0.000000
vn 0.000000 -1.000000 -0.000000
vn -0.000000 1.000000 0.000000
vn -0.000000 1.000000 0.000000
vn -0.000000 1.000000 0.000000
vn -0.000000 1.000000 0.000000
vn -0.480666 0.000000 -0.876904
vn -0.480666 0.000000 -0.876904
vn -0.480666 0.000000 -0.876904
vn -0.480666 0.000000 -0.876904
vn -0.000000 -1.000000 0.000000
vn -0.000000 -1.000000 0.000000
vn -0.000000 -1.000000 0.000000
vn -0.000000 -1.000000 0.000000
vn 0.378306 0.000000 0.925681
vn 0.378306 0.000000 0.925681
vn 0.378306 0.000000 0.925681
vn 0.378306 0.000000 0.925681
vn 0.000000 1.000000 0.000000
vn 0.000000 1.000000 0.000000
vn 0.000000 1.000000 0.000000
vn 0.000000 1.000000 0.000000
vn -0.438358 0.000000 -0.898800
vn -0.438358 0.000000 -0.898800
vn -0.438358 0.000000 -0.898800
vn -0.438358 0.000000 -0.898800
vn 0.000000 -1.000000 0.000000
vn 0.000000 -1.000000 0.000000
vn 0.000000 -1.000000 0.000000
vn 0.000000 -1.000000 0.000000
vn 0.305335 0.000000 0.952245
vn 0.305335 0.000000 0.952245
vn 0.305335 0.000000 0.952245
vn 0.305335 0.000000 0.952245
vn 0.000000 1.000000 0.000000
vn 0.000000 1.000000 0.000000
vn 0.000000 1.000000 0.000000
vn 0.000000 1.000000 0.000000
vn -0.355896 0.000000 -0.934525
vn -0.355896 0.000000 -0.934525
vn -0.355896 0.000000 -0.934525
vn -0.355896 0.000000 -0.934525
vn 0.000000 -1.000000 0.000000
vn 0.000000 -1.000000 0.000000
vn 0.000000 -1.000000 0.000000
vn 0.000000 -1.000000 0.000000
vn 0.242534 0.000000 0.970143
vn 0.242534 0.000000 0.970143
vn 0.242534 0.000000 0.970143
vn 0.242534 0.000000 0.970143
vn 0.000000 1.000000 -0.000000
vn 0.000000 1.000000 -0.000000
vn 0.000000 1.000000 -0.000000
vn 0.000000 1.000000 -0.000000
vn -0.242535 0.000000 -0.970143
vn -0.242535 0.000000 -0.970143
vn -0.242535 0.000000 -0.970143
vn -0.242535 0.000000 -0.970143
vn 0.000000 -1.000000 0.000000
vn 0.000000 -1.000000 0.000000
vn 0.000000 -1.000000 0.000000
vn 0.000000 -1.000000 0.000000
vn 0.000000 1.000000 0.000000
vn 0.000000 1.000000 0.000000
vn 0.000000 1.000000 0.000000
vn 0.000000 1.000000 0.000000
vn -0.192414 0.000000 -0.981314
vn -0.192414 0.000000 -0.981314
vn -0.192414 0.000000 -0.981314
vn -0.192414 0.000000 -0.981314
vn 0.000000 -1.000000 0.000000
vn 0.000000 -1.000000 0.000000
vn 0.000000 -1.000000 0.000000
vn 0.000000 -1.000000 0.000000
vn 0.994156 0.000000 -0.107955
vn 0.994156 0.000000 -0.107955
vn 0.994156 0.000000 -0.107955
vn 0.994156 0.000000 -0.107955
vn 0.000000 1.000000 0.000000
vn 0.000000 1.000000 0.000000
vn 0.000000 1.000000 0.000000
vn 0.000000 1.000000 0.000000
vn -0.925600 0.000000 0.378503
vn -0.925600 0.000000 0.378503
vn -0.925600 0.000000 0.378503
vn -0.925600 0.000000 0.378503
vn 0.000000 -1.000000 0.000000
vn 0.000000 -1.000000 0.000000
vn 0.000000 -1.000000 0.000000
vn 0.000000 -1.000000 0.000000
vn 0.999897 0.000000 0.014372
vn 0.999897 0.000000 0.014372
vn 0.999897 0.000000 0.014372
vn 0.999897 0.000000 0.014372
vn 0.000000 1.000000 0.000000
vn 0.000000 1.000000 0.000000
vn 0.000000 1.000000 0.000000
vn 0.000000 1.000000 0.000000
vn -0.998597 0.000000 -0.052963
vn -0.998597 0.000000 -0.052963
vn -0.998597 0.000000 -0.052963
vn -0.998597 0.000000 -0.052963
vn 0.000000 -1.000000 0.000000
vn 0.000000 -1.000000 0.000000
vn 0.000000 -1.000000 0.000000
vn 0.000000 -1.000000 0.000000
vn 0.965154 0.000000 0.261684
vn 0.965154 0.000000 0.261684
vn 0.965154 0.000000 0.261684
vn 0.965154 0.000000 0.261684
vn 0.000000 1.000000 0.000000
vn 0.000000 1.000000 0.000000
vn 0.000000 1.000000 0.000000
vn 0.000000 1.000000 0.000000
vn -0.950837 0.000000 -0.309690
vn -0.950837 0.000000 -0.309690
vn -0.950837 0.000000 -0.309690
vn -0.950837 0.000000 -0.309690
vn 0.000000 -1.000000 0.000000
vn 0.000000 -1.000000 0.000000
vn 0.000000 -1.000000 0.000000
vn 0.000000 -1.000000 0.000000
vn 0.792073 0.000000 0.610427
vn 0.792073 0.000000 0.610427
vn 0.792073 0.000000 0.610427
vn 0.792073 0.000000 0.610427
vn 0.000000 1.000000 -0.000000
vn 0.000000 1.000000 -0.000000
vn 0.000000 1.000000 -0.000000
vn 0.000000 1.000000 -0.000000
vn -0.701652 0.000000 -0.712520
vn -0.701652 0.000000 -0.712520
vn -0.701652 0.000000 -0.712520
vn -0.701652 0.000000 -0.712520
vn 0.000000 -1.000000 0.000000
vn 0.000000 -1.000000 0.000000
vn 0.000000 -1.000000 0.000000
vn 0.000000 -1.000000 0.000000
vn 0.445465 0.000000 0.895299
vn 0.445465 0.000000 0.895299
vn 0.445465 0.000000 0.895299
vn 0.445465 0.000000 0.895299
vn 0.000000 1.000000 0.000000
vn 0.000000 1.000000 0.000000
vn 0.000000 1.000000 0.000000
vn 0.000000 1.000000 0.000000
vn -0.419772 0.000000 -0.907630
vn -0.419772 0.000000 -0.907630
vn -0.419772 0.000000 -0.907630
vn -0.419772 0.000000 -0.907630
vn -0.000000 -1.000000 0.000000
vn -0.000000 -1.000000 0.000000
vn -0.000000 -1.000000 0.000000
vn -0.000000 -1.000000 0.000000
vn -0.014253 0.000000 0.999898
vn -0.014252 0.000000 0.999898
vn -0.014253 0.000000 0.999898
vn 0.000000 1.000000 -0.000000
vn 0.000000 1.000000 -0.000000
vn 0.000000 1.000000 -0.000000
vn 0.000000 1.000000 -0.000000
vn 0.007124 0.000000 -0.999975
vn 0.007124 0.000000 -0.999975
vn 0.007124 0.000000 -0.999975
vn 0.007124 0.000000 -0.999975
vn 0.000000 -1.000000 -0.000000
vn 0.000000 -1.000000 -0.000000
vn 0.000000 -1.000000 -0.000000
vn 0.000000 -1.000000 -0.000000
vn -0.402791 0.000000 0.915292
vn -0.402791 0.000000 0.915292
vn -0.402790 0.000000 0.915292
vn 0.000000 1.000000 0.000000
vn 0.000000 1.000000 0.000000
vn 0.000000 1.000000 0.000000
vn 0.000000 1.000000 0.000000
vn 0.367602 0.000000 -0.929983
vn 0.367602 0.000000 -0.929983
vn 0.367602 0.000000 -0.929983
vn 0.367602 0.000000 -0.929983
vn -0.000000 -1.000000 0.000000
vn -0.000000 -1.000000 0.000000
vn -0.000000 -1.000000 0.000000
vn -0.000000 -1.000000 0.000000
vn -0.814505 0.000000 0.580157
vn -0.814505 0.000000 0.580156
vn -0.814505 0.000000 0.580157
vn 0.000000 1.000000 0.000000
vn 0.000000 1.000000 0.000000
vn 0.000000 1.000000 0.000000
vn 0.000000 1.000000 0.000000
vn 0.688626 0.000000 -0.725117
vn 0.688626 0.000000 -0.725117
vn 0.688626 0.000000 -0.725117
vn 0.688626 0.000000 -0.725117
vn 0.000000 -1.000000 -0.000000
vn 0.000000 -1.000000 -0.000000
vn 0.000000 -1.000000 -0.000000
vn 0.000000 -1.000000 -0.000000
vn 0.000000 1.000000 0.000000
vn 0.000000 1.000000 0.000000
vn 0.000000 1.000000 0.000000
vn 0.000000 -1.000000 0.000000
vn 0.000000 -1.000000 0.000000
vn 0.000000 -1.000000 0.000000
vn 0.903878 0.000000 -0.427791
vn 0.903878 0.000000 -0.427791
vn 0.903878 0.000000 -0.427791
vn 0.903878 0.000000 -0.427791
vn -0.000000 1.000000 0.000000
vn -0.000000 1.000000 0.000000
vn -0.000000 1.000000 0.000000
vn 0.785788 0.000000 -0.618496
vn 0.785788 0.000000 -0.618496
vn 0.785788 0.000000 -0.618496
vn 0.785788 0.000000 -0.618496
vn -0.000000 -1.000000 0.000000
vn -0.000000 -1.000000 0.000000
vn -0.000000 -1.000000 0.000000
vn 0.000000 1.000000 0.000000
vn 0.000000 1.000000 0.000000
vn 0.000000 1.000000 0.000000
vn 0.000000 1.000000 0.000000
vn -0.999977 0.000000 -0.006838
vn -0.999977 0.000000 -0.006838
vn -0.999977 0.000000 -0.006838
vn -0.999977 0.000000 -0.006838
vn 0.000000 -1.000000 -0.000000
vn 0.000000 -1.000000 -0.000000
vn 0.000000 -1.000000 -0.000000
vn 0.000000 -1.000000 -0.000000
vn 0.000000 1.000000 0.000000
vn 0.000000 1.000000 0.000000
vn 0.000000 1.000000 0.000000
vn -0.841549 0.000000 0.540180
vn -0.841549 0.000000 0.540180
vn -0.841549 0.000000 0.540180
vn -0.841549 0.000000 0.540180
vn 0.000000 -1.000000 0.000000
vn 0.000000 -1.000000 0.000000
vn 0.000000 -1.000000 0.000000
vn 0.999962 0.000000 0.008695
vn 0.999962 0.000000 0.008695
vn 0.999962 0.000000 0.008695
vn 0.999962 0.000000 0.008695
vn 0.000000 1.000000 -0.000000
vn 0.000000 1.000000 -0.000000
vn 0.000000 1.000000 -0.000000
vn 0.000000 1.000000 -0.000000
vn -0.999962 0.000000 -0.008694
vn -0.999962 0.000000 -0.008694
vn -0.999962 0.000000 -0.008694
vn -0.999962 0.000000 -0.008694
vn 0.000000 -1.000000 -0.000000
vn 0.000000 -1.000000 -0.000000
vn 0.000000 -1.000000 -0.000000
vn 0.000000 -1.000000 -0.000000
vn 0.987401 0.000000 0.158238
vn 0.987401 0.000000 0.158238
vn 0.987401 0.000000 0.158238
vn 0.987401 0.000000 0.158238
vn 0.000000 1.000000 0.000000
vn 0.000000 1.000000 0.000000
vn 0.000000 1.000000 0.000000
vn 0.000000 1.000000 0.000000
vn -0.987401 0.000000 -0.158238
vn -0.987401 0.000000 -0.158238
vn -0.987401 0.000000 -0.158238
vn -0.987401 0.000000 -0.158238
vn 0.000000 -1.000000 -0.000000
vn 0.000000 -1.000000 -0.000000
vn 0.000000 -1.000000 -0.000000
vn 0.000000 -1.000000 -0.000000
vn 0.000000 1.000000 -0.000000
vn 0.000000 1.000000 -0.000000
vn 0.000000 1.000000 -0.000000
vn 0.000000 1.000000 -0.000000
vn -0.931578 0.000000 0.363542
vn -0.931578 0.000000 0.363542
vn -0.931578 0.000000 0.363542
vn -0.931578 0.000000 0.363542
vn 0.000000 -1.000000 0.000000
vn 0.000000 -1.000000 0.000000
vn 0.000000 -1.000000 0.000000
vn 0.000000 -1.000000 0.000000
vn 0.931578 0.000000 -0.363542
vn 0.931578 0.000000 -0.363542
vn 0.931578 0.000000 -0.363542
vn 0.931578 0.000000 -0.363542
vn -0.000000 1.000000 0.000000
vn -0.000000 1.000000 0.000000
vn -0.000000 1.000000 0.000000
vn -0.000000 1.000000 0.000000
vn -0.990484 0.000000 0.137629
vn -0.990484 0.000000 0.137629
vn -0.990484 0.000000 0.137629
vn -0.990484 0.000000 0.137629
vn -0.000000 -1.000000 0.000000
vn -0.000000 -1.000000 0.000000
vn -0.000000 -1.000000 0.000000
vn -0.000000 -1.000000 0.000000
vn 0.999997 0.000000 -0.002293
vn 0.999997 0.000000 -0.002293
vn 0.999997 0.000000 -0.002293
vn 0.999997 0.000000 -0.002293
vn 0.000000 1.000000 -0.000000
vn 0.000000 1.000000 -0.000000
vn 0.000000 1.000000 -0.000000
vn 0.000000 1.000000 -0.000000
vn -0.989089 0.000000 -0.147317
vn -0.989089 0.000000 -0.147317
vn -0.989089 0.000000 -0.147317
vn -0.989089 0.000000 -0.147317
vn 0.000000 -1.000000 0.000000
vn 0.000000 -1.000000 0.000000
vn 0.000000 -1.000000 0.000000
vn 0.000000 -1.000000 0.000000
vn 0.989090 0.000000 0.147313
vn 0.989090 0.000000 0.147313
vn 0.989090 0.000000 0.147313
vn 0.989090 0.000000 0.147313
vn 0.000000 1.000000 0.000000
vn 0.000000 1.000000 0.000000
vn 0.000000 1.000000 0.000000
vn 0.000000 1.000000 0.000000
vn -0.959670 0.000000 -0.281128
vn -0.959670 0.000000 -0.281128
vn -0.959670 0.000000 -0.281128
vn -0.959670 0.000000 -0.281128
vn 0.956192 0.000000 0.292741
vn 0.956192 0.000000 0.292741
vn 0.956192 0.000000 0.292741
vn 0.956192 0.000000 0.292741
vn 0.000000 0.000000 0.000000
vn 0.000000 0.000000 0.000000
vn 0.000000 1.000000 0.000000
vn 0.000000 1.000000 0.000000
vn -0.493180 0.000000 0.869927
vn -0.493180 0.000000 0.869927
vn -0.493180 0.000000 0.869927
vn -0.493180 0.000000 0.869927
vn 0.000000 -1.000000 -0.000000
vn 0.000000 -1.000000 -0.000000
vn 0.000000 -1.000000 -0.000000
vn 0.000000 -1.000000 -0.000000
vn 0.892157 0.000000 0.451725
vn 0.892157 0.000000 0.451725
vn 0.892157 0.000000 0.451725
vn 0.892157 0.000000 0.451725
vn -0.000000 1.000000 0.000000
vn -0.000000 1.000000 0.000000
vn -0.000000 1.000000 0.000000
vn -0.000000 1.000000 0.000000
vn -0.892157 0.000000 -0.451725
vn -0.892157 0.000000 -0.451725
vn -0.892157 0.000000 -0.451725
vn -0.892157 0.000000 -0.451725
vn -0.000000 -1.000000 0.000000
vn -0.000000 -1.000000 0.000000
vn -0.000000 -1.000000 0.000000
vn -0.000000 -1.000000 0.000000
vn 0.800000 0.000000 0.600000
vn 0.800000 0.000000 0.600000
vn 0.800000 0.000000 0.600000
vn 0.800000 0.000000 0.600000
vn 0.000000 1.000000 -0.000000
vn 0.000000 1.000000 -0.000000
vn 0.000000 1.000000 -0.000000
vn 0.000000 1.000000 -0.000000
vn -0.799998 0.000000 -0.600003
vn -0.799998 0.000000 -0.600003
vn -0.799998 0.000000 -0.600003
vn -0.799998 0.000000 -0.600003
vn 0.000000 -1.000000 -0.000000
vn 0.000000 -1.000000 -0.000000
vn 0.000000 -1.000000 -0.000000
vn 0.000000 -1.000000 -0.000000
vn 0.769408 0.000000 0.638758
vn 0.769408 0.000000 0.638758
vn 0.769408 0.000000 0.638758
vn 0.769408 0.000000 0.638758
vn -0.000000 1.000000 0.000000
vn -0.000000 1.000000 0.000000
vn -0.000000 1.000000 0.000000
vn -0.000000 1.000000 0.000000
vn -0.846611 0.000000 -0.532212
vn -0.846611 0.000000 -0.532212
vn -0.846611 0.000000 -0.532212
vn -0.846611 0.000000 -0.532212
vn -0.000000 -1.000000 0.000000
vn -0.000000 -1.000000 0.000000
vn -0.000000 -1.000000 0.000000
vn -0.000000 -1.000000 0.000000
vn 0.463258 0.000000 -0.886224
vn 0.463258 0.000000 -0.886224
vn 0.463258 0.000000 -0.886224
vn 0.463258 0.000000 -0.886224
vn 0.000000 -1.000000 0.000000
vn 0.000000 -1.000000 0.000000
vn 0.000000 -1.000000 0.000000
vn 0.000000 -1.000000 0.000000
vn 0.000000 1.000000 0.000000
vn 0.000000 1.000000 0.000000
vn 0.000000 1.000000 0.000000
vn 0.000000 1.000000 0.000000
vn 0.846611 0.000000 0.532212
vn 0.846611 0.000000 0.532212
vn 0.846611 0.000000 0.532212
vn 0.846611 0.000000 0.532212
vn 0.000000 1.000000 0.000000
vn 0.000000 1.000000 0.000000
vn 0.000000 1.000000 0.000000
vn 0.000000 1.000000 0.000000
vn -0.729011 0.000000 -0.684502
vn -0.729011 0.000000 -0.684502
vn -0.729011 0.000000 -0.684502
vn -0.729011 0.000000 -0.684502
vn 0.000000 -1.000000 0.000000
vn 0.000000 -1.000000 0.000000
vn 0.000000 -1.000000 0.000000
vn 0.000000 -1.000000 0.000000
vn 0.687673 0.000000 0.726020
vn 0.687673 0.000000 0.726020
vn 0.687673 0.000000 0.726020
vn 0.687673 0.000000 0.726020
vn 0.000000 1.000000 0.000000
vn 0.000000 1.000000 0.000000
vn 0.000000 1.000000 0.000000
vn 0.000000 1.000000 0.000000
vn -0.562364 0.000000 -0.826890
vn -0.562364 0.000000 -0.826890
vn -0.562364 0.000000 -0.826890
vn -0.562364 0.000000 -0.826890
vn 0.000000 -1.000000 0.000000
vn 0.000000 -1.000000 0.000000
vn 0.000000 -1.000000 0.000000
vn 0.000000 -1.000000 0.000000
vn 0.496139 0.000000 0.868243
vn 0.496139 0.000000 0.868243
vn 0.496139 0.000000 0.868243
vn 0.496139 0.000000 0.868243
vn 0.000000 1.000000 0.000000
vn 0.000000 1.000000 0.000000
vn 0.000000 1.000000 0.000000
vn 0.000000 1.000000 0.000000
vn -0.496140 0.000000 -0.868243
vn -0.496140 0.000000 -0.868243
vn -0.496140 0.000000 -0.868243
vn -0.496140 0.000000 -0.868243
vn 0.000000 -1.000000 0.000000
vn 0.000000 -1.000000 0.000000
vn 0.000000 -1.000000 0.000000
vn 0.000000 -1.000000 0.000000
vn 0.391855 0.000000 0.920027
vn 0.391855 0.000000 0.920027
vn 0.391855 0.000000 0.920027
vn 0.391855 0.000000 0.920027
vn 0.000000 1.000000 0.000000
vn 0.000000 1.000000 0.000000
vn 0.000000 1.000000 0.000000
vn 0.000000 1.000000 0.000000
vn -0.373287 0.000000 -0.927716
vn -0.373287 0.000000 -0.927716
vn -0.373287 0.000000 -0.927716
vn -0.373287 0.000000 -0.927716
vn 0.000000 -1.000000 0.000000
vn 0.000000 -1.000000 0.000000
vn 0.000000 -1.000000 0.000000
vn 0.000000 -1.000000 0.000000
vn 0.274723 0.000000 0.961523
vn 0.274723 0.000000 0.961523
vn 0.274723 0.000000 0.961523
vn 0.274723 0.000000 0.961523
vn 0.000000 1.000000 0.000000
vn 0.000000 1.000000 0.000000
vn 0.000000 1.000000 0.000000
vn 0.000000 1.000000 0.000000
vn -0.274721 0.000000 -0.961524
vn -0.274721 0.000000 -0.961524
vn -0.274721 0.000000 -0.961524
vn -0.274721 0.000000 -0.961524
vn 0.000000 -1.000000 0.000000
vn 0.000000 -1.000000 0.000000
vn 0.000000 -1.000000 0.000000
vn 0.000000 -1.000000 0.000000
vn 0.000000 1.000000 0.000000
vn 0.000000 1.000000 0.000000
vn 0.000000 1.000000 0.000000
vn 0.000000 1.000000 0.000000
vn 0.303262 0.000000 0.952907
vn 0.303262 0.000000 0.952907
vn 0.303262 0.000000 0.952907
vn 0.303262 0.000000 0.952907
vn -0.000000 -1.000000 0.000000
vn -0.000000 -1.000000 0.000000
vn -0.000000 -1.000000 0.000000
vn -0.000000 -1.000000 0.000000
vn -0.184389 0.000000 -0.982853
vn -0.184389 0.000000 -0.982853
vn -0.184389 0.000000 -0.982853
vn -0.184389 0.000000 -0.982853
vn 0.000000 -1.000000 -0.000000
vn 0.000000 -1.000000 -0.000000
vn 0.000000 -1.000000 -0.000000
vn 0.000000 -1.000000 -0.000000
vn -0.655046 0.000000 0.755589
vn -0.655046 0.000000 0.755589
vn -0.655046 0.000000 0.755589
vn -0.655046 0.000000 0.755589
vn 0.000000 1.000000 -0.000000
vn 0.000000 1.000000 -0.000000
vn 0.000000 1.000000 -0.000000
vn 0.000000 1.000000 -0.000000
vn 0.982499 0.000000 -0.186269
vn 0.982499 0.000000 -0.186269
vn 0.982499 0.000000 -0.186269
vn 0.982499 0.000000 -0.186269
vn 0.000000 -1.000000 0.000000
vn 0.000000 -1.000000 0.000000
vn 0.000000 -1.000000 0.000000
vn 0.000000 -1.000000 0.000000
vn -0.423902 0.000000 0.905708
vn -0.423902 0.000000 0.905708
vn -0.423902 0.000000 0.905708
vn -0.423902 0.000000 0.905708
vn 0.000000 1.000000 0.000000
vn 0.000000 1.000000 0.000000
vn 0.000000 1.000000 0.000000
vn 0.000000 1.000000 0.000000
vn 0.943654 0.000000 0.330934
vn 0.943654 0.000000 0.330934
vn 0.943654 0.000000 0.330934
vn 0.943654 0.000000 0.330934
vn 0.000000 -1.000000 0.000000
vn 0.000000 -1.000000 0.000000
vn 0.000000 -1.000000 0.000000
vn 0.000000 -1.000000 0.000000
vn -0.349193 0.000000 0.937051
vn -0.349193 0.000000 0.937051
vn -0.349193 0.000000 0.937051
vn -0.349193 0.000000 0.937051
vn 0.000000 1.000000 0.000000
vn 0.000000 1.000000 0.000000
vn 0.000000 1.000000 0.000000
vn 0.000000 1.000000 0.000000
vn 0.892483 0.000000 0.451082
vn 0.892483 0.000000 0.451082
vn 0.892483 0.000000 0.451082
vn 0.892483 0.000000 0.451082
vn -0.999992 0.000000 -0.003880
vn -0.999992 0.000000 -0.003880
vn -0.999992 0.000000 -0.003880
vn -0.999992 0.000000 -0.003880
vn 0.000000 1.000000 0.000000
vn 0.000000 1.000000 0.000000
vn 0.000000 1.000000 0.000000
vn 0.000000 1.000000 0.000000
vn 0.185792 0.000000 0.982589
vn 0.185792 0.000000 0.982589
vn 0.185792 0.000000 0.982589
vn 0.185792 0.000000 0.982589
vn 0.000000 -1.000000 -0.000000
vn 0.000000 -1.000000 -0.000000
vn 0.000000 -1.000000 -0.000000
vn 0.000000 -1.000000 -0.000000
vn 0.000000 -1.000000 0.000000
vn 0.000000 -1.000000 0.000000
vn 0.000000 -1.000000 0.000000
vn 0.000000 -1.000000 0.000000
vn -0.965368 0.000000 -0.260890
vn -0.965368 0.000000 -0.260890
vn -0.965368 0.000000 -0.260890
vn -0.965368 0.000000 -0.260890
vn 0.000000 1.000000 0.000000
vn 0.000000 1.000000 0.000000
vn 0.000000 1.000000 0.000000
vn 0.000000 1.000000 0.000000
vn 0.965369 0.000000 0.260889
vn 0.965369 0.000000 0.260889
vn 0.965369 0.000000 0.260889
vn 0.965369 0.000000 0.260889
vn 0.898098 0.000000 0.439796
vn 0.898098 0.000000 0.439796
vn 0.898098 0.000000 0.439796
vn 0.898098 0.000000 0.439796
vn 0.000000 1.000000 0.000000
vn 0.000000 1.000000 0.000000
vn 0.000000 1.000000 0.000000
vn 0.000000 1.000000 0.000000
vn -0.981107 0.000000 -0.193466
vn -0.981107 0.000000 -0.193466
vn -0.981107 0.000000 -0.193466
vn -0.981107 0.000000 -0.193466
vn 0.000000 -1.000000 0.000000
vn 0.000000 -1.000000 0.000000
vn 0.000000 -1.000000 0.000000
vn 0.000000 -1.000000 0.000000
vn -0.014253 0.000000 0.999898
vn -0.402790 0.000000 0.915292
vn -0.814505 0.000000 0.580157
s off
g unbevel1
usemtl initialShadingGroup
f 155//1 156//2 157//3 158//4
f 3/3/5 4/4/6 6/6/7 5/5/8
f 29/35/9 30/36/10 31/37/11 32/38/12
f 7/7/13 8/8/14 2/10/15 1/9/16
f 2/2/17 8/11/18 6/12/19 4/4/20
f 7/13/21 1/1/22 3/3/23 5/14/24
f 5/5/25 6/6/26 10/16/27 9/15/28
f 6/6/29 8/8/30 11/17/31 10/16/32
f 8/8/33 7/7/34 12/18/35 11/17/36
f 7/7/37 5/5/38 9/15/39 12/18/40
f 9/15/41 10/16/42 14/20/43 13/19/44
f 10/16/45 11/17/46 15/21/47 14/20/48
f 11/17/49 12/18/50 16/22/51 15/21/52
f 12/18/53 9/15/54 13/19/55 16/22/56
f 13/19/57 14/20/58 18/24/59 17/23/60
f 14/20/61 15/21/62 19/25/63 18/24/64
f 15/21/65 16/22/66 20/26/67 19/25/68
f 16/22/69 13/19/70 17/23/71 20/26/72
f 17/23/73 18/24/74 22/28/75 21/27/76
f 18/24/77 19/25/78 23/29/79 22/28/80
f 19/25/81 20/26/82 24/30/83 23/29/84
f 20/26/85 17/23/86 21/27/87 24/30/88
f 21/27/89 22/28/90 26/32/91 25/31/92
f 33/39/93 34/40/94 35/41/95 36/42/96
f 23/29/97 24/30/98 28/34/99 27/33/100
f 24/30/101 21/27/102 25/31/103 28/34/104
f 25/31/105 26/32/106 30/36/107 29/35/108
f 36/42/109 35/41/110 37/43/111 38/44/112
f 27/33/113 28/34/114 32/38/115 31/37/116
f 28/34/117 25/31/118 29/35/119 32/38/120
f 22/28/121 23/29/122 34/40/123 33/39/124
f 23/29/125 27/33/126 35/41/127 34/40/128
f 26/32/129 22/28/130 33/39/131 36/42/132
f 27/33/133 31/37/134 37/43/135 35/41/136
f 66/71/137 65/72/138 67/73/139 68/74/140
f 30/36/141 26/32/142 36/42/143 38/44/144
f 31/37/145 30/36/146 39/46/147 40/45/148
f 30/36/149 38/44/150 41/47/151 39/46/152
f 38/44/153 37/43/154 42/48/155 41/47/156
f 37/43/157 31/37/158 40/45/159 42/48/160
f 40/45/161 39/46/162 43/50/163 44/49/164
f 39/46/165 41/47/166 45/51/167 43/50/168
f 41/47/169 42/48/170 46/52/171 45/51/172
f 42/48/173 40/45/174 44/49/175 46/52/176
f 44/49/177 43/50/178 47/54/179 48/53/180
f 43/50/181 45/51/182 49/55/183 47/54/184
f 45/51/185 46/52/186 50/56/187 49/55/188
f 46/52/189 44/49/190 48/53/191 50/56/192
f 48/53/193 47/54/194 51/58/195 52/57/196
f 47/54/197 49/55/198 53/59/199 51/58/200
f 49/55/201 50/56/202 54/60/203 53/59/204
f 50/56/205 48/53/206 52/57/207 54/60/208
f 52/57/209 51/58/210 55/62/211 56/61/212
f 51/58/213 53/59/214 57/63/215 55/62/216
f 53/59/217 54/60/218 58/64/219 57/63/220
f 54/60/221 52/57/222 56/61/223 58/64/224
f 56/61/225 55/62/226 59/66/227 60/65/228
f 55/62/229 57/63/230 59/66/231
f 58/64/232 56/61/233 60/65/234
f 60/65/235 59/66/236 61/68/237 62/67/238
f 59/66/239 57/63/240 63/69/241 61/68/242
f 58/64/243 60/65/244 62/67/245 64/70/246
f 62/67/247 61/68/248 65/72/249 66/71/250
f 61/68/251 63/69/252 67/73/253 65/72/254
f 64/70/255 62/67/256 66/71/257 68/74/258
f 57/63/259 58/64/260 70/76/261 69/75/262
f 58/64/263 64/70/264 70/76/265
f 63/69/266 57/63/267 69/75/268
f 64/70/269 68/74/270 71/77/271 70/76/272
f 68/74/273 67/73/274 72/78/275 71/77/276
f 67/73/277 63/69/278 69/75/279 72/78/280
f 69/75/281 70/76/282 74/80/283 73/79/284
f 70/76/285 75/81/286 74/80/287
f 69/75/288 73/79/289 76/82/290
f 70/76/291 71/77/292 77/83/293 75/81/294
f 71/77/295 72/78/296 78/84/297 77/83/298
f 72/78/299 69/75/300 76/82/301 78/84/302
f 75/81/303 77/83/304 79/85/305
f 77/83/306 78/84/307 80/86/308 79/85/309
f 78/84/310 76/82/311 80/86/312
f 74/80/313 75/81/314 79/85/315 80/86/316 76/82/317 73/79/318
f 1/1/319 2/2/320 82/88/321 81/87/322
f 2/2/323 4/4/324 83/89/325 82/88/326
f 4/4/327 3/3/328 84/90/329 83/89/330
f 3/3/331 1/1/332 81/87/333 84/90/334
f 81/87/335 82/88/336 86/92/337 90/96/338 85/91/339
f 82/88/340 83/89/341 87/93/342 86/92/343
s 1
f 83/89/344 84/90/345 89/95/346
s off
f 84/90/347 81/87/348 85/91/349 88/94/350
f 199/185/351 200/186/352 201/187/353 202/188/354
s 1
f 83/89/344 89/95/346 87/93/355
f 89/95/346 84/90/345 88/94/356
s off
f 89/95/357 90/96/358 92/98/359 91/97/360
f 90/96/361 86/92/362 93/99/363 92/98/364
f 86/92/365 87/93/366 94/100/367 93/99/368
f 87/93/369 89/95/370 91/97/371 94/100/372
f 91/97/373 92/98/374 96/102/375 95/101/376
f 92/98/377 93/99/378 97/103/379 96/102/380
f 93/99/381 94/100/382 98/104/383 97/103/384
f 94/100/385 91/97/386 95/101/387 98/104/388
f 95/101/389 96/102/390 100/106/391 99/105/392
f 96/102/393 97/103/394 101/107/395 100/106/396
f 97/103/397 98/104/398 102/108/399 101/107/400
f 98/104/401 95/101/402 99/105/403 102/108/404
f 100/106/405 101/107/406 105/111/407 104/110/408
f 101/107/409 102/108/410 106/112/411 105/111/412
f 102/108/413 99/105/414 103/109/415 106/112/416
f 103/109/417 104/110/418 108/114/419 107/113/420
f 104/110/421 105/111/422 109/115/423 108/114/424
f 105/111/425 106/112/426 110/116/427 109/115/428
f 106/112/429 103/109/430 107/113/431 110/116/432
f 107/113/433 108/114/434 112/118/435 111/117/436
f 108/114/437 109/115/438 113/119/439 112/118/440
f 109/115/441 110/116/442 114/120/443 113/119/444
f 110/116/445 107/113/446 111/117/447 114/120/448
f 111/117/449 112/118/450 116/122/451 115/121/452
f 112/118/453 113/119/454 117/123/455 116/122/456
f 113/119/457 114/120/458 118/124/459 117/123/460
f 114/120/461 111/117/462 115/121/463 118/124/464
f 116//465 117//466 121//467 120//468
f 117/123/469 118/124/470 122/128/471 121/127/472
f 118/124/473 115/121/474 119/125/475 122/128/476
f 99/105/477 100/106/478 124/130/479 123/129/480
f 100/106/481 104/110/482 125/131/483 124/130/484
f 104/110/485 103/109/486 126/132/487 125/131/488
f 103/109/489 99/105/490 123/129/491 126/132/492
f 123/129/493 124/130/494 128/134/495 127/133/496
f 124/130/497 125/131/498 129/135/499 128/134/500
f 125/131/501 126/132/502 130/136/503 129/135/504
f 126/132/505 123/129/506 127/133/507 130/136/508
f 127/133/509 128/134/510 132/138/511 131/137/512
f 128/134/513 129/135/514 133/139/515 132/138/516
f 129/135/517 130/136/518 134/140/519 133/139/520
f 130/136/521 127/133/522 131/137/523 134/140/524
f 131/137/525 132/138/526 136/142/527 135/141/528
f 132/138/529 133/139/530 137/143/531 136/142/532
f 133/139/533 134/140/534 138/144/535 137/143/536
f 134/140/537 131/137/538 135/141/539 138/144/540
f 135/141/541 136/142/542 140/146/543 139/145/544
f 136/142/545 137/143/546 141/147/547 140/146/548
f 137/143/549 138/144/550 142/148/551 141/147/552
f 138/144/553 135/141/554 139/145/555 142/148/556
f 139/145/557 140/146/558 144/150/559 143/149/560
f 140/146/561 141/147/562 145/151/563 144/150/564
f 141/147/565 142/148/566 146/152/567 145/151/568
f 142/148/569 139/145/570 143/149/571 146/152/572
f 143/149/573 144/150/574 148/154/575 147/153/576
f 144/150/577 145/151/578 149/155/579 148/154/580
f 145/151/581 146/152/582 150/156/583 149/155/584
f 146/152/585 143/149/586 147/153/587 150/156/588
f 147/153/589 148/154/590 120/126/591 119/125/592
f 148/154/593 149/155/594 151/157/595 120/126/596
f 149/155/597 150/156/598 152/158/599 151/157/600
f 150/156/601 147/153/602 119/125/603 152/158/604
f 116/122/605 120/126/606 151/157/607
f 119/125/608 115/121/609 152/158/610
f 115/121/611 116/122/612 151/157/613 152/158/614
f 120//615 121//616 153//617
f 121//618 122//619 154//620 153//621
f 122//622 119//623 154//624
f 120//625 153//626 157//627 156//628
f 153//629 154//630 158//631 157//632
f 154//633 119//634 155//635 158//636
f 120//637 156//638 159//639
f 156//640 155//641 160//642 159//643
f 155//644 119//645 160//646
f 119//647 120//648 162//649 161//650
f 120//651 159//652 163//653 162//654
f 159//655 160//656 164//657 163//658
f 160//659 119//660 161//661 164//662
f 161//663 162//664 166//665 165//666
f 162//667 163//668 167//669 166//670
f 163//671 164//672 168//673 167//674
f 164//675 161//676 165//677 168//678
f 85/91/679 90/96/680 174/160/681 173/159/682
f 90/96/683 89/95/684 175/161/685 174/160/686
f 89/95/687 88/94/688 176/162/689 175/161/690
f 88/94/691 85/91/692 173/159/693 176/162/694
f 173/159/695 174/160/696 178/164/697 177/163/698
f 174/160/699 175/161/700 179/165/701 178/164/702
f 175/161/703 176/162/704 180/166/705 179/165/706
f 176/162/707 173/159/708 177/163/709 180/166/710
f 177/163/711 178/164/712 182/168/713 181/167/714
f 178/164/715 179/165/716 183/169/717 182/168/718
f 179/165/719 180/166/720 184/170/721 183/169/722
f 180/166/723 177/163/724 181/167/725 184/170/726
s 2
f 181/167/727 182/168/728 189/175/729 185/171/730
s off
f 182/168/731 183/169/732 187/173/733 186/172/734
f 184/170/735 181/167/736 185/171/737 188/174/738
f 187/173/739 188/174/740 190/176/741
s 2
f 189/175/729 182/168/728 186/172/742
s off
f 185/171/743 189/437/744 190/176/745 188/174/746
f 183/169/747 184/170/748 188/174/749 187/173/750
f 190/176/751 189/437/752 192/178/753 191/177/754
f 189/437/755 186/172/756 193/179/757 192/178/758
f 186/172/759 187/173/760 194/180/761 193/179/762
f 187/173/763 190/176/764 191/177/765 194/180/766
f 191/177/767 192/178/768 196/182/769 195/181/770
f 192/178/771 193/179/772 197/183/773 196/182/774
f 204/189/775 203/190/776 205/191/777 206/192/778
f 194/180/779 191/177/780 195/181/781 198/184/782
f 195/181/783 196/182/784 200/186/785 199/185/786
f 196/182/787 197/183/788 201/187/789 200/186/790
f 197/183/791 198/184/792 202/188/793 201/187/794
f 198/184/795 195/181/796 199/185/797 202/188/798
f 193/179/799 194/180/800 203/190/801 204/189/802
f 194/180/803 198/184/804 205/191/805 203/190/806
f 197/183/807 193/179/808 204/189/809 206/192/810
f 198/184/811 197/183/812 201/194/813 202/193/814
f 197/183/815 206/192/816 207/195/817 201/194/818
f 206/192/819 205/191/820 208/196/821 207/195/822
f 205/191/823 198/184/824 202/193/825 208/196/826
f 202/193/827 201/194/828 210/198/829 209/197/830
f 201/194/831 207/195/832 211/199/833 210/198/834
f 207/195/835 208/196/836 212/200/837 211/199/838
f 208/196/839 202/193/840 209/197/841 212/200/842
f 209/197/843 210/198/844 214/202/845 213/201/846
f 210/198/847 211/199/848 215/203/849 214/202/850
f 211/199/851 212/200/852 216/204/853 215/203/854
f 212/200/855 209/197/856 213/201/857 216/204/858
f 213/201/859 214/202/860 218/206/861 217/205/862
f 214/202/863 215/203/864 219/207/865 218/206/866
f 215/203/867 216/204/868 220/208/869 219/207/870
f 216/204/871 213/201/872 217/205/873 220/208/874
f 217/205/875 218/206/876 222/210/877 221/209/878
f 218/206/879 219/207/880 223/211/881 222/210/882
f 219/207/883 220/208/884 224/212/885 223/211/886
f 220/208/887 217/205/888 221/209/889 224/212/890
f 170//891 172//892 222//893 223//894
f 172//895 171//896 221//897 222//898
f 171//899 169//900 224//901 221//902
f 169//903 170//904 223//905 224//906
f 156//907 157//908 158//909 155//910
f 1/213/911 7/216/912 8/215/913 2/214/914
f 32/217/915 29/220/916 30/219/917 31/218/918
f 5/221/919 3/224/920 4/223/921 6/222/922
f 4/225/923 2/214/924 8/227/925 6/226/926
f 5/228/927 7/230/928 1/213/929 3/229/930
f 7/216/931 12/232/932 11/231/933 8/215/934
f 8/215/935 11/231/936 10/233/937 6/222/938
f 6/222/939 10/233/940 9/234/941 5/221/942
f 5/221/943 9/234/944 12/232/945 7/216/946
f 12/232/947 16/236/948 15/235/949 11/231/950
f 11/231/951 15/235/952 14/237/953 10/233/954
f 10/233/955 14/237/956 13/238/957 9/234/958
f 9/234/959 13/238/960 16/236/961 12/232/962
f 16/236/963 20/240/964 19/239/965 15/235/966
f 15/235/967 19/239/968 18/241/969 14/237/970
f 14/237/971 18/241/972 17/242/973 13/238/974
f 13/238/975 17/242/976 20/240/977 16/236/978
f 20/240/979 24/244/980 23/243/981 19/239/982
f 19/239/983 23/243/984 22/245/985 18/241/986
f 18/241/987 22/245/988 21/246/989 17/242/990
f 17/242/991 21/246/992 24/244/993 20/240/994
f 24/244/995 28/248/996 27/247/997 23/243/998
f 34/249/999 35/252/1000 36/251/1001 33/250/1002
f 22/245/1003 26/254/1004 25/253/1005 21/246/1006
f 21/246/1007 25/253/1008 28/248/1009 24/244/1010
f 28/248/1011 32/217/1012 31/218/1013 27/247/1014
f 35/252/1015 37/256/1016 38/255/1017 36/251/1018
f 26/254/1019 30/219/1020 29/220/1021 25/253/1022
f 25/253/1023 29/220/1024 32/217/1025 28/248/1026
f 23/243/1027 34/249/1028 33/250/1029 22/245/1030
f 22/245/1031 33/250/1032 36/251/1033 26/254/1034
f 27/247/1035 35/252/1036 34/249/1037 23/243/1038
f 26/254/1039 36/251/1040 38/255/1041 30/219/1042
f 65/257/1043 67/260/1044 68/259/1045 66/258/1046
f 31/218/1047 37/256/1048 35/252/1049 27/247/1050
f 30/219/1051 39/262/1052 40/261/1053 31/218/1054
f 31/218/1055 40/261/1056 42/263/1057 37/256/1058
f 37/256/1059 42/263/1060 41/264/1061 38/255/1062
f 38/255/1063 41/264/1064 39/262/1065 30/219/1066
f 39/262/1067 43/266/1068 44/265/1069 40/261/1070
f 40/261/1071 44/265/1072 46/267/1073 42/263/1074
f 42/263/1075 46/267/1076 45/268/1077 41/264/1078
f 41/264/1079 45/268/1080 43/266/1081 39/262/1082
f 43/266/1083 47/270/1084 48/269/1085 44/265/1086
f 44/265/1087 48/269/1088 50/271/1089 46/267/1090
f 46/267/1091 50/271/1092 49/272/1093 45/268/1094
f 45/268/1095 49/272/1096 47/270/1097 43/266/1098
f 47/270/1099 51/274/1100 52/273/1101 48/269/1102
f 48/269/1103 52/273/1104 54/275/1105 50/271/1106
f 50/271/1107 54/275/1108 53/276/1109 49/272/1110
f 49/272/1111 53/276/1112 51/274/1113 47/270/1114
f 51/274/1115 55/278/1116 56/277/1117 52/273/1118
f 52/273/1119 56/277/1120 58/279/1121 54/275/1122
f 54/275/1123 58/279/1124 57/280/1125 53/276/1126
f 53/276/1127 57/280/1128 55/278/1129 51/274/1130
f 55/278/1131 59/282/1132 60/281/1133 56/277/1134
f 56/277/1135 60/281/1136 58/279/1137
f 57/280/1138 59/282/1139 55/278/1140
f 59/282/1141 61/284/1142 62/283/1143 60/281/1144
f 60/281/1145 62/283/1146 64/285/1147 58/279/1148
f 57/280/1149 63/286/1150 61/284/1151 59/282/1152
f 61/284/1153 65/257/1154 66/258/1155 62/283/1156
f 62/283/1157 66/258/1158 68/259/1159 64/285/1160
f 63/286/1161 67/260/1162 65/257/1163 61/284/1164
f 58/279/1165 70/288/1166 69/287/1167 57/280/1168
f 57/280/1169 69/287/1170 63/286/1171
f 64/285/1172 70/288/1173 58/279/1174
f 63/286/1175 69/287/1176 72/289/1177 67/260/1178
f 67/260/1179 72/289/1180 71/290/1181 68/259/1182
f 68/259/1183 71/290/1184 70/288/1185 64/285/1186
f 70/288/1187 74/292/1188 73/291/1189 69/287/1190
f 69/287/1191 73/291/1192 76/293/1193
f 70/288/1194 75/294/1195 74/292/1196
f 69/287/1197 76/293/1198 78/295/1199 72/289/1200
f 72/289/1201 78/295/1202 77/296/1203 71/290/1204
f 71/290/1205 77/296/1206 75/294/1207 70/288/1208
f 76/293/1209 80/297/1210 78/295/1211
f 78/295/1212 80/297/1213 79/298/1214 77/296/1215
f 77/296/1216 79/298/1217 75/294/1218
f 73/291/1219 74/292/1220 75/294/1221 79/298/1222 80/297/1223 76/293/1224
f 3/229/1225 84/300/1226 83/299/1227 4/225/1228
f 4/225/1229 83/299/1230 82/301/1231 2/214/1232
f 2/214/1233 82/301/1234 81/302/1235 1/213/1236
f 1/213/1237 81/302/1238 84/300/1239 3/229/1240
f 84/300/1241 88/305/1242 89/304/1243 87/303/1244 83/299/1245
f 83/299/1246 87/303/1247 86/306/1248 82/301/1249
s 3
f 82/301/1250 90/307/1251 81/302/1252
s off
f 81/302/1253 85/308/1254 88/305/1255 84/300/1256
f 200/309/1257 201/312/1258 202/311/1259 199/310/1260
s 3
f 82/301/1250 86/306/1261 90/307/1251
f 90/307/1251 85/308/1262 81/302/1252
s off
f 90/307/1263 92/314/1264 91/313/1265 89/304/1266
f 89/304/1267 91/313/1268 94/315/1269 87/303/1270
f 87/303/1271 94/315/1272 93/316/1273 86/306/1274
f 86/306/1275 93/316/1276 92/314/1277 90/307/1278
f 92/314/1279 96/318/1280 95/317/1281 91/313/1282
f 91/313/1283 95/317/1284 98/319/1285 94/315/1286
f 94/315/1287 98/319/1288 97/320/1289 93/316/1290
f 93/316/1291 97/320/1292 96/318/1293 92/314/1294
f 96/318/1295 100/322/1296 99/321/1297 95/317/1298
f 95/317/1299 99/321/1300 102/323/1301 98/319/1302
f 98/319/1303 102/323/1304 101/324/1305 97/320/1306
f 97/320/1307 101/324/1308 100/322/1309 96/318/1310
f 99/321/1311 103/326/1312 106/325/1313 102/323/1314
f 102/323/1315 106/325/1316 105/327/1317 101/324/1318
f 101/324/1319 105/327/1320 104/328/1321 100/322/1322
f 104/328/1323 108/330/1324 107/329/1325 103/326/1326
f 103/326/1327 107/329/1328 110/331/1329 106/325/1330
f 106/325/1331 110/331/1332 109/332/1333 105/327/1334
f 105/327/1335 109/332/1336 108/330/1337 104/328/1338
f 233/433/1339 234/434/1340 235/435/1341 236/436/1342
f 107/329/1343 111/333/1344 114/335/1345 110/331/1346
f 110/331/1347 114/335/1348 113/336/1349 109/332/1350
f 109/332/1351 113/336/1352 112/334/1353 108/330/1354
f 112/334/1355 116/338/1356 115/337/1357 111/333/1358
f 111/333/1359 115/337/1360 118/339/1361 114/335/1362
f 114/335/1363 118/339/1364 117/340/1365 113/336/1366
f 113/336/1367 117/340/1368 116/338/1369 112/334/1370
f 115//1371 119//1372 122//1373 118//1374
f 118/339/1375 122/342/1376 121/341/1377 117/340/1378
f 117/340/1379 121/341/1380 120/343/1381 116/338/1382
f 100/322/1383 124/345/1384 123/344/1385 99/321/1386
f 99/321/1387 123/344/1388 126/346/1389 103/326/1390
f 103/326/1391 126/346/1392 125/347/1393 104/328/1394
f 104/328/1395 125/347/1396 124/345/1397 100/322/1398
f 124/345/1399 128/349/1400 127/348/1401 123/344/1402
f 123/344/1403 127/348/1404 130/350/1405 126/346/1406
f 126/346/1407 130/350/1408 129/351/1409 125/347/1410
f 125/347/1411 129/351/1412 128/349/1413 124/345/1414
f 128/349/1415 132/353/1416 131/352/1417 127/348/1418
f 127/348/1419 131/352/1420 134/354/1421 130/350/1422
f 130/350/1423 134/354/1424 133/355/1425 129/351/1426
f 129/351/1427 133/355/1428 132/353/1429 128/349/1430
f 132/353/1431 136/357/1432 135/356/1433 131/352/1434
f 131/352/1435 135/356/1436 138/358/1437 134/354/1438
f 134/354/1439 138/358/1440 137/359/1441 133/355/1442
f 133/355/1443 137/359/1444 136/357/1445 132/353/1446
f 136/357/1447 140/361/1448 139/360/1449 135/356/1450
f 135/356/1451 139/360/1452 142/362/1453 138/358/1454
f 138/358/1455 142/362/1456 141/363/1457 137/359/1458
f 137/359/1459 141/363/1460 140/361/1461 136/357/1462
s 4
f 139/360/1463 144/365/1464 143/364/1465
s off
f 139/360/1466 143/364/1467 146/366/1468 142/362/1469
f 142/362/1470 146/366/1471 145/367/1472 141/363/1473
f 141/363/1474 145/367/1475 144/365/1476 140/361/1477
s 5
f 144/365/1478 147/368/1479 143/364/1480
s off
f 143/364/1481 147/368/1482 150/370/1483 146/366/1484
f 146/366/1485 150/370/1486 149/371/1487 145/367/1488
f 145/367/1489 149/371/1490 148/369/1491 144/365/1492
s 6
f 147/368/1493 120/343/1494 119/372/1495
s off
f 147/368/1496 119/372/1497 152/373/1498 150/370/1499
f 150/370/1500 152/373/1501 151/374/1502 149/371/1503
f 149/371/1504 151/374/1505 120/343/1506 148/369/1507
f 115/337/1508 152/373/1509 119/372/1510
f 120/343/1511 151/374/1512 116/338/1513
f 116/338/1514 151/374/1515 152/373/1516 115/337/1517
f 119//1518 154//1519 122//1520
f 122//1521 154//1522 153//1523 121//1524
f 121//1525 153//1526 120//1527
f 119//1528 155//1529 158//1530 154//1531
f 154//1532 158//1533 157//1534 153//1535
f 153//1536 157//1537 156//1538 120//1539
f 119//1540 160//1541 155//1542
f 155//1543 160//1544 159//1545 156//1546
f 156//1547 159//1548 120//1549
f 120//1550 162//1551 161//1552 119//1553
f 119//1554 161//1555 164//1556 160//1557
f 160//1558 164//1559 163//1560 159//1561
f 159//1562 163//1563 162//1564 120//1565
f 162//1566 166//1567 165//1568 161//1569
f 161//1570 165//1571 168//1572 164//1573
f 164//1574 168//1575 167//1576 163//1577
f 163//1578 167//1579 166//1580 162//1581
f 88/305/1582 176/376/1583 175/375/1584 89/304/1585
f 89/304/1586 175/375/1587 174/377/1588 90/307/1589
f 90/307/1590 174/377/1591 173/378/1592 85/308/1593
f 85/308/1594 173/378/1595 176/376/1596 88/305/1597
f 176/376/1598 180/380/1599 179/379/1600 175/375/1601
f 175/375/1602 179/379/1603 178/381/1604 174/377/1605
f 174/377/1606 178/381/1607 177/382/1608 173/378/1609
f 173/378/1610 177/382/1611 180/380/1612 176/376/1613
f 180/380/1614 184/384/1615 183/383/1616 179/379/1617
f 179/379/1618 183/383/1619 182/385/1620 178/381/1621
f 178/381/1622 182/385/1623 181/386/1624 177/382/1625
f 177/382/1626 181/386/1627 184/384/1628 180/380/1629
s 7
f 184/384/1630 188/388/1631 190/387/1632 183/383/1633
s off
f 183/383/1634 187/390/1635 186/389/1636 182/385/1637
f 181/386/1638 185/391/1639 188/388/1640 184/384/1641
f 186/389/1642 189/392/1643 185/391/1644
s 7
f 190/387/1632 187/390/1645 183/383/1633
s off
f 188/388/1646 185/391/1647 189/392/1648 190/438/1649
f 182/385/1650 186/389/1651 185/391/1652 181/386/1653
f 189/392/1654 192/394/1655 191/393/1656 190/438/1657
f 190/438/1658 191/393/1659 194/395/1660 187/390/1661
f 187/390/1662 194/395/1663 193/396/1664 186/389/1665
f 186/389/1666 193/396/1667 192/394/1668 189/392/1669
f 192/394/1670 196/398/1671 195/397/1672 191/393/1673
f 191/393/1674 195/397/1675 198/399/1676 194/395/1677
f 203/400/1678 205/403/1679 206/402/1680 204/401/1681
f 193/396/1682 197/404/1683 196/398/1684 192/394/1685
f 196/398/1686 200/309/1687 199/310/1688 195/397/1689
f 195/397/1690 199/310/1691 202/311/1692 198/399/1693
f 198/399/1694 202/311/1695 201/312/1696 197/404/1697
f 197/404/1698 201/312/1699 200/309/1700 196/398/1701
f 194/395/1702 203/400/1703 204/401/1704 193/396/1705
f 193/396/1706 204/401/1707 206/402/1708 197/404/1709
f 198/399/1710 205/403/1711 203/400/1712 194/395/1713
f 197/404/1714 201/406/1715 202/405/1716 198/399/1717
f 198/399/1718 202/405/1719 208/407/1720 205/403/1721
f 205/403/1722 208/407/1723 207/408/1724 206/402/1725
f 206/402/1726 207/408/1727 201/406/1728 197/404/1729
f 201/406/1730 210/410/1731 209/409/1732 202/405/1733
f 202/405/1734 209/409/1735 212/411/1736 208/407/1737
f 208/407/1738 212/411/1739 211/412/1740 207/408/1741
f 207/408/1742 211/412/1743 210/410/1744 201/406/1745
f 210/410/1746 214/414/1747 213/413/1748 209/409/1749
f 209/409/1750 213/413/1751 216/415/1752 212/411/1753
f 212/411/1754 216/415/1755 215/416/1756 211/412/1757
f 211/412/1758 215/416/1759 214/414/1760 210/410/1761
f 214/414/1762 218/418/1763 217/417/1764 213/413/1765
f 213/413/1766 217/417/1767 220/419/1768 216/415/1769
f 216/415/1770 220/419/1771 219/420/1772 215/416/1773
f 215/416/1774 219/420/1775 218/418/1776 214/414/1777
f 218/418/1778 222/422/1779 221/421/1780 217/417/1781
f 217/417/1782 221/421/1783 224/423/1784 220/419/1785
f 220/419/1786 224/423/1787 223/424/1788 219/420/1789
f 219/420/1790 223/424/1791 222/422/1792 218/418/1793
f 169//1794 224//1795 221//1796 171//1797
f 171//1798 221//1799 222//1800 172//1801
f 172//1802 222//1803 223//1804 170//1805
f 170//1806 223//1807 224//1808 169//1809
f 108/330/1810 112/334/1811 226/426/1812 225/425/1813
f 112/334/1814 111/333/1815 227/427/1816 226/426/1817
f 111/333/1818 107/329/1819 228/428/1820 227/427/1821
f 107/329/1822 108/330/1823 225/425/1824 228/428/1825
f 225/425/1826 226/426/1827 230/430/1828 229/429/1829
f 226/426/1830 227/427/1831 231/431/1832 230/430/1833
f 227/427/1834 228/428/1835 232/432/1836 231/431/1837
f 228/428/1838 225/425/1839 229/429/1840 232/432/1841
f 229/429/1842 230/430/1843 234/434/1844 233/433/1845
f 230/430/1846 231/431/1847 235/435/1848 234/434/1849
f 231/431/1850 232/432/1851 236/436/1852 235/435/1853
f 232/432/1854 229/429/1855 233/433/1856 236/436/1857
f 238//1858 237//1859 239//1860 240//1861
f 169//1862 171//1863 239//1864 237//1865
f 171//1866 172//1867 240//1868 239//1869
f 172//1870 170//1871 238//1872 240//1873
f 166//1874 167//1875 242//1876 241//1877
f 167//1878 168//1879 243//1880 242//1881
f 168//1882 165//1883 244//1884 243//1885
f 165//1886 166//1887 241//1888 244//1889
f 170//1890 169//1891 244//1892 241//1893
f 169//1894 237//1895 243//1896 244//1897
f 237//1898 238//1899 242//1900 243//1901
f 238//1902 170//1903 241//1904 242//1905
s 4
f 140/361/1906 144/365/1464 139/360/1463
s 5
f 144/365/1478 148/369/1907 147/368/1479
s 6
f 148/369/1908 120/343/1494 147/368/1493
s off
f 399//1909 402//1910 401//1911 400//1912
f 247/439/1913 249/442/1914 250/441/1915 248/440/1916
f 273/443/1917 276/446/1918 275/445/1919 274/444/1920
f 251/447/1921 245/450/1922 246/449/1923 252/448/1924
f 246/451/1925 248/440/1926 250/453/1927 252/452/1928
f 251/454/1929 249/456/1930 247/439/1931 245/455/1932
f 249/442/1933 253/458/1934 254/457/1935 250/441/1936
f 250/441/1937 254/457/1938 255/459/1939 252/448/1940
f 252/448/1941 255/459/1942 256/460/1943 251/447/1944
f 251/447/1945 256/460/1946 253/458/1947 249/442/1948
f 253/458/1949 257/462/1950 258/461/1951 254/457/1952
f 254/457/1953 258/461/1954 259/463/1955 255/459/1956
f 255/459/1957 259/463/1958 260/464/1959 256/460/1960
f 256/460/1961 260/464/1962 257/462/1963 253/458/1964
f 257/462/1965 261/466/1966 262/465/1967 258/461/1968
f 258/461/1969 262/465/1970 263/467/1971 259/463/1972
f 259/463/1973 263/467/1974 264/468/1975 260/464/1976
f 260/464/1977 264/468/1978 261/466/1979 257/462/1980
f 261/466/1981 265/470/1982 266/469/1983 262/465/1984
f 262/465/1985 266/469/1986 267/471/1987 263/467/1988
f 263/467/1989 267/471/1990 268/472/1991 264/468/1992
f 264/468/1993 268/472/1994 265/470/1995 261/466/1996
f 265/470/1997 269/474/1998 270/473/1999 266/469/2000
f 277/475/2001 280/478/2002 279/477/2003 278/476/2004
f 267/471/2005 271/480/2006 272/479/2007 268/472/2008
f 268/472/2009 272/479/2010 269/474/2011 265/470/2012
f 269/474/2013 273/443/2014 274/444/2015 270/473/2016
f 280/478/2017 282/482/2018 281/481/2019 279/477/2020
f 271/480/2021 275/445/2022 276/446/2023 272/479/2024
f 272/479/2025 276/446/2026 273/443/2027 269/474/2028
f 266/469/2029 277/475/2030 278/476/2031 267/471/2032
f 267/471/2033 278/476/2034 279/477/2035 271/480/2036
f 270/473/2037 280/478/2038 277/475/2039 266/469/2040
f 271/480/2041 279/477/2042 281/481/2043 275/445/2044
f 310/483/2045 312/486/2046 311/485/2047 309/484/2048
f 274/444/2049 282/482/2050 280/478/2051 270/473/2052
f 275/445/2053 284/488/2054 283/487/2055 274/444/2056
f 274/444/2057 283/487/2058 285/489/2059 282/482/2060
f 282/482/2061 285/489/2062 286/490/2063 281/481/2064
f 281/481/2065 286/490/2066 284/488/2067 275/445/2068
f 284/488/2069 288/492/2070 287/491/2071 283/487/2072
f 283/487/2073 287/491/2074 289/493/2075 285/489/2076
f 285/489/2077 289/493/2078 290/494/2079 286/490/2080
f 286/490/2081 290/494/2082 288/492/2083 284/488/2084
f 288/492/2085 292/496/2086 291/495/2087 287/491/2088
f 287/491/2089 291/495/2090 293/497/2091 289/493/2092
f 289/493/2093 293/497/2094 294/498/2095 290/494/2096
f 290/494/2097 294/498/2098 292/496/2099 288/492/2100
f 292/496/2101 296/500/2102 295/499/2103 291/495/2104
f 291/495/2105 295/499/2106 297/501/2107 293/497/2108
f 293/497/2109 297/501/2110 298/502/2111 294/498/2112
f 294/498/2113 298/502/2114 296/500/2115 292/496/2116
f 296/500/2117 300/504/2118 299/503/2119 295/499/2120
f 295/499/2121 299/503/2122 301/505/2123 297/501/2124
f 297/501/2125 301/505/2126 302/506/2127 298/502/2128
f 298/502/2129 302/506/2130 300/504/2131 296/500/2132
f 300/504/2133 304/508/2134 303/507/2135 299/503/2136
f 299/503/2137 303/507/2138 301/505/2139
f 302/506/2140 304/508/2141 300/504/2142
f 304/508/2143 306/510/2144 305/509/2145 303/507/2146
f 303/507/2147 305/509/2148 307/511/2149 301/505/2150
f 302/506/2151 308/512/2152 306/510/2153 304/508/2154
f 306/510/2155 310/483/2156 309/484/2157 305/509/2158
f 305/509/2159 309/484/2160 311/485/2161 307/511/2162
f 308/512/2163 312/486/2164 310/483/2165 306/510/2166
f 301/505/2167 313/514/2168 314/513/2169 302/506/2170
f 302/506/2171 314/513/2172 308/512/2173
f 307/511/2174 313/514/2175 301/505/2176
f 308/512/2177 314/513/2178 315/515/2179 312/486/2180
f 312/486/2181 315/515/2182 316/516/2183 311/485/2184
f 311/485/2185 316/516/2186 313/514/2187 307/511/2188
f 313/514/2189 317/518/2190 318/517/2191 314/513/2192
f 314/513/2193 318/517/2194 319/519/2195
f 313/514/2196 320/520/2197 317/518/2198
f 314/513/2199 319/519/2200 321/521/2201 315/515/2202
f 315/515/2203 321/521/2204 322/522/2205 316/516/2206
f 316/516/2207 322/522/2208 320/520/2209 313/514/2210
f 319/519/2211 323/523/2212 321/521/2213
f 321/521/2214 323/523/2215 324/524/2216 322/522/2217
f 322/522/2218 324/524/2219 320/520/2220
f 318/517/2221 317/518/2222 320/520/2223 324/524/2224 323/523/2225 319/519/2226
f 245/455/2227 325/526/2228 326/525/2229 246/451/2230
f 246/451/2231 326/525/2232 327/527/2233 248/440/2234
f 248/440/2235 327/527/2236 328/528/2237 247/439/2238
f 247/439/2239 328/528/2240 325/526/2241 245/455/2242
f 325/526/2243 329/531/2244 334/530/2245 330/529/2246 326/525/2247
f 326/525/2248 330/529/2249 331/532/2250 327/527/2251
s 8
f 327/527/2252 333/533/2253 328/528/2254
s off
f 328/528/2255 332/534/2256 329/531/2257 325/526/2258
f 443/535/2259 446/538/2260 445/537/2261 444/536/2262
s 8
f 327/527/2252 331/532/2263 333/533/2253
f 333/533/2253 332/534/2264 328/528/2254
s off
f 333/533/2265 335/540/2266 336/539/2267 334/530/2268
f 334/530/2269 336/539/2270 337/541/2271 330/529/2272
f 330/529/2273 337/541/2274 338/542/2275 331/532/2276
f 331/532/2277 338/542/2278 335/540/2279 333/533/2280
f 335/540/2281 339/544/2282 340/543/2283 336/539/2284
f 336/539/2285 340/543/2286 341/545/2287 337/541/2288
f 337/541/2289 341/545/2290 342/546/2291 338/542/2292
f 338/542/2293 342/546/2294 339/544/2295 335/540/2296
f 339/544/2297 343/548/2298 344/547/2299 340/543/2300
f 340/543/2301 344/547/2302 345/549/2303 341/545/2304
f 341/545/2305 345/549/2306 346/550/2307 342/546/2308
f 342/546/2309 346/550/2310 343/548/2311 339/544/2312
f 344/547/2313 348/552/2314 349/551/2315 345/549/2316
f 345/549/2317 349/551/2318 350/553/2319 346/550/2320
f 346/550/2321 350/553/2322 347/554/2323 343/548/2324
f 347/554/2325 351/556/2326 352/555/2327 348/552/2328
f 348/552/2329 352/555/2330 353/557/2331 349/551/2332
f 349/551/2333 353/557/2334 354/558/2335 350/553/2336
f 350/553/2337 354/558/2338 351/556/2339 347/554/2340
f 351/556/2341 355/560/2342 356/559/2343 352/555/2344
f 352/555/2345 356/559/2346 357/561/2347 353/557/2348
f 353/557/2349 357/561/2350 358/562/2351 354/558/2352
f 354/558/2353 358/562/2354 355/560/2355 351/556/2356
f 355/560/2357 359/564/2358 360/563/2359 356/559/2360
f 356/559/2361 360/563/2362 361/565/2363 357/561/2364
f 357/561/2365 361/565/2366 362/566/2367 358/562/2368
f 358/562/2369 362/566/2370 359/564/2371 355/560/2372
f 360//2373 364//2374 365//2375 361//2376
f 361/565/2377 365/568/2378 366/567/2379 362/566/2380
f 362/566/2381 366/567/2382 363/569/2383 359/564/2384
f 343/548/2385 367/571/2386 368/570/2387 344/547/2388
f 344/547/2389 368/570/2390 369/572/2391 348/552/2392
f 348/552/2393 369/572/2394 370/573/2395 347/554/2396
f 347/554/2397 370/573/2398 367/571/2399 343/548/2400
f 367/571/2401 371/575/2402 372/574/2403 368/570/2404
f 368/570/2405 372/574/2406 373/576/2407 369/572/2408
f 369/572/2409 373/576/2410 374/577/2411 370/573/2412
f 370/573/2413 374/577/2414 371/575/2415 367/571/2416
f 371/575/2417 375/579/2418 376/578/2419 372/574/2420
f 372/574/2421 376/578/2422 377/580/2423 373/576/2424
f 373/576/2425 377/580/2426 378/581/2427 374/577/2428
f 374/577/2429 378/581/2430 375/579/2431 371/575/2432
f 375/579/2433 379/583/2434 380/582/2435 376/578/2436
f 376/578/2437 380/582/2438 381/584/2439 377/580/2440
f 377/580/2441 381/584/2442 382/585/2443 378/581/2444
f 378/581/2445 382/585/2446 379/583/2447 375/579/2448
f 379/583/2449 383/587/2450 384/586/2451 380/582/2452
f 380/582/2453 384/586/2454 385/588/2455 381/584/2456
f 381/584/2457 385/588/2458 386/589/2459 382/585/2460
f 382/585/2461 386/589/2462 383/587/2463 379/583/2464
f 383/587/2465 387/591/2466 388/590/2467 384/586/2468
f 384/586/2469 388/590/2470 389/592/2471 385/588/2472
f 385/588/2473 389/592/2474 390/593/2475 386/589/2476
f 386/589/2477 390/593/2478 387/591/2479 383/587/2480
f 387/591/2481 391/595/2482 392/594/2483 388/590/2484
f 388/590/2485 392/594/2486 393/596/2487 389/592/2488
f 389/592/2489 393/596/2490 394/597/2491 390/593/2492
f 390/593/2493 394/597/2494 391/595/2495 387/591/2496
f 391/595/2497 363/569/2498 364/598/2499 392/594/2500
f 392/594/2501 364/598/2502 395/599/2503 393/596/2504
f 393/596/2505 395/599/2506 396/600/2507 394/597/2508
f 394/597/2509 396/600/2510 363/569/2511 391/595/2512
f 360/563/2513 395/599/2514 364/598/2515
f 363/569/2516 396/600/2517 359/564/2518
f 359/564/2519 396/600/2520 395/599/2521 360/563/2522
f 364//2523 397//2524 365//2525
f 365//2526 397//2527 398//2528 366//2529
f 366//2530 398//2531 363//2532
f 364//2533 400//2534 401//2535 397//2536
f 397//2537 401//2538 402//2539 398//2540
f 398//2541 402//2542 399//2543 363//2544
f 364//2545 403//2546 400//2547
f 400//2548 403//2549 404//2550 399//2551
f 399//2552 404//2553 363//2554
f 363//2555 405//2556 406//2557 364//2558
f 364//2559 406//2560 407//2561 403//2562
f 403//2563 407//2564 408//2565 404//2566
f 404//2567 408//2568 405//2569 363//2570
f 405//2571 409//2572 410//2573 406//2574
f 406//2575 410//2576 411//2577 407//2578
f 407//2579 411//2580 412//2581 408//2582
f 408//2583 412//2584 409//2585 405//2586
f 329/531/2587 417/602/2588 418/601/2589 334/530/2590
f 334/530/2591 418/601/2592 419/603/2593 333/533/2594
f 333/533/2595 419/603/2596 420/604/2597 332/534/2598
f 332/534/2599 420/604/2600 417/602/2601 329/531/2602
f 417/602/2603 421/606/2604 422/605/2605 418/601/2606
f 418/601/2607 422/605/2608 423/607/2609 419/603/2610
f 419/603/2611 423/607/2612 424/608/2613 420/604/2614
f 420/604/2615 424/608/2616 421/606/2617 417/602/2618
f 421/606/2619 425/610/2620 426/609/2621 422/605/2622
f 422/605/2623 426/609/2624 427/611/2625 423/607/2626
f 423/607/2627 427/611/2628 428/612/2629 424/608/2630
f 424/608/2631 428/612/2632 425/610/2633 421/606/2634
s 9
f 425/610/2635 429/614/2636 433/613/2637 426/609/2638
s off
f 426/609/2639 430/616/2640 431/615/2641 427/611/2642
f 428/612/2643 432/617/2644 429/614/2645 425/610/2646
f 431/615/2647 434/618/2648 432/617/2649
s 9
f 433/613/2637 430/616/2650 426/609/2638
s off
f 429/614/2651 432/617/2652 434/618/2653 433/619/2654
f 427/611/2655 431/615/2656 432/617/2657 428/612/2658
f 434/618/2659 435/621/2660 436/620/2661 433/619/2662
f 433/619/2663 436/620/2664 437/622/2665 430/616/2666
f 430/616/2667 437/622/2668 438/623/2669 431/615/2670
f 431/615/2671 438/623/2672 435/621/2673 434/618/2674
f 435/621/2675 439/625/2676 440/624/2677 436/620/2678
f 436/620/2679 440/624/2680 441/626/2681 437/622/2682
f 448/627/2683 450/630/2684 449/629/2685 447/628/2686
f 438/623/2687 442/631/2688 439/625/2689 435/621/2690
f 439/625/2691 443/535/2692 444/536/2693 440/624/2694
f 440/624/2695 444/536/2696 445/537/2697 441/626/2698
f 441/626/2699 445/537/2700 446/538/2701 442/631/2702
f 442/631/2703 446/538/2704 443/535/2705 439/625/2706
f 437/622/2707 448/627/2708 447/628/2709 438/623/2710
f 438/623/2711 447/628/2712 449/629/2713 442/631/2714
f 441/626/2715 450/630/2716 448/627/2717 437/622/2718
f 442/631/2719 446/633/2720 445/632/2721 441/626/2722
f 441/626/2723 445/632/2724 451/634/2725 450/630/2726
f 450/630/2727 451/634/2728 452/635/2729 449/629/2730
f 449/629/2731 452/635/2732 446/633/2733 442/631/2734
f 446/633/2735 453/637/2736 454/636/2737 445/632/2738
f 445/632/2739 454/636/2740 455/638/2741 451/634/2742
f 451/634/2743 455/638/2744 456/639/2745 452/635/2746
f 452/635/2747 456/639/2748 453/637/2749 446/633/2750
f 453/637/2751 457/641/2752 458/640/2753 454/636/2754
f 454/636/2755 458/640/2756 459/642/2757 455/638/2758
f 455/638/2759 459/642/2760 460/643/2761 456/639/2762
f 456/639/2763 460/643/2764 457/641/2765 453/637/2766
f 457/641/2767 461/645/2768 462/644/2769 458/640/2770
f 458/640/2771 462/644/2772 463/646/2773 459/642/2774
f 459/642/2775 463/646/2776 464/647/2777 460/643/2778
f 460/643/2779 464/647/2780 461/645/2781 457/641/2782
f 461/645/2783 465/649/2784 466/648/2785 462/644/2786
f 462/644/2787 466/648/2788 467/650/2789 463/646/2790
f 463/646/2791 467/650/2792 468/651/2793 464/647/2794
f 464/647/2795 468/651/2796 465/649/2797 461/645/2798
f 414//2799 467//2800 466//2801 416//2802
f 416//2803 466//2804 465//2805 415//2806
f 415//2807 465//2808 468//2809 413//2810
f 413//2811 468//2812 467//2813 414//2814
f 400//2815 399//2816 402//2817 401//2818
f 245/652/2819 246/655/2820 252/654/2821 251/653/2822
f 276/656/2823 275/659/2824 274/658/2825 273/657/2826
f 249/660/2827 250/663/2828 248/662/2829 247/661/2830
f 248/664/2831 250/666/2832 252/665/2833 246/655/2834
f 249/667/2835 247/669/2836 245/652/2837 251/668/2838
f 251/653/2839 252/654/2840 255/671/2841 256/670/2842
f 252/654/2843 250/663/2844 254/672/2845 255/671/2846
f 250/663/2847 249/660/2848 253/673/2849 254/672/2850
f 249/660/2851 251/653/2852 256/670/2853 253/673/2854
f 256/670/2855 255/671/2856 259/675/2857 260/674/2858
f 255/671/2859 254/672/2860 258/676/2861 259/675/2862
f 254/672/2863 253/673/2864 257/677/2865 258/676/2866
f 253/673/2867 256/670/2868 260/674/2869 257/677/2870
f 260/674/2871 259/675/2872 263/679/2873 264/678/2874
f 259/675/2875 258/676/2876 262/680/2877 263/679/2878
f 258/676/2879 257/677/2880 261/681/2881 262/680/2882
f 257/677/2883 260/674/2884 264/678/2885 261/681/2886
f 264/678/2887 263/679/2888 267/683/2889 268/682/2890
f 263/679/2891 262/680/2892 266/684/2893 267/683/2894
f 262/680/2895 261/681/2896 265/685/2897 266/684/2898
f 261/681/2899 264/678/2900 268/682/2901 265/685/2902
f 268/682/2903 267/683/2904 271/687/2905 272/686/2906
f 278/688/2907 277/691/2908 280/690/2909 279/689/2910
f 266/684/2911 265/685/2912 269/693/2913 270/692/2914
f 265/685/2915 268/682/2916 272/686/2917 269/693/2918
f 272/686/2919 271/687/2920 275/659/2921 276/656/2922
f 279/689/2923 280/690/2924 282/695/2925 281/694/2926
f 270/692/2927 269/693/2928 273/657/2929 274/658/2930
f 269/693/2931 272/686/2932 276/656/2933 273/657/2934
f 267/683/2935 266/684/2936 277/691/2937 278/688/2938
f 266/684/2939 270/692/2940 280/690/2941 277/691/2942
f 271/687/2943 267/683/2944 278/688/2945 279/689/2946
f 270/692/2947 274/658/2948 282/695/2949 280/690/2950
f 309/696/2951 310/699/2952 312/698/2953 311/697/2954
f 275/659/2955 271/687/2956 279/689/2957 281/694/2958
f 274/658/2959 275/659/2960 284/701/2961 283/700/2962
f 275/659/2963 281/694/2964 286/702/2965 284/701/2966
f 281/694/2967 282/695/2968 285/703/2969 286/702/2970
f 282/695/2971 274/658/2972 283/700/2973 285/703/2974
f 283/700/2975 284/701/2976 288/705/2977 287/704/2978
f 284/701/2979 286/702/2980 290/706/2981 288/705/2982
f 286/702/2983 285/703/2984 289/707/2985 290/706/2986
f 285/703/2987 283/700/2988 287/704/2989 289/707/2990
f 287/704/2991 288/705/2992 292/709/2993 291/708/2994
f 288/705/2995 290/706/2996 294/710/2997 292/709/2998
f 290/706/2999 289/707/3000 293/711/3001 294/710/3002
f 289/707/3003 287/704/3004 291/708/3005 293/711/3006
f 291/708/3007 292/709/3008 296/713/3009 295/712/3010
f 292/709/3011 294/710/3012 298/714/3013 296/713/3014
f 294/710/3015 293/711/3016 297/715/3017 298/714/3018
f 293/711/3019 291/708/3020 295/712/3021 297/715/3022
f 295/712/3023 296/713/3024 300/717/3025 299/716/3026
f 296/713/3027 298/714/3028 302/718/3029 300/717/3030
f 298/714/3031 297/715/3032 301/719/3033 302/718/3034
f 297/715/3035 295/712/3036 299/716/3037 301/719/3038
f 299/716/3039 300/717/3040 304/721/3041 303/720/3042
f 300/717/3043 302/718/3044 304/721/3045
f 301/719/3046 299/716/3047 303/720/3048
f 303/720/3049 304/721/3050 306/723/3051 305/722/3052
f 304/721/3053 302/718/3054 308/724/3055 306/723/3056
f 301/719/3057 303/720/3058 305/722/3059 307/725/3060
f 305/722/3061 306/723/3062 310/699/3063 309/696/3064
f 306/723/3065 308/724/3066 312/698/3067 310/699/3068
f 307/725/3069 305/722/3070 309/696/3071 311/697/3072
f 302/718/3073 301/719/3074 313/727/3075 314/726/3076
f 301/719/3077 307/725/3078 313/727/3079
f 308/724/3080 302/718/3081 314/726/3082
f 307/725/3083 311/697/3084 316/728/3085 313/727/3086
f 311/697/3087 312/698/3088 315/729/3089 316/728/3090
f 312/698/3091 308/724/3092 314/726/3093 315/729/3094
f 314/726/3095 313/727/3096 317/731/3097 318/730/3098
f 313/727/3099 320/732/3100 317/731/3101
f 314/726/3102 318/730/3103 319/733/3104
f 313/727/3105 316/728/3106 322/734/3107 320/732/3108
f 316/728/3109 315/729/3110 321/735/3111 322/734/3112
f 315/729/3113 314/726/3114 319/733/3115 321/735/3116
f 320/732/3117 322/734/3118 324/736/3119
f 322/734/3120 321/735/3121 323/737/3122 324/736/3123
f 321/735/3124 319/733/3125 323/737/3126
f 317/731/3127 320/732/3128 324/736/3129 323/737/3130 319/733/3131 318/730/3132
f 247/669/3133 248/664/3134 327/739/3135 328/738/3136
f 248/664/3137 246/655/3138 326/740/3139 327/739/3140
f 246/655/3141 245/652/3142 325/741/3143 326/740/3144
f 245/652/3145 247/669/3146 328/738/3147 325/741/3148
f 328/738/3149 327/739/3150 331/744/3151 333/743/3152 332/742/3153
f 327/739/3154 326/740/3155 330/745/3156 331/744/3157
s 10
f 326/740/3158 325/741/3159 334/746/3160
s off
f 325/741/3161 328/738/3162 332/742/3163 329/747/3164
f 444/748/3165 443/751/3166 446/750/3167 445/749/3168
s 10
f 326/740/3158 334/746/3160 330/745/3169
f 334/746/3160 325/741/3159 329/747/3170
s off
f 334/746/3171 333/743/3172 335/753/3173 336/752/3174
f 333/743/3175 331/744/3176 338/754/3177 335/753/3178
f 331/744/3179 330/745/3180 337/755/3181 338/754/3182
f 330/745/3183 334/746/3184 336/752/3185 337/755/3186
f 336/752/3187 335/753/3188 339/757/3189 340/756/3190
f 335/753/3191 338/754/3192 342/758/3193 339/757/3194
f 338/754/3195 337/755/3196 341/759/3197 342/758/3198
f 337/755/3199 336/752/3200 340/756/3201 341/759/3202
f 340/756/3203 339/757/3204 343/761/3205 344/760/3206
f 339/757/3207 342/758/3208 346/762/3209 343/761/3210
f 342/758/3211 341/759/3212 345/763/3213 346/762/3214
f 341/759/3215 340/756/3216 344/760/3217 345/763/3218
f 343/761/3219 346/762/3220 350/765/3221 347/764/3222
f 346/762/3223 345/763/3224 349/766/3225 350/765/3226
f 345/763/3227 344/760/3228 348/767/3229 349/766/3230
f 348/767/3231 347/764/3232 351/769/3233 352/768/3234
f 347/764/3235 350/765/3236 354/770/3237 351/769/3238
f 350/765/3239 349/766/3240 353/771/3241 354/770/3242
f 349/766/3243 348/767/3244 352/768/3245 353/771/3246
f 477/772/3247 480/775/3248 479/774/3249 478/773/3250
f 351/769/3251 354/770/3252 358/777/3253 355/776/3254
f 354/770/3255 353/771/3256 357/778/3257 358/777/3258
f 353/771/3259 352/768/3260 356/779/3261 357/778/3262
f 356/779/3263 355/776/3264 359/781/3265 360/780/3266
f 355/776/3267 358/777/3268 362/782/3269 359/781/3270
f 358/777/3271 357/778/3272 361/783/3273 362/782/3274
f 357/778/3275 356/779/3276 360/780/3277 361/783/3278
f 359//3279 362//3280 366//3281 363//3282
f 362/782/3283 361/783/3284 365/785/3285 366/784/3286
f 361/783/3287 360/780/3288 364/786/3289 365/785/3290
f 344/760/3291 343/761/3292 367/788/3293 368/787/3294
f 343/761/3295 347/764/3296 370/789/3297 367/788/3298
f 347/764/3299 348/767/3300 369/790/3301 370/789/3302
f 348/767/3303 344/760/3304 368/787/3305 369/790/3306
f 368/787/3307 367/788/3308 371/792/3309 372/791/3310
f 367/788/3311 370/789/3312 374/793/3313 371/792/3314
f 370/789/3315 369/790/3316 373/794/3317 374/793/3318
f 369/790/3319 368/787/3320 372/791/3321 373/794/3322
f 372/791/3323 371/792/3324 375/796/3325 376/795/3326
f 371/792/3327 374/793/3328 378/797/3329 375/796/3330
f 374/793/3331 373/794/3332 377/798/3333 378/797/3334
f 373/794/3335 372/791/3336 376/795/3337 377/798/3338
f 376/795/3339 375/796/3340 379/800/3341 380/799/3342
f 375/796/3343 378/797/3344 382/801/3345 379/800/3346
f 378/797/3347 377/798/3348 381/802/3349 382/801/3350
f 377/798/3351 376/795/3352 380/799/3353 381/802/3354
f 380/799/3355 379/800/3356 383/804/3357 384/803/3358
f 379/800/3359 382/801/3360 386/805/3361 383/804/3362
f 382/801/3363 381/802/3364 385/806/3365 386/805/3366
f 381/802/3367 380/799/3368 384/803/3369 385/806/3370
s 11
f 383/804/3371 387/808/3372 388/807/3373
s off
f 383/804/3374 386/805/3375 390/809/3376 387/808/3377
f 386/805/3378 385/806/3379 389/810/3380 390/809/3381
f 385/806/3382 384/803/3383 388/807/3384 389/810/3385
s 12
f 388/807/3386 387/808/3387 391/811/3388
s off
f 387/808/3389 390/809/3390 394/812/3391 391/811/3392
f 390/809/3393 389/810/3394 393/813/3395 394/812/3396
f 389/810/3397 388/807/3398 392/814/3399 393/813/3400
s 13
f 391/811/3401 363/815/3402 364/786/3403
s off
f 391/811/3404 394/812/3405 396/816/3406 363/815/3407
f 394/812/3408 393/813/3409 395/817/3410 396/816/3411
f 393/813/3412 392/814/3413 364/786/3414 395/817/3415
f 359/781/3416 363/815/3417 396/816/3418
f 364/786/3419 360/780/3420 395/817/3421
f 360/780/3422 359/781/3423 396/816/3424 395/817/3425
f 363//3426 366//3427 398//3428
f 366//3429 365//3430 397//3431 398//3432
f 365//3433 364//3434 397//3435
f 363//3436 398//3437 402//3438 399//3439
f 398//3440 397//3441 401//3442 402//3443
f 397//3444 364//3445 400//3446 401//3447
f 363//3448 399//3449 404//3450
f 399//3451 400//3452 403//3453 404//3454
f 400//3455 364//3456 403//3457
f 364//3458 363//3459 405//3460 406//3461
f 363//3462 404//3463 408//3464 405//3465
f 404//3466 403//3467 407//3468 408//3469
f 403//3470 364//3471 406//3472 407//3473
f 406//3474 405//3475 409//3476 410//3477
f 405//3478 408//3479 412//3480 409//3481
f 408//3482 407//3483 411//3484 412//3485
f 407//3486 406//3487 410//3488 411//3489
f 332/742/3490 333/743/3491 419/819/3492 420/818/3493
f 333/743/3494 334/746/3495 418/820/3496 419/819/3497
f 334/746/3498 329/747/3499 417/821/3500 418/820/3501
f 329/747/3502 332/742/3503 420/818/3504 417/821/3505
f 420/818/3506 419/819/3507 423/823/3508 424/822/3509
f 419/819/3510 418/820/3511 422/824/3512 423/823/3513
f 418/820/3514 417/821/3515 421/825/3516 422/824/3517
f 417/821/3518 420/818/3519 424/822/3520 421/825/3521
f 424/822/3522 423/823/3523 427/827/3524 428/826/3525
f 423/823/3526 422/824/3527 426/828/3528 427/827/3529
f 422/824/3530 421/825/3531 425/829/3532 426/828/3533
f 421/825/3534 424/822/3535 428/826/3536 425/829/3537
s 14
f 428/826/3538 427/827/3539 434/831/3540 432/830/3541
s off
f 427/827/3542 426/828/3543 430/833/3544 431/832/3545
f 425/829/3546 428/826/3547 432/830/3548 429/834/3549
f 430/833/3550 429/834/3551 433/835/3552
s 14
f 434/831/3540 427/827/3539 431/832/3553
s off
f 432/830/3554 434/836/3555 433/835/3556 429/834/3557
f 426/828/3558 425/829/3559 429/834/3560 430/833/3561
f 433/835/3562 434/836/3563 435/838/3564 436/837/3565
f 434/836/3566 431/832/3567 438/839/3568 435/838/3569
f 431/832/3570 430/833/3571 437/840/3572 438/839/3573
f 430/833/3574 433/835/3575 436/837/3576 437/840/3577
f 436/837/3578 435/838/3579 439/842/3580 440/841/3581
f 435/838/3582 438/839/3583 442/843/3584 439/842/3585
f 447/844/3586 448/847/3587 450/846/3588 449/845/3589
f 437/840/3590 436/837/3591 440/841/3592 441/848/3593
f 440/841/3594 439/842/3595 443/751/3596 444/748/3597
f 439/842/3598 442/843/3599 446/750/3600 443/751/3601
f 442/843/3602 441/848/3603 445/749/3604 446/750/3605
f 441/848/3606 440/841/3607 444/748/3608 445/749/3609
f 438/839/3610 437/840/3611 448/847/3612 447/844/3613
f 437/840/3614 441/848/3615 450/846/3616 448/847/3617
f 442/843/3618 438/839/3619 447/844/3620 449/845/3621
f 441/848/3622 442/843/3623 446/850/3624 445/849/3625
f 442/843/3626 449/845/3627 452/851/3628 446/850/3629
f 449/845/3630 450/846/3631 451/852/3632 452/851/3633
f 450/846/3634 441/848/3635 445/849/3636 451/852/3637
f 445/849/3638 446/850/3639 453/854/3640 454/853/3641
f 446/850/3642 452/851/3643 456/855/3644 453/854/3645
f 452/851/3646 451/852/3647 455/856/3648 456/855/3649
f 451/852/3650 445/849/3651 454/853/3652 455/856/3653
f 454/853/3654 453/854/3655 457/858/3656 458/857/3657
f 453/854/3658 456/855/3659 460/859/3660 457/858/3661
f 456/855/3662 455/856/3663 459/860/3664 460/859/3665
f 455/856/3666 454/853/3667 458/857/3668 459/860/3669
f 458/857/3670 457/858/3671 461/862/3672 462/861/3673
f 457/858/3674 460/859/3675 464/863/3676 461/862/3677
f 460/859/3678 459/860/3679 463/864/3680 464/863/3681
f 459/860/3682 458/857/3683 462/861/3684 463/864/3685
f 462/861/3686 461/862/3687 465/866/3688 466/865/3689
f 461/862/3690 464/863/3691 468/867/3692 465/866/3693
f 464/863/3694 463/864/3695 467/868/3696 468/867/3697
f 463/864/3698 462/861/3699 466/865/3700 467/868/3701
f 413//3702 415//3703 465//3704 468//3705
f 415//3706 416//3707 466//3708 465//3709
f 416//3710 414//3711 467//3712 466//3713
f 414//3714 413//3715 468//3716 467//3717
f 352/768/3718 469/870/3719 470/869/3720 356/779/3721
f 356/779/3722 470/869/3723 471/871/3724 355/776/3725
f 355/776/3726 471/871/3727 472/872/3728 351/769/3729
f 351/769/3730 472/872/3731 469/870/3732 352/768/3733
f 469/870/3734 473/874/3735 474/873/3736 470/869/3737
f 470/869/3738 474/873/3739 475/875/3740 471/871/3741
f 471/871/3742 475/875/3743 476/876/3744 472/872/3745
f 472/872/3746 476/876/3747 473/874/3748 469/870/3749
f 473/874/3750 477/772/3751 478/773/3752 474/873/3753
f 474/873/3754 478/773/3755 479/774/3756 475/875/3757
f 475/875/3758 479/774/3759 480/775/3760 476/876/3761
f 476/876/3762 480/775/3763 477/772/3764 473/874/3765
f 482//3766 484//3767 483//3768 481//3769
f 413//3770 481//3771 483//3772 415//3773
f 415//3774 483//3775 484//3776 416//3777
f 416//3778 484//3779 482//3780 414//3781
f 410//3782 485//3783 486//3784 411//3785
f 411//3786 486//3787 487//3788 412//3789
f 412//3790 487//3791 488//3792 409//3793
f 409//3794 488//3795 485//3796 410//3797
f 414//3798 485//3799 488//3800 413//3801
f 413//3802 488//3803 487//3804 481//3805
f 481//3806 487//3807 486//3808 482//3809
f 482//3810 486//3811 485//3812 414//3813
s 11
f 384/803/3814 383/804/3371 388/807/3373
s 12
f 388/807/3386 391/811/3388 392/814/3815
s 13
f 392/814/3816 391/811/3401 364/786/3403
