# This file uses meters as units for non-parametric coordinates.

mtllib podium3.mtl
g default
v 0.000000 37.363192 -601.685877
v 678.145270 37.363192 -1776.268851
v 680.182753 38.801573 -1779.796124
v 678.145270 2067.531235 -1776.268851
v 680.182753 2066.073493 -1779.796124
v -678.145010 37.363192 -1776.269267
v -680.181818 38.201144 -1779.796332
v -678.145010 2067.531235 -1776.269267
v -680.181818 2066.489991 -1779.796332
v -1356.290540 37.363192 -601.686033
v -1360.364052 37.992353 -601.686033
v -1356.290540 2067.531235 -601.686033
v -1359.797236 2066.530030 -601.686033
v -678.145270 37.363192 572.896993
v -680.182182 40.483749 576.424578
v -678.145270 2067.531235 572.896993
v -680.182182 2067.531235 576.424370
v 678.145166 37.363192 572.897513
v 680.181766 39.370869 576.424578
v 678.145166 2067.531235 572.897513
v 680.181766 2067.531235 576.424578
v 1356.290540 37.363192 -601.685877
v 1360.364156 38.214697 -601.685877
v 1356.290540 2067.531235 -601.685877
v 1360.364156 2067.531235 -601.685877
v 675.415427 38.859269 -1779.879473
v 674.284184 42.470671 -1781.374979
v -675.414180 38.859269 -1779.879265
v -674.282833 42.470671 -1781.375187
v 675.415427 2066.035158 -1779.879473
v 674.284184 2062.423833 -1781.374979
v -675.414180 2066.035158 -1779.879265
v -674.282833 2062.423833 -1781.375187
v -682.637814 38.859269 -1775.707854
v -684.499506 42.470671 -1775.477761
v -1358.053761 38.859269 -605.856716
v -1358.782703 42.470671 -607.583927
v -682.637814 2066.035158 -1775.707854
v -684.499506 2062.423833 -1775.477761
v -1358.053761 2066.035158 -605.856716
v -1358.782703 2062.423833 -607.583927
v -1358.053761 38.859269 -597.515453
v -1358.782703 42.470671 -595.788243
v -682.638386 38.859269 572.335685
v -684.500026 42.470671 572.105903
v -1358.053761 2066.035158 -597.515453
v -1358.782703 2062.423833 -595.788243
v -682.638386 2066.035158 572.335685
v -684.500026 2062.423833 572.105903
v -675.415427 38.859269 576.507719
v -674.283561 42.470671 578.003225
v 675.414699 38.859269 576.507511
v 674.283041 42.470671 578.003640
v -675.415427 2066.035158 576.507719
v -674.283561 2062.423833 578.003225
v 675.414699 2066.035158 576.507511
v 674.283041 2062.423833 578.003640
v 682.638438 38.859269 572.336100
v 684.499766 42.470671 572.106007
v 1358.053761 38.859269 -597.515298
v 1358.782703 42.470671 -595.788035
v 682.638438 2066.035158 572.336100
v 684.499766 2062.423833 572.106007
v 1358.053761 2066.035158 -597.515298
v 1358.782703 2062.423833 -595.788035
v 682.638334 38.859269 -1775.707231
v 684.500026 42.470671 -1775.477553
v 1358.053761 38.859269 -605.856457
v 1358.782703 42.470671 -607.583719
v 682.638334 2066.035158 -1775.707231
v 684.500026 2062.423833 -1775.477553
v 1358.053761 2066.035158 -605.856457
v 1358.782703 2062.423833 -607.583719
v -680.181818 41.901762 -1779.796332
v -680.181818 2063.804208 -1779.796332
v -1360.364156 2062.601569 -601.686033
v 680.182753 2063.226548 -1779.796124
v 680.182753 42.094599 -1779.796124
v 1360.364156 2064.885259 -601.685877
v 680.181766 2064.725103 576.424578
v -680.182182 2064.542488 576.424370
v 1360.364156 42.429083 -601.685877
v 680.181766 42.700294 576.424578
v -1360.363532 41.858393 -601.686033
v 674.283041 1860.428424 578.003640
v -674.283561 1861.948199 578.003225
v -680.182182 1861.546339 576.424474
v -684.500026 1860.428424 572.105903
v -1358.782703 1861.417006 -595.788243
v -1360.364156 1861.154004 -601.686033
v -1358.782703 1860.428424 -607.583927
v -684.499506 1861.670792 -1775.477761
v -680.181818 1861.340955 -1779.796332
v -674.282833 1860.428424 -1781.375187
v 674.284184 1860.765154 -1781.374979
v 680.182753 1860.675550 -1779.796124
v 684.500026 1860.428424 -1775.477553
v 1358.782703 1861.096695 -607.583719
v 1360.364156 1860.918959 -601.685877
v 1358.782703 1860.428424 -595.788035
v 684.499766 1860.428424 572.106007
v 680.181766 1860.607864 576.424578
v -1358.782703 1921.719875 -595.788243
v -684.500026 1921.028139 572.105903
v -680.182182 1922.309617 576.424370
v -674.283561 1922.772659 578.003225
v 674.283041 1921.028139 578.003640
v 680.181766 1921.665664 576.424578
v 684.499766 1921.896681 572.106007
v 1358.782703 1921.028139 -595.788035
v 1360.364052 1921.514724 -601.685877
v 1358.782703 1921.691143 -607.583719
v 684.500026 1921.028139 -1775.477553
v 680.182753 1921.507522 -1779.796124
v 674.284184 1921.680069 -1781.374979
v -674.282833 1921.028139 -1781.375187
v -680.181818 1921.747136 -1779.796332
v -684.499506 1922.007272 -1775.477761
v -1358.782703 1921.028139 -607.583927
v -1360.364156 1921.688510 -601.686033
v 0.000000 2088.131684 -601.685877
v 690.075331 2006.024178 618.564787
v -689.333190 2006.024178 618.763494
v -682.176588 1979.174560 620.669303
v 677.347736 1977.430892 621.981689
v -707.659629 1978.325921 608.635419
v -704.132460 2005.322761 617.915348
v -723.123718 1977.430428 594.671409
v -712.270754 2006.024178 605.520528
v -1399.357048 2006.024178 -580.054464
v -1399.174968 1978.119143 -579.389229
v -1402.200483 1978.074225 -604.762680
v -1403.375478 2006.181158 -601.686033
v -1398.367457 1977.429421 -627.029760
v -1399.357048 2006.024178 -623.317757
v -714.541137 2006.024178 -1806.621690
v -718.153266 1978.407238 -1803.001507
v -697.431160 1978.024661 -1818.382870
v -703.158770 2006.178912 -1819.600476
v -676.966793 1977.428724 -1825.449056
v -686.230406 2006.024178 -1822.965831
v 683.717094 2006.024178 -1823.638653
v 680.909721 1978.080034 -1824.386509
v 703.808104 1977.852501 -1814.908392
v 702.441416 2006.407219 -1818.353147
v 720.548881 1977.428182 -1800.617636
v 716.383238 2006.024178 -1804.779485
v 1401.977768 2006.024178 -613.543345
v 1399.348422 1978.090566 -623.336672
v 1402.580127 1977.858155 -598.733371
v 1409.230087 2004.730929 -601.685825
v 1398.572401 1977.428724 -577.108973
v 1401.977768 2006.024178 -589.828305
v 711.727425 2006.024178 606.064064
v 718.247736 1978.296879 599.536011
v 697.883086 1977.969210 614.819995
v 704.385313 2005.021966 618.353088
v 692.488249 2006.288806 641.746474
v 694.901116 2006.554209 664.928162
v -692.889043 2005.381309 642.030194
v -696.444896 2004.738518 665.297102
v -685.732441 1978.532234 643.936002
v -689.288086 1977.889133 667.202702
v 679.760551 1977.696295 645.163377
v 682.173522 1977.960924 668.344753
v -720.600221 1975.861320 628.670206
v -733.540709 1973.396720 648.704784
v -717.073000 2002.858160 637.950031
v -730.013488 2000.393560 657.984609
v -741.960021 1977.714805 608.327173
v -760.796324 1977.999491 621.982937
v -731.107005 2006.308555 619.176291
v -749.943256 2006.593009 632.832055
v -1421.578660 2006.538333 -572.292177
v -1443.800169 2007.052489 -564.529942
v -1421.396477 1978.633299 -571.626994
v -1443.617674 1979.147687 -563.864655
v -1425.600936 1977.518560 -605.091036
v -1449.001494 1976.962894 -605.419393
v -1426.776036 2005.625492 -602.014441
v -1450.176385 2005.069827 -602.342798
v -1420.402210 1977.722859 -635.086472
v -1442.437274 1978.016607 -643.143235
v -1421.392008 2006.317384 -631.374469
v -1443.426864 2006.610822 -639.431181
v -732.692771 2005.446053 -1821.462219
v -750.844249 2004.867154 -1836.302956
v -736.304744 1977.829113 -1817.842036
v -754.456326 1977.250446 -1832.682564
v -708.727995 1976.328854 -1839.150132
v -720.024779 1974.633512 -1859.917602
v -714.455501 2004.483648 -1840.367738
v -725.752336 2002.788073 -1861.135000
v -680.143625 1977.515849 -1848.582106
v -683.320457 1977.602742 -1871.715364
v -689.407290 2006.111071 -1846.099089
v -692.584122 2006.197964 -1869.232139
v 687.702632 2006.067392 -1846.773573
v 691.688169 2006.110606 -1869.908286
v 684.895259 1978.123790 -1847.521222
v 688.880797 1978.167004 -1870.655727
v 715.887508 1976.807617 -1835.108837
v 727.966859 1975.763430 -1855.309283
v 714.520767 2005.362800 -1838.553593
v 726.600067 2004.317606 -1858.753623
v 738.774199 1977.897419 -1815.312459
v 756.999517 1978.367199 -1830.007282
v 734.608608 2006.493415 -1819.474309
v 752.833926 2006.962653 -1834.169132
v 1423.466177 2005.393546 -622.735092
v 1444.954587 2004.763146 -631.926788
v 1420.836935 1977.460166 -632.528419
v 1442.325449 1976.829844 -641.720115
v 1426.648206 1975.228519 -598.218310
v 1450.716181 1972.597645 -597.703249
v 1433.297957 2002.100829 -601.170816
v 1457.366244 1999.470419 -600.655703
v 1419.808372 1977.681891 -567.497726
v 1441.044240 1977.934051 -557.886478
v 1423.213635 2006.276570 -580.217058
v 1444.449503 2006.529272 -570.605862
v 730.347301 2005.715096 620.319485
v 748.967177 2005.406014 634.575114
v 736.867560 1977.987797 613.791640
v 755.487435 1977.678715 628.047269
v 709.304581 1975.436768 635.894984
v 720.726024 1972.904791 656.969869
v 715.806757 2002.489756 639.428077
v 727.228148 1999.957004 660.502962
v -1380.307383 1921.719875 -586.870187
v -1401.832167 1921.719875 -577.952183
v -702.985109 1921.028139 586.288679
v -721.470088 1921.028139 600.471559
v -1380.307383 1861.417006 -586.870187
v -1401.832167 1861.417006 -577.952183
v -702.985109 1860.428424 586.288679
v -721.470088 1860.428424 600.471559
v -692.138120 1861.546339 597.137486
v -704.094267 1861.546339 617.850498
v -692.138120 1922.309694 597.137382
v -704.094267 1922.309694 617.850394
v -677.321547 1861.948199 601.103226
v -680.359429 1861.948199 624.203227
v -677.321547 1922.772659 601.103226
v -680.359429 1922.772659 624.203227
v 677.321183 1921.028139 601.103538
v 680.359273 1921.028139 624.203643
v 677.321183 1860.428424 601.103538
v 680.359273 1860.428424 624.203643
v 692.137808 1860.607864 597.137590
v 704.093955 1860.607864 617.850394
v 692.137808 1921.665664 597.137590
v 704.093955 1921.665664 617.850394
v 702.984797 1860.428424 586.288887
v 721.469724 1860.428424 600.471975
v 702.984797 1921.896681 586.288887
v 721.469724 1921.896681 600.471975
v 1380.307487 1921.028216 -586.870083
v 1401.832271 1921.028216 -577.952131
v 1380.307487 1860.428424 -586.870083
v 1401.832271 1860.429276 -577.952131
v 1384.280086 1860.918959 -601.685773
v 1408.195912 1860.918959 -601.685617
v 1384.280086 1921.514724 -601.685773
v 1408.195912 1921.514724 -601.685617
v 1380.307487 1861.097547 -616.501619
v 1401.832271 1861.097547 -625.419520
v 1380.307487 1921.691143 -616.501619
v 1401.832271 1921.691221 -625.419520
v 702.985472 1921.028139 -1789.659394
v 721.470971 1921.028139 -1803.841858
v 702.985472 1860.428424 -1789.659394
v 721.470971 1860.428424 -1803.841858
v 692.139887 1860.675550 -1800.508513
v 704.097073 1860.675550 -1821.221317
v 692.139887 1921.507522 -1800.508513
v 704.097073 1921.507522 -1821.221317
v 677.322534 1860.765154 -1804.474980
v 680.360832 1860.765154 -1827.574981
v 677.322534 1921.680069 -1804.474980
v 680.360832 1921.680069 -1827.574981
v -677.320923 1921.028139 -1804.475188
v -680.359013 1921.028139 -1827.575189
v -677.320923 1860.428424 -1804.475188
v -680.359013 1860.428424 -1827.575189
v -692.138328 1861.340955 -1800.509344
v -704.094734 1861.340955 -1821.222148
v -692.138328 1921.747136 -1800.509344
v -704.094734 1921.747136 -1821.222148
v -702.984745 1861.670792 -1789.660433
v -721.469984 1861.670792 -1803.843106
v -702.984745 1922.007272 -1789.660433
v -721.469984 1922.007272 -1803.843106
v -1380.307487 1921.028139 -616.501983
v -1401.832271 1921.028139 -625.419987
v -1380.307487 1860.428424 -616.501983
v -1401.832271 1860.428424 -625.419987
v -1384.280086 1861.154004 -601.686033
v -1408.195912 1861.154004 -601.686033
v -1384.280086 1921.688510 -601.686033
v -1408.195912 1921.688510 -601.686033
v 657.074698 2067.531235 -1739.773422
v 660.066800 2067.531235 -1736.781268
v 659.750603 2067.531235 -1744.408450
v 652.987364 2067.531235 -1740.868706
v 652.987364 2077.831382 -1740.868706
v 657.074698 2077.831382 -1739.773422
v 660.066800 2077.831382 -1736.781268
v -657.074490 2067.531235 -1739.774150
v -652.987260 2067.531235 -1740.869433
v -659.750447 2067.531235 -1744.408658
v -660.066540 2067.531235 -1736.781995
v -652.987260 2077.831382 -1740.869433
v -657.074490 2077.831382 -1739.774150
v -660.066540 2077.831382 -1736.781995
v -1314.149708 2067.531235 -601.686033
v -1313.054424 2067.531235 -605.773263
v -1319.501518 2067.531235 -601.686033
v -1313.054424 2067.531235 -597.598855
v -1313.054424 2077.831382 -597.598855
v -1314.149708 2077.831382 -601.686033
v -1313.054424 2077.831382 -605.773263
v -657.074698 2067.531235 536.401772
v -660.066800 2067.531235 533.409722
v -659.750603 2067.531235 541.036488
v -652.987364 2067.531235 537.496848
v -652.987364 2077.831382 537.496848
v -657.074698 2077.831382 536.401772
v -660.066800 2077.831382 533.409722
v 657.074594 2067.531235 536.402396
v 652.987364 2067.531235 537.497472
v 659.750551 2067.531235 541.037008
v 660.066644 2067.531235 533.410137
v 660.066644 2077.831382 533.410137
v 657.074594 2077.831382 536.402396
v 652.987364 2077.831382 537.497472
v 1314.149708 2067.531235 -601.685877
v 1313.054424 2067.531235 -597.598647
v 1319.501518 2067.531235 -601.685877
v 1313.054424 2067.531235 -605.773107
v 1313.054424 2077.831382 -605.773107
v 1314.149708 2077.831382 -601.685877
v 1313.054424 2077.831382 -597.598647
v -657.074490 2088.131684 -1739.774150
v -660.066540 2088.131684 -1736.781995
v -655.663217 2088.131684 -1737.329897
v -652.987260 2088.131684 -1740.869433
v 657.074698 2088.131684 -1739.773422
v 652.987364 2088.131684 -1740.868706
v 655.663321 2088.131684 -1737.328858
v 660.066800 2088.131684 -1736.781268
v 1314.149708 2088.131684 -601.685877
v 1313.054424 2088.131684 -605.773107
v 1311.326954 2088.131684 -601.685877
v 1313.054424 2088.131684 -597.598647
v 657.074594 2088.131684 536.402396
v 660.066644 2088.131684 533.410137
v 655.663269 2088.131684 533.957831
v 652.987364 2088.131684 537.497472
v -657.074698 2088.131684 536.401772
v -652.987364 2088.131684 537.496848
v -655.663321 2088.131684 533.957208
v -660.066800 2088.131684 533.409722
v -1314.149708 2088.131684 -601.686033
v -1313.054424 2088.131684 -597.598855
v -1311.326954 2088.131684 -601.686033
v -1313.054424 2088.131684 -605.773263
v -679.762630 38.480100 575.499630
v -1354.962149 566.315201 -597.370943
v -1356.118957 566.701030 -601.686033
v -1354.962149 588.614864 -597.370943
v -1356.118957 588.409481 -601.686033
v -1354.962149 566.841089 -606.001226
v -1354.962149 587.858152 -606.001226
v -681.218643 588.277980 -1772.960448
v -681.218643 566.356169 -1772.960448
v -678.059842 566.228695 -1776.119820
v -678.059842 588.166691 -1776.119820
v -673.743713 566.063931 -1777.275277
v -673.743713 587.858152 -1777.275277
v 673.745012 588.304543 -1777.274862
v 673.745012 566.055064 -1777.274862
v 678.060362 566.113535 -1776.119820
v 678.060362 588.185472 -1776.119820
v 681.219007 566.287011 -1772.960448
v 681.219007 587.858152 -1772.960448
v 1354.962460 588.922436 -606.000811
v 1354.962460 566.903819 -606.000811
v 1356.119373 566.709007 -601.685877
v 1356.119373 588.639917 -601.685877
v 1354.962460 565.971733 -597.370943
v 1354.962460 587.858152 -597.370943
v 681.218747 587.858152 569.588486
v 681.218747 568.142121 569.588486
v 678.059582 567.910329 572.748274
v 678.059582 587.934590 572.748274
v 673.743765 567.257780 573.903523
v 673.743765 587.858152 573.903523
v -673.744389 590.837644 573.903315
v -673.744389 570.545773 573.903315
v -678.060050 570.057833 572.748274
v -678.060050 589.636205 572.748274
v -681.219059 568.694418 569.588486
v -681.219059 590.251813 569.588486
v -684.500026 590.292549 572.105903
v -684.490412 590.263739 572.098524
v -684.467341 590.251813 572.080856
v -680.182182 589.676321 576.424578
v -680.176154 589.647938 576.414185
v -680.161552 589.636205 576.388827
v -674.283561 590.878689 578.003225
v -674.282002 590.849725 577.991169
v -674.278208 590.837682 577.962278
v 674.283041 587.898694 578.003640
v 674.281430 587.870039 577.991793
v 674.277585 587.858152 577.963109
v 680.181714 587.975209 576.424578
v 680.175531 587.946477 576.413977
v 680.160721 587.934590 576.388203
v 684.499766 587.898733 572.106007
v 684.490256 587.870039 572.098732
v 684.467237 587.858152 572.081272
v 1358.782703 587.898617 -595.788035
v 1358.771479 587.870001 -595.792608
v 1358.744977 587.858152 -595.803676
v 1360.364260 588.680808 -601.685877
v 1360.352100 588.651883 -601.685877
v 1360.322377 588.639917 -601.685877
v 1358.782703 588.963055 -607.583719
v 1358.771479 588.934323 -607.579146
v 1358.744874 588.922436 -607.568078
v 684.500026 587.898655 -1775.477553
v 684.490568 587.870039 -1775.470278
v 684.467652 587.858152 -1775.452610
v 680.182753 588.226130 -1779.796124
v 680.176570 588.197360 -1779.785523
v 680.161812 588.185472 -1779.759957
v 674.284184 588.345124 -1781.374979
v 674.282677 588.316431 -1781.363131
v 674.278988 588.304543 -1781.334447
v -674.282833 587.898655 -1781.375187
v -674.281326 587.870039 -1781.363339
v -674.277533 587.858152 -1781.334447
v -680.181818 588.207350 -1779.796332
v -680.175738 588.178579 -1779.785731
v -680.160825 588.166691 -1779.759957
v -684.499506 588.318561 -1775.477761
v -684.489997 588.289906 -1775.470694
v -684.466977 588.277980 -1775.452610
v -1358.782703 587.898617 -607.583927
v -1358.771479 587.870001 -607.579354
v -1358.744977 587.858152 -607.568338
v -1358.782703 588.655445 -595.788243
v -1358.771479 588.626791 -595.792868
v -1358.744977 588.614864 -595.803988
v -1360.363636 588.450255 -601.686033
v -1360.351477 588.421407 -601.686033
v -1360.321650 588.409481 -601.686033
v -1358.782703 566.274620 -595.788243
v -1358.771479 566.303313 -595.792816
v -1358.744770 566.315201 -595.803936
v -1360.363636 566.660604 -601.686033
v -1360.351373 566.689181 -601.686033
v -1360.321650 566.701030 -601.686033
v -1358.782703 566.800624 -607.583927
v -1358.771479 566.829240 -607.579302
v -1358.744977 566.841089 -607.568182
v -684.499506 566.315743 -1775.477761
v -684.490049 566.344320 -1775.470694
v -684.467185 566.356169 -1775.452610
v -680.181818 566.188230 -1779.796332
v -680.175738 566.216846 -1779.785731
v -680.160825 566.228695 -1779.760373
v -674.282833 566.023428 -1781.375187
v -674.281326 566.052043 -1781.363339
v -674.277585 566.063931 -1781.334447
v 674.284184 566.014560 -1781.374979
v 674.282677 566.043176 -1781.363131
v 674.278884 566.055064 -1781.334447
v 680.182753 566.072992 -1779.796124
v 680.176570 566.101647 -1779.785523
v 680.161708 566.113535 -1779.759750
v 684.500026 566.246585 -1775.477553
v 684.490412 566.275162 -1775.470278
v 684.467548 566.287011 -1775.452610
v 1358.782703 566.863354 -607.583719
v 1358.771479 566.891970 -607.579146
v 1358.744977 566.903819 -607.568078
v 1360.364260 566.668697 -601.685877
v 1360.352100 566.697197 -601.685877
v 1360.322377 566.709007 -601.685877
v 1358.782703 565.931036 -595.788035
v 1358.771479 565.959807 -595.792608
v 1358.744770 565.971733 -595.803728
v 684.499766 568.101695 572.106007
v 684.490308 568.130272 572.098732
v 684.467496 568.142121 572.081272
v 680.181714 567.869942 576.424578
v 680.175531 567.898519 576.413977
v 680.160825 567.910329 576.388411
v 674.283041 567.217083 578.003640
v 674.281430 567.245854 577.991481
v 674.277585 567.257780 577.962797
v -674.283561 570.505386 578.003329
v -674.282054 570.533963 577.991481
v -674.278260 570.545812 577.962797
v -680.182182 570.017368 576.424578
v -680.176102 570.045984 576.413977
v -680.161345 570.057833 576.388411
v -684.500026 568.653411 572.105903
v -684.490412 568.682414 572.098524
v -684.467237 568.694418 572.080752
v -1351.177865 588.614864 -598.938626
v -1351.152091 588.603402 -598.949227
v -1351.141594 588.575754 -598.953643
v -1351.874070 588.369906 -601.686033
v -1351.886229 588.397864 -601.686033
v -1351.915641 588.409481 -601.686033
v -1351.141594 587.819236 -604.418474
v -1351.152091 587.846767 -604.422891
v -1351.177865 587.858152 -604.433492
v -677.937676 588.238947 -1770.443342
v -677.946770 588.266518 -1770.450409
v -677.968958 588.277980 -1770.467245
v -675.937814 588.127466 -1772.443724
v -675.943790 588.155230 -1772.453909
v -675.958340 588.166691 -1772.479059
v -673.204593 587.819274 -1773.175368
v -673.206048 587.846767 -1773.186592
v -673.209738 587.858152 -1773.214237
v 673.205685 588.265511 -1773.175160
v 673.207244 588.293081 -1773.186592
v 673.210829 588.304543 -1773.214237
v 675.938178 588.146207 -1772.443724
v 675.944154 588.173971 -1772.453909
v 675.958704 588.185472 -1772.479059
v 677.937988 587.819274 -1770.443342
v 677.947082 587.846767 -1770.450409
v 677.969114 587.858152 -1770.467245
v 1351.142010 588.883287 -604.417955
v 1351.152714 588.910974 -604.422372
v 1351.178592 588.922436 -604.433128
v 1351.874382 588.599956 -601.685877
v 1351.886853 588.628223 -601.685877
v 1351.916888 588.639917 -601.685877
v 1351.142010 587.819197 -598.953799
v 1351.152610 587.846767 -598.949434
v 1351.178280 587.858152 -598.938782
v 677.937988 587.819236 567.071069
v 677.947082 587.846767 567.078032
v 677.969114 587.858152 567.094868
v 675.937503 587.895441 569.072074
v 675.943426 587.923128 569.082362
v 675.957768 587.934590 569.107097
v 673.204490 587.819236 569.803614
v 673.205996 587.846767 569.815046
v 673.209738 587.858152 569.842586
v -673.205217 590.797372 569.803198
v -673.206724 590.825833 569.814838
v -673.210517 590.837644 569.843418
v -675.938074 589.597250 569.071762
v -675.943790 589.624782 569.081531
v -675.957664 589.636205 569.105642
v -677.938040 590.212355 567.071380
v -677.947290 590.240235 567.078447
v -677.969634 590.251813 567.095491
v -1351.178592 566.315201 -598.938314
v -1351.152507 566.326856 -598.949123
v -1351.141594 566.354891 -598.953643
v -1351.914913 566.701030 -601.686033
v -1351.886021 566.712531 -601.686033
v -1351.874070 566.740333 -601.686033
v -1351.178384 566.841089 -604.433700
v -1351.152403 566.852628 -604.422943
v -1351.141594 566.880431 -604.418474
v -677.969062 566.356169 -1770.467661
v -677.946926 566.367708 -1770.450409
v -677.937676 566.395549 -1770.443342
v -675.958080 566.228695 -1772.478643
v -675.943738 566.240234 -1772.453909
v -675.937814 566.268114 -1772.443724
v -673.209790 566.063931 -1773.214652
v -673.206048 566.075509 -1773.187008
v -673.204593 566.103428 -1773.175368
v 673.210933 566.055064 -1773.214444
v 673.207244 566.066564 -1773.186592
v 673.205685 566.094483 -1773.175160
v 675.958756 566.113535 -1772.479267
v 675.944206 566.125113 -1772.454117
v 675.938178 566.153070 -1772.443724
v 677.969478 566.287011 -1770.467661
v 677.947134 566.298550 -1770.450409
v 677.937988 566.326353 -1770.443342
v 1351.178592 566.903819 -604.433076
v 1351.152714 566.915320 -604.422372
v 1351.142010 566.943122 -604.417955
v 1351.914913 566.709007 -601.685877
v 1351.886229 566.720546 -601.685877
v 1351.874382 566.748349 -601.685877
v 1351.179320 565.971733 -598.938366
v 1351.152818 565.983466 -598.949278
v 1351.142010 566.011811 -598.953799
v 677.969426 568.142121 567.095076
v 677.947134 568.153661 567.078239
v 677.937988 568.181463 567.071069
v 675.957820 567.910329 569.107201
v 675.943478 567.921869 569.082362
v 675.937503 567.949749 569.072074
v 673.209738 567.257780 569.843522
v 673.205996 567.269474 569.815358
v 673.204490 567.297742 569.803614
v -673.210413 570.545773 569.842690
v -673.206724 570.557312 569.814838
v -673.205217 570.585115 569.803406
v -675.958496 570.057833 569.107097
v -675.944050 570.069604 569.082155
v -675.938074 570.098026 569.071762
v -677.970881 568.694418 567.096531
v -677.947705 568.706422 567.078655
v -677.938040 568.735425 567.071380
vt 0.522647 0.658674
vt 0.522624 0.658107
vt 0.523089 0.658273
vt 0.515376 0.658674
vt 0.515356 0.656597
vt 0.522624 0.545956
vt 0.523089 0.545934
vt 0.523153 0.658674
vt 0.522624 0.659240
vt 0.515356 0.660751
vt 0.515356 0.542747
vt 0.522897 0.545541
vt 0.523282 0.545541
vt 0.523089 0.659074
vt 0.522624 0.771392
vt 0.515356 0.774382
vt 0.515265 0.541557
vt 0.523089 0.771414
vt 0.522802 0.771806
vt 0.515376 0.775629
vt 0.523148 0.771806
vt 0.538334 0.658392
vt 0.538017 0.657826
vt 0.538482 0.657992
vt 0.538675 0.658392
vt 0.530582 0.658392
vt 0.530749 0.657253
vt 0.538017 0.545674
vt 0.538482 0.545652
vt 0.538017 0.658958
vt 0.538482 0.658793
vt 0.530749 0.659531
vt 0.530749 0.542861
vt 0.538121 0.545260
vt 0.538487 0.545260
vt 0.538482 0.771132
vt 0.538017 0.771110
vt 0.530749 0.774371
vt 0.530798 0.541557
vt 0.538314 0.771524
vt 0.538675 0.771524
vt 0.530620 0.775551
vt 0.577110 0.767407
vt 0.576645 0.767429
vt 0.576645 0.655090
vt 0.577110 0.655256
vt 0.576560 0.767822
vt 0.577037 0.767822
vt 0.576533 0.654689
vt 0.577031 0.654689
vt 0.644678 0.655256
vt 0.644616 0.767407
vt 0.644599 0.767822
vt 0.576645 0.654289
vt 0.577110 0.654123
vt 0.644660 0.654689
vt 0.644682 0.655255
vt 0.644620 0.767407
vt 0.644603 0.767821
vt 0.576645 0.541950
vt 0.577110 0.541972
vt 0.644611 0.654123
vt 0.644664 0.654689
vt 0.576854 0.541557
vt 0.576596 0.541646
vt 0.644917 0.541972
vt 0.644614 0.654124
vt 0.645093 0.541557
vt 0.644921 0.541972
vt 0.645097 0.541558
vt 0.645098 0.541560
vt 0.644922 0.541974
vt 0.651752 0.767407
vt 0.651286 0.767429
vt 0.651286 0.655090
vt 0.651752 0.655256
vt 0.651352 0.767822
vt 0.651781 0.767822
vt 0.651203 0.654689
vt 0.651746 0.654689
vt 0.719208 0.655256
vt 0.719487 0.767407
vt 0.719458 0.767822
vt 0.651286 0.654289
vt 0.651752 0.654123
vt 0.719303 0.654689
vt 0.719211 0.655255
vt 0.719491 0.767407
vt 0.719461 0.767821
vt 0.651286 0.541950
vt 0.651752 0.541972
vt 0.719328 0.654123
vt 0.719306 0.654689
vt 0.651279 0.541557
vt 0.651703 0.541557
vt 0.719248 0.541972
vt 0.719331 0.654124
vt 0.719226 0.541557
vt 0.719252 0.541972
vt 0.719230 0.541558
vt 0.477422 0.551972
vt 0.477481 0.666953
vt 0.473885 0.666889
vt 0.473737 0.553014
vt 0.473603 0.670879
vt 0.477225 0.670584
vt 0.473144 0.550447
vt 0.476623 0.549556
vt 0.473739 0.674502
vt 0.477424 0.674146
vt 0.477199 0.789080
vt 0.473641 0.788732
vt 0.473303 0.791347
vt 0.476931 0.791464
vt 0.466085 0.551917
vt 0.465801 0.667367
vt 0.462202 0.666427
vt 0.462400 0.552317
vt 0.461656 0.670653
vt 0.465119 0.670370
vt 0.462064 0.549887
vt 0.465744 0.549556
vt 0.462344 0.674477
vt 0.466029 0.673256
vt 0.465884 0.788988
vt 0.462311 0.788361
vt 0.461696 0.791138
vt 0.465182 0.791477
vt 0.492441 0.551225
vt 0.492530 0.664388
vt 0.484759 0.664388
vt 0.484632 0.551225
vt 0.484725 0.666667
vt 0.492526 0.666667
vt 0.484776 0.549556
vt 0.492606 0.549556
vt 0.484632 0.668946
vt 0.492441 0.668946
vt 0.492567 0.782108
vt 0.484792 0.782108
vt 0.484749 0.783777
vt 0.492533 0.783777
vt 0.507758 0.668946
vt 0.507870 0.782108
vt 0.499949 0.782108
vt 0.499949 0.668946
vt 0.499972 0.783777
vt 0.507840 0.783777
vt 0.500012 0.666667
vt 0.507820 0.666667
vt 0.500035 0.664388
vt 0.507843 0.664388
vt 0.507758 0.551225
vt 0.499949 0.551225
vt 0.499980 0.549556
vt 0.507820 0.549556
vt 0.561301 0.657783
vt 0.561305 0.657216
vt 0.568573 0.655642
vt 0.568568 0.658078
vt 0.561216 0.545065
vt 0.568485 0.542898
vt 0.561216 0.658349
vt 0.568484 0.660216
vt 0.561381 0.544650
vt 0.568600 0.541557
vt 0.561342 0.770500
vt 0.568610 0.773144
vt 0.561309 0.770915
vt 0.568561 0.774621
vt 0.545985 0.657495
vt 0.545899 0.545344
vt 0.553167 0.542929
vt 0.553253 0.655982
vt 0.545961 0.544929
vt 0.553222 0.541557
vt 0.545962 0.658061
vt 0.553223 0.658345
vt 0.545899 0.658628
vt 0.553167 0.660421
vt 0.546011 0.770779
vt 0.553279 0.773413
vt 0.545981 0.771194
vt 0.553237 0.774881
vt 0.782211 0.881425
vt 0.782211 0.881032
vt 0.783538 0.881032
vt 0.783538 0.881425
vt 0.780883 0.881425
vt 0.780883 0.881032
vt 0.782211 0.880640
vt 0.783538 0.880640
vt 0.782211 0.990034
vt 0.783538 0.990034
vt 0.780883 0.880640
vt 0.780883 0.990034
vt 0.782211 0.772030
vt 0.783538 0.772030
vt 0.782211 0.990321
vt 0.783538 0.990321
vt 0.780883 0.772030
vt 0.780883 0.990321
vt 0.782211 0.771743
vt 0.783538 0.771743
vt 0.780883 0.771743
vt 0.790892 0.881425
vt 0.790892 0.881032
vt 0.792220 0.881032
vt 0.792220 0.881425
vt 0.789565 0.881425
vt 0.789565 0.881032
vt 0.790892 0.880640
vt 0.792220 0.880640
vt 0.790892 0.990034
vt 0.792220 0.990034
vt 0.789565 0.880640
vt 0.789565 0.990034
vt 0.790892 0.772030
vt 0.792220 0.772030
vt 0.790892 0.990321
vt 0.792220 0.990321
vt 0.789565 0.772030
vt 0.789565 0.990321
vt 0.790892 0.771743
vt 0.792220 0.771743
vt 0.789565 0.771743
vt 0.889862 0.655256
vt 0.890022 0.767407
vt 0.725931 0.767407
vt 0.725877 0.655256
vt 0.725917 0.767822
vt 0.889980 0.767822
vt 0.725927 0.767407
vt 0.725873 0.655255
vt 0.725948 0.654689
vt 0.889956 0.654689
vt 0.725913 0.767821
vt 0.725944 0.654689
vt 0.725975 0.654123
vt 0.889990 0.654123
vt 0.725971 0.654124
vt 0.889862 0.541972
vt 0.726185 0.541972
vt 0.726182 0.541972
vt 0.726106 0.541557
vt 0.890006 0.541557
vt 0.726102 0.541558
vt 0.980339 0.885442
vt 0.980339 0.997593
vt 0.816354 0.997593
vt 0.816354 0.885442
vt 0.816364 0.998008
vt 0.980362 0.998008
vt 0.816350 0.997593
vt 0.816350 0.885441
vt 0.816455 0.884876
vt 0.980402 0.884876
vt 0.816360 0.998007
vt 0.816451 0.884876
vt 0.816491 0.884309
vt 0.980425 0.884309
vt 0.816487 0.884310
vt 0.980339 0.772158
vt 0.816354 0.772158
vt 0.816350 0.772158
vt 0.816396 0.771743
vt 0.980371 0.771743
vt 0.816392 0.771744
vt 0.810107 0.883911
vt 0.810111 0.883910
vt 0.810084 0.884173
vt 0.810080 0.884173
vt 0.810318 0.771939
vt 0.810321 0.771938
vt 0.810013 0.884436
vt 0.810009 0.884435
vt 0.807293 0.884173
vt 0.807243 0.883911
vt 0.807550 0.771939
vt 0.810239 0.771747
vt 0.810242 0.771746
vt 0.810086 0.884173
vt 0.810015 0.884437
vt 0.810067 0.996408
vt 0.810064 0.996407
vt 0.807311 0.884435
vt 0.807240 0.883910
vt 0.807290 0.884173
vt 0.807546 0.771938
vt 0.807726 0.771747
vt 0.810244 0.771743
vt 0.810323 0.771936
vt 0.810053 0.996600
vt 0.810049 0.996599
vt 0.807249 0.996407
vt 0.807308 0.884436
vt 0.807722 0.771746
vt 0.807232 0.996599
vt 0.807245 0.996408
vt 0.807721 0.771743
vt 0.807545 0.771936
vt 0.807229 0.996600
vt 0.801061 0.771936
vt 0.801064 0.771935
vt 0.801202 0.883908
vt 0.801198 0.883908
vt 0.801103 0.771744
vt 0.801107 0.771743
vt 0.801165 0.884170
vt 0.801161 0.884170
vt 0.798371 0.883908
vt 0.798291 0.771936
vt 0.798269 0.771744
vt 0.801064 0.884433
vt 0.801061 0.884433
vt 0.798346 0.884170
vt 0.798288 0.771935
vt 0.798367 0.883908
vt 0.798265 0.771743
vt 0.801167 0.884170
vt 0.801066 0.884434
vt 0.801064 0.996405
vt 0.801061 0.996405
vt 0.798251 0.884433
vt 0.798342 0.884170
vt 0.801074 0.996598
vt 0.801071 0.996597
vt 0.798530 0.996405
vt 0.798247 0.884433
vt 0.798500 0.996597
vt 0.798527 0.996405
vt 0.798497 0.996598
vt 0.513023 0.341880
vt 0.625816 0.276759
vt 0.625816 0.407002
vt 0.513076 0.341449
vt 0.625416 0.276590
vt 0.738610 0.341880
vt 0.513023 0.472123
vt 0.512684 0.341685
vt 0.625816 0.276368
vt 0.738556 0.341449
vt 0.626217 0.276590
vt 0.738610 0.472123
vt 0.512676 0.342143
vt 0.512676 0.471861
vt 0.625816 0.537245
vt 0.738949 0.341685
vt 0.738957 0.471861
vt 0.738957 0.342143
vt 0.512684 0.472319
vt 0.513076 0.472555
vt 0.625416 0.537414
vt 0.738860 0.472279
vt 0.626217 0.537414
vt 0.738556 0.472555
vt 0.625816 0.537636
vt 0.227891 0.615820
vt 0.227837 0.615389
vt 0.228230 0.615625
vt 0.115097 0.550699
vt 0.115498 0.550530
vt 0.228238 0.616082
vt 0.224832 0.617587
vt 0.224099 0.617556
vt 0.115490 0.554851
vt 0.115097 0.554232
vt 0.115097 0.550308
vt 0.228238 0.745801
vt 0.227891 0.746063
vt 0.224832 0.744297
vt 0.224492 0.743647
vt 0.224492 0.618236
vt 0.224387 0.617844
vt 0.115097 0.554746
vt 0.002304 0.615820
vt 0.114705 0.554851
vt 0.006096 0.617556
vt 0.005363 0.617587
vt 0.114697 0.550530
vt 0.228230 0.746259
vt 0.115097 0.811185
vt 0.115097 0.807652
vt 0.115490 0.807033
vt 0.224099 0.744327
vt 0.224387 0.744040
vt 0.002358 0.615389
vt 0.005808 0.617844
vt 0.002304 0.746063
vt 0.005703 0.618236
vt 0.005703 0.743647
vt 0.005363 0.744297
vt 0.227837 0.746495
vt 0.115498 0.811354
vt 0.006096 0.744327
vt 0.114705 0.807033
vt 0.115097 0.807138
vt 0.001965 0.615625
vt 0.001957 0.745801
vt 0.001957 0.616083
vt 0.005808 0.744040
vt 0.115097 0.811521
vt 0.114697 0.811354
vt 0.002358 0.746495
vt 0.001965 0.746259
vt 0.006445 0.075674
vt 0.006426 0.208137
vt 0.004191 0.208478
vt 0.004218 0.075442
vt 0.006507 0.209558
vt 0.004583 0.210801
vt 0.001957 0.208820
vt 0.001992 0.075211
vt 0.006465 0.074300
vt 0.004441 0.073203
vt 0.007697 0.210340
vt 0.006386 0.212148
vt 0.002659 0.212043
vt 0.002417 0.072106
vt 0.007645 0.073595
vt 0.006276 0.071807
vt 0.121546 0.276320
vt 0.120801 0.278453
vt 0.005075 0.213957
vt 0.004907 0.070019
vt 0.122485 0.007311
vt 0.121562 0.005272
vt 0.123624 0.276705
vt 0.123655 0.278953
vt 0.120056 0.280587
vt 0.120639 0.003232
vt 0.123624 0.006615
vt 0.123574 0.004303
vt 0.125701 0.276320
vt 0.126475 0.278436
vt 0.123687 0.281200
vt 0.123525 0.001992
vt 0.124762 0.007311
vt 0.125645 0.005247
vt 0.239332 0.210558
vt 0.240757 0.212301
vt 0.127248 0.280552
vt 0.126528 0.003184
vt 0.239155 0.073148
vt 0.240566 0.071398
vt 0.240579 0.209465
vt 0.242573 0.210549
vt 0.242182 0.214044
vt 0.241978 0.069647
vt 0.240459 0.074487
vt 0.242399 0.073327
vt 0.240902 0.207839
vt 0.243123 0.208144
vt 0.244567 0.211634
vt 0.244338 0.072167
vt 0.240966 0.076285
vt 0.243188 0.075902
vt 0.245345 0.208449
vt 0.245410 0.075519
vt 0.492304 0.206811
vt 0.492430 0.076258
vt 0.494656 0.076026
vt 0.494538 0.207153
vt 0.491742 0.074286
vt 0.493766 0.073189
vt 0.496882 0.075794
vt 0.496772 0.207494
vt 0.491148 0.209258
vt 0.493072 0.210501
vt 0.490274 0.072330
vt 0.491643 0.070542
vt 0.495790 0.072092
vt 0.494996 0.211743
vt 0.489807 0.210743
vt 0.491118 0.212552
vt 0.377283 0.006999
vt 0.378206 0.004960
vt 0.493012 0.068754
vt 0.492430 0.214361
vt 0.377064 0.275663
vt 0.377809 0.277797
vt 0.375206 0.006614
vt 0.375255 0.004303
vt 0.379128 0.002921
vt 0.378554 0.279931
vt 0.374627 0.275954
vt 0.374595 0.278201
vt 0.372843 0.006925
vt 0.371961 0.004861
vt 0.375305 0.001992
vt 0.374564 0.280448
vt 0.372489 0.275586
vt 0.371715 0.277702
vt 0.259791 0.072109
vt 0.258379 0.070359
vt 0.371078 0.002798
vt 0.370941 0.279818
vt 0.259562 0.210266
vt 0.258136 0.212009
vt 0.258418 0.073717
vt 0.256478 0.072557
vt 0.256968 0.068609
vt 0.256711 0.213752
vt 0.258085 0.208276
vt 0.256090 0.209361
vt 0.257508 0.075916
vt 0.255286 0.075533
vt 0.254539 0.071397
vt 0.254096 0.210446
vt 0.257406 0.206311
vt 0.255185 0.206616
vt 0.253065 0.075150
vt 0.252963 0.206921
vt 0.508781 0.202951
vt 0.620932 0.267702
vt 0.620076 0.269769
vt 0.507419 0.204726
vt 0.621498 0.267853
vt 0.621498 0.270150
vt 0.619219 0.271836
vt 0.506057 0.206501
vt 0.508366 0.202536
vt 0.506377 0.203684
vt 0.622065 0.267702
vt 0.622921 0.269769
vt 0.621498 0.272447
vt 0.504388 0.204833
vt 0.508214 0.201970
vt 0.505996 0.202262
vt 0.734216 0.202951
vt 0.735578 0.204726
vt 0.623778 0.271836
vt 0.503778 0.202553
vt 0.508214 0.072469
vt 0.505996 0.072177
vt 0.734631 0.202536
vt 0.736620 0.203684
vt 0.736940 0.206501
vt 0.503778 0.071885
vt 0.508366 0.071902
vt 0.506377 0.070754
vt 0.734783 0.201970
vt 0.737001 0.202262
vt 0.738609 0.204833
vt 0.504388 0.069606
vt 0.508781 0.071488
vt 0.507419 0.069713
vt 0.734783 0.072469
vt 0.737001 0.072177
vt 0.739219 0.202553
vt 0.506057 0.067937
vt 0.620932 0.006737
vt 0.620076 0.004670
vt 0.734631 0.071902
vt 0.736620 0.070754
vt 0.739219 0.071885
vt 0.619219 0.002603
vt 0.621498 0.006585
vt 0.621498 0.004289
vt 0.734216 0.071488
vt 0.735578 0.069713
vt 0.738609 0.069606
vt 0.621498 0.001992
vt 0.622065 0.006737
vt 0.622921 0.004670
vt 0.736940 0.067937
vt 0.623778 0.002603
vt 0.863271 0.267702
vt 0.975422 0.202951
vt 0.976784 0.204726
vt 0.864127 0.269769
vt 0.975837 0.202536
vt 0.977826 0.203684
vt 0.978146 0.206501
vt 0.864984 0.271836
vt 0.862705 0.267853
vt 0.862705 0.270150
vt 0.975989 0.201970
vt 0.978207 0.202262
vt 0.979815 0.204833
vt 0.862705 0.272447
vt 0.862138 0.267702
vt 0.861282 0.269769
vt 0.975989 0.072469
vt 0.978207 0.072177
vt 0.980425 0.202553
vt 0.860425 0.271836
vt 0.749987 0.202951
vt 0.748625 0.204726
vt 0.975837 0.071902
vt 0.977826 0.070754
vt 0.980425 0.071885
vt 0.747263 0.206501
vt 0.749572 0.202536
vt 0.747583 0.203684
vt 0.975422 0.071488
vt 0.976784 0.069713
vt 0.979815 0.069606
vt 0.745594 0.204833
vt 0.749420 0.201970
vt 0.747202 0.202262
vt 0.863271 0.006737
vt 0.864127 0.004670
vt 0.978146 0.067937
vt 0.744984 0.202553
vt 0.749420 0.072469
vt 0.747202 0.072177
vt 0.862705 0.006585
vt 0.862705 0.004289
vt 0.864984 0.002603
vt 0.744984 0.071885
vt 0.749572 0.071902
vt 0.747583 0.070754
vt 0.862138 0.006737
vt 0.861282 0.004670
vt 0.862705 0.001992
vt 0.745594 0.069606
vt 0.749987 0.071488
vt 0.748625 0.069712
vt 0.860425 0.002603
vt 0.747263 0.067937
vt 0.454180 0.739466
vt 0.454128 0.739889
vt 0.345518 0.802595
vt 0.345126 0.802429
vt 0.345126 0.676504
vt 0.454415 0.739602
vt 0.345126 0.802700
vt 0.344733 0.802595
vt 0.236124 0.739889
vt 0.236071 0.739466
vt 0.454180 0.613541
vt 0.454520 0.613798
vt 0.454520 0.739209
vt 0.235837 0.739602
vt 0.235732 0.739209
vt 0.235732 0.613798
vt 0.236071 0.613541
vt 0.454415 0.613406
vt 0.345126 0.550579
vt 0.345518 0.550413
vt 0.454128 0.613118
vt 0.235837 0.613406
vt 0.236124 0.613119
vt 0.344733 0.550413
vt 0.345126 0.550308
vt 0.393930 0.545481
vt 0.393366 0.545632
vt 0.393366 0.545229
vt 0.393780 0.545118
vt 0.393931 0.545483
vt 0.393366 0.545635
vt 0.392801 0.545481
vt 0.392951 0.545118
vt 0.393366 0.544825
vt 0.393629 0.544754
vt 0.506081 0.480731
vt 0.505842 0.480419
vt 0.506083 0.480733
vt 0.392800 0.545483
vt 0.280650 0.480731
vt 0.280890 0.480419
vt 0.393102 0.544754
vt 0.393628 0.544752
vt 0.393366 0.544822
vt 0.505602 0.480107
vt 0.506495 0.480317
vt 0.506145 0.480116
vt 0.506497 0.480319
vt 0.280648 0.480733
vt 0.280237 0.480317
vt 0.280586 0.480116
vt 0.281129 0.480107
vt 0.505601 0.480105
vt 0.505795 0.479914
vt 0.506646 0.479752
vt 0.506256 0.479701
vt 0.506648 0.479753
vt 0.280234 0.480319
vt 0.280085 0.479752
vt 0.280475 0.479701
vt 0.280936 0.479914
vt 0.393103 0.544752
vt 0.281131 0.480105
vt 0.505866 0.479650
vt 0.506646 0.350252
vt 0.506256 0.350304
vt 0.506649 0.350252
vt 0.280083 0.479753
vt 0.280085 0.350252
vt 0.280475 0.350303
vt 0.280865 0.479650
vt 0.280938 0.479912
vt 0.505863 0.479650
vt 0.505793 0.479912
vt 0.505866 0.350355
vt 0.506495 0.349687
vt 0.506145 0.349889
vt 0.506497 0.349686
vt 0.280083 0.350252
vt 0.280237 0.349687
vt 0.280586 0.349889
vt 0.280865 0.350355
vt 0.280868 0.479649
vt 0.505863 0.350355
vt 0.505795 0.350091
vt 0.506081 0.349274
vt 0.505842 0.349586
vt 0.506083 0.349272
vt 0.280234 0.349686
vt 0.280650 0.349274
vt 0.280890 0.349586
vt 0.280936 0.350091
vt 0.280868 0.350355
vt 0.505793 0.350092
vt 0.505602 0.349898
vt 0.393930 0.284524
vt 0.393780 0.284887
vt 0.393932 0.284521
vt 0.280649 0.349272
vt 0.392801 0.284524
vt 0.392951 0.284887
vt 0.281129 0.349898
vt 0.280938 0.350092
vt 0.505601 0.349900
vt 0.393629 0.285250
vt 0.393366 0.284372
vt 0.393366 0.284776
vt 0.393366 0.284369
vt 0.392800 0.284521
vt 0.393102 0.285250
vt 0.281131 0.349900
vt 0.393628 0.285253
vt 0.393366 0.285179
vt 0.393103 0.285253
vt 0.393366 0.285182
vt 0.160773 0.546384
vt 0.160208 0.546232
vt 0.160358 0.545869
vt 0.160773 0.545980
vt 0.160207 0.546235
vt 0.160773 0.546387
vt 0.048057 0.481482
vt 0.048296 0.481170
vt 0.160509 0.545506
vt 0.160773 0.545576
vt 0.161337 0.546232
vt 0.161187 0.545869
vt 0.048055 0.481485
vt 0.161338 0.546235
vt 0.047643 0.481069
vt 0.047993 0.480867
vt 0.048536 0.480858
vt 0.160510 0.545503
vt 0.160773 0.545574
vt 0.161036 0.545506
vt 0.273488 0.481482
vt 0.273248 0.481170
vt 0.273490 0.481484
vt 0.047492 0.480504
vt 0.047882 0.480453
vt 0.048343 0.480665
vt 0.048537 0.480856
vt 0.161035 0.545503
vt 0.273009 0.480858
vt 0.273901 0.481069
vt 0.273552 0.480867
vt 0.273904 0.481070
vt 0.047490 0.480504
vt 0.047641 0.481070
vt 0.047492 0.351004
vt 0.047882 0.351055
vt 0.048272 0.480401
vt 0.273007 0.480856
vt 0.273202 0.480665
vt 0.274053 0.480504
vt 0.273663 0.480453
vt 0.274055 0.480504
vt 0.047490 0.351003
vt 0.047643 0.350439
vt 0.047993 0.350641
vt 0.048272 0.351106
vt 0.048275 0.480401
vt 0.048345 0.480664
vt 0.273200 0.480664
vt 0.273273 0.480401
vt 0.274053 0.351004
vt 0.273663 0.351055
vt 0.274055 0.351003
vt 0.047641 0.350437
vt 0.048057 0.350025
vt 0.048296 0.350337
vt 0.048343 0.350842
vt 0.048275 0.351107
vt 0.273270 0.480401
vt 0.273273 0.351106
vt 0.273901 0.350439
vt 0.273552 0.350640
vt 0.273904 0.350437
vt 0.048055 0.350023
vt 0.160208 0.285275
vt 0.160358 0.285638
vt 0.048536 0.350649
vt 0.048345 0.350844
vt 0.273270 0.351106
vt 0.273202 0.350842
vt 0.273488 0.350025
vt 0.273248 0.350337
vt 0.273490 0.350023
vt 0.160207 0.285273
vt 0.160772 0.285124
vt 0.160772 0.285527
vt 0.160509 0.286002
vt 0.048538 0.350651
vt 0.273200 0.350844
vt 0.273009 0.350649
vt 0.161337 0.285275
vt 0.161187 0.285638
vt 0.161338 0.285273
vt 0.160772 0.285121
vt 0.160772 0.285931
vt 0.160510 0.286004
vt 0.273007 0.350651
vt 0.161036 0.286002
vt 0.160772 0.285934
vt 0.161035 0.286004
vt 0.431631 0.808759
vt 0.431734 0.809325
vt 0.431269 0.809216
vt 0.431264 0.808759
vt 0.438953 0.806621
vt 0.439002 0.808419
vt 0.431734 0.938826
vt 0.431269 0.938935
vt 0.439002 0.939974
vt 0.431557 0.939393
vt 0.431210 0.939393
vt 0.438982 0.941599
vt 0.480690 0.928344
vt 0.480417 0.927777
vt 0.480882 0.927886
vt 0.481075 0.928344
vt 0.473059 0.930643
vt 0.473149 0.929222
vt 0.480417 0.798276
vt 0.480882 0.798167
vt 0.473149 0.796759
vt 0.480714 0.797710
vt 0.481075 0.797710
vt 0.473020 0.795385
vt 0.397734 0.807187
vt 0.398199 0.807079
vt 0.398199 0.936797
vt 0.397734 0.936689
vt 0.398206 0.806621
vt 0.397782 0.806621
vt 0.398284 0.937255
vt 0.397807 0.937255
vt 0.330266 0.936689
vt 0.330267 0.807187
vt 0.330259 0.806621
vt 0.330244 0.937255
vt 0.330262 0.936689
vt 0.330263 0.807188
vt 0.330256 0.806622
vt 0.330241 0.937255
vt 0.256164 0.936689
vt 0.255699 0.936797
vt 0.255699 0.807079
vt 0.256164 0.807187
vt 0.255908 0.937255
vt 0.255650 0.937215
vt 0.255765 0.806621
vt 0.256194 0.806621
vt 0.323786 0.807187
vt 0.324210 0.936689
vt 0.324147 0.937255
vt 0.323870 0.806621
vt 0.323790 0.807188
vt 0.324214 0.936689
vt 0.324151 0.937255
vt 0.323874 0.806622
vt 0.501533 0.790803
vt 0.501300 0.924412
vt 0.497840 0.923725
vt 0.497849 0.792025
vt 0.497261 0.927974
vt 0.500740 0.927636
vt 0.497197 0.788323
vt 0.500683 0.787699
vt 0.490787 0.923223
vt 0.491170 0.926747
vt 0.487542 0.927297
vt 0.487102 0.924112
vt 0.487114 0.791182
vt 0.490715 0.791452
vt 0.491024 0.787699
vt 0.487345 0.787830
vt 0.445174 0.941848
vt 0.445225 0.939569
vt 0.453064 0.939569
vt 0.453004 0.941848
vt 0.452839 0.808900
vt 0.445030 0.808900
vt 0.445053 0.806621
vt 0.452921 0.806621
vt 0.466961 0.806621
vt 0.466949 0.808901
vt 0.459100 0.808901
vt 0.459122 0.806621
vt 0.459184 0.939569
vt 0.466993 0.939569
vt 0.466875 0.941848
vt 0.459091 0.941848
vt 0.417915 0.938389
vt 0.417690 0.808887
vt 0.424959 0.808593
vt 0.425183 0.939146
vt 0.417772 0.808321
vt 0.425028 0.806621
vt 0.417855 0.938955
vt 0.425074 0.941594
vt 0.411663 0.938957
vt 0.411570 0.939524
vt 0.404318 0.941180
vt 0.404395 0.939215
vt 0.411579 0.809456
vt 0.404311 0.808820
vt 0.411601 0.808890
vt 0.404340 0.806621
vt 0.230341 0.815443
vt 0.230341 0.815835
vt 0.229014 0.815835
vt 0.229014 0.815443
vt 0.231669 0.815443
vt 0.231669 0.815835
vt 0.230341 0.941246
vt 0.229014 0.941246
vt 0.231669 0.941246
vt 0.230341 0.941639
vt 0.229014 0.941639
vt 0.231669 0.941639
vt 0.221659 0.941639
vt 0.221659 0.941246
vt 0.222987 0.941246
vt 0.222987 0.941639
vt 0.220332 0.941639
vt 0.220332 0.941246
vt 0.221659 0.815835
vt 0.222987 0.815835
vt 0.220332 0.815835
vt 0.221659 0.815443
vt 0.222987 0.815443
vt 0.220332 0.815443
vt 0.508127 0.787816
vt 0.637628 0.787773
vt 0.637628 0.951744
vt 0.508127 0.951801
vt 0.638195 0.951759
vt 0.638195 0.787784
vt 0.637628 0.951747
vt 0.508127 0.951805
vt 0.507561 0.951761
vt 0.507561 0.787699
vt 0.638194 0.951763
vt 0.507561 0.951765
vt 0.774290 0.935732
vt 0.644788 0.935928
vt 0.644788 0.772131
vt 0.774290 0.771747
vt 0.644222 0.771976
vt 0.644222 0.935876
vt 0.644789 0.772127
vt 0.774289 0.771743
vt 0.774856 0.771757
vt 0.774856 0.935755
vt 0.644223 0.771972
vt 0.774855 0.771753
vt 0.246780 0.936441
vt 0.246776 0.936441
vt 0.246816 0.936178
vt 0.246820 0.936178
vt 0.246759 0.806884
vt 0.246762 0.806884
vt 0.249618 0.936178
vt 0.249597 0.936441
vt 0.246774 0.806621
vt 0.246778 0.806622
vt 0.249619 0.806884
vt 0.249601 0.936441
vt 0.249622 0.936178
vt 0.249612 0.806622
vt 0.249623 0.806884
vt 0.249615 0.806621
vt 0.240354 0.806622
vt 0.240357 0.806621
vt 0.240348 0.806884
vt 0.240344 0.806884
vt 0.240732 0.936178
vt 0.240728 0.936178
vt 0.237700 0.806884
vt 0.237784 0.806622
vt 0.240577 0.936441
vt 0.240573 0.936441
vt 0.238123 0.936178
vt 0.237780 0.806621
vt 0.237696 0.806884
vt 0.238060 0.936441
vt 0.238120 0.936178
vt 0.238057 0.936441
vn 0.001031 -0.999998 -0.001786
vn 0.002063 -0.999998 -0.000000
vn 0.000000 -1.000000 0.000000
vn -0.001031 -0.999998 -0.001786
vn -0.002063 -0.999998 0.000000
vn -0.001031 -0.999998 0.001786
vn 0.001031 -0.999998 0.001786
vn 0.394687 0.613880 -0.683647
vn 0.001564 0.585878 -0.810398
vn 0.135363 0.200959 -0.970202
vn 0.488243 0.216295 -0.845479
vn -0.794378 0.607424 0.000000
vn -0.703037 0.585389 0.403804
vn -0.919314 0.237195 0.314007
vn -0.391781 0.621281 0.678614
vn -0.000394 0.574788 0.818302
vn -0.081832 0.206884 0.974937
vn -0.487010 0.227732 0.843184
vn 0.391623 0.621676 0.678344
vn 0.709577 0.573103 0.409943
vn 0.805570 0.213837 0.552567
vn 0.485973 0.235728 0.841583
vn 0.719539 0.571382 -0.394697
vn 0.705325 0.580778 -0.406464
vn 0.877789 0.219724 -0.425685
vn 0.877789 0.219724 -0.425685
vn 0.166565 -0.942943 -0.288298
vn -0.004553 -0.925051 -0.379815
vn 0.166562 -0.942943 -0.288299
vn 0.331261 -0.925045 -0.185896
vn 0.168555 0.941532 -0.291731
vn 0.331495 0.924051 -0.190372
vn 0.168552 0.941532 -0.291733
vn -0.000746 0.924034 -0.382310
vn -0.100785 -0.979483 -0.174516
vn -0.320185 -0.946512 -0.039950
vn -0.100786 -0.979483 -0.174515
vn 0.125479 -0.946481 -0.297371
vn -0.123870 0.968837 -0.214503
vn 0.084142 0.941430 -0.326541
vn -0.123871 0.968837 -0.214502
vn -0.324805 0.941453 -0.090375
vn -0.152641 -0.988282 0.000006
vn -0.146602 -0.949175 0.278522
vn -0.152641 -0.988282 0.000006
vn -0.146601 -0.949182 -0.278498
vn -0.274544 0.961575 -0.000009
vn -0.267620 0.937336 -0.223116
vn -0.274544 0.961575 -0.000009
vn -0.267626 0.937336 0.223110
vn -0.000048 1.000000 -0.000023
vn -0.292358 0.941288 -0.168832
vn -0.000008 1.000000 -0.000000
vn 0.292463 0.941243 0.168901
vn 0.221121 -0.896939 0.382892
vn 0.335007 -0.888867 0.312546
vn 0.221116 -0.896939 0.382895
vn 0.103159 -0.888866 0.446402
vn 0.000021 1.000000 -0.000043
vn -0.292472 0.941247 0.168864
vn 0.000015 1.000000 -0.000040
vn 0.292322 0.941298 -0.168836
vn 0.204605 -0.978845 0.000007
vn 0.197796 -0.946271 -0.255830
vn 0.204605 -0.978845 0.000007
vn 0.197795 -0.946267 0.255843
vn 0.000000 1.000000 0.000000
vn 0.000000 0.941272 0.337648
vn 0.000000 1.000000 0.000000
vn 0.000000 0.941272 -0.337648
vn -0.700893 0.588981 -0.402306
vn -0.919323 0.237176 -0.313996
vn -0.701416 0.585678 0.406200
vn -0.803411 0.207168 0.558223
vn 0.000335 0.574796 0.818297
vn 0.075695 0.213716 0.973959
vn 0.709782 0.573105 0.409586
vn 0.719539 0.571383 0.394697
vn 0.877789 0.219724 0.425685
vn 0.877789 0.219724 0.425685
vn 0.704483 0.580611 -0.408160
vn 0.772552 0.201289 -0.602201
vn 0.001221 -0.003222 -0.999994
vn 0.000000 -0.382637 -0.923899
vn 0.000000 -0.382637 -0.923899
vn -0.001251 -0.003222 -0.999994
vn 0.000000 -0.923818 -0.382832
vn 0.000000 -0.923818 -0.382832
vn 0.015912 0.999493 -0.027572
vn 0.000000 0.923818 -0.382832
vn 0.000000 0.923818 -0.382832
vn -0.015913 0.999493 -0.027568
vn 0.000000 0.382646 -0.923895
vn -0.001343 0.585974 -0.810329
vn 0.000000 0.382646 -0.923895
vn -0.865395 -0.003219 -0.501080
vn -0.800093 -0.382714 -0.461932
vn -0.800093 -0.382714 -0.461932
vn -0.866650 -0.003219 -0.498906
vn -0.331454 -0.923859 -0.191371
vn -0.331454 -0.923859 -0.191371
vn -0.331454 0.923859 -0.191371
vn -0.331454 0.923859 -0.191371
vn -0.031844 0.999493 0.000000
vn -0.800087 0.382719 -0.461938
vn -0.698959 0.589206 -0.405331
vn -0.800087 0.382719 -0.461938
vn -0.866649 -0.003214 0.498908
vn -0.800083 -0.382743 0.461926
vn -0.800083 -0.382743 0.461926
vn -0.865286 -0.003212 0.501268
vn -0.331449 -0.923861 0.191368
vn -0.331449 -0.923861 0.191367
vn -0.331449 0.923861 0.191368
vn -0.331449 0.923861 0.191368
vn -0.015913 0.999493 0.027571
vn -0.800081 0.382751 0.461922
vn -0.800081 0.382751 0.461922
vn -0.001467 -0.003203 0.999994
vn -0.000000 -0.382660 0.923889
vn -0.000000 -0.382660 0.923889
vn 0.001120 -0.003207 0.999994
vn -0.000000 -0.923829 0.382805
vn -0.000000 -0.923829 0.382805
vn -0.000000 0.923829 0.382805
vn -0.000000 0.923829 0.382805
vn 0.015913 0.999493 0.027567
vn -0.000000 0.382669 0.923885
vn -0.000000 0.382669 0.923885
vn 0.865458 -0.003218 0.500972
vn 0.800099 -0.382682 0.461948
vn 0.800099 -0.382682 0.461948
vn 0.866603 -0.003218 0.498987
vn 0.331445 -0.923866 0.191352
vn 0.331445 -0.923866 0.191352
vn 0.331445 0.923866 0.191352
vn 0.331445 0.923866 0.191352
vn 0.031844 0.999493 -0.000001
vn 0.800093 0.382687 0.461954
vn 0.800093 0.382688 0.461954
vn 0.331460 -0.923856 -0.191374
vn 0.331460 -0.923856 -0.191374
vn 0.800077 -0.382758 -0.461923
vn 0.865411 -0.003220 -0.501053
vn 0.866604 -0.003221 -0.498985
vn 0.800077 -0.382758 -0.461923
vn 0.800076 0.382765 -0.461919
vn 0.800076 0.382765 -0.461919
vn 0.331460 0.923856 -0.191374
vn 0.331460 0.923856 -0.191374
vn -0.131313 -0.179161 -0.975017
vn -0.490590 -0.193261 -0.849689
vn -0.499968 -0.001326 -0.866043
vn -0.778692 -0.179346 -0.601227
vn -0.392561 0.619278 -0.679994
vn -0.783218 0.210169 -0.585148
vn -0.486906 0.227687 -0.843256
vn -0.115153 0.209965 -0.970904
vn -0.909301 -0.175714 -0.377223
vn -0.909301 -0.175714 -0.377223
vn -0.965657 -0.001292 -0.259818
vn -0.909297 -0.175717 0.377230
vn -0.909297 -0.175717 0.377230
vn -0.965656 -0.001293 0.259823
vn -0.909018 0.131209 0.395564
vn -0.909022 0.131207 -0.395556
vn 0.769671 -0.187237 -0.610368
vn 0.489893 -0.200634 -0.848381
vn 0.499989 -0.001258 -0.866031
vn 0.143844 -0.186919 -0.971787
vn 0.490469 -0.194114 0.849565
vn 0.757666 -0.182410 0.626633
vn 0.500041 -0.001060 0.866001
vn 0.163747 -0.182282 0.969515
vn -0.499694 -0.002889 0.866197
vn -0.695574 -0.466883 0.546074
vn -0.408352 -0.593262 0.693750
vn -0.129354 -0.474168 0.870880
vn 0.915962 -0.165914 0.365358
vn 0.915962 -0.165914 0.365358
vn 0.965677 -0.001105 0.259743
vn 0.915962 -0.165914 -0.365358
vn 0.915962 -0.165914 -0.365358
vn 0.965677 -0.001104 -0.259742
vn 0.006874 0.089791 0.995937
vn -0.010064 0.087771 0.996090
vn -0.007459 0.089868 0.995926
vn 0.003828 0.092239 0.995730
vn -0.562282 -0.097650 0.821160
vn -0.510305 -0.109232 0.853028
vn -0.861821 0.070969 0.502223
vn -0.860090 0.068809 0.505480
vn -0.868722 0.070472 0.490261
vn -0.868933 0.070360 0.489903
vn -0.988513 -0.030328 0.148062
vn -0.988513 -0.030328 0.148062
vn -0.869061 0.039803 -0.493100
vn -0.984298 -0.016527 -0.175741
vn -0.984298 -0.016527 -0.175741
vn -0.869928 0.039521 -0.491593
vn -0.859972 0.037129 -0.508988
vn -0.860996 0.037971 -0.507192
vn -0.467635 -0.070609 -0.881097
vn -0.491669 -0.073073 -0.867711
vn -0.005520 0.054874 -0.998478
vn -0.008769 0.053615 -0.998523
vn 0.009916 0.053926 -0.998496
vn 0.008982 0.054226 -0.998488
vn 0.517793 -0.044049 -0.854371
vn 0.503821 -0.044871 -0.862642
vn 0.860702 0.070654 -0.504183
vn 0.859672 0.069942 -0.506036
vn 0.868474 0.066493 -0.491255
vn 0.866960 0.068836 -0.493600
vn 0.951939 -0.126353 -0.279010
vn 0.951939 -0.126353 -0.279010
vn 0.863658 0.098705 0.494319
vn 0.944102 -0.080853 0.319583
vn 0.944102 -0.080853 0.319584
vn 0.865253 0.096149 0.492029
vn 0.857796 0.094963 0.505142
vn 0.858926 0.097272 0.502777
vn 0.461470 -0.103688 0.881076
vn 0.489178 -0.106763 0.865625
vn -0.863611 0.000000 0.504158
vn -0.868309 0.000000 0.496023
vn -0.868330 0.000000 0.495987
vn -0.863799 0.000000 0.503837
vn -0.505770 0.000000 0.862669
vn -0.492576 0.000000 0.870270
vn -0.004654 0.000000 0.999989
vn -0.004527 0.000000 0.999990
vn 0.004692 0.000000 0.999989
vn 0.004573 0.000000 0.999990
vn 0.500772 0.000000 0.865579
vn 0.504296 0.000000 0.863531
vn 0.863726 0.000000 0.503962
vn 0.863729 0.000000 0.503957
vn 0.868332 0.000000 0.495983
vn 0.868258 0.000000 0.496113
vn 0.965882 0.000000 0.258981
vn 0.965882 0.000000 0.258981
vn 0.965883 0.000000 -0.258977
vn 0.868325 0.000000 -0.495996
vn 0.868299 0.000000 -0.496041
vn 0.965884 0.000000 -0.258977
vn 0.863680 0.000000 -0.504041
vn 0.863735 0.000000 -0.503946
vn 0.501028 0.000000 -0.865431
vn 0.497025 0.000000 -0.867736
vn 0.004611 0.000000 -0.999989
vn 0.004573 0.000000 -0.999990
vn -0.004680 0.000000 -0.999989
vn -0.004428 0.000000 -0.999990
vn -0.494723 0.000000 -0.869051
vn -0.503673 0.000000 -0.863895
vn -0.863699 0.000000 -0.504007
vn -0.863743 0.000000 -0.503933
vn -0.868365 0.000000 -0.495925
vn -0.868260 0.000000 -0.496109
vn -0.965883 0.000000 -0.258977
vn -0.965883 0.000000 -0.258977
vn -0.965882 0.000000 0.258981
vn -0.965882 0.000000 0.258982
vn 0.000000 1.000000 0.000000
vn 0.000000 1.000000 0.000000
vn 0.000000 1.000000 0.000000
vn 0.000000 1.000000 0.000000
vn 0.000000 1.000000 0.000000
vn 0.000000 1.000000 0.000000
vn 0.000000 1.000000 0.000000
vn 0.000000 1.000000 -0.000000
vn 0.000000 1.000000 0.000000
vn 0.000000 1.000000 0.000000
vn 0.000000 1.000000 -0.000000
vn 0.000000 1.000000 -0.000000
vn 0.000000 1.000000 -0.000000
vn 0.000000 1.000000 -0.000000
vn 0.000000 1.000000 0.000000
vn 0.000000 1.000000 0.000000
vn 0.000000 1.000000 -0.000000
vn 0.000000 1.000000 -0.000000
vn -0.000485 0.584876 0.811123
vn 0.000404 0.584828 0.811157
vn -0.004906 -0.609307 0.792919
vn 0.001523 -0.609312 0.792929
vn 0.001498 -0.609311 0.792930
vn -0.004656 -0.609298 0.792927
vn -0.399028 -0.600245 0.693169
vn -0.395499 -0.600095 0.695318
vn -0.053931 0.590852 0.804976
vn -0.682088 -0.614830 0.395904
vn -0.682080 -0.614830 0.395918
vn -0.694698 0.596167 0.402466
vn -0.670092 0.590850 0.449303
vn -0.696029 0.596458 0.399727
vn -0.685055 -0.614809 0.390781
vn -0.684987 -0.614806 0.390905
vn -0.800037 -0.599951 0.000353
vn -0.800053 -0.599925 0.002135
vn -0.792119 0.610367 -0.000000
vn -0.686984 -0.610476 -0.394172
vn -0.686968 -0.610474 -0.394202
vn -0.693730 0.600195 -0.398125
vn -0.691940 0.600058 -0.401434
vn -0.683878 -0.610466 -0.399551
vn -0.683964 -0.610461 -0.399413
vn -0.399276 -0.602500 -0.691066
vn -0.401730 -0.602437 -0.689697
vn -0.617052 0.602145 -0.506624
vn -0.002068 -0.611235 -0.791447
vn -0.002050 -0.611234 -0.791447
vn -0.001467 0.596709 -0.802457
vn -0.130121 0.602144 -0.787713
vn 0.001640 0.596790 -0.802396
vn 0.003736 -0.611221 -0.791451
vn 0.003607 -0.611217 -0.791455
vn 0.398449 -0.603734 -0.690467
vn 0.396703 -0.603703 -0.691498
vn 0.391955 0.620835 -0.678922
vn 0.685168 -0.609971 -0.398096
vn 0.685186 -0.609969 -0.398067
vn 0.697756 0.591306 -0.404343
vn 0.698970 0.590977 -0.402726
vn 0.688092 -0.609962 -0.393034
vn 0.688030 -0.609957 -0.393149
vn 0.797211 -0.603701 -0.000176
vn 0.797232 -0.603669 -0.002233
vn 0.711895 0.582366 -0.392499
vn 0.687455 -0.609722 0.394518
vn 0.687439 -0.609720 0.394549
vn 0.703716 0.583023 0.406041
vn 0.711895 0.582366 0.392499
vn 0.703430 0.583069 0.406468
vn 0.684471 -0.609714 0.399685
vn 0.684551 -0.609708 0.399556
vn 0.399198 -0.602901 0.690762
vn 0.401420 -0.602849 0.689518
vn 0.683686 0.586613 0.434119
vn 0.033987 0.586606 0.809159
vn 0.001165 0.999966 0.008169
vn -0.001344 0.999963 0.008487
vn -0.002540 0.999961 0.008487
vn 0.001986 0.999966 0.007987
vn -0.003653 0.999958 0.008456
vn 0.002820 0.999966 0.007791
vn 0.001057 -0.999959 -0.009003
vn -0.001864 -0.999960 -0.008716
vn -0.002560 -0.999961 -0.008493
vn 0.002054 -0.999958 -0.008904
vn -0.002958 -0.999961 -0.008344
vn 0.002714 -0.999957 -0.008836
vn 0.051614 -0.997678 -0.044429
vn 0.045482 -0.997437 -0.055235
vn 0.042775 -0.997211 -0.061157
vn -0.025168 0.997244 0.069797
vn -0.021349 0.996514 0.080645
vn -0.018606 0.996141 0.085775
vn -0.014582 -0.999869 0.007012
vn -0.015297 -0.999864 0.006109
vn -0.015810 -0.999860 0.005459
vn 0.015296 0.999857 -0.007198
vn 0.015933 0.999854 -0.006188
vn 0.016571 0.999849 -0.005229
vn 0.014639 0.999855 -0.008682
vn 0.014559 0.999854 -0.008988
vn 0.014492 0.999852 -0.009243
vn -0.014810 -0.999856 0.008326
vn -0.014744 -0.999854 0.008645
vn -0.014700 -0.999853 0.008872
vn 0.004062 -0.999888 0.014420
vn 0.006692 -0.999875 0.014340
vn 0.008380 -0.999859 0.014553
vn -0.005312 0.999982 -0.002646
vn -0.007994 0.999959 -0.004361
vn -0.009628 0.999941 -0.005102
vn 0.005498 -0.999981 0.002858
vn 0.005389 -0.999981 0.002822
vn 0.005303 -0.999982 0.002798
vn -0.005217 0.999981 -0.003133
vn -0.005114 0.999982 -0.003097
vn -0.005033 0.999983 -0.003065
vn -0.005415 0.999978 -0.003972
vn -0.005038 0.999976 -0.004694
vn -0.004692 0.999975 -0.005326
vn 0.005532 -0.999977 0.004018
vn 0.005112 -0.999976 0.004668
vn 0.004805 -0.999975 0.005144
vn 0.013295 -0.998888 0.045243
vn 0.021557 -0.998751 0.045083
vn 0.026197 -0.998634 0.045215
vn -0.030845 0.998921 -0.034718
vn -0.038133 0.998604 -0.036539
vn -0.042259 0.998417 -0.037109
vn 0.000878 -0.999997 -0.002200
vn 0.001552 -0.999996 -0.002316
vn 0.002047 -0.999995 -0.002401
vn -0.000570 0.999997 0.002427
vn -0.001244 0.999996 0.002506
vn -0.001859 0.999995 0.002587
vn 0.000221 0.999997 0.002464
vn 0.000661 0.999997 0.002521
vn 0.001046 0.999996 0.002575
vn -0.000256 -0.999997 -0.002527
vn -0.000690 -0.999996 -0.002601
vn -0.000999 -0.999996 -0.002654
vn -0.016601 -0.999762 0.014153
vn -0.014268 -0.999707 0.019562
vn -0.013118 -0.999656 0.022730
vn 0.004680 0.999810 -0.018919
vn 0.004044 0.999695 -0.024378
vn 0.003341 0.999614 -0.027574
vn -0.002885 -0.999994 0.002113
vn -0.002666 -0.999994 0.002150
vn -0.002512 -0.999995 0.002158
vn 0.003117 0.999994 -0.001690
vn 0.002910 0.999994 -0.001734
vn 0.002726 0.999995 -0.001785
vn 0.004160 0.999991 -0.000379
vn 0.004899 0.999988 0.000790
vn 0.005565 0.999983 0.001899
vn -0.004703 -0.999988 0.001067
vn -0.005184 -0.999986 0.000027
vn -0.005526 -0.999985 -0.000705
vn -0.068166 -0.997669 -0.003177
vn -0.074990 -0.997173 0.004833
vn -0.078903 -0.996843 0.008884
vn 0.084395 0.996321 -0.014877
vn 0.090898 0.995588 -0.023282
vn 0.093225 0.995281 -0.026917
vn -0.002454 -0.999997 0.000326
vn -0.002694 -0.999996 0.001171
vn -0.002827 -0.999995 0.001683
vn 0.001834 0.999998 -0.000606
vn 0.002229 0.999996 -0.001563
vn 0.002602 0.999993 -0.002525
vn 0.000546 0.999998 0.002019
vn -0.000086 0.999995 0.003061
vn -0.000715 0.999992 0.004034
vn -0.001272 -0.999997 -0.002091
vn -0.000640 -0.999996 -0.002902
vn -0.000224 -0.999994 -0.003436
vn -0.022421 -0.997993 -0.059227
vn -0.031378 -0.997577 -0.062093
vn -0.036004 -0.997294 -0.064093
vn 0.045093 0.997097 0.061355
vn 0.053710 0.996437 0.065025
vn 0.057643 0.996151 0.066030
vn -0.000455 1.000000 -0.000180
vn 0.000249 1.000000 0.000415
vn 0.000248 1.000000 0.000414
vn -0.000454 1.000000 -0.000179
vn 0.000247 1.000000 0.000414
vn -0.000452 1.000000 -0.000177
vn -0.000326 -1.000000 -0.000438
vn 0.000256 -1.000000 -0.000088
vn 0.000255 -1.000000 -0.000087
vn -0.000324 -1.000000 -0.000436
vn 0.000254 -1.000000 -0.000087
vn -0.000322 -1.000000 -0.000434
vn 0.056963 -0.997563 0.040280
vn 0.038000 -0.998916 0.026886
vn 0.030685 -0.999293 0.021711
vn -0.065338 0.996795 -0.046152
vn -0.043616 0.998573 -0.030832
vn -0.035223 0.999069 -0.024902
vn -0.000836 -1.000000 0.000095
vn -0.000831 -1.000000 0.000095
vn -0.000827 -1.000000 0.000096
vn 0.000958 1.000000 -0.000108
vn 0.000952 1.000000 -0.000108
vn 0.000948 1.000000 -0.000109
vn 0.000837 1.000000 0.000154
vn 0.000832 1.000000 0.000152
vn 0.000827 1.000000 0.000151
vn -0.000991 -1.000000 -0.000044
vn -0.000985 -0.999999 -0.000042
vn -0.000980 -1.000000 -0.000041
vn 0.001615 -0.999995 0.002800
vn 0.001075 -0.999998 0.001863
vn 0.000868 -0.999998 0.001504
vn -0.036285 0.999201 0.016731
vn -0.024173 0.999646 0.011143
vn -0.019516 0.999769 0.008996
vn -0.000099 -1.000000 0.000087
vn -0.000090 -1.000000 0.000092
vn -0.000082 -1.000000 0.000095
vn 0.000189 1.000000 -0.000440
vn 0.000189 1.000000 -0.000438
vn 0.000189 1.000000 -0.000437
vn 0.000248 1.000000 -0.000201
vn 0.000248 1.000000 -0.000200
vn 0.000247 1.000000 -0.000200
vn 0.000069 -1.000000 -0.000353
vn 0.000078 -1.000000 -0.000346
vn 0.000085 -1.000000 -0.000340
vn 0.002817 -0.999526 -0.030650
vn 0.001877 -0.999790 -0.020409
vn 0.001516 -0.999863 -0.016475
vn -0.002789 0.999534 0.030386
vn -0.001858 0.999794 0.020235
vn -0.001500 0.999865 0.016336
vn 0.000236 -1.000000 0.000286
vn 0.000226 -1.000000 0.000289
vn 0.000218 -1.000000 0.000292
vn -0.000218 1.000000 -0.000294
vn -0.000218 1.000000 -0.000292
vn -0.000217 1.000000 -0.000289
vn 0.000022 1.000000 -0.000190
vn 0.000022 1.000000 -0.000188
vn 0.000021 1.000000 -0.000186
vn 0.000124 -1.000000 0.000295
vn 0.000115 -1.000000 0.000299
vn 0.000107 -1.000000 0.000302
vn -0.012664 -0.999880 -0.008948
vn -0.008430 -0.999947 -0.005956
vn -0.006805 -0.999965 -0.004808
vn 0.024498 0.999550 0.017329
vn 0.016314 0.999800 0.011539
vn 0.013170 0.999870 0.009314
vn 0.000185 -1.000000 -0.000024
vn 0.000184 -1.000000 -0.000022
vn 0.000183 -1.000000 -0.000021
vn -0.000358 1.000000 0.000045
vn -0.000356 1.000000 0.000042
vn -0.000354 1.000000 0.000040
vn 0.000021 1.000000 -0.000167
vn 0.000022 1.000000 -0.000169
vn 0.000022 1.000000 -0.000170
vn -0.000387 -1.000000 0.000214
vn -0.000386 -1.000000 0.000215
vn -0.000384 -1.000000 0.000215
vn -0.051847 -0.998369 0.023897
vn -0.034569 -0.999275 0.015927
vn -0.027912 -0.999528 0.012860
vn 0.040895 0.998986 -0.018851
vn 0.027250 0.999550 -0.012557
vn 0.022000 0.999707 -0.010137
vn 0.000273 -1.000000 -0.000631
vn 0.000271 -1.000000 -0.000627
vn 0.000270 -1.000000 -0.000623
vn -0.000215 1.000000 0.000497
vn -0.000214 1.000000 0.000494
vn -0.000213 1.000000 0.000491
vn -0.000266 1.000000 0.000146
vn -0.000264 1.000000 0.000145
vn -0.000263 1.000000 0.000144
vn 0.000353 -1.000000 -0.000267
vn 0.000351 -1.000000 -0.000264
vn 0.000349 -1.000000 -0.000263
vn -0.004152 -0.998966 0.045272
vn -0.002770 -0.999541 0.030166
vn -0.002237 -0.999701 0.024356
vn 0.005654 0.999482 -0.031687
vn 0.003768 0.999770 -0.021112
vn 0.003042 0.999850 -0.017043
vn 0.000000 1.000000 -0.000000
vn 0.000000 1.000000 -0.000000
vn 0.000000 1.000000 0.000000
vn 0.000000 1.000000 0.000000
vn 0.000000 1.000000 -0.000000
vn 0.000000 1.000000 -0.000000
vn 0.000000 1.000000 -0.000000
vn 0.000000 1.000000 -0.000000
vn 0.000000 1.000000 -0.000000
vn 0.000000 1.000000 -0.000000
vn 0.000000 1.000000 -0.000000
vn 0.000000 1.000000 0.000000
vn 0.000000 1.000000 0.000000
vn 0.000000 1.000000 0.000000
vn 0.000000 1.000000 0.000000
vn 0.000000 1.000000 0.000000
vn 0.000000 1.000000 -0.000000
vn 0.000000 1.000000 0.000000
vn 0.000000 1.000000 0.000000
vn 0.865607 0.000000 -0.500723
vn 0.500008 0.000000 -0.866021
vn 0.500010 0.000000 -0.866019
vn 0.865607 0.000000 -0.500724
vn 0.000837 0.000000 -1.000000
vn 0.000837 0.000000 -1.000000
vn -0.000835 0.000000 -1.000000
vn -0.500024 0.000000 -0.866012
vn -0.500021 0.000000 -0.866013
vn -0.000835 0.000000 -1.000000
vn -0.865608 0.000000 -0.500722
vn -0.865608 0.000000 -0.500723
vn -0.866443 0.000000 -0.499275
vn -0.965919 0.000000 -0.258845
vn -0.965919 0.000000 -0.258846
vn -0.866443 0.000000 -0.499276
vn -0.965918 0.000000 0.258848
vn -0.866443 0.000000 0.499275
vn -0.866443 0.000000 0.499276
vn -0.965918 0.000000 0.258849
vn -0.865608 0.000000 0.500723
vn -0.707099 0.000000 0.707114
vn -0.707104 0.000000 0.707110
vn -0.865607 0.000000 0.500724
vn -0.258790 0.000000 0.965934
vn -0.000836 0.000000 1.000000
vn -0.000836 0.000000 1.000000
vn -0.258788 0.000000 0.965934
vn 0.000835 0.000000 1.000000
vn 0.258796 0.000000 0.965932
vn 0.258794 0.000000 0.965932
vn 0.000835 0.000000 1.000000
vn 0.707136 0.000000 0.707078
vn 0.865608 0.000000 0.500723
vn 0.865607 0.000000 0.500724
vn 0.707134 0.000000 0.707079
vn 0.866443 0.000000 0.499275
vn 0.965919 0.000000 0.258845
vn 0.965919 0.000000 0.258846
vn 0.866443 0.000000 0.499276
vn 0.965919 0.000000 -0.258845
vn 0.866443 0.000000 -0.499275
vn 0.866443 0.000000 -0.499276
vn 0.965919 0.000000 -0.258846
vn 0.000837 0.000000 -1.000000
vn -0.866444 0.000000 -0.499274
vn -0.866444 0.000000 0.499274
vn -0.865608 0.000000 0.500722
vn -0.000836 0.000000 1.000000
vn 0.000835 0.000000 1.000000
vn 0.865608 0.000000 0.500722
vn 0.866444 0.000000 0.499274
vn 0.866444 0.000000 -0.499274
vn 0.865608 0.000000 -0.500722
vn -0.000835 0.000000 -1.000000
vn -0.865607 0.000000 -0.500724
vn 0.000000 1.000000 0.000002
vn 0.000000 1.000000 0.000000
vn 0.000000 1.000000 0.000000
vn 0.000000 1.000000 -0.000002
vn 0.000000 1.000000 0.000000
vn 0.000000 1.000000 0.000000
vn 0.000000 1.000000 -0.000034
vn 0.000000 1.000000 -0.000023
vn 0.000000 1.000000 -0.000011
vn 0.000000 1.000000 0.000034
vn 0.000000 1.000000 0.000023
vn 0.000000 1.000000 0.000011
vn 0.500006 0.000000 -0.866022
vn -0.500019 0.000000 -0.866015
vn -0.965919 0.000000 -0.258844
vn -0.965918 0.000000 0.258847
vn -0.707095 0.000000 0.707119
vn -0.258792 0.000000 0.965933
vn 0.258798 0.000000 0.965931
vn 0.707137 0.000000 0.707077
vn 0.965919 0.000000 0.258844
vn 0.965919 0.000000 -0.258844
vn -0.166997 -0.939415 0.299352
vn -0.001312 0.000000 -0.999999
vn 0.001152 0.000000 -0.999999
vn 0.001185 -0.000009 -0.999999
vn -0.001116 -0.000009 -0.999999
vn -0.866666 -0.000000 -0.498889
vn -0.865468 0.000000 -0.500964
vn -0.865433 -0.000009 -0.501025
vn -0.866564 -0.000009 -0.499067
vn 0.001194 0.000000 0.999999
vn -0.001102 0.000000 0.999999
vn -0.001354 -0.000009 0.999999
vn 0.001156 -0.000009 0.999999
vn 0.866648 0.000000 0.498921
vn 0.865427 -0.000000 0.501035
vn 0.865448 -0.000009 0.500999
vn 0.866545 -0.000009 0.499098
vn 0.865422 0.000000 -0.501043
vn 0.866594 0.000000 -0.499014
vn 0.866631 -0.000009 -0.498950
vn 0.865468 -0.000009 -0.500964
vn -0.493229 -0.000009 -0.869899
vn -0.707184 0.000000 -0.707029
vn -0.258541 0.000000 -0.966000
vn 0.507095 -0.000009 -0.861890
vn 0.258584 0.000000 -0.965989
vn 0.707219 0.000000 -0.706995
vn 0.999816 -0.000009 0.019174
vn 0.965877 0.000000 0.259000
vn 0.965877 0.000000 -0.259000
vn -0.865393 -0.000009 0.501094
vn -0.707160 -0.000010 0.707053
vn -0.707159 0.000000 0.707054
vn -0.865353 0.000000 0.501162
vn -0.258536 -0.000012 0.966002
vn -0.258538 0.000000 0.966001
vn 0.499938 -0.000009 0.866061
vn 0.707149 -0.000000 0.707064
vn 0.258600 0.000000 0.965984
vn -0.866588 -0.000000 0.499024
vn -0.866626 -0.000009 0.498958
vn -0.999905 -0.000009 -0.013795
vn -0.965890 -0.000000 0.258954
vn -0.965891 -0.000000 -0.258950
vn -0.002314 -0.999993 0.002892
vn -0.010790 -0.997473 0.070225
vn -0.007233 -0.996719 0.080611
vn 0.000635 -0.999999 0.001199
vn -0.002870 -0.999995 -0.001564
vn 0.000077 -1.000000 0.000134
vn -0.002870 -0.999994 -0.001930
vn 0.000093 -1.000000 -0.000213
vn -0.037821 -0.999206 0.012514
vn -0.040876 -0.998987 0.018822
vn 0.000110 -0.999995 -0.003325
vn 0.000114 -1.000000 0.000070
vn 0.000250 -0.999994 -0.003423
vn 0.000247 -1.000000 -0.000033
vn -0.031789 -0.999105 -0.027891
vn -0.039082 -0.998855 -0.027603
vn 0.003154 -0.999994 -0.001178
vn 0.000211 -1.000000 0.000522
vn 0.003297 -0.999994 -0.001215
vn 0.000353 -1.000000 0.000476
vn 0.013584 -0.995039 -0.098552
vn 0.010408 -0.993536 -0.113035
vn 0.003050 -0.999995 0.001124
vn 0.000112 -1.000000 -0.000569
vn 0.002888 -0.999994 0.001735
vn -0.000043 -1.000000 0.000037
vn 0.003628 -0.999974 0.006278
vn 0.001602 -0.999995 0.002776
vn -0.002144 -0.999992 0.003412
vn -0.002150 -0.999998 -0.000018
vn -0.001361 -0.999992 0.003722
vn -0.001361 -0.999999 0.000289
vn 0.061902 -0.998080 0.002297
vn 0.073143 -0.997320 -0.001698
vn -0.002693 -0.999993 0.002455
vn 0.000261 -1.000000 0.000750
vn -0.797597 -0.388000 0.461838
vn -0.680592 -0.381406 0.625559
vn -0.332595 -0.923103 0.193034
vn -0.130606 -0.935901 0.327157
vn -0.166013 -0.379191 0.910304
vn -0.001703 -0.382873 0.923799
vn -0.001730 -0.923340 0.383980
vn 0.000238 -0.382909 0.923786
vn -0.001533 -0.923439 0.383742
vn 0.459534 -0.392979 0.796489
vn 0.186719 -0.927683 0.323326
vn 0.799054 -0.385384 0.461511
vn 0.331378 -0.923620 0.192653
vn 0.800168 -0.385404 0.459560
vn 0.332010 -0.923678 0.191283
vn 0.919244 -0.393239 -0.018780
vn 0.378221 -0.922075 -0.082018
vn 0.800072 -0.385020 -0.460048
vn 0.332065 -0.923912 -0.190049
vn 0.798988 -0.385036 -0.461915
vn 0.331490 -0.923966 -0.190791
vn 0.452828 -0.392494 -0.800559
vn 0.157227 -0.926765 -0.341154
vn 0.001191 -0.382328 -0.924026
vn 0.000668 -0.924552 -0.381055
vn -0.000991 -0.382337 -0.924022
vn -0.000354 -0.924591 -0.380961
vn -0.466193 -0.390842 -0.793667
vn -0.214372 -0.927738 -0.305528
vn -0.798855 -0.385548 -0.461717
vn -0.331806 -0.923491 -0.192536
vn -0.799949 -0.385571 -0.459801
vn -0.332308 -0.923541 -0.191424
vn -0.920251 -0.391112 0.013037
vn -0.374904 -0.925198 0.058776
vn -0.332708 -0.923134 0.192687
vn -0.798607 -0.388004 0.460088
vn -0.865329 0.000022 0.501204
vn -0.866638 0.000022 0.498938
vn -0.999949 0.000023 -0.010081
vn -0.866598 0.000022 -0.499008
vn -0.707176 0.000031 0.707038
vn -0.001094 0.000022 0.999999
vn -0.258555 0.000018 0.965997
vn 0.001265 0.000022 0.999999
vn 0.514685 0.000024 0.857379
vn 0.865459 0.000022 0.500980
vn 0.866666 0.000022 0.498889
vn 0.999835 0.000024 -0.018156
vn 0.866593 0.000022 -0.499016
vn 0.865457 0.000023 -0.500984
vn 0.503722 0.000022 -0.863866
vn 0.001176 0.000022 -0.999999
vn -0.001193 0.000022 -0.999999
vn -0.504718 0.000022 -0.863284
vn -0.865452 0.000022 -0.500991
vn 0.000090 0.998806 0.048851
vn -0.003785 0.999993 0.000453
vn -0.000825 0.999999 -0.001246
vn 0.005145 0.998411 0.056108
vn -0.002774 0.999994 -0.001903
vn 0.000159 1.000000 -0.000212
vn -0.002710 0.999994 -0.002092
vn 0.000251 1.000000 -0.000376
vn 0.021658 0.999624 -0.016828
vn 0.027419 0.999513 -0.014924
vn 0.000118 0.999994 -0.003445
vn 0.000122 1.000000 -0.000042
vn -0.000030 0.999994 -0.003423
vn -0.000034 1.000000 -0.000016
vn -0.015400 0.999746 -0.016471
vn -0.020252 0.999690 -0.014477
vn 0.002616 0.999994 -0.002179
vn -0.000325 1.000000 -0.000480
vn 0.002733 0.999994 -0.001940
vn -0.000200 1.000000 -0.000254
vn -0.005548 0.996245 0.086404
vn -0.011322 0.995010 0.099134
vn 0.003645 0.999993 0.000843
vn 0.000697 0.999999 -0.000852
vn 0.003614 0.999993 0.000424
vn 0.000673 0.999999 -0.001275
vn -0.072652 0.996629 0.038118
vn -0.085874 0.995526 0.039430
vn 0.001976 0.999992 0.003568
vn 0.001974 0.999998 0.000151
vn 0.002084 0.999992 0.003284
vn 0.002090 0.999998 -0.000122
vn -0.141333 0.985393 -0.095003
vn -0.159217 0.980787 -0.112721
vn -0.004599 0.999989 -0.000488
vn -0.001642 0.999996 -0.002191
vn -0.799656 0.386708 0.459355
vn -0.918419 0.395524 0.008226
vn -0.331893 0.924219 0.188858
vn -0.367270 0.929162 0.042083
vn -0.800201 0.384063 -0.460623
vn -0.331299 0.923987 -0.191019
vn -0.799109 0.384055 -0.462522
vn -0.330757 0.923988 -0.191953
vn -0.455957 0.392652 -0.798704
vn -0.165481 0.928551 -0.332280
vn -0.001055 0.382900 -0.923789
vn -0.000326 0.923984 -0.382431
vn 0.001074 0.382906 -0.923787
vn 0.000411 0.923992 -0.382410
vn 0.456333 0.394615 -0.797521
vn 0.170140 0.927768 -0.332114
vn 0.796800 0.389440 -0.462003
vn 0.331361 0.923687 -0.192360
vn 0.797893 0.389447 -0.460106
vn 0.331938 0.923687 -0.191364
vn 0.917274 0.398018 0.013765
vn 0.363479 0.928543 0.075441
vn 0.799793 0.384826 0.460694
vn 0.333030 0.923592 0.189918
vn 0.798755 0.384849 0.462473
vn 0.332590 0.923666 0.190326
vn 0.446670 0.397252 0.801671
vn 0.120845 0.927991 0.352462
vn 0.001909 0.387172 0.922006
vn 0.002265 0.923457 0.383696
vn -0.000196 0.387187 0.922001
vn 0.001457 0.923550 0.383474
vn -0.267874 0.382438 0.884299
vn -0.306920 0.923053 0.231891
vn -0.711098 0.378937 0.592238
vn -0.798751 0.386662 0.460966
vn -0.332137 0.924150 0.188762
vn -0.866281 -0.000537 0.499557
vn -0.800360 -0.383061 0.461182
vn -0.916841 -0.391556 0.078014
vn -0.999366 -0.000636 0.035593
vn -0.331783 -0.923434 0.192847
vn -0.001453 -0.999996 0.002406
vn -0.010555 -0.994802 0.101280
vn -0.376863 -0.918628 0.118728
vn -0.001992 -0.999997 -0.001064
vn -0.001983 -0.999997 -0.001418
vn -0.052226 -0.998384 0.022396
vn 0.000113 -0.999997 -0.002310
vn 0.000248 -0.999997 -0.002417
vn -0.048460 -0.998174 -0.036059
vn 0.002286 -0.999997 -0.000676
vn 0.002427 -0.999997 -0.000718
vn 0.014437 -0.989816 -0.141615
vn 0.002177 -0.999997 0.000630
vn 0.002022 -0.999997 0.001237
vn 0.002778 -0.999985 0.004812
vn -0.002151 -0.999995 0.002409
vn -0.001372 -0.999995 0.002712
vn 0.089674 -0.995970 -0.001261
vn -0.001829 -0.999996 0.001962
vn -0.801288 -0.381830 -0.460590
vn -0.866339 -0.000543 -0.499456
vn -0.330569 -0.924184 -0.191331
vn -0.800692 -0.381798 -0.461651
vn -0.865758 -0.000545 -0.500463
vn -0.330339 -0.924135 -0.191965
vn -0.497873 -0.390039 -0.774592
vn -0.515241 -0.000597 -0.857045
vn -0.243968 -0.925061 -0.291106
vn -0.000513 -0.380557 -0.924757
vn -0.000587 -0.000527 -1.000000
vn -0.000086 -0.924712 -0.380668
vn 0.000582 -0.380545 -0.924762
vn 0.000527 -0.000529 -1.000000
vn 0.000440 -0.924679 -0.380748
vn 0.418894 -0.391614 -0.819248
vn 0.481998 -0.000600 -0.876172
vn 0.127081 -0.924376 -0.359693
vn 0.799070 -0.384952 -0.461843
vn 0.865728 -0.000542 -0.500515
vn 0.331381 -0.923981 -0.190908
vn 0.799597 -0.384937 -0.460943
vn 0.866276 -0.000543 -0.499565
vn 0.331689 -0.923935 -0.190594
vn 0.913384 -0.392283 -0.108826
vn 0.998978 -0.000660 -0.045183
vn 0.375581 -0.911604 -0.167084
vn 0.800370 -0.383594 0.460720
vn 0.866375 -0.000564 0.499393
vn 0.331893 -0.923812 0.190836
vn 0.799672 -0.383562 0.461957
vn 0.865760 -0.000565 0.500458
vn 0.331554 -0.923756 0.191696
vn 0.459781 -0.392959 0.796357
vn 0.497381 -0.000648 0.867532
vn 0.187897 -0.926773 0.325249
vn -0.000314 -0.381181 0.924500
vn 0.000549 -0.000573 1.000000
vn -0.001796 -0.923769 0.382947
vn -0.000967 -0.381132 0.924520
vn -0.000357 -0.000577 1.000000
vn -0.001407 -0.923657 0.383218
vn -0.087657 -0.366077 0.926447
vn -0.258473 -0.000308 0.966018
vn 0.249868 -0.852167 0.459758
vn -0.707248 -0.000405 0.706966
vn -0.711675 -0.372265 0.595767
vn -0.800021 -0.383037 0.461790
vn -0.865817 -0.000540 0.500361
vn -0.413903 -0.899766 0.138222
vn -0.331928 -0.923394 0.192787
vn -0.002970 0.999996 -0.000010
vn 0.004881 0.997491 0.070632
vn -0.001932 0.999997 -0.001412
vn -0.001830 0.999997 -0.001573
vn 0.033775 0.999226 -0.020161
vn 0.000121 0.999997 -0.002456
vn -0.000033 0.999997 -0.002433
vn -0.024754 0.999502 -0.019576
vn 0.001756 0.999997 -0.001685
vn 0.001887 0.999997 -0.001458
vn -0.012514 0.992162 0.124331
vn 0.002804 0.999996 0.000359
vn 0.002794 0.999996 -0.000051
vn -0.106993 0.992953 0.050948
vn 0.001979 0.999995 0.002582
vn 0.002091 0.999995 0.002316
vn -0.198498 0.970327 -0.138070
vn -0.003776 0.999992 -0.000945
vn -0.999705 0.000542 0.024288
vn -0.866267 0.000560 0.499581
vn -0.866306 0.000557 -0.499514
vn -0.865737 0.000557 -0.500499
vn -0.490046 0.000564 -0.871696
vn -0.000511 0.000537 -1.000000
vn 0.000536 0.000538 -1.000000
vn 0.489853 0.000589 -0.871805
vn 0.865740 0.000543 -0.500494
vn 0.866315 0.000542 -0.499498
vn 0.965909 0.000610 -0.258881
vn 0.866251 0.000573 0.499609
vn 0.965873 0.000363 0.259015
vn 0.865749 0.000571 0.500478
vn 0.707150 0.000700 0.707063
vn 0.000438 0.000590 1.000000
vn 0.258459 0.000418 0.966022
vn -0.000602 0.000585 1.000000
vn -0.258734 0.000807 0.965948
vn -0.865865 0.000556 0.500278
vn -0.707285 0.000295 0.706928
vn -0.333876 0.923107 0.190787
vn -0.363524 0.928132 0.080137
vn -0.799639 0.385391 0.460490
vn -0.916637 0.395648 0.056904
vn -0.332049 0.923646 -0.191368
vn -0.798796 0.385871 -0.461550
vn -0.331766 0.923643 -0.191875
vn -0.798240 0.385865 -0.462516
vn -0.146998 0.926778 -0.345650
vn -0.433045 0.391839 -0.811748
vn -0.000098 0.923407 -0.383822
vn -0.000431 0.381752 -0.924265
vn 0.000178 0.923419 -0.383794
vn 0.000481 0.381754 -0.924264
vn 0.154897 0.926854 -0.341976
vn 0.438548 0.391562 -0.808922
vn 0.330521 0.924159 -0.191536
vn 0.799694 0.382394 -0.462887
vn 0.330845 0.924157 -0.190983
vn 0.800278 0.382390 -0.461880
vn 0.354799 0.924615 0.138581
vn 0.900234 0.379246 -0.213897
vn 0.332394 0.923606 0.190962
vn 0.866522 0.371620 0.333224
vn 0.801141 0.381179 0.461385
vn 0.332209 0.923682 0.190915
vn 0.800703 0.381226 0.462105
vn 0.065027 0.923147 0.378907
vn 0.630005 0.383934 0.675047
vn 0.002022 0.923454 0.383705
vn 0.154379 0.378619 0.912587
vn 0.001195 0.382035 0.924147
vn 0.001767 0.923544 0.383489
vn 0.000207 0.382067 0.924134
vn -0.399076 0.901787 0.165887
vn -0.301660 0.378546 0.875045
vn -0.334474 0.923014 0.190190
vn -0.770842 0.369018 0.519258
vn -0.799433 0.385362 0.460872
s 1
g pCylinder1_Original podium1
usemtl initialShadingGroup
f 2/333/1 22/334/2 1/335/3
f 6/339/4 2/333/1 1/335/3
f 10/347/5 6/339/4 1/335/3
f 14/344/6 10/347/5 1/335/3
f 18/338/7 14/344/6 1/335/3
f 22/334/2 18/338/7 1/335/3
s 2
f 77/827/8 31/828/9 30/829/10 5/830/11
f 76/1/12 47/2/13 46/3/14
f 81/839/15 55/840/16 54/841/17 17/842/18
f 80/40/19 63/37/20 62/36/21 21/41/22
f 79/22/23 73/23/24 72/24/25 25/25/26
s 7
f 2/333/27 26/345/28 3/340/29
f 2/333/27 3/340/29 66/336/30
s 8
f 4/358/31 70/359/32 5/360/33
f 4/358/31 5/360/33 30/363/34
s 9
f 6/339/35 34/352/36 7/351/37
f 6/339/35 7/351/37 28/346/38
s 10
f 8/370/39 32/369/40 9/381/41
f 8/370/39 9/381/41 38/393/42
s 11
f 10/347/43 42/355/44 11/357/45
f 10/347/43 11/357/45 36/353/46
s 12
f 12/382/47 40/394/48 13/402/49
f 12/382/47 13/402/49 46/403/50
s 13
f 16/389/51 48/404/52 17/405/53
f 16/389/51 17/405/53 54/399/54
s 14
f 18/338/55 58/342/56 19/348/57
f 18/338/55 19/348/57 52/350/58
s 15
f 20/376/59 56/400/60 21/398/61
f 20/376/59 21/398/61 62/387/62
s 16
f 22/334/63 68/337/64 23/341/65
f 22/334/63 23/341/65 60/343/66
s 17
f 24/361/67 64/380/68 25/368/69
f 24/361/67 25/368/69 72/362/70
s 2
f 41/9/71 76/1/12 40/14/72
f 49/6/73 81/12/15 17/13/18 48/7/74
f 57/845/75 80/848/19 21/849/22 56/846/76
f 65/30/77 79/22/78 25/25/79 64/31/80
f 71/28/81 77/34/8 5/35/11 70/29/82
s 20
f 27/851/83 26/852/84 28/853/85 29/854/86
s 1
f 26/345/87 2/333/1 6/339/4 28/346/88
s 21
f 4/358/89 30/363/90 32/369/91 8/370/92
s 2
f 30/829/93 31/828/9 33/833/94 32/834/95
s 20
f 35/43/96 34/44/97 36/45/98 37/46/99
s 1
f 34/352/100 6/339/4 10/347/5 36/353/101
s 21
f 8/370/92 38/393/102 40/394/103 12/382/104
s 2
f 38/18/105 39/15/106 41/9/71 40/14/107
s 20
f 43/55/108 42/54/109 44/60/110 45/61/111
s 1
f 42/355/112 10/347/5 14/344/6 44/356/113
s 21
f 12/382/104 46/403/114 48/404/115 16/389/116
s 2
f 46/3/117 47/2/13 49/6/73 48/7/118
s 20
f 51/867/119 50/868/120 52/869/121 53/870/122
s 1
f 50/349/123 14/344/6 18/338/7 52/350/124
s 21
f 16/389/116 54/399/125 56/400/126 20/376/127
s 2
f 54/841/128 55/840/16 57/845/75 56/846/129
s 20
f 59/73/130 58/74/131 60/75/132 61/76/133
s 1
f 58/342/134 18/338/7 22/334/2 60/343/135
s 21
f 20/376/127 62/387/136 64/380/137 24/361/138
s 2
f 62/36/139 63/37/20 65/30/77 64/31/140
s 1
f 2/333/1 66/336/141 68/337/142 22/334/2
s 20
f 66/90/143 67/91/144 69/85/145 68/84/146
s 2
f 71/28/81 70/29/147 72/24/148 73/23/24
s 21
f 70/359/149 4/358/89 24/361/138 72/362/150
s 20
f 29/854/86 28/853/151 7/857/152 74/858/153
f 7/47/152 34/44/154 35/43/96 74/48/153
s 2
f 75/19/155 39/15/106 38/18/156 9/21/157
f 33/833/94 75/836/155 9/837/157 32/834/158
s 20
f 37/46/99 36/45/159 11/49/160 84/50/161
f 11/49/162 42/54/163 43/55/108 84/50/164
s 2
f 76/1/12 46/3/14 13/8/165
f 40/14/72 76/1/12 13/8/166
s 20
f 67/91/144 66/90/167 3/94/168 78/95/169
f 3/855/168 26/852/170 27/851/83 78/856/169
f 19/77/171 58/74/172 59/73/130 83/78/173
f 53/870/122 52/869/174 19/873/171 83/874/173
f 15/64/175 45/61/111 44/60/176 368/65/177
f 50/868/178 51/867/119 15/871/175 368/872/177
f 61/76/133 60/75/179 23/79/180 82/80/181
f 23/79/182 68/84/183 69/85/145 82/80/184
s 47
f 159/883/185 161/884/186 163/885/187 165/886/188
f 167/887/189 163/885/187 161/884/186 169/888/190
f 171/104/191 167/107/189 169/108/190 173/101/192
f 173/101/192 175/102/193 177/103/194 171/104/191
f 179/105/195 177/103/194 175/102/193 181/106/196
s 48
f 183/109/197 179/105/198 181/106/199 185/110/200
f 185/110/200 187/111/201 189/112/202 183/109/197
f 191/113/203 189/112/202 187/111/201 193/114/204
f 195/891/205 191/892/203 193/893/204 197/894/206
f 197/894/206 199/895/207 201/896/208 195/891/205
f 203/897/209 201/896/208 199/895/207 205/898/210
f 207/118/211 203/121/209 205/122/210 209/115/212
f 209/115/212 211/116/213 213/117/214 207/118/211
f 215/119/215 213/117/214 211/116/213 217/120/216
s 47
f 219/123/217 215/119/218 217/120/219 221/124/220
f 221/124/220 223/125/221 225/126/222 219/123/217
f 227/127/223 225/126/222 223/125/221 229/128/224
f 165/886/188 227/889/223 229/890/224 159/883/185
s 50
f 233/129/225 231/130/226 235/131/227 237/132/228
f 237/132/228 239/135/229 241/136/230 233/129/225
f 239/899/229 243/900/231 245/901/232 241/902/230
f 247/903/233 245/901/232 243/900/231 249/904/234
f 249/904/234 251/905/235 253/906/236 247/903/233
f 251/147/235 255/145/237 257/144/238 253/148/236
f 259/143/239 257/144/238 255/145/237 261/146/240
f 261/146/240 263/149/241 265/150/242 259/143/239
s 51
f 263/149/243 267/151/244 269/152/245 265/150/246
f 271/153/247 269/152/245 267/151/244 273/154/248
f 273/154/248 275/155/249 277/156/250 271/153/247
f 275/907/249 279/908/251 281/909/252 277/910/250
f 283/911/253 281/909/252 279/908/251 285/912/254
f 285/912/254 287/913/255 289/914/256 283/911/253
f 287/141/255 291/140/257 293/139/258 289/142/256
f 295/138/259 293/139/258 291/140/257 297/137/260
f 297/137/260 299/133/261 301/134/262 295/138/259
s 50
f 299/133/263 235/131/227 231/130/226 301/134/264
s 21
f 4/358/89 8/370/92 311/371/265 310/372/266 305/373/267 304/364/268
f 8/370/92 12/382/104 318/383/269 317/384/270 312/385/271 311/371/265
f 12/382/104 16/389/116 325/392/272 324/395/273 319/396/274 318/383/269
f 16/389/116 20/376/127 332/379/275 331/390/276 326/391/277 325/392/272
f 20/376/127 24/361/138 339/367/278 338/377/279 333/378/280 332/379/275
f 24/361/138 4/358/89 304/364/268 303/365/281 340/366/282 339/367/278
s 2
f 57/845/75 55/840/16 123/844/283 122/847/284
s 52
f 106/915/285 107/916/286 125/917/287 124/918/288
f 105/921/289 106/915/285 124/918/288 126/922/290
s 2
f 55/840/16 81/839/15 127/843/291 123/844/283
s 52
f 104/161/292 105/165/289 126/166/290 128/162/293
s 2
f 81/12/15 49/6/73 129/11/294 127/17/295
f 49/6/73 47/2/13 130/5/296 129/11/294
s 52
f 103/158/297 104/161/292 128/162/293 131/159/298
f 120/157/299 103/158/297 131/159/298 132/160/300
s 2
f 47/2/13 76/1/12 133/4/301 130/5/296
s 52
f 119/163/302 120/157/299 132/160/300 134/164/303
s 2
f 76/1/12 41/9/71 135/10/304 133/4/301
f 41/9/71 39/15/106 136/16/305 135/10/304
s 52
f 118/167/306 119/163/302 134/164/303 137/168/307
f 117/169/308 118/167/306 137/168/307 138/170/309
s 2
f 39/15/106 75/19/155 139/20/310 136/16/305
s 52
f 116/923/311 117/924/308 138/925/309 140/926/312
s 2
f 75/836/155 33/833/94 141/835/313 139/838/314
f 33/833/94 31/828/9 142/832/315 141/835/313
s 52
f 115/927/316 116/923/311 140/926/312 143/928/317
f 114/929/318 115/927/316 143/928/317 144/930/319
s 2
f 31/828/9 77/827/8 145/831/320 142/832/315
s 52
f 113/172/321 114/175/318 144/176/319 146/173/322
s 2
f 77/34/8 71/28/81 147/33/323 145/39/320
f 71/28/81 73/23/24 148/27/324 147/33/323
s 52
f 112/171/325 113/172/321 146/173/322 149/174/326
f 111/177/327 112/171/325 149/174/326 150/178/328
s 2
f 73/23/24 79/22/23 151/26/329 148/27/324
s 52
f 110/179/330 111/177/327 150/178/328 152/180/331
s 2
f 79/22/78 65/30/77 153/32/332 151/26/333
f 65/30/77 63/37/20 154/38/334 153/32/332
s 52
f 109/181/335 110/179/330 152/180/331 155/182/336
f 108/183/337 109/181/335 155/182/336 156/184/338
s 2
f 63/37/20 80/40/19 157/42/339 154/38/334
s 52
f 107/916/286 108/919/337 156/920/338 125/917/287
s 2
f 80/848/19 57/845/75 122/847/284 157/850/340
s 53
f 122/406/341 123/407/342 160/408/343 158/409/344
f 158/409/344 160/408/343 161/412/345 159/413/346
s 54
f 124/460/347 125/461/348 164/462/349 162/463/350
f 162/463/350 164/462/349 165/466/351 163/467/352
f 126/468/353 124/460/347 162/463/350 166/469/354
f 166/469/354 162/463/350 163/467/352 167/473/355
s 53
f 123/407/342 127/410/356 168/411/357 160/408/343
f 160/408/343 168/411/357 169/418/358 161/412/345
s 54
f 128/474/359 126/468/353 166/469/354 170/475/360
f 170/475/360 166/469/354 167/473/355 171/479/361
s 53
f 127/410/356 129/416/362 172/417/363 168/411/357
f 168/411/357 172/417/363 173/424/364 169/418/358
f 129/416/362 130/422/365 174/423/366 172/417/363
f 172/417/363 174/423/366 175/430/367 173/424/364
s 54
f 131/480/368 128/474/359 170/475/360 176/481/369
f 176/481/369 170/475/360 171/479/361 177/485/370
f 132/486/371 131/480/368 176/481/369 178/487/372
f 178/487/372 176/481/369 177/485/370 179/491/373
s 53
f 130/422/365 133/428/374 180/429/375 174/423/366
f 174/423/366 180/429/375 181/436/376 175/430/367
s 54
f 134/492/377 132/486/371 178/487/372 182/493/378
f 182/493/378 178/487/372 179/491/373 183/497/379
s 53
f 133/428/374 135/434/380 184/435/381 180/429/375
f 180/429/375 184/435/381 185/442/382 181/436/376
f 135/434/380 136/440/383 186/441/384 184/435/381
f 184/435/381 186/441/384 187/448/385 185/442/382
s 54
f 137/498/386 134/492/377 182/493/378 188/499/387
f 188/499/387 182/493/378 183/497/379 189/503/388
f 138/504/389 137/498/386 188/499/387 190/505/390
f 190/505/390 188/499/387 189/503/388 191/509/391
s 53
f 136/440/383 139/446/392 192/447/393 186/441/384
f 186/441/384 192/447/393 193/454/394 187/448/385
s 54
f 140/510/395 138/504/389 190/505/390 194/511/396
f 194/511/396 190/505/390 191/509/391 195/513/397
s 53
f 139/446/392 141/452/398 196/453/399 192/447/393
f 192/447/393 196/453/399 197/458/400 193/454/394
f 141/452/398 142/456/401 198/457/402 196/453/399
f 196/453/399 198/457/402 199/459/403 197/458/400
s 54
f 143/506/404 140/510/395 194/511/396 200/507/405
f 200/507/405 194/511/396 195/513/397 201/512/406
f 144/500/407 143/506/404 200/507/405 202/501/408
f 202/501/408 200/507/405 201/512/406 203/508/409
s 53
f 142/456/401 145/450/410 204/451/411 198/457/402
f 198/457/402 204/451/411 205/455/412 199/459/403
s 54
f 146/494/413 144/500/407 202/501/408 206/495/414
f 206/495/414 202/501/408 203/508/409 207/502/415
s 53
f 145/450/410 147/444/416 208/445/417 204/451/411
f 204/451/411 208/445/417 209/449/418 205/455/412
f 147/444/416 148/438/419 210/439/420 208/445/417
f 208/445/417 210/439/420 211/443/421 209/449/418
s 54
f 149/488/422 146/494/413 206/495/414 212/489/423
f 212/489/423 206/495/414 207/502/415 213/496/424
f 150/482/425 149/488/422 212/489/423 214/483/426
f 214/483/426 212/489/423 213/496/424 215/490/427
s 53
f 148/438/419 151/432/428 216/433/429 210/439/420
f 210/439/420 216/433/429 217/437/430 211/443/421
s 54
f 152/476/431 150/482/425 214/483/426 218/477/432
f 218/477/432 214/483/426 215/490/427 219/484/433
s 53
f 151/432/428 153/426/434 220/427/435 216/433/429
f 216/433/429 220/427/435 221/431/436 217/437/430
f 153/426/434 154/420/437 222/421/438 220/427/435
f 220/427/435 222/421/438 223/425/439 221/431/436
s 54
f 155/470/440 152/476/431 218/477/432 224/471/441
f 224/471/441 218/477/432 219/484/433 225/478/442
f 156/464/443 155/470/440 224/471/441 226/465/444
f 226/465/444 224/471/441 225/478/442 227/472/445
s 53
f 154/420/437 157/414/446 228/415/447 222/421/438
f 222/421/438 228/415/447 229/419/448 223/425/439
s 54
f 125/461/348 156/464/443 226/465/444 164/462/349
f 164/462/349 226/465/444 227/472/445 165/466/351
s 53
f 157/414/446 122/406/341 158/409/344 228/415/447
f 228/415/447 158/409/344 159/413/346 229/419/448
s 55
f 104/514/449 103/515/450 230/516/451 232/517/452
f 232/517/452 230/516/451 231/520/453 233/521/454
s 56
f 89/568/455 88/569/456 236/570/457 234/571/458
f 234/571/458 236/570/457 237/574/459 235/575/460
f 88/569/456 87/572/461 238/573/462 236/570/457
f 236/570/457 238/573/462 239/580/463 237/574/459
s 55
f 105/522/464 104/514/449 232/517/452 240/523/465
f 240/523/465 232/517/452 233/521/454 241/527/466
s 56
f 87/572/461 86/578/467 242/579/468 238/573/462
f 238/573/462 242/579/468 243/586/469 239/580/463
s 55
f 106/528/470 105/522/464 240/523/465 244/529/471
f 244/529/471 240/523/465 241/527/466 245/533/472
f 107/534/473 106/528/470 244/529/471 246/535/474
f 246/535/474 244/529/471 245/533/472 247/539/475
s 56
f 86/578/467 85/584/476 248/585/477 242/579/468
f 242/579/468 248/585/477 249/592/478 243/586/469
f 85/584/476 102/590/479 250/591/480 248/585/477
f 248/585/477 250/591/480 251/598/481 249/592/478
s 55
f 108/540/482 107/534/473 246/535/474 252/541/483
f 252/541/483 246/535/474 247/539/475 253/545/484
s 56
f 102/590/479 101/596/485 254/597/486 250/591/480
f 250/591/480 254/597/486 255/604/487 251/598/481
s 55
f 109/546/488 108/540/482 252/541/483 256/547/489
f 256/547/489 252/541/483 253/545/484 257/551/490
f 110/552/491 109/546/488 256/547/489 258/553/492
f 258/553/492 256/547/489 257/551/490 259/557/493
s 56
f 101/596/485 100/602/494 260/603/495 254/597/486
f 254/597/486 260/603/495 261/610/496 255/604/487
f 100/602/494 99/608/497 262/609/498 260/603/495
f 260/603/495 262/609/498 263/616/499 261/610/496
s 55
f 111/558/500 110/552/491 258/553/492 264/559/501
f 264/559/501 258/553/492 259/557/493 265/563/502
s 56
f 99/608/497 98/614/503 266/615/504 262/609/498
f 262/609/498 266/615/504 267/620/505 263/616/499
s 55
f 112/564/506 111/558/500 264/559/501 268/565/507
f 268/565/507 264/559/501 265/563/502 269/567/508
f 113/560/509 112/564/506 268/565/507 270/561/510
f 270/561/510 268/565/507 269/567/508 271/566/511
s 56
f 98/614/503 97/618/512 272/619/513 266/615/504
f 266/615/504 272/619/513 273/621/514 267/620/505
f 97/618/512 96/612/515 274/613/516 272/619/513
f 272/619/513 274/613/516 275/617/517 273/621/514
s 55
f 114/554/518 113/560/509 270/561/510 276/555/519
f 276/555/519 270/561/510 271/566/511 277/562/520
s 56
f 96/612/515 95/606/521 278/607/522 274/613/516
f 274/613/516 278/607/522 279/611/523 275/617/517
s 55
f 115/548/524 114/554/518 276/555/519 280/549/525
f 280/549/525 276/555/519 277/562/520 281/556/526
f 116/542/527 115/548/524 280/549/525 282/543/528
f 282/543/528 280/549/525 281/556/526 283/550/529
s 56
f 95/606/521 94/600/530 284/601/531 278/607/522
f 278/607/522 284/601/531 285/605/532 279/611/523
f 94/600/530 93/594/533 286/595/534 284/601/531
f 284/601/531 286/595/534 287/599/535 285/605/532
s 55
f 117/536/536 116/542/527 282/543/528 288/537/537
f 288/537/537 282/543/528 283/550/529 289/544/538
s 56
f 93/594/533 92/588/539 290/589/540 286/595/534
f 286/595/534 290/589/540 291/593/541 287/599/535
s 55
f 118/530/542 117/536/536 288/537/537 292/531/543
f 292/531/543 288/537/537 289/544/538 293/538/544
f 119/524/545 118/530/542 292/531/543 294/525/546
f 294/525/546 292/531/543 293/538/544 295/532/547
s 56
f 92/588/539 91/582/548 296/583/549 290/589/540
f 290/589/540 296/583/549 297/587/550 291/593/541
f 91/582/548 90/576/551 298/577/552 296/583/549
f 296/583/549 298/577/552 299/581/553 297/587/550
s 55
f 120/518/554 119/524/545 294/525/546 300/519/555
f 300/519/555 294/525/546 295/532/547 301/526/556
s 56
f 90/576/551 89/568/455 234/571/458 298/577/552
f 298/577/552 234/571/458 235/575/460 299/581/553
s 55
f 103/515/450 120/518/554 300/519/555 230/516/451
f 230/516/451 300/519/555 301/526/556 231/520/453
s 57
f 346/622/557 345/623/558 367/624/559 366/625/560 121/626/561
f 350/632/562 349/633/563 347/634/564 346/622/557 121/626/561
f 354/640/565 353/641/566 351/642/567 350/632/562 121/626/561
f 358/638/568 357/644/569 355/645/570 354/640/565 121/626/561
f 362/631/571 361/636/572 359/637/573 358/638/568 121/626/561
f 366/625/560 365/629/574 363/630/575 362/631/571 121/626/561
s 58
f 308/218/576 307/224/577 348/225/578 351/219/579
f 307/931/577 306/932/580 349/933/581 348/934/578
f 310/939/582 309/942/583 314/940/584 313/937/585
f 309/202/583 312/196/586 315/193/587 314/199/584
f 322/185/588 321/186/589 364/187/590 367/188/591
s 61
f 321/186/592 320/191/593 365/192/594 364/187/595
f 329/197/596 328/203/597 360/204/598 363/198/599
s 63
f 328/943/600 327/944/601 361/945/602 360/946/603
f 336/949/604 335/952/605 356/953/606 359/950/607
s 65
f 335/220/608 334/214/609 357/215/610 356/221/611
f 343/206/612 342/207/613 352/208/614 355/209/615
s 58
f 342/207/616 341/212/617 353/213/618 352/208/619
f 306/932/580 305/936/620 310/939/582 313/937/585
f 315/193/587 312/196/586 317/189/621 322/185/588
s 61
f 320/191/593 319/195/622 324/201/623 329/197/596
s 63
f 327/944/601 326/948/624 331/951/625 336/949/604
s 65
f 334/214/609 333/217/626 338/210/627 343/206/612
s 58
f 341/212/617 340/216/628 303/222/629 308/218/576
f 306/932/580 313/937/585 347/938/630 349/933/581
f 341/212/617 308/218/576 351/219/579 353/213/618
s 65
f 334/214/609 343/206/612 355/209/615 357/215/610
s 63
f 327/944/601 336/949/604 359/950/607 361/945/602
s 61
f 320/191/593 329/197/596 363/198/599 365/192/594
s 58
f 315/193/587 322/185/588 367/188/591 345/194/631
s 21
f 304/364/268 305/373/267 302/374/632
f 304/364/268 302/374/632 303/365/281
f 311/371/265 312/385/271 309/386/633
f 311/371/265 309/386/633 310/372/266
f 318/383/269 319/396/274 316/397/634
f 318/383/269 316/397/634 317/384/270
f 325/392/272 326/391/277 323/401/635
f 325/392/272 323/401/635 324/395/273
f 332/379/275 333/378/280 330/388/636
f 332/379/275 330/388/636 331/390/276
f 339/367/278 340/366/282 337/375/637
f 339/367/278 337/375/637 338/377/279
s 57
f 346/622/557 347/634/564 344/627/638
f 346/622/557 344/627/638 345/623/558
f 350/632/562 351/642/567 348/639/639
f 350/632/562 348/639/639 349/633/563
f 354/640/565 355/645/570 352/646/640
f 354/640/565 352/646/640 353/641/566
f 358/638/568 359/637/573 356/643/641
f 358/638/568 356/643/641 357/644/569
f 362/631/571 363/630/575 360/635/642
f 362/631/571 360/635/642 361/636/572
f 366/625/560 367/624/559 364/628/643
f 366/625/560 364/628/643 365/629/574
s 58
f 303/222/629 302/226/644 307/224/577 308/218/576
f 302/935/644 305/936/620 306/932/580 307/931/577
f 313/937/585 314/940/584 344/941/645 347/938/630
f 314/199/584 315/193/587 345/194/631 344/200/645
f 317/189/621 316/190/646 321/186/589 322/185/588
s 61
f 316/190/647 319/195/622 320/191/593 321/186/592
f 324/201/623 323/205/648 328/203/597 329/197/596
s 63
f 323/947/649 326/948/624 327/944/601 328/943/600
f 331/951/625 330/954/650 335/952/605 336/949/604
s 65
f 330/223/651 333/217/626 334/214/609 335/220/608
f 338/210/627 337/211/652 342/207/613 343/206/612
s 58
f 337/211/653 340/216/628 341/212/617 342/207/616
s 20
f 14/344/654 368/354/177 44/356/176
f 14/344/654 50/349/178 368/354/177
s 68
f 94/955/655 95/956/656 438/957/657 441/958/658
f 91/227/659 92/228/660 447/229/661 450/230/662
f 85/967/663 86/968/664 411/969/665 414/970/666
f 100/248/667 101/249/668 420/250/669 423/251/670
f 97/263/671 98/261/672 429/260/673 432/264/674
f 444/231/675 447/229/661 92/228/660 93/232/676
f 441/958/658 444/963/675 93/964/677 94/955/655
f 435/959/678 438/957/657 95/956/656 96/960/679
f 432/264/674 435/266/678 96/267/680 97/263/671
f 423/251/670 426/256/681 99/257/682 100/248/667
f 426/256/681 429/260/673 98/261/672 99/257/683
f 405/243/684 408/245/685 87/246/686 88/242/687
f 408/971/688 411/969/665 86/968/664 87/972/689
f 417/252/690 420/250/669 101/249/668 102/253/691
f 414/970/666 417/975/690 102/976/692 85/967/663
f 88/242/687 89/240/693 453/239/694 405/243/684
f 456/235/695 453/239/694 89/240/693 90/236/696
f 450/230/662 456/235/695 90/236/697 91/227/659
s 74
f 455/647/698 458/648/699 372/649/700 371/650/701
f 458/648/699 452/653/702 374/654/703 372/649/700
f 452/653/702 449/661/704 375/662/705 374/654/703
f 449/661/704 446/671/706 378/672/707 375/662/705
f 446/671/706 443/680/708 380/681/709 378/672/707
f 443/680/708 440/690/710 381/691/711 380/681/709
f 440/690/710 437/701/712 384/702/713 381/691/711
f 437/701/712 434/711/714 386/712/715 384/702/713
f 434/711/714 431/721/716 387/722/717 386/712/715
f 431/721/716 428/727/718 390/728/719 387/722/717
f 428/727/718 425/717/720 392/718/721 390/728/719
f 425/717/720 422/707/722 393/708/723 392/718/721
f 422/707/722 419/697/724 396/698/725 393/708/723
f 419/697/724 416/686/726 398/687/727 396/698/725
f 416/686/726 413/676/728 399/677/729 398/687/727
f 413/676/728 410/667/730 402/668/731 399/677/729
f 410/667/730 407/657/732 404/658/733 402/668/731
f 407/657/732 455/647/698 371/650/701 404/658/733
s 68
f 405/243/684 406/244/734 409/247/735 408/245/685
s 74
f 406/659/736 407/657/732 410/667/730 409/669/737
s 68
f 408/971/688 409/977/738 412/973/739 411/969/665
s 74
f 409/669/737 410/667/730 413/676/728 412/678/740
s 68
f 411/969/665 412/973/739 415/974/741 414/970/666
s 74
f 412/678/740 413/676/728 416/686/726 415/688/742
s 68
f 414/970/666 415/974/741 418/978/743 417/975/690
s 74
f 415/688/742 416/686/726 419/697/724 418/699/744
s 68
f 417/252/690 418/258/743 421/254/745 420/250/669
s 74
f 418/699/744 419/697/724 422/707/722 421/709/746
s 68
f 420/250/669 421/254/745 424/255/747 423/251/670
s 74
f 421/709/746 422/707/722 425/717/720 424/719/748
s 68
f 423/251/670 424/255/747 427/259/749 426/256/681
s 74
f 424/719/748 425/717/720 428/727/718 427/729/750
s 68
f 426/256/681 427/259/749 430/262/751 429/260/673
s 74
f 427/729/750 428/727/718 431/721/716 430/730/752
s 68
f 429/260/673 430/262/751 433/265/753 432/264/674
s 74
f 430/730/752 431/721/716 434/711/714 433/720/754
s 68
f 432/264/674 433/265/753 436/268/755 435/266/678
s 74
f 433/720/754 434/711/714 437/701/712 436/710/756
s 68
f 435/959/678 436/965/755 439/961/757 438/957/657
s 74
f 436/710/756 437/701/712 440/690/710 439/700/758
s 68
f 438/957/657 439/961/757 442/962/759 441/958/658
s 74
f 439/700/758 440/690/710 443/680/708 442/689/760
s 68
f 441/958/658 442/962/759 445/966/761 444/963/675
s 74
f 442/689/760 443/680/708 446/671/706 445/679/762
s 68
f 444/231/675 445/237/761 448/233/763 447/229/661
s 74
f 445/679/762 446/671/706 449/661/704 448/670/764
s 68
f 447/229/661 448/233/763 451/234/765 450/230/662
s 74
f 448/670/764 449/661/704 452/653/702 451/660/766
s 68
f 450/230/662 451/234/765 457/238/767 456/235/695
s 74
f 451/660/766 452/653/702 458/648/699 457/652/768
f 407/657/732 406/659/736 454/651/769 455/647/698
s 68
f 406/244/734 405/243/684 453/239/694 454/241/770
s 74
f 455/647/698 454/651/769 457/652/768 458/648/699
s 68
f 454/241/770 453/239/694 456/235/695 457/238/767
s 20
f 510/66/771 459/62/772 43/55/108 45/61/111
f 84/50/164 43/55/108 459/62/772 462/56/773
f 37/46/99 84/50/161 462/56/773 465/51/774
f 45/61/111 15/64/175 507/68/775 510/66/771
f 15/871/175 51/867/119 504/876/776 507/877/777
f 501/875/778 504/876/776 51/867/119 53/870/122
f 53/870/122 83/874/173 498/878/779 501/875/778
f 83/78/173 59/73/130 495/82/780 498/83/779
f 492/81/781 495/82/780 59/73/130 61/76/133
f 61/76/133 82/80/181 489/86/782 492/81/781
f 82/80/184 69/85/145 486/92/783 489/86/782
f 483/96/784 486/92/783 69/85/145 67/91/144
f 67/91/144 78/95/169 480/98/785 483/96/784
f 78/856/169 27/851/83 477/860/786 480/861/785
f 474/859/787 477/860/786 27/851/83 29/854/86
f 29/854/86 74/858/153 471/862/788 474/859/787
f 74/48/153 35/43/96 468/52/789 471/53/788
f 465/51/774 468/52/789 35/43/96 37/46/99
s 75
f 464/737/790 461/738/791 369/739/792 370/740/793
f 467/747/794 464/737/790 370/740/793 373/748/795
f 470/757/796 467/747/794 373/748/795 376/758/797
f 473/766/798 470/757/796 376/758/797 377/767/799
f 476/776/800 473/766/798 377/767/799 379/777/801
f 479/787/802 476/776/800 379/777/801 382/788/803
f 482/797/804 479/787/802 382/788/803 383/798/805
f 485/807/806 482/797/804 383/798/805 385/808/807
f 488/817/808 485/807/806 385/808/807 388/818/809
f 491/811/810 488/817/808 388/818/809 389/812/811
f 494/801/812 491/811/810 389/812/811 391/802/813
f 497/791/814 494/801/812 391/802/813 394/792/815
f 500/780/816 497/791/814 394/792/815 395/781/817
f 503/771/818 500/780/816 395/781/817 397/772/819
f 506/760/820 503/771/818 397/772/819 400/761/821
f 509/751/822 506/760/820 400/761/821 401/752/823
f 512/743/824 509/751/822 401/752/823 403/744/825
f 461/738/791 512/743/824 403/744/825 369/739/792
s 20
f 459/62/772 460/67/826 463/63/827 462/56/773
s 75
f 460/741/828 461/738/791 464/737/790 463/742/829
s 20
f 462/56/773 463/63/827 466/57/830 465/51/774
s 75
f 463/742/829 464/737/790 467/747/794 466/750/831
s 20
f 465/51/774 466/57/830 469/58/832 468/52/789
s 75
f 466/750/831 467/747/794 470/757/796 469/759/833
s 20
f 468/52/789 469/58/832 472/59/834 471/53/788
s 75
f 469/759/833 470/757/796 473/766/798 472/768/835
s 20
f 471/862/788 472/866/834 475/863/836 474/859/787
s 75
f 472/768/835 473/766/798 476/776/800 475/778/837
s 20
f 474/859/787 475/863/836 478/864/838 477/860/786
s 75
f 475/778/837 476/776/800 479/787/802 478/789/839
s 20
f 477/860/786 478/864/838 481/865/840 480/861/785
s 75
f 478/789/839 479/787/802 482/797/804 481/799/841
s 20
f 480/98/785 481/100/840 484/99/842 483/96/784
s 75
f 481/799/841 482/797/804 485/807/806 484/809/843
s 20
f 483/96/784 484/99/842 487/97/844 486/92/783
s 75
f 484/809/843 485/807/806 488/817/808 487/819/845
s 20
f 486/92/783 487/97/844 490/93/846 489/86/782
s 75
f 487/819/845 488/817/808 491/811/810 490/820/847
s 20
f 489/86/782 490/93/846 493/87/848 492/81/781
s 75
f 490/820/847 491/811/810 494/801/812 493/810/849
s 20
f 492/81/781 493/87/848 496/88/850 495/82/780
s 75
f 493/810/849 494/801/812 497/791/814 496/800/851
s 20
f 495/82/780 496/88/850 499/89/852 498/83/779
s 75
f 496/800/851 497/791/814 500/780/816 499/790/853
s 20
f 498/878/779 499/882/852 502/879/854 501/875/778
s 75
f 499/790/853 500/780/816 503/771/818 502/779/855
s 20
f 501/875/778 502/879/854 505/880/856 504/876/776
s 75
f 502/779/855 503/771/818 506/760/820 505/769/857
s 20
f 504/876/776 505/880/856 508/881/858 507/877/777
s 75
f 505/769/857 506/760/820 509/751/822 508/770/859
s 20
f 507/68/775 508/70/860 511/69/861 510/66/771
s 75
f 508/70/859 509/71/822 512/72/824 511/69/862
f 461/738/791 460/741/828 511/749/862 512/743/824
s 20
f 460/67/826 459/62/772 510/66/771 511/69/861
s 76
f 515/269/863 514/270/864 517/271/865 516/272/866
s 74
f 514/664/867 513/656/868 518/655/869 517/665/870
f 371/650/701 372/649/700 518/655/869 513/656/868
f 372/649/700 374/654/703 521/663/871 518/655/869
f 374/654/703 375/662/705 524/673/872 521/663/871
f 375/662/705 378/672/707 527/682/873 524/673/872
f 378/672/707 380/681/709 530/692/874 527/682/873
f 380/681/709 381/691/711 533/703/875 530/692/874
f 381/691/711 384/702/713 536/713/876 533/703/875
f 384/702/713 386/712/715 539/723/877 536/713/876
f 386/712/715 387/722/717 542/731/878 539/723/877
f 387/722/717 390/728/719 545/734/879 542/731/878
f 390/728/719 392/718/721 548/726/880 545/734/879
f 392/718/721 393/708/723 551/716/881 548/726/880
f 393/708/723 396/698/725 554/706/882 551/716/881
f 396/698/725 398/687/727 557/696/883 554/706/882
f 398/687/727 399/677/729 560/685/884 557/696/883
f 399/677/729 402/668/731 563/675/885 560/685/884
f 402/668/731 404/658/733 566/666/886 563/675/885
f 404/658/733 371/650/701 513/656/868 566/666/886
s 76
f 516/272/866 517/271/865 520/275/887 519/276/888
s 74
f 517/271/870 518/282/869 521/283/871 520/275/889
s 76
f 519/276/888 520/275/887 523/284/890 522/285/891
s 74
f 520/683/889 521/663/871 524/673/872 523/684/892
s 76
f 522/285/891 523/284/890 526/293/893 525/294/894
s 74
f 523/684/892 524/673/872 527/682/873 526/693/895
s 76
f 525/979/894 526/980/893 529/981/896 528/982/897
s 74
f 526/693/895 527/682/873 530/692/874 529/704/898
s 76
f 528/982/897 529/981/896 532/983/899 531/984/900
s 74
f 529/704/898 530/692/874 533/703/875 532/714/901
s 76
f 531/984/900 532/983/899 535/987/902 534/988/903
s 74
f 532/714/901 533/703/875 536/713/876 535/724/904
s 76
f 534/307/903 535/308/902 538/304/905 537/303/906
s 74
f 535/724/904 536/713/876 539/723/877 538/732/907
s 76
f 537/303/906 538/304/905 541/305/908 540/306/909
s 74
f 538/732/907 539/723/877 542/731/878 541/735/910
s 76
f 540/306/909 541/305/908 544/309/911 543/310/912
s 74
f 541/735/910 542/731/878 545/734/879 544/736/913
s 76
f 543/310/912 544/309/911 547/314/914 546/315/915
s 74
f 544/309/913 545/320/879 548/321/880 547/314/916
s 76
f 546/315/915 547/314/914 550/322/917 549/323/918
s 74
f 547/733/916 548/726/880 551/716/881 550/725/919
s 76
f 549/323/918 550/322/917 553/326/920 552/327/921
s 74
f 550/725/919 551/716/881 554/706/882 553/715/922
s 76
f 552/995/921 553/996/920 556/997/923 555/998/924
s 74
f 553/715/922 554/706/882 557/696/883 556/705/925
s 76
f 555/998/924 556/997/923 559/999/926 558/1000/927
s 74
f 556/705/925 557/696/883 560/685/884 559/694/928
s 76
f 558/1000/927 559/999/926 562/1003/929 561/1004/930
s 74
f 559/694/928 560/685/884 563/675/885 562/695/931
s 76
f 561/280/932 562/281/933 565/274/934 564/273/935
s 74
f 562/281/936 563/291/885 566/292/886 565/274/937
f 513/656/868 514/664/867 565/674/937 566/666/886
s 76
f 514/270/864 515/269/863 564/273/935 565/274/934
s 75
f 370/740/793 369/739/792 567/745/938 570/746/939
f 373/748/795 370/740/793 570/746/939 573/756/940
f 376/758/797 373/748/795 573/756/940 576/765/941
f 377/767/799 376/758/797 576/765/941 579/775/942
f 379/777/801 377/767/799 579/775/942 582/786/943
f 382/788/803 379/777/801 582/786/943 585/796/944
f 383/798/805 382/788/803 585/796/944 588/806/945
f 385/808/807 383/798/805 588/806/945 591/816/946
f 388/818/809 385/808/807 591/816/946 594/824/947
f 389/812/811 388/818/809 594/824/947 597/821/948
f 391/802/813 389/812/811 597/821/948 600/813/949
f 394/792/815 391/802/813 600/813/949 603/803/950
f 395/781/817 394/792/815 603/803/950 606/793/951
f 397/772/819 395/781/817 606/793/951 609/782/952
f 400/761/821 397/772/819 609/782/952 612/773/953
f 401/752/823 400/761/821 612/773/953 615/762/954
f 403/744/825 401/752/823 615/762/954 618/753/955
f 369/739/792 403/744/825 618/753/955 567/745/938
s 76
f 572/277/956 569/278/957 515/269/863 516/272/866
f 575/286/958 572/277/956 516/272/866 519/276/888
f 519/276/888 522/285/891 578/295/959 575/286/958
f 581/298/960 578/295/959 522/285/891 525/294/894
f 584/985/961 581/986/960 525/979/894 528/982/897
f 528/982/897 531/984/900 587/989/962 584/985/961
f 590/992/963 587/989/962 531/984/900 534/988/903
f 593/312/964 590/313/963 534/307/903 537/303/906
f 537/303/906 540/306/909 596/311/965 593/312/964
f 599/316/966 596/311/965 540/306/909 543/310/912
f 602/324/967 599/316/968 543/310/912 546/315/915
f 546/315/915 549/323/918 605/328/969 602/324/967
f 608/330/970 605/328/969 549/323/918 552/327/921
f 611/1001/971 608/1002/972 552/995/921 555/998/924
f 555/998/924 558/1000/927 614/1005/973 611/1001/971
f 617/1008/974 614/1005/973 558/1000/927 561/1004/930
f 620/279/975 617/290/976 561/280/932 564/273/935
f 564/273/935 515/269/863 569/278/957 620/279/975
s 75
f 567/745/938 568/754/977 571/755/978 570/746/939
s 76
f 568/287/979 569/278/957 572/277/956 571/288/980
s 75
f 570/746/939 571/755/978 574/764/981 573/756/940
s 76
f 571/288/980 572/277/956 575/286/958 574/296/982
s 75
f 573/756/940 574/764/981 577/774/983 576/765/941
s 76
f 574/296/982 575/286/958 578/295/959 577/299/984
s 75
f 576/765/941 577/774/983 580/785/985 579/775/942
s 76
f 577/299/984 578/295/959 581/298/960 580/302/986
s 75
f 579/775/942 580/785/985 583/795/987 582/786/943
s 76
f 580/990/986 581/986/960 584/985/961 583/991/988
s 75
f 582/786/943 583/795/987 586/805/989 585/796/944
s 76
f 583/991/988 584/985/961 587/989/962 586/993/990
s 75
f 585/796/944 586/805/989 589/815/991 588/806/945
s 76
f 586/993/990 587/989/962 590/992/963 589/994/992
s 75
f 588/806/945 589/815/991 592/823/993 591/816/946
s 76
f 589/319/992 590/313/963 593/312/964 592/317/994
s 75
f 591/816/946 592/823/993 595/826/995 594/824/947
s 76
f 592/317/994 593/312/964 596/311/965 595/318/996
s 75
f 594/824/947 595/826/995 598/825/997 597/821/948
s 76
f 595/318/996 596/311/965 599/316/966 598/325/998
s 75
f 597/821/948 598/825/997 601/822/999 600/813/949
s 76
f 598/325/1000 599/316/968 602/324/967 601/329/1001
s 75
f 600/813/949 601/822/999 604/814/1002 603/803/950
s 76
f 601/329/1001 602/324/967 605/328/969 604/331/1003
s 75
f 603/803/950 604/814/1002 607/804/1004 606/793/951
s 76
f 604/331/1003 605/328/969 608/330/970 607/332/1005
s 75
f 606/793/951 607/804/1004 610/794/1006 609/782/952
s 76
f 607/1006/1007 608/1002/972 611/1001/971 610/1007/1008
s 75
f 609/782/952 610/794/1006 613/783/1009 612/773/953
s 76
f 610/1007/1008 611/1001/971 614/1005/973 613/1009/1010
s 75
f 612/773/953 613/783/1009 616/784/1011 615/762/954
s 76
f 613/1009/1010 614/1005/973 617/1008/974 616/1010/1012
s 75
f 615/300/954 616/297/1011 619/289/1013 618/301/955
s 76
f 616/297/1014 617/290/976 620/279/975 619/289/1015
f 569/278/957 568/287/979 619/289/1015 620/279/975
s 75
f 568/754/977 567/745/938 618/753/955 619/763/1013
