# This file uses meters as units for non-parametric coordinates.

mtllib Theshield.mtl
g default
v -693.293213 1750.681419 -423.413859
v -663.285156 1748.206320 -422.176660
v -619.767334 1748.417114 -421.340567
v -576.249512 1748.627909 -420.504472
v -557.589661 1749.242360 -420.278096
v -349.320404 1751.250021 -416.528515
v -324.981567 1751.931516 -416.202995
v -688.429749 1778.760059 -430.393602
v -650.856201 1794.664962 -433.635739
v -620.307739 1785.379192 -430.670408
v -592.461121 1790.230918 -431.324603
v -561.372375 1778.851438 -427.820368
v -368.733978 1775.997005 -423.164358
v -324.400452 1786.812525 -424.985238
v -647.416321 1827.453546 -441.832034
v -620.307739 1827.584856 -441.311208
v -600.971924 1826.840954 -440.728554
v -405.277588 1822.535001 -435.644149
v -385.007080 1797.832236 -429.001932
v -324.400452 1829.018189 -435.626037
v -647.416321 1869.659269 -452.472848
v -620.307739 1869.790579 -451.952022
v -600.971924 1869.046618 -451.369354
v -442.167908 1866.707836 -447.534721
v -424.222137 1847.066639 -442.216123
v -370.824188 1873.817344 -447.869323
v -324.400452 1871.223911 -446.266851
v -647.416321 1911.864873 -463.113633
v -620.307739 1911.996183 -462.592806
v -600.971924 1911.252341 -462.010168
v -487.776062 1915.515811 -460.772030
v -464.252899 1891.896822 -454.336590
v -402.718384 1913.050155 -458.412331
v -366.174713 1913.227166 -457.710233
v -324.400452 1913.429516 -456.907635
v -647.552490 1954.069996 -473.757077
v -620.307739 1954.201965 -473.233635
v -600.618347 1954.860939 -472.997441
v -526.817871 1960.518805 -472.915859
v -506.027222 1938.409422 -466.916858
v -442.280151 1957.941910 -470.538745
v -420.388367 1930.646252 -463.209689
v -366.174713 1955.432948 -468.351062
v -324.400452 1955.635297 -467.548464
v -647.552490 1996.275659 -484.397876
v -620.307739 1996.407628 -483.874434
v -600.618347 1997.066662 -483.638255
v -555.938171 1995.028502 -482.211412
v -481.617554 2004.970673 -483.199350
v -461.346985 1983.649813 -477.409779
v -366.174713 1997.638612 -478.991861
v -324.400452 1997.840961 -478.189263
v -647.552490 2040.172364 -495.465017
v -620.307739 2038.613351 -494.515248
v -601.780701 2046.594284 -496.148804
v -579.185486 2025.848405 -490.456689
v -501.958923 2030.731706 -490.109815
v -366.174713 2039.844334 -489.632675
v -326.143982 2040.601840 -489.005669
v -647.552490 2082.378028 -506.105816
v -620.307739 2080.818955 -505.156032
v -559.935547 2095.202908 -507.548842
v -535.015503 2076.722931 -502.380501
v -519.975708 2056.504056 -496.975641
v -366.174713 2082.049939 -500.273460
v -326.143982 2082.807563 -499.646483
v -687.583252 2118.189579 -515.952532
v -654.526611 2108.203868 -512.759478
v -620.307739 2123.024737 -515.796861
v -576.789795 2123.235533 -514.960762
v -408.530243 2121.232253 -511.017506
v -370.824188 2107.323378 -506.740351
v -318.007416 2110.397579 -506.436156
v -282.044922 2120.153948 -508.161058
v -692.813843 2144.023805 -522.572681
v -662.663208 2146.988154 -522.703952
v -619.145386 2147.198948 -521.867856
v -593.062866 2143.943324 -520.514088
v -409.111420 2143.707037 -516.695672
v -359.781738 2146.764286 -516.458464
v -316.263855 2146.975080 -515.622368
v -278.557831 2147.157723 -514.897936
v -693.626038 1754.787675 -407.126808
v -663.617981 1752.312575 -405.889612
v -651.189026 1798.771217 -417.348687
v -688.762573 1782.866314 -414.106551
v -620.100159 1752.523369 -405.053516
v -620.640564 1789.485447 -414.383361
v -576.582336 1752.734164 -404.217421
v -592.793945 1794.337173 -415.037552
v -557.922485 1753.348616 -403.991045
v -561.705200 1782.957694 -411.533317
v -349.653198 1755.356276 -400.241464
v -325.314362 1756.037771 -399.915944
v -324.733246 1790.918779 -408.698194
v -369.066772 1780.103259 -406.877315
v -620.640564 1831.691110 -425.024160
v -647.749146 1831.559801 -425.544987
v -601.304749 1830.947210 -424.441503
v -324.733246 1833.124442 -419.338993
v -385.339874 1801.938490 -412.714888
v -620.640564 1873.896833 -435.664974
v -647.749146 1873.765523 -436.185801
v -601.304749 1873.152873 -435.082302
v -405.610382 1826.641256 -419.357097
v -371.156982 1877.923599 -431.582272
v -424.554932 1851.172894 -425.929072
v -324.733246 1875.330165 -429.979807
v -620.640564 1916.102438 -446.305758
v -647.749146 1915.971128 -446.826585
v -601.304749 1915.358596 -445.723116
v -442.500702 1870.814092 -431.247670
v -403.051178 1917.156409 -442.125287
v -464.585693 1896.003078 -438.049539
v -324.733246 1917.535769 -440.620591
v -366.507507 1917.333422 -441.423182
v -620.640564 1958.308219 -456.946587
v -647.885315 1958.176249 -457.470033
v -600.951172 1958.967193 -456.710397
v -488.108856 1919.622067 -444.484979
v -442.612946 1962.048165 -454.251694
v -506.360016 1942.515677 -450.629807
v -420.721161 1934.752508 -446.922638
v -324.733246 1959.741551 -451.261420
v -366.507507 1959.539204 -452.064011
v -620.640564 2000.513883 -467.587386
v -647.885315 2000.381913 -468.110832
v -600.951172 2001.172916 -467.351211
v -527.150696 1964.625061 -456.628808
v -481.950348 2009.076929 -466.912299
v -556.270996 1999.134758 -465.924361
v -461.679779 1987.756068 -461.122728
v -324.733246 2001.947215 -461.902220
v -366.507507 2001.744867 -462.704810
v -620.640564 2042.719606 -478.228200
v -647.885315 2044.278618 -479.177973
v -602.113525 2050.700540 -479.861753
v -502.291718 2034.837960 -473.822771
v -579.518311 2029.954660 -474.169637
v -326.476776 2044.708094 -472.718625
v -366.507507 2043.950590 -473.345624
v -620.640564 2084.925210 -488.868985
v -647.885315 2086.484281 -489.818772
v -560.268372 2099.309163 -491.261791
v -535.348328 2080.829187 -486.093450
v -520.308533 2060.610311 -480.688590
v -326.476776 2086.913816 -483.359439
v -366.507507 2086.156194 -483.986408
v -620.640564 2127.130992 -499.509814
v -654.859436 2112.310121 -496.472434
v -577.122620 2127.341787 -498.673718
v -318.340210 2114.503832 -490.149112
v -371.156982 2111.429634 -490.453300
v -687.916077 2122.295834 -499.665481
v -662.996033 2151.094408 -506.416904
v -693.146667 2148.130061 -506.285630
v -619.478210 2151.305203 -505.580809
v -593.395691 2148.049578 -504.227044
v -408.863037 2125.338509 -494.730454
v -360.114532 2150.870541 -500.171413
v -409.444214 2147.813291 -500.408628
v -316.596649 2151.081336 -499.335317
v -282.377716 2124.260204 -491.874007
v -278.890625 2151.263978 -498.610885
v -299.417419 1752.130213 -415.730709
v -257.811646 1752.331745 -414.931352
v -216.205811 1752.533278 -414.131994
v -174.600006 1752.734810 -413.332636
v -149.677902 1752.855530 -412.853814
v -298.134125 1780.041006 -422.741300
v -264.228424 1789.540265 -424.443404
v -218.772552 1797.228478 -425.452898
v -194.828278 1799.942483 -425.647875
v -150.319565 1778.890065 -419.430700
v -232.936066 1824.361295 -432.582978
v -225.722733 1848.643055 -438.557448
v -183.390091 1835.587878 -434.400983
v -216.205811 1873.587167 -444.651834
v -164.974792 1883.792716 -446.177988
v -132.240448 1887.606254 -446.470555
v -92.093025 1889.051676 -446.014608
v -201.405441 1907.124051 -452.804652
v -170.108231 1912.294740 -453.468753
v -143.902756 1918.645025 -454.534291
v -91.388374 1919.521767 -453.682262
v -184.080078 1948.803932 -462.958866
v -168.824860 1978.790311 -470.207246
v -140.052689 1953.413972 -463.221489
v -155.349579 2011.738830 -478.238801
v -118.235519 1992.003994 -472.504912
v -148.083694 2033.876579 -483.671650
v -103.476868 2027.448092 -481.139422
v -91.388374 2049.910621 -486.555613
v -139.307556 2057.046164 -489.333784
v -130.427460 2082.604886 -495.596138
v -91.388374 2075.948265 -493.120167
v -119.345680 2106.343204 -501.354546
v -91.388374 2116.299601 -503.293457
v -89.880905 2154.465147 -512.884867
v 123.424355 1757.102460 -408.344004
v 75.034882 1753.944006 -408.536482
v 33.429066 1753.742472 -409.335847
v -8.176740 1753.540939 -410.135205
v -28.576431 1752.711097 -410.342825
v 122.140976 1781.345846 -414.482418
v 88.235336 1790.516577 -417.487343
v 35.995800 1798.462538 -420.558123
v 14.069824 1793.974528 -419.874643
v -27.934750 1778.020877 -416.710763
v 59.957916 1830.166096 -428.061513
v 52.744579 1854.377977 -434.313153
v -2.401613 1834.271527 -430.370809
v 43.227665 1879.229950 -440.773246
v -22.324392 1885.214724 -443.621601
v -48.275082 1887.281997 -444.673070
v 28.427298 1912.623395 -449.494756
v -12.668519 1913.057355 -450.443915
v -38.873981 1919.153769 -452.516411
v 11.101909 1954.135431 -460.314706
v -4.153283 1983.973963 -468.149258
v -42.724064 1953.885417 -461.351551
v -17.628597 2016.791997 -476.698614
v -64.541229 1992.264081 -471.473304
v -24.894468 2038.859356 -482.410660
v -79.299873 2027.565203 -480.674915
v -33.670601 2061.943980 -488.410035
v -42.550694 2087.416555 -495.013580
v -67.199745 2151.918396 -511.779321
v -299.706635 1755.698743 -401.576495
v -258.100861 1755.900275 -400.777137
v -264.517639 1793.108796 -410.289182
v -298.423340 1783.609537 -408.587078
v -216.495041 1756.101809 -399.977772
v -219.061783 1800.797009 -411.298676
v -174.889236 1756.303341 -399.178414
v -195.117508 1803.511015 -411.493653
v -149.967133 1756.424061 -398.699592
v -150.608795 1782.458596 -405.276478
v -226.011963 1852.211586 -424.403226
v -233.225296 1827.929826 -418.428756
v -183.679321 1839.156408 -420.246768
v -165.264023 1887.361248 -432.023765
v -216.495041 1877.155698 -430.497612
v -170.397461 1915.863271 -439.314531
v -201.694672 1910.692583 -438.650430
v -132.529678 1891.174783 -432.316340
v -144.191986 1922.213556 -440.380069
v -92.382248 1892.620208 -431.860386
v -91.677597 1923.090299 -439.528040
v -169.114090 1982.358843 -456.053024
v -184.369308 1952.372463 -448.804643
v -140.341919 1956.982504 -449.067266
v -118.524742 1995.572526 -458.350689
v -155.638809 2015.307361 -464.084579
v -103.766090 2031.016624 -466.985200
v -148.372925 2037.445110 -469.517428
v -130.716690 2086.173417 -481.441916
v -139.596786 2060.614695 -475.179562
v -91.677597 2053.479152 -472.401391
v -91.677597 2079.516797 -478.965945
v -91.677597 2119.868133 -489.139235
v -119.634903 2109.911735 -487.200323
v -90.170128 2158.033678 -498.730644
v 123.135132 1760.670992 -394.189782
v 121.851753 1784.914377 -400.328195
v 87.946114 1794.085109 -403.333121
v 74.745659 1757.512537 -394.382260
v 35.706573 1802.031069 -406.403901
v 33.139839 1757.311003 -395.181625
v 13.780599 1797.543057 -405.720428
v -8.465965 1757.109471 -395.980983
v -28.223976 1781.589409 -402.556541
v -28.865658 1756.279627 -396.188610
v 59.668690 1833.734628 -413.907290
v 52.455353 1857.946508 -420.158930
v -2.690839 1837.840058 -416.216587
v 42.938438 1882.798482 -426.619024
v -22.613619 1888.783256 -429.467379
v 28.138071 1916.191926 -435.340533
v -12.957745 1916.625887 -436.289693
v -39.163208 1922.722300 -438.362189
v -48.564308 1890.850528 -430.518848
v 10.812683 1957.703962 -446.160483
v -4.442509 1987.542495 -453.995036
v -43.013290 1957.453948 -447.197329
v -17.917824 2020.360527 -462.544400
v -64.830452 1995.832612 -457.319082
v -25.183695 2042.427888 -468.256438
v -79.589096 2031.133732 -466.520700
v -33.959827 2065.512511 -474.255813
v -42.839920 2090.985087 -480.859358
v -67.488968 2155.486927 -497.625099
v 144.946930 1758.065579 -408.147034
v 185.051178 1758.259839 -407.376521
v 225.155472 1758.454097 -406.606015
v 265.259705 1758.648357 -405.835501
v 305.364014 1758.842616 -405.064995
v 152.036957 1782.975445 -414.282379
v 188.081284 1793.346060 -416.160467
v 225.155472 1797.349053 -416.412126
v 262.229675 1793.705225 -414.735876
v 298.273987 1783.683796 -411.472775
v 193.072052 1836.088779 -426.834689
v 225.155472 1836.244187 -426.218281
v 257.238861 1836.399594 -425.601873
v 193.072052 1874.983794 -436.640815
v 225.155472 1875.139202 -436.024407
v 257.238861 1875.294609 -435.407999
v 193.072052 1913.878868 -446.446955
v 225.155472 1914.034276 -445.830547
v 257.238861 1914.189683 -445.214140
v 193.072052 1952.773884 -456.253081
v 225.155472 1952.929291 -455.636673
v 257.238861 1953.084698 -455.020265
v 193.072052 1991.668839 -466.059192
v 225.155472 1991.824247 -465.442784
v 257.238861 1991.979654 -464.826376
v 193.072052 2030.563973 -475.865347
v 225.155472 2030.719380 -475.248940
v 257.238861 2030.874788 -474.632532
v 193.072052 2069.458929 -485.671458
v 225.155472 2069.614336 -485.055050
v 257.238861 2069.769743 -484.438643
v 149.105881 2119.238122 -499.120078
v 193.072052 2108.354062 -495.477614
v 225.155472 2108.509469 -494.861206
v 257.238861 2108.664877 -494.244798
v 301.205048 2119.974868 -496.197849
v 144.946930 2147.015907 -506.208336
v 185.051178 2147.210167 -505.437823
v 225.155472 2147.404425 -504.667317
v 265.259705 2147.598685 -503.896803
v 305.364014 2147.792944 -503.126297
v 144.657700 1761.634110 -393.992812
v 184.761948 1761.828369 -393.222306
v 187.792053 1796.914591 -402.006245
v 151.747726 1786.543977 -400.128157
v 224.866241 1762.022629 -392.451793
v 224.866241 1800.917585 -402.257903
v 264.970490 1762.216889 -391.681279
v 261.940460 1797.273754 -400.581661
v 305.074799 1762.411147 -390.910773
v 297.984772 1787.252328 -397.318553
v 224.866241 1839.812718 -412.064059
v 192.782822 1839.657311 -412.680467
v 256.949646 1839.968125 -411.447651
v 224.866241 1878.707733 -421.870185
v 192.782822 1878.552326 -422.486592
v 256.949646 1878.863140 -421.253777
v 224.866241 1917.602807 -431.676325
v 192.782822 1917.447400 -432.292733
v 256.949646 1917.758215 -431.059918
v 224.866241 1956.497822 -441.482451
v 192.782822 1956.342415 -442.098859
v 256.949646 1956.653230 -440.866043
v 224.866241 1995.392778 -451.288562
v 192.782822 1995.237371 -451.904970
v 256.949646 1995.548186 -450.672154
v 224.866241 2034.287912 -461.094717
v 192.782822 2034.132504 -461.711125
v 256.949646 2034.443319 -460.478310
v 224.866241 2073.182867 -470.900828
v 192.782822 2073.027460 -471.517236
v 256.949646 2073.338275 -470.284420
v 224.866241 2112.078001 -480.706984
v 192.782822 2111.922594 -481.323391
v 256.949646 2112.233408 -480.090576
v 148.816650 2122.806654 -484.965856
v 184.761948 2150.778697 -491.283608
v 144.657700 2150.584438 -492.054114
v 224.866241 2150.972957 -490.513095
v 264.970490 2151.167217 -489.742581
v 300.915833 2123.543400 -482.043627
v 305.074799 2151.361475 -488.972075
v 419.767334 1758.401072 -402.615965
v 435.810333 1759.903735 -402.666995
v 469.598114 1760.067399 -402.017837
v 503.385895 1760.231062 -401.368686
v 537.173645 1760.394724 -400.719535
v 570.961426 1760.558387 -400.070385
v 587.004395 1760.298576 -399.677056
v 419.767334 1780.822091 -408.268703
v 437.897949 1787.077393 -409.475297
v 469.598114 1798.872811 -411.801372
v 503.385895 1799.036473 -411.152221
v 537.173645 1799.200136 -410.503071
v 564.176697 1791.738501 -408.070083
v 587.004395 1783.581716 -405.547150
v 469.598114 1837.678282 -421.584922
v 503.385895 1837.841944 -420.935771
v 537.173645 1838.005607 -420.286621
v 469.598114 1876.483634 -431.368442
v 503.385895 1876.647297 -430.719292
v 537.173645 1876.810959 -430.070141
v 469.598114 1915.288987 -441.151963
v 503.385895 1915.452649 -440.502812
v 537.173645 1915.616312 -439.853661
v 469.598114 1954.094458 -450.935513
v 503.385895 1954.258120 -450.286362
v 537.173645 1954.421783 -449.637211
v 469.598114 1992.899869 -460.719048
v 503.385895 1993.063532 -460.069897
v 537.173645 1993.227194 -459.420746
v 469.598114 2031.705163 -470.502553
v 503.385895 2031.868825 -469.853402
v 537.173645 2032.032488 -469.204251
v 332.359375 2051.117583 -478.201099
v 355.709076 2050.218418 -477.497272
v 469.598114 2070.510634 -480.286103
v 503.385895 2070.674296 -479.636952
v 537.173645 2070.837959 -478.987801
v 650.540771 2054.683467 -472.598430
v 674.412415 2053.280692 -471.756981
v 334.446991 2108.661392 -492.666256
v 377.629089 2098.240963 -489.156701
v 402.022552 2108.988719 -491.367947
v 435.810333 2109.152381 -490.718796
v 469.598114 2109.316045 -490.069638
v 503.385895 2109.479708 -489.420487
v 537.173645 2109.643370 -488.771337
v 570.961426 2109.807033 -488.122186
v 604.749207 2109.970697 -487.473028
v 629.664612 2099.461786 -484.314428
v 672.324768 2110.298024 -486.174718
v 334.446991 2147.466803 -502.449791
v 368.234772 2147.630466 -501.800641
v 402.022552 2147.794130 -501.151482
v 435.810333 2147.957793 -500.502332
v 469.598114 2148.121457 -499.853173
v 503.385895 2148.285120 -499.204023
v 537.173645 2148.448782 -498.554872
v 570.961426 2148.612444 -497.905721
v 604.749207 2148.776109 -497.256563
v 638.536987 2148.939771 -496.607412
v 672.324768 2149.103436 -495.958254
v 419.478119 1761.969601 -388.461750
v 435.521118 1763.472266 -388.512773
v 437.608734 1790.645923 -395.321083
v 419.478119 1784.390620 -394.114488
v 469.308899 1763.635929 -387.863622
v 469.308899 1802.441340 -397.647157
v 503.096680 1763.799593 -387.214464
v 503.096680 1802.605005 -396.997999
v 536.884399 1763.963256 -386.565313
v 536.884399 1802.768667 -396.348848
v 570.672180 1764.126918 -385.916162
v 563.887451 1795.307032 -393.915861
v 586.715149 1763.867106 -385.522841
v 586.715149 1787.150246 -391.392935
v 503.096680 1841.410476 -406.781549
v 469.308899 1841.246811 -407.430707
v 536.884399 1841.574138 -406.132398
v 503.096680 1880.215828 -416.565069
v 469.308899 1880.052164 -417.214228
v 536.884399 1880.379491 -415.915919
v 503.096680 1919.021181 -426.348590
v 469.308899 1918.857516 -426.997748
v 536.884399 1919.184843 -425.699439
v 503.096680 1957.826652 -436.132140
v 469.308899 1957.662987 -436.781298
v 536.884399 1957.990314 -435.482989
v 503.096680 1996.632063 -445.915675
v 469.308899 1996.468399 -446.564833
v 536.884399 1996.795726 -445.266524
v 503.096680 2035.437357 -455.699180
v 469.308899 2035.273692 -456.348338
v 536.884399 2035.601019 -455.050029
v 503.096680 2074.242827 -465.482730
v 469.308899 2074.079163 -466.131888
v 536.884399 2074.406490 -464.833579
v 332.070160 2054.686115 -464.046877
v 355.419861 2053.786948 -463.343057
v 377.339874 2101.809494 -475.002479
v 334.157776 2112.229923 -478.512034
v 503.096680 2113.048239 -475.266265
v 469.308899 2112.884575 -475.915423
v 536.884399 2113.211902 -474.617114
v 650.251526 2058.251996 -458.444216
v 674.123169 2056.849224 -457.602759
v 672.035522 2113.866553 -472.020504
v 629.375366 2103.030317 -470.160206
v 367.945557 2151.198997 -487.646418
v 334.157776 2151.035335 -488.295569
v 401.733337 2112.557248 -477.213732
v 401.733337 2151.362660 -486.997268
v 435.521118 2112.720912 -476.564574
v 435.521118 2151.526324 -486.348109
v 469.308899 2151.689987 -485.698959
v 503.096680 2151.853651 -485.049800
v 536.884399 2152.017313 -484.400650
v 570.672180 2113.375564 -473.967964
v 570.672180 2152.180976 -483.751499
v 604.459961 2113.539227 -473.318813
v 604.459961 2152.344638 -483.102348
v 638.247742 2152.508303 -482.453190
v 672.035522 2152.671965 -481.804039
v -493.602997 196.721878 -102.997374
v -246.427795 197.555218 -99.692013
v 0.747401 198.388558 -96.386653
v -740.778198 435.586613 -166.734886
v -493.602997 436.419953 -163.429526
v -246.427795 437.253293 -160.124165
v 0.747401 438.088054 -156.819163
v -740.778198 675.284629 -227.167023
v -493.602997 676.117970 -223.861663
v -246.427795 676.951310 -220.556302
v 0.747401 677.783940 -217.250763
v -740.778198 914.982675 -287.599168
v -493.602997 915.816015 -284.293807
v -246.427795 916.649356 -280.988447
v 0.747401 917.482341 -277.682997
v -926.365479 1154.055022 -350.513085
v -740.778198 1154.680721 -348.031312
v -493.602997 1155.514061 -344.725952
v -246.427795 1156.347401 -341.420591
v 0.747401 1157.180736 -338.115229
v -926.365479 1393.753068 -410.945230
v -740.778198 1394.378767 -408.463457
v -493.602997 1395.212107 -405.158096
v -246.427795 1396.045447 -401.852736
v 0.747401 1396.878965 -398.547420
v -926.365479 1633.451113 -471.377374
v -740.778198 1634.076813 -468.895601
v -493.602997 1634.910153 -465.590241
v -246.427795 1635.743493 -462.284880
v 0.747401 1636.577543 -458.979699
v -926.365479 1873.149130 -531.809511
v -740.778198 1873.774829 -529.327738
v -493.602997 1874.608169 -526.022378
v -246.427795 1875.441509 -522.717017
v 0.747401 1876.274139 -519.411478
v -926.365479 2112.847205 -592.241663
v -740.778198 2113.472904 -589.759890
v -493.602997 2114.306244 -586.454530
v -246.427795 2115.139585 -583.149169
v 0.747401 2115.973635 -579.843988
v -926.365479 2352.545280 -652.673815
v -740.778198 2353.170980 -650.192042
v -493.602997 2354.004320 -646.886682
v -246.427795 2354.837660 -643.581321
v 0.747401 2355.672539 -640.276349
v -740.778198 795.133667 -257.383099
v -493.602997 795.967007 -254.077739
v -246.427795 796.800347 -250.772378
v 0.747401 797.633688 -247.467018
v -740.778198 555.435592 -196.950947
v -493.602997 556.268932 -193.645587
v -246.427795 557.102272 -190.340226
v 0.747401 557.935967 -187.034955
v 0.747401 2235.824330 -610.060482
v -246.427795 2234.988741 -613.365275
v -493.602997 2234.155400 -616.670636
v -740.778198 2233.322060 -619.975996
v -926.365479 2232.696361 -622.457769
v -926.365479 2304.605594 -640.587367
v -740.778198 2305.231293 -638.105594
v -493.602997 2306.064634 -634.800234
v -246.427795 2306.897974 -631.494873
v 0.747401 2307.732024 -628.189692
v -815.013062 2352.920700 -651.184751
v -815.013062 2304.981014 -639.098303
v -815.013062 2233.071781 -620.968705
v -815.013062 2113.222625 -590.752599
v -815.013062 1873.524549 -530.320447
v -815.013062 1633.826533 -469.888310
v -815.013062 1394.128487 -409.456166
v -815.013062 1154.430441 -349.024021
v -815.013062 914.732395 -288.591877
v -785.516602 794.982833 -257.981365
v -685.524292 555.621878 -196.212061
v -598.030579 436.067880 -164.825988
v -493.602997 329.558903 -136.487952
v -293.365875 197.396968 -100.319694
v -246.427795 171.304692 -93.073788
v 0.747401 76.686140 -65.703306
v 0.747401 17.592908 -50.804851
v -246.427795 115.245249 -78.940205
v -398.045654 197.044045 -101.719529
v -493.602997 259.863477 -118.916495
v -673.025085 435.815040 -165.828855
v -740.778198 536.297168 -192.125810
v -751.236755 555.400331 -197.090804
v -806.328125 675.063631 -228.043592
v -844.663086 794.783424 -258.772304
v -860.543274 914.578892 -289.200731
v -862.307678 1154.270990 -349.656470
v -862.307678 1393.969036 -410.088614
v -860.543274 1633.673030 -470.497165
v -861.425476 1873.368072 -530.941099
v -862.307678 2113.063173 -591.385048
v -861.204834 2232.916047 -621.586407
v -860.543274 2304.827511 -639.707158
v -862.307678 2352.761248 -651.817200
v -926.365479 970.116744 -304.138971
v -916.382690 914.390632 -289.947446
v -898.219116 794.602862 -259.488484
v -863.345215 674.871400 -228.806055
v -811.760803 555.196277 -197.900165
v -740.778198 443.327538 -168.686511
v -733.045532 435.612683 -166.631481
v -246.427795 55.371865 -63.845059
v 0.747401 -33.275636 -37.979985
v -620.762878 301.714997 -131.276544
v -613.440430 377.382844 -150.249613
v -613.551697 436.015552 -165.033544
v -613.592163 457.331602 -170.408276
v -613.779053 555.863764 -195.252646
v -614.006592 675.712034 -225.471765
v -614.233948 795.560305 -255.690880
v -614.461304 915.408547 -285.909990
v -614.916321 1155.105059 -346.348219
v -615.371155 1394.801571 -406.786446
v -615.825989 1634.498084 -467.224672
v -616.280762 1874.194566 -527.662891
v -616.735840 2113.891107 -588.101129
v -616.963196 2233.739497 -618.320275
v -617.099670 2305.648270 -636.451697
v -617.190613 2353.587649 -648.539363
v -294.510406 217.685874 -19.845783
v -247.572342 191.593597 -12.599876
v -247.572342 217.844124 -19.218101
v -0.397143 96.974690 14.770694
v -0.397143 218.677464 -15.912742
v -599.175110 456.356786 -84.352077
v -494.747528 349.847810 -56.014039
v -494.747528 456.708859 -82.955612
v -247.572342 457.542199 -79.650253
v -0.397143 458.376960 -76.345252
v -864.489746 695.160306 -148.332142
v -812.905334 575.485182 -117.426257
v -752.381287 575.689236 -116.616897
v -807.472656 695.352537 -147.569678
v -741.922729 695.573534 -146.693116
v -686.668823 575.910783 -115.738152
v -614.923584 576.152669 -114.778734
v -615.151123 696.000939 -144.997858
v -494.747528 576.557838 -113.171673
v -247.572342 577.391178 -109.866314
v -247.572342 697.240216 -140.082390
v -494.747528 696.406876 -143.387749
v -0.397143 578.224873 -106.561045
v -0.397143 698.072845 -136.776852
v -816.157593 935.021300 -208.117969
v -786.661133 815.271740 -177.507452
v -741.922729 815.422572 -176.909192
v -741.922729 935.271580 -207.125260
v -615.378479 815.849212 -175.216967
v -615.605835 935.697451 -205.436083
v -494.747528 816.255913 -173.603825
v -247.572342 817.089253 -170.298466
v -247.572342 936.938261 -200.514535
v -494.747528 936.104922 -203.819894
v -0.397143 817.922593 -166.993107
v -0.397143 937.771246 -197.209086
v -816.157593 1174.719346 -268.550114
v -741.922729 1174.969626 -267.557405
v -616.060852 1175.393964 -265.874309
v -247.572342 1176.636307 -260.946679
v -494.747528 1175.802967 -264.252038
v -0.397143 1177.469641 -257.641319
v -816.157593 1414.417392 -328.982258
v -741.922729 1414.667671 -327.989549
v -616.515686 1415.090477 -326.312534
v -247.572342 1416.334353 -321.378824
v -494.747528 1415.501013 -324.684183
v -0.397143 1417.167870 -318.073510
v -816.157593 1654.115438 -389.414403
v -741.922729 1654.365717 -388.421694
v -616.970520 1654.786989 -386.750760
v -247.572342 1656.032399 -381.810968
v -494.747528 1655.199059 -385.116327
v -0.397143 1656.866449 -378.505789
v -816.157593 1893.813454 -449.846540
v -741.922729 1894.063733 -448.853831
v -617.425293 1894.483472 -447.188978
v -247.572342 1895.730415 -442.243106
v -494.747528 1894.897075 -445.548464
v -0.397143 1896.563045 -438.937567
v -816.157593 2133.511529 -510.278692
v -741.922729 2133.761809 -509.285983
v -617.880371 2134.180013 -507.627219
v -247.572342 2135.428490 -502.675258
v -494.747528 2134.595151 -505.980616
v -0.397143 2136.262540 -499.370078
v -816.157593 2253.360685 -540.494798
v -741.922729 2253.610965 -539.502089
v -618.107727 2254.028402 -537.846365
v -247.572342 2255.277646 -532.891363
v -494.747528 2254.444307 -536.196722
v -0.397143 2256.112170 -529.586303
v -741.922729 463.616442 -88.212603
v -741.922729 556.586073 -111.651902
v -614.736694 477.620509 -89.934362
v -247.572342 2327.186880 -551.020961
v -0.397143 2328.020811 -547.715751
v -0.397143 2375.961444 -559.802438
v -247.572342 2375.126566 -563.107410
v -494.747528 2326.353540 -554.326320
v -494.747528 2374.293226 -566.412768
v -741.922729 2325.520198 -557.631687
v -618.244202 2325.937175 -555.977790
v -618.335144 2373.876555 -568.065452
v -741.922729 2373.459884 -569.718135
v -816.157593 2373.209605 -570.710844
v -816.157593 2325.269918 -558.624396
v -927.510010 2324.894499 -560.113460
v -861.687805 2325.116415 -559.233250
v -863.452209 2373.050154 -571.343290
v -927.510010 2372.834185 -572.199908
v -862.349365 2253.204953 -541.112493
v -927.510010 2252.985266 -541.983862
v -927.510010 2133.136110 -511.767756
v -863.452209 2133.352078 -510.911138
v -927.510010 1893.438034 -451.335604
v -862.570007 1893.656978 -450.467187
v -927.510010 1653.740018 -390.903467
v -861.687805 1653.961935 -390.023258
v -927.510010 1414.041972 -330.471322
v -863.452209 1414.257941 -329.614705
v -927.510010 1174.343926 -270.039178
v -863.452209 1174.559895 -269.182560
v -927.510010 990.405649 -223.665063
v -917.527222 934.679537 -209.473538
v -861.687805 934.867797 -208.726824
v -899.363647 814.891767 -179.014574
v -845.807617 815.072330 -178.298391
v -741.922729 575.724496 -116.477040
v -734.190063 455.901589 -86.157571
v -674.169617 456.103945 -85.354943
v -621.907410 322.003903 -50.802632
v -614.584961 397.671750 -69.775701
v -494.747528 217.010784 -22.523460
v -399.190186 217.332950 -21.245621
v -494.747528 280.152383 -38.442581
v -247.572342 75.660771 16.628853
v -247.572342 135.534155 1.533707
v -0.397143 -12.986730 42.493925
v -0.397143 37.883116 29.668732
v -614.696228 456.304458 -84.559632
v -741.922729 455.875518 -86.260979
v 0.175129 -23.131183 2.256972
v 0.175129 2365.816992 -600.039392
v -816.507874 2331.478812 -533.997442
v -816.507874 2259.569579 -515.867844
v -742.273010 2259.819858 -514.875135
v -742.273010 2331.729092 -533.004733
v -618.458008 2260.237296 -513.219411
v -618.594482 2332.146068 -531.350836
v -247.922592 2261.486540 -508.264409
v -495.097809 2260.653200 -511.569768
v -247.922592 2333.395773 -526.394007
v -495.097809 2332.562433 -529.699366
v -0.747401 2262.319998 -504.959080
v -0.747401 2334.229468 -523.088738
v -742.273010 581.933390 -91.850086
v -687.019104 582.119676 -91.111198
v -742.273010 701.782428 -122.066162
v -0.747401 44.093548 54.295298
v -247.922592 141.743049 26.160661
v -0.747401 103.183229 39.397737
v -247.922592 197.802491 12.027078
v -399.540466 223.541844 3.381333
v -294.860687 223.894768 4.781171
v -495.097809 286.361276 -13.815627
v -495.097809 356.056703 -31.387085
v -614.935242 403.880643 -45.148747
v -674.519897 462.312839 -60.727989
v -615.046509 462.513351 -59.932678
v -742.273010 562.794967 -87.024948
v -615.086975 483.829402 -65.307408
v -752.731567 581.898129 -91.989943
v -807.822937 701.561431 -122.942724
v -846.157898 821.281223 -153.671437
v -787.011414 821.480633 -152.880498
v -862.038086 941.076691 -184.099870
v -816.507874 941.230194 -183.491015
v -863.802490 1180.768788 -244.555606
v -816.507874 1180.928239 -243.923160
v -863.802490 1420.466834 -304.987751
v -816.507874 1420.626285 -304.355304
v -862.038086 1660.170828 -365.396303
v -816.507874 1660.324331 -364.787449
v -862.920288 1899.865871 -425.840233
v -816.507874 1900.022347 -425.219586
v -863.802490 2139.560972 -486.284184
v -816.507874 2139.720423 -485.651738
v -862.699646 2259.413847 -516.485539
v -862.038086 2331.325309 -534.606296
v -599.525391 462.565679 -59.725123
v 495.097809 200.055239 -89.775931
v 247.922607 199.221899 -93.081292
v 742.272949 440.586654 -146.902723
v 495.097809 439.753314 -150.208083
v 247.922607 438.919974 -153.513444
v 742.272949 680.284671 -207.334860
v 495.097809 679.451331 -210.640220
v 247.922607 678.617990 -213.945581
v 742.272949 919.982717 -267.767004
v 495.097809 919.149376 -271.072365
v 247.922607 918.316036 -274.377726
v 927.860229 1160.306462 -325.717376
v 742.272949 1159.680762 -328.199149
v 495.097809 1158.847422 -331.504509
v 247.922607 1158.014082 -334.809870
v 927.860229 1400.004507 -386.149520
v 742.272949 1399.378808 -388.631293
v 495.097809 1398.545468 -391.936654
v 247.922607 1397.712128 -395.242015
v 927.860229 1639.702553 -446.581665
v 742.272949 1639.076854 -449.063438
v 495.097809 1638.243514 -452.368798
v 247.922607 1637.410173 -455.674159
v 927.860229 1879.400569 -507.013802
v 742.272949 1878.774870 -509.495575
v 495.097809 1877.941530 -512.800935
v 247.922607 1877.108190 -516.106296
v 927.860229 2119.098645 -567.445954
v 742.272949 2118.472946 -569.927727
v 495.097809 2117.639605 -573.233087
v 247.922607 2116.806265 -576.538448
v 927.860229 2358.796720 -627.878106
v 742.272949 2358.171021 -630.359879
v 495.097809 2357.337681 -633.665239
v 247.922607 2356.504340 -636.970600
v 742.272949 800.133708 -237.550936
v 495.097809 799.300368 -240.856296
v 247.922607 798.467028 -244.161657
v 742.272949 560.435633 -177.118784
v 495.097809 559.602293 -180.424144
v 247.922607 558.768953 -183.729505
v 247.922607 2236.655421 -606.754554
v 495.097809 2237.488761 -603.449193
v 742.272949 2238.322102 -600.143833
v 927.860229 2238.947801 -597.662060
v 927.860229 2310.857034 -615.791658
v 742.272949 2310.231335 -618.273431
v 495.097809 2309.397995 -621.578791
v 247.922607 2308.564654 -624.884152
v 816.507812 2358.421301 -629.367170
v 816.507812 2310.481615 -617.280722
v 816.507812 2238.572381 -599.151124
v 816.507812 2118.723225 -568.935018
v 816.507812 1879.025150 -508.502866
v 816.507812 1639.327134 -448.070729
v 816.507812 1399.629088 -387.638584
v 816.507812 1159.931042 -327.206440
v 816.507812 920.232996 -266.774295
v 787.011353 800.284542 -236.952670
v 687.019043 560.249347 -177.857669
v 599.525330 440.105387 -148.811621
v 495.097809 332.892264 -123.266510
v 294.860687 199.380148 -92.453610
v 247.922607 172.971372 -86.463067
v 247.922607 116.911930 -72.329484
v 399.540466 199.733072 -91.053776
v 495.097809 263.196838 -105.695052
v 674.519836 440.358228 -147.808754
v 742.272949 541.297210 -172.293647
v 752.731506 560.470894 -176.978927
v 807.822876 680.505669 -206.458291
v 846.157837 800.483952 -236.161731
v 862.038025 920.386499 -266.165441
v 863.802429 1160.090493 -326.573991
v 863.802429 1399.788539 -387.006136
v 862.038025 1639.480637 -447.461874
v 862.920227 1879.181627 -507.882215
v 863.802429 2118.882677 -568.302570
v 862.699585 2238.728115 -598.533422
v 862.038025 2310.635118 -616.671867
v 863.802429 2358.580752 -628.734722
v 927.860229 976.368184 -279.343261
v 917.877441 920.574759 -265.418725
v 899.713867 800.664513 -235.445551
v 864.839966 680.697900 -205.695828
v 813.255554 560.674948 -176.169566
v 742.272949 448.327579 -148.854348
v 734.540283 440.560584 -147.006128
v 247.922607 57.038545 -57.234337
v 622.257629 305.905786 -114.654202
v 614.935181 381.524259 -133.823108
v 615.046448 440.157716 -148.604065
v 615.086914 461.474040 -153.977713
v 615.273804 560.007461 -178.817085
v 615.501343 679.857266 -209.030118
v 615.728699 799.707070 -239.243154
v 615.956055 919.556845 -269.456182
v 616.411072 1159.256425 -329.882242
v 616.865906 1398.956004 -390.308304
v 617.320740 1638.655583 -450.734367
v 617.775513 1878.355133 -511.160422
v 618.230591 2118.054742 -571.586489
v 618.457947 2237.904665 -601.799554
v 618.594421 2309.814358 -619.927327
v 618.685364 2357.754351 -632.012559
v 293.716156 219.669053 -11.979701
v 246.778061 193.260277 -5.989158
v 246.778061 219.510804 -12.607383
v 598.380798 460.394292 -68.337712
v 493.953278 353.181169 -42.792603
v 493.953278 460.042219 -69.734176
v 246.778061 459.208879 -73.039535
v 863.695435 700.986805 -125.221920
v 812.111023 580.963854 -95.695654
v 751.586975 580.759800 -96.505014
v 806.678345 700.794574 -125.984385
v 741.128418 700.573577 -126.860947
v 685.874512 580.538252 -97.383758
v 614.129272 580.296366 -98.343177
v 614.356812 700.146172 -128.556205
v 493.953278 579.891197 -99.950237
v 246.778061 579.057858 -103.255596
v 246.778061 698.906895 -133.471672
v 493.953278 699.740235 -130.166313
v 815.363281 940.521902 -186.300382
v 785.866821 820.573447 -156.478762
v 741.128418 820.422614 -157.077023
v 741.128418 940.271623 -187.293092
v 614.584167 819.995974 -158.769248
v 614.811523 939.845751 -188.982269
v 493.953278 819.589273 -160.382389
v 246.778061 818.755933 -163.687748
v 246.778061 938.604941 -193.903817
v 493.953278 939.438281 -190.598458
v 815.363281 1180.219948 -246.732527
v 741.128418 1179.969668 -247.725236
v 615.266541 1179.545330 -249.408332
v 246.778061 1178.302987 -254.335961
v 493.953278 1179.136327 -251.030602
v 815.363281 1419.917994 -307.164671
v 741.128418 1419.667714 -308.157381
v 615.721375 1419.244909 -309.834395
v 246.778061 1418.001033 -314.768106
v 493.953278 1418.834372 -311.462747
v 815.363281 1659.616040 -367.596816
v 741.128418 1659.365760 -368.589525
v 616.176208 1658.944488 -370.260459
v 246.778061 1657.699078 -375.200250
v 493.953278 1658.532418 -371.894891
v 815.363281 1899.314056 -428.028953
v 741.128418 1899.063776 -429.021662
v 616.630981 1898.644037 -430.686515
v 246.778061 1897.397095 -435.632388
v 493.953278 1898.230435 -432.327029
v 815.363281 2139.012131 -488.461105
v 741.128418 2138.761852 -489.453814
v 617.086060 2138.343648 -491.112578
v 246.778061 2137.095170 -496.064540
v 493.953278 2137.928510 -492.759181
v 815.363281 2258.861287 -518.677211
v 741.128418 2258.611008 -519.669920
v 617.313416 2258.193570 -521.325644
v 246.778061 2256.944326 -526.280645
v 493.953278 2257.777666 -522.975286
v 741.128418 468.616485 -68.380435
v 741.128418 561.586116 -91.819734
v 613.942383 481.762944 -73.503807
v 246.778061 2328.853559 -544.410243
v 246.778061 2376.793245 -556.496692
v 493.953278 2329.686899 -541.104884
v 493.953278 2377.626585 -553.191333
v 741.128418 2330.520241 -537.799518
v 617.449890 2330.103264 -539.453414
v 617.540833 2378.043256 -551.538649
v 741.128418 2378.459927 -549.885966
v 815.363281 2378.710207 -548.893257
v 815.363281 2330.770521 -536.806809
v 926.715698 2331.145940 -535.317745
v 860.893494 2330.924024 -536.197954
v 862.657898 2378.869658 -548.260811
v 926.715698 2379.085626 -547.404193
v 861.555054 2259.017019 -518.059516
v 926.715698 2259.236707 -517.188147
v 926.715698 2139.387551 -486.972041
v 862.657898 2139.171582 -487.828659
v 926.715698 1899.689475 -426.539889
v 861.775696 1899.470532 -427.408306
v 926.715698 1659.991459 -366.107752
v 860.893494 1659.769543 -366.987961
v 926.715698 1420.293413 -305.675607
v 862.657898 1420.077445 -306.532225
v 926.715698 1180.595368 -245.243463
v 862.657898 1180.379399 -246.100080
v 926.715698 996.657090 -198.869349
v 916.732910 940.863665 -184.944813
v 860.893494 940.675405 -185.691528
v 898.569336 820.953419 -154.971640
v 845.013306 820.772856 -155.687823
v 741.128418 580.724539 -96.644871
v 733.395752 460.849490 -66.532218
v 673.375305 460.647133 -67.334845
v 621.113098 326.194691 -34.180294
v 613.790649 401.813163 -53.349200
v 493.953278 220.344143 -9.302024
v 398.395935 220.021977 -10.579863
v 493.953278 283.485742 -25.221145
v 246.778061 77.327450 23.239571
v 246.778061 137.200835 8.144425
v 613.901917 460.446621 -68.130156
v 741.128418 460.875561 -66.428810
v 815.013000 2336.979414 -512.179855
v 815.013000 2265.070181 -494.050257
v 740.778137 2264.819901 -495.042966
v 740.778137 2336.729134 -513.172564
v 616.963135 2264.402464 -496.698690
v 617.099609 2336.312158 -514.826460
v 246.427811 2263.153220 -501.653691
v 493.602997 2263.986560 -498.348332
v 246.427811 2335.062453 -519.783289
v 493.602997 2335.895793 -516.477930
v 740.778137 586.933433 -72.017917
v 685.524231 586.747146 -72.756804
v 740.778137 706.782470 -102.233993
v 246.427811 143.409728 32.771379
v 246.427811 199.469171 18.637796
v 398.045654 226.230871 14.047091
v 293.365875 225.877947 12.647253
v 493.602997 289.694636 -0.594191
v 493.602997 359.390063 -18.165649
v 613.440369 408.022057 -28.722246
v 673.025024 466.856026 -42.707891
v 613.551636 466.655514 -43.503202
v 740.778137 567.795009 -67.192780
v 613.592102 487.971838 -48.876853
v 751.236694 586.968693 -71.878060
v 806.328064 707.003467 -101.357431
v 844.663025 826.981750 -131.060869
v 785.516541 826.782340 -131.851808
v 860.543213 946.884299 -161.064574
v 815.013000 946.730796 -161.673428
v 862.307617 1186.588292 -221.473126
v 815.013000 1186.428842 -222.105573
v 862.307617 1426.286338 -281.905271
v 815.013000 1426.126887 -282.537717
v 860.543213 1665.978436 -342.361007
v 815.013000 1665.824933 -342.969862
v 861.425415 1905.679426 -402.781352
v 815.013000 1905.522949 -403.401999
v 862.307617 2145.380476 -463.201705
v 815.013000 2145.221025 -463.834151
v 861.204773 2265.225913 -493.432562
v 860.543213 2337.132917 -511.571000
v 598.030518 466.603186 -43.710758
v -324.317047 298.551547 -38.050839
v -191.530640 232.211593 -19.436791
v -3.623862 160.566930 1.298611
v 106.738205 199.419448 -6.927171
v 251.780258 267.718301 -22.083660
v 329.899017 311.192270 -31.933170
v -480.769379 413.548479 -69.268760
v -400.832611 353.882395 -53.088980
v -188.328812 414.534429 -65.358090
v -42.108543 415.027404 -63.402752
v 104.111763 415.520380 -61.447413
v 250.332031 416.013354 -59.492082
v 402.738281 366.936407 -44.951302
v 497.830688 442.238794 -62.583920
v -657.256104 635.208416 -127.663269
v -613.671143 564.303634 -109.167020
v -562.262939 507.821478 -94.195708
v -334.549103 555.838636 -103.063023
v -188.328812 556.331612 -101.107684
v -42.108543 556.824587 -99.152346
v 104.111763 557.317563 -97.197007
v 250.332031 557.810537 -95.241676
v 396.552399 558.303513 -93.286337
v 547.626465 505.153526 -77.737618
v 607.473267 586.498351 -97.394922
v -700.968689 736.883026 -153.918956
v -626.989807 696.649692 -142.723242
v -480.769379 697.142668 -140.767904
v -334.549103 697.635642 -138.812572
v -188.328812 698.128617 -136.857234
v -42.108543 698.621593 -134.901895
v 104.111763 699.114569 -132.946557
v 250.332031 699.607542 -130.991225
v 396.552399 700.100518 -129.035887
v 542.772522 700.593494 -127.080548
v 675.337036 708.677309 -127.233220
v -734.073914 845.115181 -181.677046
v -626.989807 838.446816 -178.472822
v -480.769379 838.939791 -176.517483
v -334.549103 839.432765 -174.562152
v -188.328812 839.925741 -172.606813
v -42.108543 840.418717 -170.651474
v 104.111763 840.911692 -168.696136
v 250.332031 841.404666 -166.740805
v 396.552399 841.897642 -164.785466
v 658.445374 838.149667 -160.115744
v 696.954834 760.240160 -139.925670
v -755.606201 978.587353 -215.634001
v -626.989807 980.243866 -214.222382
v -480.769379 980.736841 -212.267044
v -334.549103 981.229815 -210.311712
v -188.328812 981.722791 -208.356374
v -42.108543 982.215766 -206.401035
v 104.111763 982.708742 -204.445696
v 250.332031 983.201716 -202.490365
v 396.552399 983.694692 -200.535027
v 571.752747 981.474630 -197.483511
v -761.071106 1121.588865 -251.764957
v -626.989807 1122.040915 -249.971943
v -480.769379 1122.533891 -248.016604
v -334.549103 1123.026865 -246.061273
v -188.328812 1123.519841 -244.105934
v -42.108543 1124.012816 -242.150596
v 104.111763 1124.505792 -240.195257
v 250.332031 1124.998766 -238.239926
v 449.152893 1143.106700 -239.977514
v 523.303284 1056.118378 -216.991604
v -761.071106 1263.385988 -287.514536
v -626.989807 1263.838039 -285.721522
v -480.769379 1264.331015 -283.766183
v -334.549103 1264.823989 -281.810852
v -188.328812 1265.316964 -279.855513
v -42.108543 1265.809940 -277.900175
v 104.111763 1266.302916 -275.944836
v 292.927979 1272.629461 -274.854429
v 375.026428 1218.845339 -260.126840
v -761.071106 1405.183053 -323.264100
v -626.989807 1405.635104 -321.471086
v -480.769379 1406.128080 -319.515748
v -334.549103 1406.621053 -317.560416
v -188.328812 1407.114029 -315.605078
v -3.461116 1446.604739 -322.932094
v 99.093231 1401.355470 -310.065369
v 224.172043 1330.067204 -290.313390
v -757.516418 1523.394818 -353.016830
v -626.888062 1542.744138 -356.037267
v -483.132721 1545.532212 -354.695624
v -331.906189 1536.747996 -350.330141
v -187.713516 1516.102599 -343.074287
v -45.472130 1467.312983 -328.750518
v -690.520386 712.580557 -147.643266
v -681.822693 726.470495 -151.021464
v -626.989807 814.037005 -172.318674
v -610.845703 838.501244 -178.256936
v -517.063049 980.614479 -212.752383
v -480.769379 1038.092040 -226.727310
v -427.335541 1122.714040 -247.302063
v -343.480255 1264.793878 -281.930284
v -334.549103 1279.926355 -285.618428
v -259.625122 1406.873657 -316.558489
v -194.578217 1517.085452 -343.419710
v -187.967484 1471.121394 -331.737336
v -179.046783 1409.096831 -315.972958
v -158.943970 1265.416035 -279.462559
v -139.114166 1123.685766 -243.447810
v -118.580444 981.957944 -207.423661
v -98.046730 840.230123 -171.399513
v -77.513000 698.502228 -135.375346
v -58.247906 556.770174 -99.368172
v -42.108543 438.033568 -69.203015
v -38.919071 415.038157 -63.360103
v 84.881462 191.724977 -5.298112
v 106.061256 255.117544 -20.979275
v 159.715271 415.707844 -60.703858
v 207.143723 557.664931 -95.819208
v 250.332031 686.930769 -127.795185
v 254.572205 699.621839 -130.934520
v 302.000732 841.578865 -166.049863
v 349.429230 983.535819 -201.165180
v 401.286041 1138.747129 -239.559179
v 414.553711 1178.458358 -249.382385
v 333.150055 1132.541566 -238.963717
v 250.332031 1085.826936 -228.364010
v 104.111763 1003.349457 -209.649588
v 67.298904 982.584628 -204.937982
v -42.108543 920.871842 -190.935140
v -104.621506 885.610549 -182.934231
v -185.597565 839.934949 -172.570290
v -188.328812 838.394346 -172.220721
v -334.549103 755.916821 -153.506295
v -438.494049 697.285196 -140.202578
v -494.244293 665.838629 -133.067250
v -616.925110 596.638821 -117.365576
v -629.267944 589.676740 -115.785858
v -717.448730 1405.330125 -322.680754
v -669.381897 1263.695115 -286.288416
v -626.989685 1138.781058 -254.192431
v -621.315186 1122.060046 -249.896062
v -573.248474 980.425051 -213.503728
v -554.209534 924.324674 -199.089042
v -525.181702 838.790056 -177.111394
v -480.769379 707.923951 -143.486057
v -477.114777 697.154989 -140.719033
v -470.946716 678.979852 -136.049036
v -422.838013 537.221350 -99.624965
v -381.061646 414.121727 -67.995189
v -364.169281 364.346729 -55.205772
v -347.539490 315.344488 -42.614919
v -188.883987 382.922935 -57.396162
v -114.080521 414.784753 -64.365204
v -43.060268 445.035400 -70.981835
v -42.108543 445.440817 -71.070515
v 104.111763 507.722464 -84.693200
v 204.784393 550.603228 -94.072384
v 221.476654 557.713253 -95.627543
v 250.332031 570.003990 -98.315863
v 396.552399 632.285696 -111.938563
v 542.920654 694.630222 -125.574992
v 559.284668 701.600414 -127.099570
v -347.539490 315.344488 -42.614919
v -188.883987 382.922935 -57.396162
v -188.328812 414.534429 -65.358090
v -364.169281 364.346729 -55.205772
v -114.080521 414.784753 -64.365204
v -3.623862 160.566930 1.298611
v 84.881462 191.724977 -5.298112
v 106.061256 255.117544 -20.979275
v 104.111763 415.520380 -61.447413
v -38.919071 415.038157 -63.360103
v 159.715271 415.707844 -60.703858
v 251.780258 267.718301 -22.083660
v 329.899017 311.192270 -31.933170
v 402.738281 366.936407 -44.951302
v 250.332031 416.013354 -59.492082
v -422.838013 537.221350 -99.624965
v -381.061646 414.121727 -67.995189
v -334.549103 555.838636 -103.063023
v -188.328812 556.331612 -101.107684
v -58.247906 556.770174 -99.368172
v -43.060268 445.035400 -70.981835
v -42.108543 445.440817 -71.070515
v -42.108543 556.824587 -99.152346
v 104.111763 507.722464 -84.693200
v 104.111763 557.317563 -97.197007
v 204.784393 550.603228 -94.072384
v 207.143723 557.664931 -95.819208
v 396.552399 558.303513 -93.286337
v 250.332031 557.810537 -95.241676
v 497.830688 442.238794 -62.583920
v 547.626465 505.153526 -77.737618
v -690.520386 712.580557 -147.643266
v -681.822693 726.470495 -151.021464
v -700.968689 736.883026 -153.918956
v -613.671143 564.303634 -109.167020
v -562.262939 507.821478 -94.195708
v -494.244293 665.838629 -133.067250
v -616.925110 596.638821 -117.365576
v -470.946716 678.979852 -136.049036
v -334.549103 697.635642 -138.812572
v -438.494049 697.285196 -140.202578
v -188.328812 698.128617 -136.857234
v -77.513000 698.502228 -135.375346
v -42.108543 698.621593 -134.901895
v 104.111763 699.114569 -132.946557
v 250.332031 686.930769 -127.795185
v 250.332031 699.607542 -130.991225
v 254.572205 699.621839 -130.934520
v 396.552399 632.285696 -111.938563
v 542.920654 694.630222 -125.574992
v 542.772522 700.593494 -127.080548
v 396.552399 700.100518 -129.035887
v 559.284668 701.600414 -127.099570
v -626.989807 814.037005 -172.318674
v -626.989807 838.446816 -178.472822
v -734.073914 845.115181 -181.677046
v -610.845703 838.501244 -178.256936
v -334.549103 755.916821 -153.506295
v -188.328812 838.394346 -172.220721
v -98.046730 840.230123 -171.399513
v -42.108543 840.418717 -170.651474
v 104.111763 840.911692 -168.696136
v 250.332031 841.404666 -166.740805
v 302.000732 841.578865 -166.049863
v 658.445374 838.149667 -160.115744
v 396.552399 841.897642 -164.785466
v 696.954834 760.240160 -139.925670
v -626.989807 980.243866 -214.222382
v -755.606201 978.587353 -215.634001
v -573.248474 980.425051 -213.503728
v -554.209534 924.324674 -199.089042
v -517.063049 980.614479 -212.752383
v -480.769379 838.939791 -176.517483
v -334.549103 839.432765 -174.562152
v -334.549103 981.229815 -210.311712
v -480.769379 980.736841 -212.267044
v -188.328812 839.925741 -172.606813
v -188.328812 981.722791 -208.356374
v -42.108543 920.871842 -190.935140
v -104.621506 885.610549 -182.934231
v 104.111763 982.708742 -204.445696
v 67.298904 982.584628 -204.937982
v 250.332031 983.201716 -202.490365
v 349.429230 983.535819 -201.165180
v 571.752747 981.474630 -197.483511
v 396.552399 983.694692 -200.535027
v -626.989807 1122.040915 -249.971943
v -761.071106 1121.588865 -251.764957
v -621.315186 1122.060046 -249.896062
v -480.769379 1038.092040 -226.727310
v -480.769379 1122.533891 -248.016604
v -427.335541 1122.714040 -247.302063
v -188.328812 1123.519841 -244.105934
v -334.549103 1123.026865 -246.061273
v -139.114166 1123.685766 -243.447810
v -118.580444 981.957944 -207.423661
v -42.108543 982.215766 -206.401035
v -42.108543 1124.012816 -242.150596
v 104.111763 1003.349457 -209.649588
v 250.332031 1085.826936 -228.364010
v 401.286041 1138.747129 -239.559179
v 333.150055 1132.541566 -238.963717
v 523.303284 1056.118378 -216.991604
v 449.152893 1143.106700 -239.977514
v -669.381897 1263.695115 -286.288416
v -626.989685 1138.781058 -254.192431
v -626.989807 1263.838039 -285.721522
v -480.769379 1264.331015 -283.766183
v -343.480255 1264.793878 -281.930284
v -188.328812 1265.316964 -279.855513
v -334.549103 1264.823989 -281.810852
v -158.943970 1265.416035 -279.462559
v -42.108543 1265.809940 -277.900175
v 104.111763 1124.505792 -240.195257
v 104.111763 1266.302916 -275.944836
v 250.332031 1124.998766 -238.239926
v 292.927979 1272.629461 -274.854429
v 414.553711 1178.458358 -249.382385
v -717.448730 1405.330125 -322.680754
v -626.989807 1405.635104 -321.471086
v -480.769379 1406.128080 -319.515748
v -334.549103 1279.926355 -285.618428
v -334.549103 1406.621053 -317.560416
v -259.625122 1406.873657 -316.558489
v -179.046783 1409.096831 -315.972958
v -3.461116 1446.604739 -322.932094
v 99.093231 1401.355470 -310.065369
v 224.172043 1330.067204 -290.313390
v -757.516418 1523.394818 -353.016830
v -626.888062 1542.744138 -356.037267
v -483.132721 1545.532212 -354.695624
v -331.906189 1536.747996 -350.330141
v -194.578217 1517.085452 -343.419710
v -187.967484 1471.121394 -331.737336
v -45.472130 1467.312983 -328.750518
v -187.713516 1516.102599 -343.074287
v -629.267944 589.676740 -115.785858
v -626.989807 696.649692 -142.723242
v -525.181702 838.790056 -177.111394
v -480.769379 707.923951 -143.486057
v -188.328812 1407.114029 -315.605078
v -185.597565 839.934949 -172.570290
v -42.108543 415.027404 -63.402752
v -42.108543 438.033568 -69.203015
v 106.738205 199.419448 -6.927171
v 221.476654 557.713253 -95.627543
v 250.332031 570.003990 -98.315863
v 375.026428 1218.845339 -260.126840
v -477.114777 697.154989 -140.719033
v -480.769379 697.142668 -140.767904
v -657.256104 635.208416 -127.663269
v -761.071106 1405.183053 -323.264100
v -761.071106 1263.385988 -287.514536
v -480.769379 413.548479 -69.268760
v -400.832611 353.882395 -53.088980
v -324.317047 298.551547 -38.050839
v -191.530640 232.211593 -19.436791
v 607.473267 586.498351 -97.394922
v 675.337036 708.677309 -127.233220
v -364.053467 362.293394 -63.350119
v -347.423676 313.291153 -50.759265
v -188.212967 412.481094 -73.502437
v -188.768143 380.869600 -65.540508
v -113.964691 412.731418 -72.509550
v -38.803238 412.984822 -71.504450
v -3.508029 158.513595 -6.845736
v 104.227592 413.467045 -69.591760
v 106.177086 253.064210 -29.123622
v 84.997292 189.671642 -13.442459
v 159.831116 413.654509 -68.848204
v 251.896103 265.664966 -30.228007
v 250.447876 413.960019 -67.636429
v 402.854095 364.883072 -53.095649
v 330.014832 309.138935 -40.077517
v -422.722198 535.168016 -107.769312
v -334.433289 553.785301 -111.207370
v -380.945831 412.068393 -76.139536
v -188.212967 554.278277 -109.252031
v -58.132072 554.716839 -107.512519
v -41.992710 554.771253 -107.296693
v -41.992710 443.387483 -79.214861
v -42.944435 442.982066 -79.126182
v 104.227592 555.264228 -105.341354
v 104.227592 505.669129 -92.837547
v 207.259567 555.611596 -103.963555
v 204.900238 548.549893 -102.216731
v 250.447876 555.757202 -103.386023
v 396.668213 556.250178 -101.430684
v 547.742310 503.100191 -85.881965
v 497.946503 440.185459 -70.728267
v -690.404541 710.527222 -155.787612
v -700.852844 734.829691 -162.063303
v -681.706848 724.417160 -159.165810
v -613.555298 562.250299 -117.311366
v -616.809265 594.585486 -125.509923
v -494.128479 663.785294 -141.211597
v -562.147095 505.768143 -102.340055
v -438.378235 695.231861 -148.346925
v -470.830902 676.926517 -144.193383
v -334.433289 695.582307 -146.956919
v -188.212967 696.075282 -145.001581
v -77.397171 696.448893 -143.519693
v -41.992710 696.568258 -143.046242
v 104.227592 697.061234 -141.090903
v 250.447876 697.554208 -139.135572
v 250.447876 684.877435 -135.939532
v 254.688049 697.568504 -139.078867
v 396.668213 630.232361 -120.082910
v 396.668213 698.047183 -137.180234
v 542.888367 698.540159 -135.224895
v 543.036499 692.576887 -133.719339
v 559.400513 699.547079 -135.243917
v -733.958069 843.061846 -189.821393
v -626.873962 836.393481 -186.617168
v -626.873962 811.983670 -180.463020
v -610.729858 836.447910 -186.401283
v -334.433289 753.863486 -161.650642
v -188.212967 836.341012 -180.365068
v -97.930901 838.176788 -179.543860
v -41.992710 838.365382 -178.795821
v 104.227592 838.858358 -176.840483
v 250.447876 839.351331 -174.885151
v 302.116547 839.525530 -174.194210
v 396.668213 839.844307 -172.929813
v 658.561218 836.096332 -168.260091
v 697.070679 758.186826 -148.070017
v -755.490356 976.534018 -223.778347
v -626.873962 978.190531 -222.366729
v -573.132629 978.371716 -221.648075
v -516.947205 978.561144 -220.896729
v -554.093689 922.271339 -207.233389
v -480.653564 836.886457 -184.661830
v -480.653564 978.683507 -220.411390
v -334.433289 979.176480 -218.456059
v -334.433289 837.379431 -182.706498
v -188.212967 979.669456 -216.500720
v -188.212967 837.872406 -180.751160
v -41.992710 918.818508 -199.079486
v -104.505676 883.557214 -191.078578
v 67.414734 980.531293 -213.082329
v 104.227592 980.655407 -212.590043
v 250.447876 981.148381 -210.634712
v 349.545044 981.482484 -209.309526
v 396.668213 981.641357 -208.679373
v 571.868591 979.421295 -205.627857
v -760.955261 1119.535530 -259.909303
v -626.873962 1119.987581 -258.116289
v -621.199341 1120.006711 -258.040409
v -480.653564 1120.480556 -256.160951
v -480.653564 1036.038706 -234.871657
v -427.219727 1120.660705 -255.446410
v -334.433289 1120.973530 -254.205620
v -188.212967 1121.466506 -252.250281
v -138.998322 1121.632431 -251.592157
v -41.992710 1121.959481 -250.294942
v -41.992710 980.162432 -214.545382
v -118.464615 979.904609 -215.568008
v 104.227592 1001.296122 -217.793935
v 250.447876 1083.773601 -236.508357
v 333.265869 1130.488231 -247.108063
v 401.401855 1136.693794 -247.703525
v 449.268707 1141.053365 -248.121861
v 523.419128 1054.065043 -225.135951
v -669.266052 1261.641780 -294.432762
v -626.873962 1261.784704 -293.865869
v -626.873840 1136.727724 -262.336778
v -480.653564 1262.277680 -291.910530
v -343.364441 1262.740543 -290.074631
v -334.433289 1262.770654 -289.955199
v -188.212967 1263.263630 -287.999860
v -158.828125 1263.362700 -287.606906
v -41.992710 1263.756605 -286.044522
v 104.227592 1264.249581 -284.089183
v 104.227592 1122.452457 -248.339604
v 293.043793 1270.576126 -282.998776
v 250.447876 1122.945431 -246.384273
v 414.669525 1176.405024 -257.526732
v -717.332886 1403.276790 -330.825100
v -626.873962 1403.581769 -329.615433
v -480.653564 1404.074745 -327.660094
v -334.433289 1404.567719 -325.704763
v -334.433289 1277.873020 -293.762774
v -259.509308 1404.820322 -324.702836
v -178.930939 1407.043496 -324.117305
v -3.345282 1444.551404 -331.076441
v 99.209061 1399.302135 -318.209716
v 224.287888 1328.013869 -298.457737
v -757.400574 1521.341483 -361.161177
v -626.772217 1540.690803 -364.181614
v -483.016907 1543.478877 -362.839971
v -331.790375 1534.694662 -358.474488
v -194.462372 1515.032117 -351.564056
v -187.851639 1469.068059 -339.881683
v -187.597672 1514.049264 -351.218634
v -45.356297 1465.259648 -336.894864
v -629.152100 587.623405 -123.930204
v -626.873962 694.596357 -150.867589
v -525.065857 836.736721 -185.255740
v -480.653564 705.870616 -151.630404
v -188.212967 1405.060694 -323.749425
v -185.481720 837.881614 -180.714636
v -41.992710 412.974070 -71.547098
v -41.992710 435.980233 -77.347362
v 106.854034 197.366113 -15.071518
v 221.592499 555.659918 -103.771890
v 250.447876 567.950656 -106.460209
v 375.142242 1216.792004 -268.271187
v -476.998962 695.101654 -148.863380
v -480.653564 695.089333 -148.912250
v -657.140259 633.155081 -135.807615
v -760.955261 1403.129718 -331.408447
v -760.955261 1261.332654 -295.658883
v -480.653564 411.495145 -77.413107
v -400.716797 351.829060 -61.233327
v -324.201233 296.498212 -46.195185
v -191.414795 230.158258 -27.581137
v 675.452881 706.623974 -135.377567
v 607.589111 584.445016 -105.539268
v -347.655334 317.397826 -34.470557
v -188.999817 384.976273 -49.251800
v -188.444641 416.587767 -57.213729
v -364.285126 366.400068 -47.061411
v -114.196358 416.838092 -56.220842
v -3.739695 162.620268 9.442972
v 84.765625 193.778315 2.846250
v 105.945419 257.170883 -12.834914
v 103.995926 417.573719 -53.303052
v -39.034904 417.091496 -55.215741
v 159.599442 417.761182 -52.559496
v 251.664429 269.771639 -13.939299
v 329.783173 313.245608 -23.788809
v 402.622437 368.989745 -36.806940
v 250.216202 418.066693 -51.347720
v -422.953857 539.274689 -91.480604
v -381.177490 416.175066 -59.850827
v -334.664948 557.891975 -94.918662
v -188.444641 558.384950 -92.963323
v -58.363739 558.823512 -91.223811
v -43.176102 447.088739 -62.837473
v -42.224377 447.494156 -62.926153
v -42.224377 558.877926 -91.007984
v 103.995926 509.775803 -76.548838
v 103.995926 559.370902 -89.052646
v 204.668564 552.656566 -85.928023
v 207.027893 559.718269 -87.674846
v 396.436554 560.356851 -85.141976
v 250.216202 559.863875 -87.097314
v 497.714844 444.292132 -54.439559
v 547.510620 507.206864 -69.593256
v -690.636230 714.633895 -139.498904
v -681.938538 728.523834 -142.877102
v -701.084534 738.936365 -145.774595
v -613.786987 566.356972 -101.022658
v -562.378784 509.874816 -86.051347
v -494.360138 667.891967 -124.922889
v -617.040955 598.692160 -109.221215
v -471.062561 681.033191 -127.904674
v -334.664948 699.688980 -130.668211
v -438.609894 699.338535 -132.058217
v -188.444641 700.181956 -128.712872
v -77.628838 700.555566 -127.230984
v -42.224377 700.674931 -126.757534
v 103.995926 701.167907 -124.802195
v 250.216202 688.984108 -119.650824
v 250.216202 701.660881 -122.846864
v 254.456375 701.675177 -122.790159
v 396.436554 634.339035 -103.794201
v 542.804810 696.683560 -117.430631
v 542.656677 702.646832 -118.936187
v 396.436554 702.153857 -120.891525
v 559.168823 703.653753 -118.955209
v -627.105652 816.090343 -164.174312
v -627.105652 840.500154 -170.328460
v -734.189758 847.168519 -173.532685
v -610.961548 840.554583 -170.112575
v -334.664948 757.970159 -145.361934
v -188.444641 840.447685 -164.076360
v -98.162567 842.283461 -163.255151
v -42.224377 842.472055 -162.507113
v 103.995926 842.965031 -160.551774
v 250.216202 843.458005 -158.596443
v 301.884888 843.632203 -157.905502
v 658.329529 840.203006 -151.971383
v 396.436554 843.950980 -156.641104
v 696.838989 762.293499 -131.781308
v -627.105652 982.297204 -206.078021
v -755.722046 980.640692 -207.489639
v -573.364319 982.478390 -205.359367
v -554.325378 926.378012 -190.944681
v -517.178894 982.667817 -204.608021
v -480.885223 840.993130 -168.373121
v -334.664948 841.486104 -166.417790
v -334.664948 983.283154 -202.167351
v -480.885223 982.790180 -204.122682
v -188.444641 841.979080 -164.462452
v -188.444641 983.776129 -200.212012
v -42.224377 922.925181 -182.790778
v -104.737343 887.663888 -174.789870
v 103.995926 984.762081 -196.301335
v 67.183067 984.637967 -196.793621
v 250.216202 985.255055 -194.346004
v 349.313385 985.589157 -193.020818
v 571.636902 983.527968 -189.339149
v 396.436554 985.748030 -192.390665
v -627.105652 1124.094254 -241.827581
v -761.186951 1123.642203 -243.620595
v -621.431030 1124.113385 -241.751701
v -480.885223 1040.145379 -218.582949
v -480.885223 1124.587230 -239.872243
v -427.451385 1124.767378 -239.157702
v -188.444641 1125.573179 -235.961573
v -334.664948 1125.080203 -237.916911
v -139.229996 1125.739104 -235.303448
v -118.696281 984.011283 -199.279300
v -42.224377 984.269105 -198.256673
v -42.224377 1126.066155 -234.006234
v 103.995926 1005.402795 -201.505226
v 250.216202 1087.880275 -220.219649
v 401.170197 1140.800468 -231.414817
v 333.034210 1134.594904 -230.819355
v 523.187439 1058.171717 -208.847242
v 449.037048 1145.160038 -231.833152
v -669.497742 1265.748454 -278.144054
v -627.105530 1140.834397 -246.048069
v -627.105652 1265.891378 -277.577160
v -480.885223 1266.384353 -275.621822
v -343.596100 1266.847216 -273.785922
v -188.444641 1267.370303 -271.711152
v -334.664948 1266.877327 -273.666491
v -159.059799 1267.469374 -271.318198
v -42.224377 1267.863279 -269.755813
v 103.995926 1126.559131 -232.050895
v 103.995926 1268.356254 -267.800475
v 250.216202 1127.052104 -230.095564
v 292.812134 1274.682799 -266.710068
v 414.437866 1180.511697 -241.238024
v -717.564575 1407.383464 -314.536392
v -627.105652 1407.688442 -313.326725
v -480.885223 1408.181418 -311.371386
v -334.664948 1281.979694 -277.474066
v -334.664948 1408.674392 -309.416055
v -259.740967 1408.926996 -308.414128
v -179.162613 1411.150169 -307.828596
v -3.576949 1448.658078 -314.787733
v 98.977394 1403.408808 -301.921008
v 224.056213 1332.120542 -282.169029
v -757.632263 1525.448157 -344.872468
v -627.003906 1544.797476 -347.892905
v -483.248566 1547.585551 -346.551262
v -332.022034 1538.801335 -342.185780
v -194.694046 1519.138791 -335.275348
v -188.083313 1473.174732 -323.592974
v -45.587963 1469.366322 -320.606156
v -187.829346 1518.155937 -334.929926
v -629.383789 591.730078 -107.641496
v -627.105652 698.703031 -134.578881
v -525.297546 840.843395 -168.967032
v -480.885223 709.977290 -135.341696
v -188.444641 1409.167368 -307.460716
v -185.713394 841.988288 -164.425928
v -42.224377 417.080743 -55.258390
v -42.224377 440.086906 -61.058653
v 106.622368 201.472786 1.217191
v 221.360825 559.766592 -87.483181
v 250.216202 572.057329 -90.171501
v 374.910583 1220.898677 -251.982478
v -477.230621 699.208327 -132.574672
v -480.885223 699.196006 -132.623542
v -657.371948 637.261755 -119.518907
v -761.186951 1407.236392 -315.119739
v -761.186951 1265.439327 -279.370174
v -480.885223 415.601818 -61.124399
v -400.948456 355.935734 -44.944618
v -324.432892 300.604886 -29.906477
v -191.646469 234.264932 -11.292429
v 607.357422 588.551689 -89.250560
v 675.221191 710.730647 -119.088859
vt 0.133902 0.915374
vt 0.133902 0.915374
vt 0.133902 0.915374
vt 0.133902 0.915374
vt 0.133902 0.915374
vt 0.133902 0.915374
vt 0.133902 0.915374
vt 0.133902 0.915374
vt 0.133902 0.915374
vt 0.133902 0.915374
vt 0.133902 0.915374
vt 0.133902 0.915374
vt 0.133902 0.915374
vt 0.133902 0.915374
vt 0.133902 0.915375
vt 0.133902 0.915375
vt 0.133902 0.915375
vt 0.133902 0.915375
vt 0.133902 0.915375
vt 0.133902 0.915375
vt 0.133902 0.915375
vt 0.133902 0.915375
vt 0.133902 0.915375
vt 0.133902 0.915375
vt 0.133902 0.915374
vt 0.133902 0.915374
vt 0.133902 0.915374
vt 0.133902 0.915374
vt 0.133902 0.915375
vt 0.133902 0.915375
vt 0.133902 0.915374
vt 0.133902 0.915374
vt 0.133902 0.915375
vt 0.133902 0.915375
vt 0.133902 0.915374
vt 0.133902 0.915374
vt 0.133902 0.915374
vt 0.133902 0.915374
vt 0.133903 0.915374
vt 0.133903 0.915374
vt 0.133903 0.915374
vt 0.133903 0.915374
vt 0.133903 0.915374
vt 0.133903 0.915374
vt 0.133903 0.915374
vt 0.133903 0.915374
vt 0.133903 0.915375
vt 0.133903 0.915375
vt 0.133903 0.915375
vt 0.133903 0.915375
vt 0.133903 0.915375
vt 0.133903 0.915375
vt 0.133903 0.915375
vt 0.133903 0.915375
vt 0.133903 0.915375
vt 0.133903 0.915375
vt 0.133903 0.915374
vt 0.133903 0.915374
vt 0.133903 0.915375
vt 0.133903 0.915375
vt 0.133902 0.915375
vt 0.133902 0.915375
vt 0.133902 0.915374
vt 0.133902 0.915374
vt 0.133902 0.915374
vt 0.133902 0.915374
vt 0.133903 0.915374
vt 0.133903 0.915374
vt 0.133902 0.915375
vt 0.133902 0.915375
vt 0.133903 0.915375
vt 0.133903 0.915375
vt 0.133903 0.915375
vt 0.133903 0.915375
vt 0.133902 0.915375
vt 0.133902 0.915375
vt 0.133902 0.915375
vt 0.133902 0.915375
vt 0.133902 0.915375
vt 0.133902 0.915375
vt 0.133902 0.915375
vt 0.133902 0.915375
vt 0.133902 0.915375
vt 0.133902 0.915375
vt 0.133902 0.915374
vt 0.133902 0.915374
vt 0.133902 0.915374
vt 0.133902 0.915374
vt 0.422611 0.920223
vt 0.422594 0.915374
vt 0.425409 0.915374
vt 0.425425 0.920223
vt 0.431573 0.920494
vt 0.431561 0.915374
vt 0.434376 0.915374
vt 0.434388 0.920494
vt 0.910874 0.912032
vt 0.910876 0.906005
vt 0.913691 0.906005
vt 0.913689 0.912032
vt 0.910876 0.898710
vt 0.913691 0.898710
vt 0.910876 0.891416
vt 0.913691 0.891416
vt 0.910876 0.884122
vt 0.913691 0.884122
vt 0.910876 0.876827
vt 0.913691 0.876827
vt 0.910876 0.869533
vt 0.913691 0.869533
vt 0.910871 0.862141
vt 0.913685 0.862141
vt 0.910871 0.854847
vt 0.913685 0.854847
vt 0.910898 0.850085
vt 0.913712 0.850085
vt 0.875021 0.855749
vt 0.875009 0.850085
vt 0.877824 0.850085
vt 0.877836 0.855749
vt 0.875021 0.863044
vt 0.877836 0.863044
vt 0.875021 0.870338
vt 0.877836 0.870338
vt 0.875020 0.877632
vt 0.877835 0.877632
vt 0.875020 0.884926
vt 0.877835 0.884926
vt 0.875020 0.892513
vt 0.877835 0.892513
vt 0.875020 0.899807
vt 0.877835 0.899807
vt 0.874997 0.904277
vt 0.877812 0.904277
vt 0.828995 0.896590
vt 0.828967 0.890256
vt 0.831782 0.890256
vt 0.831810 0.896590
vt 0.828967 0.882961
vt 0.831782 0.882961
vt 0.828967 0.875667
vt 0.831782 0.875667
vt 0.828968 0.868131
vt 0.831783 0.868131
vt 0.828968 0.860836
vt 0.831783 0.860836
vt 0.828964 0.852275
vt 0.831779 0.852275
vt 0.820014 0.859083
vt 0.819999 0.852275
vt 0.822814 0.852275
vt 0.822829 0.859083
vt 0.820014 0.866377
vt 0.822829 0.866377
vt 0.820014 0.873671
vt 0.822829 0.873671
vt 0.820014 0.880966
vt 0.822829 0.880966
vt 0.820014 0.888260
vt 0.822829 0.888260
vt 0.819999 0.892632
vt 0.822814 0.892632
vt 0.370305 0.919843
vt 0.370322 0.915374
vt 0.373137 0.915374
vt 0.373120 0.919843
vt 0.190539 0.919259
vt 0.190541 0.915374
vt 0.193356 0.915374
vt 0.193354 0.919259
vt 0.387856 0.920038
vt 0.387868 0.915374
vt 0.390682 0.915374
vt 0.390671 0.920038
vt 0.414013 0.920197
vt 0.414009 0.915374
vt 0.416455 0.915374
vt 0.416459 0.920197
vt 0.379274 0.919874
vt 0.379272 0.915374
vt 0.381719 0.915374
vt 0.381721 0.919874
vt 0.929073 0.860268
vt 0.929049 0.856077
vt 0.931496 0.856077
vt 0.931520 0.860268
vt 0.928946 0.850085
vt 0.931392 0.850085
vt 0.929105 0.864571
vt 0.931551 0.864571
vt 0.929154 0.870355
vt 0.931600 0.870355
vt 0.929212 0.877543
vt 0.931658 0.877543
vt 0.929262 0.882713
vt 0.931709 0.882713
vt 0.929307 0.888396
vt 0.931753 0.888396
vt 0.929331 0.892216
vt 0.931777 0.892216
vt 0.929360 0.896213
vt 0.931807 0.896213
vt 0.929390 0.900623
vt 0.931836 0.900623
vt 0.929427 0.904716
vt 0.931873 0.904716
vt 0.929524 0.913009
vt 0.931971 0.913009
vt 0.613256 0.814432
vt 0.613294 0.808281
vt 0.615740 0.808281
vt 0.615703 0.814432
vt 0.613355 0.799966
vt 0.615802 0.799966
vt 0.708870 0.874918
vt 0.708882 0.868912
vt 0.711329 0.868912
vt 0.711316 0.874918
vt 0.708955 0.862261
vt 0.711401 0.862261
vt 0.709004 0.856148
vt 0.711450 0.856148
vt 0.709044 0.852275
vt 0.711490 0.852275
vt 0.225397 0.919565
vt 0.225392 0.915374
vt 0.227839 0.915374
vt 0.227843 0.919565
vt 0.361723 0.919748
vt 0.361721 0.915374
vt 0.364167 0.915374
vt 0.364170 0.919748
vt 0.920270 0.905800
vt 0.920246 0.901609
vt 0.922692 0.901609
vt 0.922716 0.905800
vt 0.920215 0.897306
vt 0.922661 0.897306
vt 0.920364 0.912676
vt 0.922810 0.912676
vt 0.920165 0.891522
vt 0.922612 0.891522
vt 0.920108 0.884333
vt 0.922554 0.884333
vt 0.920057 0.879164
vt 0.922503 0.879164
vt 0.920012 0.873480
vt 0.922459 0.873480
vt 0.919988 0.869660
vt 0.922435 0.869660
vt 0.919959 0.865663
vt 0.922405 0.865663
vt 0.919930 0.861254
vt 0.922376 0.861254
vt 0.919848 0.850085
vt 0.922294 0.850085
vt 0.639779 0.818865
vt 0.639833 0.811887
vt 0.642280 0.811887
vt 0.642225 0.818865
vt 0.639713 0.827686
vt 0.642159 0.827686
vt 0.700275 0.817893
vt 0.700288 0.811887
vt 0.702734 0.811887
vt 0.702722 0.817893
vt 0.700203 0.824544
vt 0.702649 0.824544
vt 0.700154 0.830657
vt 0.702600 0.830657
vt 0.700114 0.834529
vt 0.702560 0.834529
vt 0.353140 0.919673
vt 0.353116 0.915374
vt 0.355562 0.915374
vt 0.355586 0.919673
vt 0.344534 0.919673
vt 0.344511 0.915374
vt 0.346957 0.915374
vt 0.346981 0.919673
vt 0.892586 0.857468
vt 0.892569 0.850085
vt 0.895015 0.850085
vt 0.895032 0.857468
vt 0.892586 0.864190
vt 0.895032 0.864190
vt 0.892586 0.870913
vt 0.895032 0.870913
vt 0.892586 0.877635
vt 0.895032 0.877635
vt 0.892586 0.884357
vt 0.895032 0.884357
vt 0.892586 0.891079
vt 0.895032 0.891079
vt 0.892586 0.897801
vt 0.895032 0.897801
vt 0.892586 0.904523
vt 0.895032 0.904523
vt 0.883987 0.904523
vt 0.883971 0.897140
vt 0.886417 0.897140
vt 0.886434 0.904523
vt 0.883971 0.890418
vt 0.886417 0.890418
vt 0.883971 0.883696
vt 0.886417 0.883696
vt 0.883971 0.876974
vt 0.886417 0.876974
vt 0.883971 0.870252
vt 0.886417 0.870252
vt 0.883971 0.863530
vt 0.886417 0.863530
vt 0.883971 0.856808
vt 0.886417 0.856808
vt 0.883971 0.850085
vt 0.886417 0.850085
vt 0.405413 0.920178
vt 0.405427 0.915374
vt 0.407873 0.915374
vt 0.407859 0.920178
vt 0.396818 0.920178
vt 0.396832 0.915374
vt 0.399278 0.915374
vt 0.399264 0.920178
vt 0.181957 0.919249
vt 0.181957 0.915374
vt 0.184403 0.915374
vt 0.184403 0.919249
vt 0.208150 0.919398
vt 0.208150 0.915374
vt 0.210596 0.915374
vt 0.210596 0.919398
vt 0.856396 0.858982
vt 0.856396 0.852275
vt 0.858843 0.852275
vt 0.858843 0.858982
vt 0.856396 0.865689
vt 0.858843 0.865689
vt 0.856396 0.872395
vt 0.858843 0.872395
vt 0.856396 0.879102
vt 0.858843 0.879102
vt 0.856396 0.885809
vt 0.858843 0.885809
vt 0.856396 0.892515
vt 0.858843 0.892515
vt 0.856396 0.899222
vt 0.858843 0.899222
vt 0.856396 0.905929
vt 0.858843 0.905929
vt 0.847815 0.905929
vt 0.847815 0.899222
vt 0.850261 0.899222
vt 0.850261 0.905929
vt 0.847815 0.892515
vt 0.850261 0.892515
vt 0.847815 0.885809
vt 0.850261 0.885809
vt 0.847815 0.879102
vt 0.850261 0.879102
vt 0.847815 0.872395
vt 0.850261 0.872395
vt 0.847815 0.865689
vt 0.850261 0.865689
vt 0.847815 0.858982
vt 0.850261 0.858982
vt 0.847815 0.852275
vt 0.850261 0.852275
vt 0.587108 0.808247
vt 0.587181 0.799966
vt 0.589627 0.799966
vt 0.589554 0.808247
vt 0.657010 0.821830
vt 0.657003 0.811887
vt 0.659450 0.811887
vt 0.659457 0.821830
vt 0.657010 0.828537
vt 0.659457 0.828537
vt 0.648422 0.828449
vt 0.648415 0.818594
vt 0.650861 0.818594
vt 0.650868 0.828449
vt 0.648415 0.811887
vt 0.650861 0.811887
vt 0.578457 0.807722
vt 0.578526 0.799966
vt 0.580973 0.799966
vt 0.580903 0.807722
vt 0.704265 0.443057
vt 0.704384 0.422343
vt 0.718292 0.422343
vt 0.718173 0.443057
vt 0.704548 0.402968
vt 0.718456 0.402968
vt 0.704184 0.463770
vt 0.718092 0.463770
vt 0.704548 0.401630
vt 0.718456 0.401630
vt 0.704142 0.484483
vt 0.718050 0.484483
vt 0.704119 0.494120
vt 0.718027 0.494120
vt 0.704119 0.525910
vt 0.718027 0.525910
vt 0.704119 0.567336
vt 0.718027 0.567336
vt 0.704119 0.608763
vt 0.718027 0.608763
vt 0.704119 0.650189
vt 0.718027 0.650189
vt 0.704119 0.691616
vt 0.718027 0.691616
vt 0.704119 0.712329
vt 0.718027 0.712329
vt 0.704119 0.724757
vt 0.718027 0.724757
vt 0.704119 0.733042
vt 0.718027 0.733042
vt 0.648760 0.691616
vt 0.648632 0.670903
vt 0.652888 0.670903
vt 0.653016 0.691616
vt 0.648529 0.650189
vt 0.652785 0.650189
vt 0.648926 0.708645
vt 0.653182 0.708645
vt 0.648461 0.629476
vt 0.652717 0.629476
vt 0.648461 0.588050
vt 0.652717 0.588050
vt 0.648461 0.546623
vt 0.652717 0.546623
vt 0.648461 0.505197
vt 0.652717 0.505197
vt 0.648461 0.463770
vt 0.652717 0.463770
vt 0.648461 0.422343
vt 0.652717 0.422343
vt 0.648461 0.401630
vt 0.652717 0.401630
vt 0.262683 0.915374
vt 0.266367 0.915374
vt 0.266367 0.919630
vt 0.262683 0.919630
vt 0.243421 0.915374
vt 0.246729 0.915374
vt 0.246729 0.919630
vt 0.243421 0.919630
vt 0.616437 0.439421
vt 0.616564 0.418708
vt 0.620820 0.418708
vt 0.620693 0.439421
vt 0.616348 0.460134
vt 0.620604 0.460134
vt 0.616311 0.480848
vt 0.620568 0.480848
vt 0.616307 0.522274
vt 0.620563 0.522274
vt 0.616307 0.563701
vt 0.620563 0.563701
vt 0.616311 0.605127
vt 0.620568 0.605127
vt 0.616309 0.646554
vt 0.620565 0.646554
vt 0.616307 0.687980
vt 0.620563 0.687980
vt 0.616310 0.708693
vt 0.620566 0.708693
vt 0.616311 0.721121
vt 0.620568 0.721121
vt 0.289892 0.915374
vt 0.293200 0.915398
vt 0.293200 0.919654
vt 0.289892 0.919630
vt 0.683930 0.691616
vt 0.697838 0.691616
vt 0.697719 0.712329
vt 0.683811 0.712329
vt 0.684010 0.670903
vt 0.697919 0.670903
vt 0.697555 0.731705
vt 0.683647 0.731705
vt 0.684052 0.650189
vt 0.697961 0.650189
vt 0.697555 0.733042
vt 0.683647 0.733042
vt 0.684076 0.640553
vt 0.697984 0.640553
vt 0.684076 0.608763
vt 0.697984 0.608763
vt 0.684076 0.567336
vt 0.697984 0.567336
vt 0.684076 0.525910
vt 0.697984 0.525910
vt 0.684076 0.484483
vt 0.697984 0.484483
vt 0.684076 0.443057
vt 0.697984 0.443057
vt 0.684076 0.422343
vt 0.697984 0.422343
vt 0.684076 0.409916
vt 0.697984 0.409916
vt 0.684076 0.401630
vt 0.697984 0.401630
vt 0.637770 0.418660
vt 0.642026 0.418660
vt 0.642154 0.439373
vt 0.637898 0.439373
vt 0.637604 0.401630
vt 0.641860 0.401630
vt 0.642257 0.460086
vt 0.638001 0.460086
vt 0.642325 0.480799
vt 0.638069 0.480799
vt 0.642325 0.522226
vt 0.638069 0.522226
vt 0.642325 0.563652
vt 0.638069 0.563652
vt 0.642325 0.605079
vt 0.638069 0.605079
vt 0.642325 0.646505
vt 0.638069 0.646505
vt 0.642325 0.687932
vt 0.638069 0.687932
vt 0.642325 0.708645
vt 0.638069 0.708645
vt 0.256548 0.915374
vt 0.256548 0.919630
vt 0.252864 0.919630
vt 0.252864 0.915374
vt 0.237286 0.915374
vt 0.237286 0.919630
vt 0.233978 0.919630
vt 0.233978 0.915374
vt 0.627083 0.700408
vt 0.631339 0.700408
vt 0.631212 0.721121
vt 0.626955 0.721121
vt 0.627171 0.679695
vt 0.631428 0.679695
vt 0.627208 0.658982
vt 0.631464 0.658982
vt 0.627212 0.617555
vt 0.631468 0.617555
vt 0.627212 0.576129
vt 0.631468 0.576129
vt 0.627208 0.534702
vt 0.631464 0.534702
vt 0.627210 0.493275
vt 0.631466 0.493275
vt 0.627212 0.451849
vt 0.631468 0.451849
vt 0.627210 0.431136
vt 0.631466 0.431136
vt 0.627208 0.418708
vt 0.631464 0.418708
vt 0.275810 0.915398
vt 0.275810 0.919654
vt 0.272503 0.919630
vt 0.272503 0.915374
vt 0.500175 0.743016
vt 0.497360 0.743016
vt 0.497384 0.738810
vt 0.500199 0.738810
vt 0.500098 0.761741
vt 0.497283 0.761741
vt 0.497461 0.725419
vt 0.500276 0.725419
vt 0.500049 0.784821
vt 0.497233 0.784821
vt 0.497525 0.717533
vt 0.500341 0.717533
vt 0.500036 0.809539
vt 0.497221 0.809539
vt 0.497562 0.713139
vt 0.500377 0.713139
vt 0.500036 0.834046
vt 0.497221 0.834046
vt 0.497680 0.703347
vt 0.500495 0.703347
vt 0.500036 0.858552
vt 0.497221 0.858552
vt 0.497869 0.687007
vt 0.500684 0.687007
vt 0.500044 0.878981
vt 0.497229 0.878981
vt 0.498053 0.676648
vt 0.500869 0.676648
vt 0.498177 0.669957
vt 0.500992 0.669957
vt 0.498230 0.667041
vt 0.501045 0.667041
vt 0.526754 0.778192
vt 0.523939 0.778192
vt 0.523850 0.764705
vt 0.526665 0.764705
vt 0.526704 0.787091
vt 0.523889 0.787091
vt 0.523650 0.739883
vt 0.526465 0.739883
vt 0.526547 0.808167
vt 0.523732 0.808167
vt 0.523538 0.726955
vt 0.526353 0.726955
vt 0.526409 0.822191
vt 0.523594 0.822191
vt 0.523366 0.711877
vt 0.526181 0.711877
vt 0.526294 0.833035
vt 0.523479 0.833035
vt 0.523286 0.705748
vt 0.526101 0.705748
vt 0.526074 0.845994
vt 0.523259 0.845994
vt 0.523195 0.698745
vt 0.526010 0.698745
vt 0.525906 0.855586
vt 0.523091 0.855586
vt 0.523005 0.689401
vt 0.525820 0.689401
vt 0.522846 0.679434
vt 0.525661 0.679434
vt 0.522557 0.667041
vt 0.525372 0.667041
vt 0.737489 0.852275
vt 0.737489 0.876782
vt 0.736082 0.876782
vt 0.736082 0.852275
vt 0.752661 0.852275
vt 0.752661 0.874919
vt 0.751253 0.874919
vt 0.751253 0.852275
vt 0.752669 0.876782
vt 0.751262 0.876782
vt 0.760452 0.862348
vt 0.760452 0.876782
vt 0.759045 0.876782
vt 0.759045 0.862348
vt 0.760212 0.852275
vt 0.758805 0.852275
vt 0.745032 0.861982
vt 0.745099 0.876782
vt 0.743692 0.876782
vt 0.743625 0.861982
vt 0.745118 0.852276
vt 0.743710 0.852276
vt 0.710110 0.848284
vt 0.709657 0.843255
vt 0.717676 0.841172
vt 0.714958 0.847469
vt 0.709657 0.835962
vt 0.716045 0.836053
vt 0.709657 0.828669
vt 0.716860 0.831386
vt 0.723339 0.836053
vt 0.723339 0.840596
vt 0.709747 0.825542
vt 0.714868 0.826176
vt 0.723195 0.832812
vt 0.730634 0.836053
vt 0.730634 0.840596
vt 0.730489 0.832812
vt 0.737928 0.836053
vt 0.737928 0.840596
vt 0.737783 0.832812
vt 0.745222 0.836053
vt 0.745222 0.840619
vt 0.745320 0.832753
vt 0.752517 0.836053
vt 0.752517 0.840619
vt 0.752614 0.832753
vt 0.759811 0.836053
vt 0.760103 0.840619
vt 0.761175 0.832948
vt 0.767105 0.836053
vt 0.767398 0.840619
vt 0.769541 0.825935
vt 0.774400 0.836053
vt 0.771867 0.841787
vt 0.757571 0.829161
vt 0.766326 0.821759
vt 0.774400 0.828760
vt 0.778577 0.835858
vt 0.778577 0.843151
vt 0.758350 0.816219
vt 0.762819 0.819239
vt 0.777992 0.831487
vt 0.773620 0.847327
vt 0.778090 0.848204
vt 0.752225 0.825266
vt 0.753881 0.812811
vt 0.746236 0.820385
vt 0.742397 0.816901
vt 0.745720 0.806218
vt 0.750179 0.809414
vt 0.738425 0.813843
vt 0.734324 0.809901
vt 0.740984 0.802550
vt 0.737928 0.799588
vt 0.729952 0.806199
vt 0.726542 0.803192
vt 0.731121 0.794243
vt 0.722287 0.800017
vt 0.718000 0.796620
vt 0.723339 0.786464
vt 0.730634 0.786464
vt 0.714213 0.793893
vt 0.716045 0.786464
vt 0.737928 0.786464
vt 0.737928 0.793464
vt 0.709920 0.790640
vt 0.710017 0.786561
vt 0.745222 0.786464
vt 0.745222 0.793464
vt 0.752517 0.786464
vt 0.752517 0.793464
vt 0.759909 0.786756
vt 0.759811 0.793464
vt 0.767203 0.786756
vt 0.767105 0.793464
vt 0.771964 0.785392
vt 0.771477 0.794243
vt 0.778284 0.785100
vt 0.778284 0.792393
vt 0.773620 0.779365
vt 0.778284 0.778781
vt 0.773913 0.800562
vt 0.777797 0.800660
vt 0.854133 0.848284
vt 0.849284 0.847469
vt 0.846567 0.841172
vt 0.854586 0.843255
vt 0.848197 0.836053
vt 0.854586 0.835962
vt 0.840903 0.840596
vt 0.840903 0.836053
vt 0.847382 0.831386
vt 0.854586 0.828669
vt 0.833609 0.840596
vt 0.833609 0.836053
vt 0.841048 0.832812
vt 0.849375 0.826176
vt 0.854495 0.825542
vt 0.826314 0.840596
vt 0.826314 0.836053
vt 0.833753 0.832812
vt 0.819020 0.840619
vt 0.819020 0.836053
vt 0.826459 0.832812
vt 0.811726 0.840619
vt 0.811726 0.836053
vt 0.818923 0.832753
vt 0.804139 0.840619
vt 0.804431 0.836053
vt 0.811628 0.832753
vt 0.796845 0.840619
vt 0.797137 0.836053
vt 0.803068 0.832948
vt 0.792376 0.841787
vt 0.789843 0.836053
vt 0.794702 0.825935
vt 0.785666 0.843151
vt 0.785666 0.835858
vt 0.789843 0.828760
vt 0.797916 0.821759
vt 0.806672 0.829161
vt 0.790622 0.847327
vt 0.786153 0.848204
vt 0.786250 0.831487
vt 0.801423 0.819239
vt 0.805893 0.816219
vt 0.812018 0.825266
vt 0.810362 0.812811
vt 0.818007 0.820385
vt 0.821845 0.816901
vt 0.814064 0.809413
vt 0.818523 0.806218
vt 0.825817 0.813843
vt 0.829919 0.809901
vt 0.823258 0.802550
vt 0.826314 0.799588
vt 0.834291 0.806199
vt 0.837700 0.803192
vt 0.833122 0.794243
vt 0.841956 0.800017
vt 0.846242 0.796620
vt 0.833609 0.786463
vt 0.840903 0.786463
vt 0.826314 0.793464
vt 0.826314 0.786463
vt 0.850029 0.793893
vt 0.848197 0.786463
vt 0.819020 0.793464
vt 0.819020 0.786463
vt 0.854323 0.790640
vt 0.854225 0.786561
vt 0.811726 0.793464
vt 0.811726 0.786463
vt 0.804431 0.793464
vt 0.804334 0.786756
vt 0.797137 0.793464
vt 0.797040 0.786756
vt 0.792765 0.794243
vt 0.792278 0.785392
vt 0.785958 0.792393
vt 0.785958 0.785100
vt 0.790330 0.800562
vt 0.786445 0.800660
vt 0.785958 0.778781
vt 0.790622 0.779365
vt 0.557765 0.795974
vt 0.557765 0.789002
vt 0.564201 0.790077
vt 0.562587 0.795759
vt 0.557765 0.782029
vt 0.565491 0.782459
vt 0.557765 0.775057
vt 0.565940 0.778447
vt 0.574383 0.783624
vt 0.570193 0.784833
vt 0.557765 0.770880
vt 0.562265 0.770988
vt 0.572091 0.776530
vt 0.580407 0.773444
vt 0.578686 0.782029
vt 0.585337 0.774304
vt 0.584470 0.779549
vt 0.581039 0.767958
vt 0.586413 0.769912
vt 0.596829 0.774089
vt 0.591659 0.776646
vt 0.581255 0.761230
vt 0.586520 0.761112
vt 0.592419 0.769267
vt 0.580912 0.753887
vt 0.586413 0.752311
vt 0.599070 0.765611
vt 0.602512 0.771831
vt 0.580533 0.749538
vt 0.585337 0.747920
vt 0.605183 0.763138
vt 0.606332 0.770613
vt 0.579444 0.738552
vt 0.585228 0.741033
vt 0.597587 0.746493
vt 0.592419 0.752957
vt 0.614738 0.767654
vt 0.610329 0.769142
vt 0.592417 0.743936
vt 0.575141 0.736958
vt 0.571712 0.746199
vt 0.603270 0.748751
vt 0.599070 0.756613
vt 0.609055 0.761112
vt 0.613555 0.761112
vt 0.565491 0.739764
vt 0.564734 0.743439
vt 0.607090 0.749969
vt 0.605183 0.759086
vt 0.615497 0.752928
vt 0.620529 0.761112
vt 0.618832 0.765797
vt 0.564074 0.731010
vt 0.570951 0.735749
vt 0.557765 0.740195
vt 0.557765 0.747167
vt 0.611087 0.751439
vt 0.626665 0.757058
vt 0.627124 0.760859
vt 0.557765 0.733222
vt 0.562012 0.750478
vt 0.557638 0.750586
vt 0.558270 0.725113
vt 0.562461 0.725328
vt 0.703007 0.807895
vt 0.698184 0.807680
vt 0.696571 0.801998
vt 0.703007 0.800923
vt 0.695280 0.794381
vt 0.703007 0.793950
vt 0.690579 0.796754
vt 0.686388 0.795545
vt 0.694831 0.790368
vt 0.703007 0.786978
vt 0.688680 0.788451
vt 0.698507 0.782909
vt 0.703007 0.782802
vt 0.682085 0.793950
vt 0.680364 0.785365
vt 0.676302 0.791470
vt 0.675434 0.786225
vt 0.669113 0.788567
vt 0.663943 0.786010
vt 0.674358 0.781834
vt 0.679733 0.779879
vt 0.668353 0.781188
vt 0.674251 0.773033
vt 0.679516 0.773151
vt 0.658260 0.783752
vt 0.661702 0.777532
vt 0.679859 0.765808
vt 0.674358 0.764233
vt 0.654440 0.782534
vt 0.655588 0.775059
vt 0.680238 0.761459
vt 0.675434 0.759841
vt 0.650443 0.781064
vt 0.646033 0.779575
vt 0.668353 0.764878
vt 0.663185 0.758414
vt 0.681327 0.750474
vt 0.675543 0.752954
vt 0.647216 0.773033
vt 0.651716 0.773033
vt 0.661702 0.768534
vt 0.657502 0.760672
vt 0.668355 0.755857
vt 0.685630 0.748879
vt 0.689059 0.758120
vt 0.641940 0.777718
vt 0.640242 0.773033
vt 0.655588 0.771007
vt 0.645275 0.764849
vt 0.653682 0.761890
vt 0.695280 0.751686
vt 0.696037 0.755360
vt 0.633647 0.772780
vt 0.634107 0.768979
vt 0.649685 0.763361
vt 0.703007 0.752116
vt 0.703007 0.759088
vt 0.696697 0.742931
vt 0.689821 0.747670
vt 0.703133 0.762507
vt 0.698759 0.762399
vt 0.703007 0.745143
vt 0.702501 0.737034
vt 0.698310 0.737249
vt 0.971125 0.850085
vt 0.977845 0.850085
vt 0.978353 0.856147
vt 0.972313 0.854385
vt 0.984566 0.850085
vt 0.984566 0.856807
vt 0.991287 0.850085
vt 0.990779 0.856147
vt 0.984566 0.863530
vt 0.979190 0.863530
vt 0.998008 0.850085
vt 0.996820 0.854385
vt 0.989943 0.863530
vt 0.984566 0.870252
vt 0.979190 0.870252
vt 0.989943 0.870252
vt 0.984566 0.876974
vt 0.979190 0.876974
vt 0.989943 0.876974
vt 0.984566 0.883696
vt 0.979190 0.883696
vt 0.989943 0.883696
vt 0.984566 0.890418
vt 0.979190 0.890418
vt 0.989943 0.890418
vt 0.984566 0.897140
vt 0.979190 0.897140
vt 0.989943 0.897140
vt 0.984566 0.903863
vt 0.979190 0.903863
vt 0.989943 0.903863
vt 0.984566 0.910585
vt 0.979190 0.910585
vt 0.989943 0.910585
vt 0.984566 0.917307
vt 0.977845 0.917307
vt 0.991287 0.917307
vt 0.971822 0.912503
vt 0.971125 0.917307
vt 0.997311 0.912503
vt 0.998008 0.917307
vt 0.938106 0.917307
vt 0.939294 0.913008
vt 0.945335 0.911246
vt 0.944827 0.917307
vt 0.951548 0.910585
vt 0.951548 0.917307
vt 0.946171 0.903863
vt 0.951548 0.903863
vt 0.957761 0.911246
vt 0.958268 0.917307
vt 0.946171 0.897140
vt 0.951548 0.897140
vt 0.956924 0.903863
vt 0.963801 0.913008
vt 0.964989 0.917307
vt 0.946171 0.890418
vt 0.951548 0.890418
vt 0.956924 0.897140
vt 0.946171 0.883696
vt 0.951548 0.883696
vt 0.956924 0.890418
vt 0.946171 0.876974
vt 0.951548 0.876974
vt 0.956924 0.883696
vt 0.946171 0.870252
vt 0.951548 0.870252
vt 0.956924 0.876974
vt 0.946171 0.863530
vt 0.951548 0.863530
vt 0.956924 0.870252
vt 0.946171 0.856807
vt 0.951548 0.856807
vt 0.956924 0.863530
vt 0.944827 0.850085
vt 0.951548 0.850085
vt 0.956924 0.856807
vt 0.938803 0.854890
vt 0.938106 0.850085
vt 0.958268 0.850085
vt 0.964989 0.850085
vt 0.964292 0.854890
vt 0.876323 0.778781
vt 0.879012 0.779027
vt 0.879361 0.783722
vt 0.876323 0.782656
vt 0.884674 0.779027
vt 0.884674 0.785734
vt 0.890336 0.779027
vt 0.890336 0.785734
vt 0.895998 0.779027
vt 0.895998 0.785734
vt 0.890336 0.792441
vt 0.884674 0.792441
vt 0.901661 0.779027
vt 0.900524 0.784422
vt 0.895998 0.792441
vt 0.890336 0.799147
vt 0.884674 0.799147
vt 0.904349 0.778969
vt 0.904349 0.782993
vt 0.895998 0.799147
vt 0.890336 0.805854
vt 0.884674 0.805854
vt 0.895998 0.805854
vt 0.890336 0.812561
vt 0.884674 0.812561
vt 0.895998 0.812561
vt 0.890336 0.819267
vt 0.884674 0.819267
vt 0.895998 0.819267
vt 0.890336 0.825974
vt 0.884674 0.825974
vt 0.895998 0.825974
vt 0.890336 0.832681
vt 0.884674 0.832681
vt 0.895998 0.832681
vt 0.890336 0.839387
vt 0.884674 0.839387
vt 0.895998 0.839387
vt 0.890336 0.846094
vt 0.884674 0.846094
vt 0.895998 0.846094
vt 0.879012 0.839387
vt 0.879012 0.846094
vt 0.901661 0.839387
vt 0.901661 0.846094
vt 0.873349 0.839387
vt 0.873349 0.846094
vt 0.907323 0.839387
vt 0.907323 0.846094
vt 0.869261 0.837550
vt 0.867687 0.846094
vt 0.911498 0.837550
vt 0.912985 0.846094
vt 0.862025 0.839387
vt 0.862025 0.846094
vt 0.918648 0.839387
vt 0.918648 0.846094
vt 0.861675 0.829444
vt 0.865588 0.829269
vt 0.914997 0.829794
vt 0.918997 0.829531
vt 0.940638 0.846094
vt 0.940638 0.842219
vt 0.943677 0.841153
vt 0.943327 0.845848
vt 0.948989 0.839141
vt 0.948989 0.845848
vt 0.954652 0.839141
vt 0.954652 0.845848
vt 0.948989 0.832434
vt 0.954652 0.832434
vt 0.960314 0.839141
vt 0.960314 0.845848
vt 0.948989 0.825728
vt 0.954652 0.825728
vt 0.960314 0.832434
vt 0.964839 0.840453
vt 0.965976 0.845848
vt 0.948989 0.819021
vt 0.954652 0.819021
vt 0.960314 0.825728
vt 0.968665 0.841882
vt 0.968665 0.845906
vt 0.948989 0.812314
vt 0.954652 0.812314
vt 0.960314 0.819021
vt 0.948989 0.805608
vt 0.954652 0.805608
vt 0.960314 0.812314
vt 0.948989 0.798901
vt 0.954652 0.798901
vt 0.960314 0.805608
vt 0.948989 0.792194
vt 0.954652 0.792194
vt 0.960314 0.798901
vt 0.948989 0.785488
vt 0.954652 0.785488
vt 0.960314 0.792194
vt 0.948989 0.778781
vt 0.954652 0.778781
vt 0.960314 0.785488
vt 0.943327 0.785488
vt 0.943327 0.778781
vt 0.960314 0.778781
vt 0.937665 0.785488
vt 0.937665 0.778781
vt 0.965976 0.778781
vt 0.965976 0.785488
vt 0.933577 0.787325
vt 0.932002 0.778781
vt 0.971638 0.778781
vt 0.971638 0.785488
vt 0.926340 0.785488
vt 0.926340 0.778781
vt 0.977301 0.778781
vt 0.975814 0.787325
vt 0.925990 0.795431
vt 0.929903 0.795606
vt 0.982963 0.778781
vt 0.982963 0.785488
vt 0.979312 0.795081
vt 0.983313 0.795344
vt 0.812011 0.422664
vt 0.819877 0.418127
vt 0.819877 0.422664
vt 0.861300 0.401630
vt 0.861300 0.422664
vt 0.819877 0.464090
vt 0.902722 0.418127
vt 0.902722 0.422664
vt 0.861300 0.464091
vt 0.778454 0.445622
vt 0.910588 0.422664
vt 0.902722 0.464090
vt 0.861300 0.484804
vt 0.819877 0.484804
vt 0.778454 0.464090
vt 0.902722 0.484804
vt 0.861300 0.505517
vt 0.819877 0.505517
vt 0.778454 0.484804
vt 0.760954 0.464090
vt 0.944145 0.445622
vt 0.944145 0.464090
vt 0.944145 0.484804
vt 0.902722 0.505517
vt 0.861300 0.526230
vt 0.819877 0.526230
vt 0.778454 0.505517
vt 0.961645 0.464090
vt 0.944145 0.505517
vt 0.902722 0.526230
vt 0.861300 0.546943
vt 0.819877 0.546943
vt 0.778454 0.526230
vt 0.758277 0.505517
vt 0.758315 0.484804
vt 0.758346 0.467774
vt 0.964253 0.467774
vt 0.964323 0.505517
vt 0.964284 0.484804
vt 0.944145 0.526230
vt 0.902722 0.546943
vt 0.861300 0.588370
vt 0.819877 0.588370
vt 0.778454 0.546943
vt 0.758239 0.526230
vt 0.737032 0.505517
vt 0.746292 0.484804
vt 0.964361 0.526230
vt 0.985567 0.505517
vt 0.976308 0.484804
vt 0.944145 0.546943
vt 0.902722 0.588370
vt 0.861300 0.629797
vt 0.819877 0.629797
vt 0.778454 0.588370
vt 0.737032 0.526230
vt 0.985567 0.526230
vt 0.944145 0.588370
vt 0.902722 0.629797
vt 0.861300 0.671223
vt 0.819877 0.671223
vt 0.778454 0.629797
vt 0.758124 0.588370
vt 0.758201 0.546943
vt 0.729534 0.526230
vt 0.964399 0.546943
vt 0.993065 0.526230
vt 0.964475 0.588370
vt 0.944145 0.629797
vt 0.902722 0.671223
vt 0.861300 0.712649
vt 0.819877 0.712649
vt 0.778454 0.671223
vt 0.758048 0.629797
vt 0.737032 0.546943
vt 0.737032 0.588370
vt 0.724591 0.546943
vt 0.998008 0.546943
vt 0.985567 0.546943
vt 0.964551 0.629797
vt 0.985567 0.588370
vt 0.944145 0.671223
vt 0.902722 0.712649
vt 0.861300 0.754076
vt 0.819877 0.754076
vt 0.778454 0.712649
vt 0.737032 0.629797
vt 0.724591 0.588370
vt 0.998008 0.588370
vt 0.985567 0.629797
vt 0.944145 0.712649
vt 0.902722 0.754076
vt 0.861300 0.774790
vt 0.819877 0.774789
vt 0.778454 0.754076
vt 0.757896 0.712649
vt 0.757972 0.671223
vt 0.737032 0.671223
vt 0.724591 0.629797
vt 0.998008 0.629797
vt 0.964627 0.671223
vt 0.985567 0.671223
vt 0.964704 0.712649
vt 0.944145 0.754076
vt 0.902722 0.774789
vt 0.778454 0.774789
vt 0.757819 0.754076
vt 0.724591 0.671223
vt 0.998008 0.671223
vt 0.964780 0.754076
vt 0.944145 0.774789
vt 0.757781 0.774789
vt 0.737032 0.712649
vt 0.737032 0.754076
vt 0.724591 0.712649
vt 0.998008 0.712649
vt 0.985567 0.712649
vt 0.964818 0.774789
vt 0.985567 0.754076
vt 0.737032 0.774789
vt 0.724591 0.754076
vt 0.998008 0.754076
vt 0.985567 0.774789
vt 0.724591 0.774789
vt 0.998008 0.774789
vt 0.012553 0.124730
vt 0.021198 0.104017
vt 0.031341 0.104017
vt 0.022108 0.124730
vt 0.033093 0.084642
vt 0.033093 0.100709
vt 0.006709 0.145444
vt 0.015684 0.145444
vt 0.034389 0.083304
vt 0.044448 0.083304
vt 0.003665 0.166157
vt 0.013023 0.166157
vt 0.033093 0.083304
vt 0.053206 0.060097
vt 0.054433 0.073170
vt 0.012727 0.207583
vt 0.074516 0.052790
vt 0.001992 0.175794
vt 0.074516 0.041877
vt 0.001992 0.207583
vt 0.090530 0.041877
vt 0.012727 0.249010
vt 0.001992 0.249010
vt 0.115939 0.017304
vt 0.115939 0.027652
vt 0.013023 0.290436
vt 0.001992 0.290436
vt 0.157361 0.001839
vt 0.157361 0.010631
vt 0.012875 0.331863
vt 0.001992 0.331863
vt 0.198784 0.017304
vt 0.198784 0.027652
vt 0.012727 0.373289
vt 0.001992 0.373289
vt 0.240206 0.041877
vt 0.224193 0.041877
vt 0.012912 0.394003
vt 0.001992 0.394003
vt 0.240206 0.052790
vt 0.013023 0.406431
vt 0.001992 0.406431
vt 0.261516 0.060097
vt 0.012727 0.414716
vt 0.001992 0.414716
vt 0.260289 0.073170
vt 0.020653 0.406431
vt 0.020653 0.414716
vt 0.280333 0.083304
vt 0.270275 0.083304
vt 0.033093 0.406431
vt 0.033093 0.414716
vt 0.281629 0.084642
vt 0.281629 0.100709
vt 0.053820 0.406431
vt 0.053805 0.414716
vt 0.293525 0.104017
vt 0.283382 0.104017
vt 0.281629 0.083304
vt 0.074516 0.414716
vt 0.302169 0.124730
vt 0.292614 0.124730
vt 0.074516 0.406431
vt 0.308014 0.145444
vt 0.299038 0.145444
vt 0.115939 0.406431
vt 0.115939 0.414716
vt 0.311057 0.166157
vt 0.301700 0.166157
vt 0.157361 0.406431
vt 0.157361 0.414716
vt 0.301995 0.207583
vt 0.198784 0.406431
vt 0.198784 0.414716
vt 0.312730 0.175794
vt 0.240206 0.406431
vt 0.240206 0.414716
vt 0.312730 0.207583
vt 0.260902 0.406431
vt 0.312730 0.249010
vt 0.301995 0.249010
vt 0.260918 0.414716
vt 0.312730 0.290436
vt 0.301700 0.290436
vt 0.281629 0.406431
vt 0.281629 0.414716
vt 0.312730 0.331863
vt 0.301848 0.331863
vt 0.294070 0.414716
vt 0.294070 0.406431
vt 0.312730 0.373289
vt 0.301995 0.373289
vt 0.301995 0.414716
vt 0.301700 0.406431
vt 0.312730 0.394003
vt 0.301811 0.394003
vt 0.312730 0.406431
vt 0.312730 0.414716
vt 0.645471 0.397639
vt 0.645471 0.385211
vt 0.657912 0.385211
vt 0.657912 0.397639
vt 0.637841 0.397639
vt 0.637730 0.385211
vt 0.678661 0.385211
vt 0.678638 0.397639
vt 0.637545 0.364497
vt 0.645471 0.364497
vt 0.699334 0.385211
vt 0.699334 0.397639
vt 0.637693 0.323071
vt 0.645471 0.323071
vt 0.740757 0.385211
vt 0.740757 0.397639
vt 0.637841 0.281644
vt 0.645471 0.281644
vt 0.782180 0.385211
vt 0.782180 0.397639
vt 0.637545 0.240218
vt 0.645471 0.240218
vt 0.823602 0.385211
vt 0.823602 0.397639
vt 0.637545 0.198791
vt 0.645471 0.198791
vt 0.865025 0.385211
vt 0.865025 0.397639
vt 0.637841 0.157365
vt 0.645471 0.157365
vt 0.885721 0.397639
vt 0.885698 0.385211
vt 0.640502 0.136652
vt 0.650414 0.136652
vt 0.906447 0.385211
vt 0.906447 0.397639
vt 0.646927 0.115938
vt 0.657912 0.115938
vt 0.918888 0.397639
vt 0.918888 0.385211
vt 0.656159 0.095225
vt 0.657912 0.095225
vt 0.926518 0.397639
vt 0.926629 0.385211
vt 0.667171 0.095225
vt 0.918888 0.364497
vt 0.926814 0.364497
vt 0.657912 0.091917
vt 0.918888 0.323071
vt 0.926666 0.323071
vt 0.669266 0.074512
vt 0.918888 0.281644
vt 0.926518 0.281644
vt 0.679226 0.078196
vt 0.918888 0.240218
vt 0.926814 0.240218
vt 0.679233 0.074512
vt 0.918888 0.198791
vt 0.926814 0.198791
vt 0.679252 0.064378
vt 0.918888 0.157365
vt 0.926518 0.157365
vt 0.681834 0.074512
vt 0.913945 0.136652
vt 0.923857 0.136652
vt 0.699334 0.056043
vt 0.906447 0.115938
vt 0.917432 0.115938
vt 0.699334 0.043998
vt 0.906447 0.095225
vt 0.908200 0.095225
vt 0.715348 0.033085
vt 0.897188 0.095225
vt 0.732891 0.033085
vt 0.906447 0.091917
vt 0.740757 0.018860
vt 0.740757 0.028548
vt 0.895093 0.074512
vt 0.782180 0.001839
vt 0.782180 0.012052
vt 0.885133 0.078196
vt 0.823602 0.018860
vt 0.823602 0.028548
vt 0.885126 0.074512
vt 0.849011 0.033085
vt 0.831468 0.033085
vt 0.885108 0.064378
vt 0.865025 0.056043
vt 0.882525 0.074512
vt 0.865025 0.043998
vt 0.147926 0.918682
vt 0.149679 0.915374
vt 0.149679 0.918682
vt 0.164564 0.915374
vt 0.167165 0.915374
vt 0.164557 0.919058
vt 0.425947 0.374678
vt 0.433813 0.374678
vt 0.433813 0.379215
vt 0.433813 0.333252
vt 0.475235 0.374678
vt 0.475235 0.395712
vt 0.408404 0.374678
vt 0.433813 0.388904
vt 0.392390 0.351720
vt 0.475235 0.333251
vt 0.516658 0.379215
vt 0.516658 0.374678
vt 0.475235 0.405925
vt 0.392390 0.363766
vt 0.392390 0.374678
vt 0.433813 0.399251
vt 0.392390 0.333252
vt 0.433813 0.312538
vt 0.475235 0.312538
vt 0.516658 0.333252
vt 0.516658 0.388904
vt 0.524524 0.374678
vt 0.475235 0.414716
vt 0.372307 0.343385
vt 0.392390 0.312538
vt 0.374890 0.333252
vt 0.433813 0.291825
vt 0.475235 0.291825
vt 0.516658 0.312538
vt 0.516658 0.399251
vt 0.542067 0.374678
vt 0.371080 0.356458
vt 0.392390 0.291825
vt 0.433813 0.271112
vt 0.475235 0.271112
vt 0.516658 0.291825
vt 0.558081 0.333252
vt 0.558081 0.312538
vt 0.558081 0.351720
vt 0.558081 0.374678
vt 0.558081 0.363766
vt 0.352263 0.333252
vt 0.362322 0.333252
vt 0.372289 0.333252
vt 0.372282 0.329568
vt 0.372212 0.291825
vt 0.372251 0.312538
vt 0.392390 0.271112
vt 0.433813 0.250399
vt 0.475235 0.250399
vt 0.516658 0.271112
vt 0.558081 0.291825
vt 0.575581 0.333252
vt 0.578163 0.343385
vt 0.350968 0.331914
vt 0.350968 0.315846
vt 0.372174 0.271112
vt 0.350968 0.291825
vt 0.360227 0.312538
vt 0.392390 0.250399
vt 0.433813 0.208972
vt 0.475235 0.208972
vt 0.516658 0.250399
vt 0.558081 0.271112
vt 0.578258 0.291825
vt 0.578220 0.312538
vt 0.578189 0.329568
vt 0.579390 0.356458
vt 0.339072 0.312538
vt 0.349215 0.312538
vt 0.350968 0.333252
vt 0.372136 0.250399
vt 0.350968 0.271112
vt 0.350968 0.312538
vt 0.392390 0.208972
vt 0.433813 0.167546
vt 0.475235 0.167546
vt 0.516658 0.208972
vt 0.558081 0.250399
vt 0.578296 0.271112
vt 0.599503 0.291825
vt 0.590243 0.312538
vt 0.578182 0.333252
vt 0.598207 0.333252
vt 0.588149 0.333252
vt 0.330427 0.291825
vt 0.339983 0.291825
vt 0.372060 0.208972
vt 0.350968 0.250399
vt 0.343470 0.271112
vt 0.392390 0.167546
vt 0.433813 0.126119
vt 0.475235 0.126119
vt 0.516658 0.167546
vt 0.558081 0.208972
vt 0.578334 0.250399
vt 0.599503 0.271112
vt 0.599503 0.312538
vt 0.599503 0.331914
vt 0.599503 0.315846
vt 0.324583 0.271112
vt 0.333558 0.271112
vt 0.371984 0.167546
vt 0.350968 0.208972
vt 0.338527 0.250399
vt 0.392390 0.126119
vt 0.433813 0.084693
vt 0.475235 0.084693
vt 0.516658 0.126119
vt 0.558081 0.167546
vt 0.578411 0.208972
vt 0.599503 0.250399
vt 0.607001 0.271112
vt 0.610488 0.291825
vt 0.601256 0.312538
vt 0.599503 0.333252
vt 0.611399 0.312538
vt 0.321539 0.250399
vt 0.330897 0.250399
vt 0.371908 0.126119
vt 0.350968 0.167546
vt 0.338527 0.208972
vt 0.392390 0.084693
vt 0.433813 0.043266
vt 0.475235 0.043266
vt 0.516658 0.084693
vt 0.558081 0.126119
vt 0.578487 0.167546
vt 0.599503 0.208972
vt 0.611944 0.250399
vt 0.616913 0.271112
vt 0.620043 0.291825
vt 0.330601 0.208972
vt 0.371831 0.084693
vt 0.350968 0.126119
vt 0.338527 0.167546
vt 0.392390 0.043266
vt 0.433813 0.022553
vt 0.475235 0.022552
vt 0.516658 0.043266
vt 0.558081 0.084693
vt 0.578563 0.126119
vt 0.599503 0.167546
vt 0.611944 0.208972
vt 0.619574 0.250399
vt 0.625888 0.271112
vt 0.319866 0.240762
vt 0.371755 0.043266
vt 0.350968 0.084693
vt 0.338527 0.126119
vt 0.330601 0.167546
vt 0.392390 0.022553
vt 0.433813 0.010125
vt 0.475235 0.010125
vt 0.516658 0.022553
vt 0.558081 0.043266
vt 0.578639 0.084693
vt 0.599503 0.126119
vt 0.611944 0.167546
vt 0.619869 0.208972
vt 0.628932 0.250399
vt 0.319866 0.208972
vt 0.371717 0.022553
vt 0.350968 0.043266
vt 0.338527 0.084693
vt 0.330897 0.126119
vt 0.319866 0.167546
vt 0.392390 0.010125
vt 0.433813 0.001839
vt 0.475235 0.001839
vt 0.516658 0.010125
vt 0.558081 0.022553
vt 0.578716 0.043266
vt 0.599503 0.084693
vt 0.611944 0.126119
vt 0.619869 0.167546
vt 0.371694 0.010125
vt 0.350968 0.022553
vt 0.338527 0.043266
vt 0.330749 0.084693
vt 0.319866 0.126119
vt 0.392390 0.001839
vt 0.516658 0.001839
vt 0.558081 0.010125
vt 0.578754 0.022553
vt 0.599503 0.043266
vt 0.611944 0.084693
vt 0.619574 0.126119
vt 0.630605 0.208972
vt 0.630605 0.167546
vt 0.630605 0.240762
vt 0.371679 0.001839
vt 0.350968 0.010125
vt 0.338527 0.022553
vt 0.330601 0.043266
vt 0.319866 0.084693
vt 0.558081 0.001839
vt 0.578777 0.010125
vt 0.599503 0.022553
vt 0.611944 0.043266
vt 0.619722 0.084693
vt 0.630605 0.126119
vt 0.350968 0.001839
vt 0.338527 0.010125
vt 0.330786 0.022553
vt 0.319866 0.043266
vt 0.578792 0.001839
vt 0.599503 0.010125
vt 0.611944 0.022553
vt 0.619869 0.043266
vt 0.630605 0.084693
vt 0.338527 0.001839
vt 0.330897 0.010125
vt 0.319866 0.022553
vt 0.599503 0.001839
vt 0.611944 0.010125
vt 0.619685 0.022553
vt 0.630605 0.043266
vt 0.330601 0.001839
vt 0.319866 0.010125
vt 0.611944 0.001839
vt 0.619574 0.010125
vt 0.630605 0.022553
vt 0.319866 0.001839
vt 0.619869 0.001839
vt 0.630605 0.010125
vt 0.630605 0.001839
vt 0.141791 0.918682
vt 0.140038 0.918682
vt 0.140038 0.915374
vt 0.158422 0.919058
vt 0.155814 0.915374
vt 0.158415 0.915374
vt 0.517397 0.593748
vt 0.508918 0.596535
vt 0.500347 0.567067
vt 0.505810 0.567160
vt 0.510705 0.602679
vt 0.500306 0.599366
vt 0.475840 0.591571
vt 0.475840 0.567067
vt 0.500347 0.554624
vt 0.520313 0.589857
vt 0.531855 0.567604
vt 0.479006 0.606367
vt 0.451334 0.591571
vt 0.451334 0.567067
vt 0.475840 0.545268
vt 0.495160 0.542722
vt 0.500347 0.542563
vt 0.544347 0.536113
vt 0.500347 0.616075
vt 0.484006 0.629732
vt 0.454478 0.614429
vt 0.451334 0.608991
vt 0.441261 0.591571
vt 0.427092 0.567067
vt 0.451334 0.548496
vt 0.475840 0.542563
vt 0.495090 0.542563
vt 0.496371 0.542563
vt 0.500347 0.542028
vt 0.456736 0.618334
vt 0.451334 0.615463
vt 0.426827 0.591571
vt 0.426827 0.567067
vt 0.426827 0.566609
vt 0.426827 0.551937
vt 0.451334 0.542563
vt 0.475840 0.518059
vt 0.484412 0.518059
vt 0.500347 0.518059
vt 0.528070 0.517732
vt 0.539014 0.521281
vt 0.474215 0.638348
vt 0.468624 0.638893
vt 0.451334 0.616075
vt 0.402321 0.591571
vt 0.402321 0.567067
vt 0.418980 0.553039
vt 0.426827 0.542563
vt 0.451334 0.518059
vt 0.475840 0.500792
vt 0.477059 0.501188
vt 0.500347 0.508740
vt 0.537696 0.517619
vt 0.469820 0.640961
vt 0.451334 0.640580
vt 0.449470 0.616075
vt 0.426827 0.616075
vt 0.402321 0.616075
vt 0.377814 0.591571
vt 0.377814 0.567067
vt 0.402321 0.555378
vt 0.412923 0.542563
vt 0.426827 0.518059
vt 0.451334 0.493555
vt 0.453525 0.493555
vt 0.475840 0.498390
vt 0.500347 0.493555
vt 0.525977 0.493312
vt 0.461935 0.645652
vt 0.448543 0.651226
vt 0.446148 0.649769
vt 0.431046 0.640580
vt 0.426827 0.637874
vt 0.426827 0.623518
vt 0.392408 0.616075
vt 0.377814 0.607121
vt 0.353308 0.591571
vt 0.353308 0.567067
vt 0.377814 0.558819
vt 0.402321 0.542563
vt 0.402321 0.524228
vt 0.402321 0.518059
vt 0.426827 0.493555
vt 0.451334 0.492844
vt 0.473733 0.493555
vt 0.475840 0.493555
vt 0.508917 0.468014
vt 0.518509 0.480220
vt 0.444337 0.652977
vt 0.426827 0.640580
vt 0.412027 0.628383
vt 0.402321 0.622158
vt 0.377814 0.616075
vt 0.353308 0.593068
vt 0.350698 0.591571
vt 0.328801 0.579015
vt 0.328801 0.567067
vt 0.353308 0.562143
vt 0.377814 0.542563
vt 0.398753 0.518059
vt 0.402321 0.493555
vt 0.426827 0.484896
vt 0.451334 0.469050
vt 0.463054 0.469050
vt 0.475840 0.469050
vt 0.425612 0.658525
vt 0.402321 0.640580
vt 0.402321 0.631573
vt 0.377814 0.639629
vt 0.353308 0.616075
vt 0.328801 0.591571
vt 0.309791 0.568114
vt 0.317739 0.567006
vt 0.328464 0.565512
vt 0.353308 0.542563
vt 0.377814 0.518059
vt 0.384584 0.493555
vt 0.402321 0.476947
vt 0.426827 0.469050
vt 0.451334 0.444546
vt 0.452364 0.444521
vt 0.485114 0.443733
vt 0.495958 0.452078
vt 0.402532 0.662134
vt 0.377814 0.640580
vt 0.374921 0.640580
vt 0.353308 0.640580
vt 0.328801 0.616075
vt 0.306313 0.591128
vt 0.309965 0.566964
vt 0.322084 0.536086
vt 0.353308 0.518059
vt 0.377814 0.493555
vt 0.376559 0.479676
vt 0.375526 0.468257
vt 0.402321 0.469050
vt 0.427628 0.425161
vt 0.451169 0.441779
vt 0.377814 0.663049
vt 0.353308 0.647684
vt 0.328801 0.640580
vt 0.304707 0.616471
vt 0.318480 0.543127
vt 0.329964 0.518900
vt 0.352324 0.486416
vt 0.368671 0.466034
vt 0.374800 0.460235
vt 0.402806 0.439690
vt 0.441115 0.418708
vt 0.450014 0.422331
vt 0.471090 0.433703
vt 0.353308 0.663049
vt 0.328801 0.655739
vt 0.305105 0.640563
vt 0.342357 0.497939
vt 0.361668 0.472658
vt 0.389878 0.447809
vt 0.328801 0.663049
vt 0.308373 0.662454
vt 0.085882 0.593748
vt 0.097469 0.567160
vt 0.102932 0.567067
vt 0.094360 0.596535
vt 0.082966 0.589856
vt 0.071423 0.567604
vt 0.102932 0.554624
vt 0.102973 0.599366
vt 0.127438 0.567067
vt 0.127438 0.591571
vt 0.092573 0.602679
vt 0.058931 0.536113
vt 0.102932 0.542563
vt 0.108118 0.542722
vt 0.127438 0.545268
vt 0.151945 0.567067
vt 0.151945 0.591571
vt 0.124272 0.606367
vt 0.102932 0.542028
vt 0.106908 0.542563
vt 0.108188 0.542563
vt 0.127438 0.542563
vt 0.151945 0.548496
vt 0.102932 0.616075
vt 0.119272 0.629732
vt 0.176187 0.567067
vt 0.162017 0.591571
vt 0.148800 0.614429
vt 0.151945 0.608991
vt 0.064265 0.521281
vt 0.075208 0.517732
vt 0.102932 0.518059
vt 0.118867 0.518059
vt 0.127438 0.518059
vt 0.151945 0.542563
vt 0.176451 0.551937
vt 0.176451 0.566609
vt 0.146542 0.618334
vt 0.176451 0.567067
vt 0.176451 0.591571
vt 0.151945 0.615463
vt 0.065582 0.517619
vt 0.102932 0.508740
vt 0.126219 0.501188
vt 0.127438 0.500792
vt 0.151945 0.518059
vt 0.176451 0.542563
vt 0.184298 0.553039
vt 0.151945 0.616075
vt 0.129064 0.638348
vt 0.134654 0.638893
vt 0.200958 0.567067
vt 0.200958 0.591571
vt 0.153808 0.616075
vt 0.176451 0.616075
vt 0.077301 0.493312
vt 0.102932 0.493555
vt 0.127438 0.498390
vt 0.149754 0.493555
vt 0.151945 0.493555
vt 0.176451 0.518059
vt 0.190356 0.542563
vt 0.200958 0.555378
vt 0.151945 0.640580
vt 0.133458 0.640961
vt 0.225464 0.567067
vt 0.225464 0.591571
vt 0.200958 0.616075
vt 0.176451 0.623518
vt 0.084769 0.480220
vt 0.094361 0.468014
vt 0.127438 0.493555
vt 0.129546 0.493555
vt 0.151945 0.492844
vt 0.176451 0.493555
vt 0.200958 0.518059
vt 0.200958 0.524228
vt 0.200958 0.542563
vt 0.225464 0.558819
vt 0.176451 0.637874
vt 0.172233 0.640580
vt 0.141344 0.645652
vt 0.157131 0.649769
vt 0.154735 0.651226
vt 0.249971 0.567067
vt 0.249971 0.591571
vt 0.225464 0.607121
vt 0.210870 0.616075
vt 0.200958 0.622158
vt 0.191251 0.628383
vt 0.127438 0.469050
vt 0.140224 0.469050
vt 0.151945 0.469050
vt 0.176451 0.484896
vt 0.200958 0.493555
vt 0.204525 0.518059
vt 0.225464 0.542563
vt 0.249971 0.562143
vt 0.176451 0.640580
vt 0.158941 0.652977
vt 0.274477 0.567067
vt 0.274477 0.579015
vt 0.252581 0.591571
vt 0.249971 0.593068
vt 0.225464 0.616075
vt 0.200958 0.631573
vt 0.107320 0.452078
vt 0.118164 0.443733
vt 0.150914 0.444521
vt 0.151945 0.444546
vt 0.176451 0.469050
vt 0.200958 0.476947
vt 0.218694 0.493555
vt 0.225464 0.518059
vt 0.249971 0.542563
vt 0.274815 0.565512
vt 0.200958 0.640580
vt 0.177666 0.658525
vt 0.293487 0.568114
vt 0.285539 0.567006
vt 0.274477 0.591571
vt 0.249971 0.616075
vt 0.225464 0.639629
vt 0.152109 0.441779
vt 0.175651 0.425161
vt 0.200958 0.469050
vt 0.227752 0.468257
vt 0.226720 0.479676
vt 0.225464 0.493555
vt 0.249971 0.518059
vt 0.281195 0.536086
vt 0.225464 0.640580
vt 0.200746 0.662134
vt 0.296965 0.591128
vt 0.293313 0.566964
vt 0.274477 0.616075
vt 0.228357 0.640580
vt 0.249971 0.640580
vt 0.132188 0.433703
vt 0.153265 0.422331
vt 0.162163 0.418708
vt 0.200472 0.439690
vt 0.228478 0.460235
vt 0.234608 0.466034
vt 0.250954 0.486416
vt 0.273315 0.518900
vt 0.284798 0.543127
vt 0.225464 0.663049
vt 0.298572 0.616471
vt 0.274477 0.640580
vt 0.249971 0.647684
vt 0.213401 0.447809
vt 0.241611 0.472658
vt 0.260921 0.497938
vt 0.249971 0.663049
vt 0.298173 0.640562
vt 0.274477 0.655739
vt 0.274477 0.663049
vt 0.294905 0.662454
vt 0.162074 0.591485
vt 0.152002 0.608905
vt 0.152002 0.591485
vt 0.028942 0.842081
vt 0.040529 0.815493
vt 0.045992 0.815400
vt 0.037421 0.844868
vt 0.026026 0.838190
vt 0.014484 0.815937
vt 0.045992 0.802957
vt 0.046033 0.847699
vt 0.070499 0.815400
vt 0.070499 0.839904
vt 0.035634 0.851012
vt 0.001992 0.784447
vt 0.045992 0.790896
vt 0.051179 0.791056
vt 0.070499 0.793601
vt 0.095005 0.815400
vt 0.095005 0.839904
vt 0.067333 0.854700
vt 0.045992 0.790361
vt 0.049968 0.790896
vt 0.051249 0.790896
vt 0.070499 0.790896
vt 0.095005 0.796829
vt 0.045992 0.864408
vt 0.062333 0.878066
vt 0.119247 0.815400
vt 0.105078 0.839904
vt 0.091861 0.862762
vt 0.095005 0.857324
vt 0.007325 0.769615
vt 0.018269 0.766065
vt 0.045992 0.766392
vt 0.061927 0.766392
vt 0.070499 0.766392
vt 0.095005 0.790896
vt 0.119512 0.800270
vt 0.119512 0.814942
vt 0.089603 0.866667
vt 0.119512 0.815400
vt 0.119512 0.839904
vt 0.095005 0.863796
vt 0.008643 0.765952
vt 0.045992 0.757074
vt 0.069280 0.749521
vt 0.070499 0.749125
vt 0.095005 0.766392
vt 0.119512 0.790896
vt 0.127359 0.801372
vt 0.095005 0.864408
vt 0.072124 0.886681
vt 0.077715 0.887226
vt 0.144018 0.815400
vt 0.144018 0.839904
vt 0.020362 0.741645
vt 0.045992 0.741888
vt 0.070499 0.746723
vt 0.092814 0.741888
vt 0.095005 0.741888
vt 0.119512 0.766392
vt 0.133416 0.790896
vt 0.144018 0.803711
vt 0.096869 0.864408
vt 0.095005 0.888913
vt 0.076519 0.889295
vt 0.168525 0.815400
vt 0.168525 0.839904
vt 0.119512 0.864408
vt 0.144018 0.864408
vt 0.027830 0.728554
vt 0.037422 0.716347
vt 0.070499 0.741888
vt 0.072606 0.741888
vt 0.095005 0.741177
vt 0.119512 0.741888
vt 0.144018 0.766392
vt 0.144018 0.772561
vt 0.144018 0.790896
vt 0.168525 0.807153
vt 0.119512 0.871851
vt 0.119512 0.886207
vt 0.115293 0.888913
vt 0.084404 0.893985
vt 0.100191 0.898102
vt 0.097796 0.899559
vt 0.193031 0.815400
vt 0.193031 0.839904
vt 0.168525 0.855454
vt 0.153931 0.864408
vt 0.070499 0.717384
vt 0.083285 0.717384
vt 0.095005 0.717384
vt 0.119512 0.733229
vt 0.144018 0.741888
vt 0.147586 0.766392
vt 0.168525 0.790896
vt 0.193031 0.810476
vt 0.134312 0.876716
vt 0.119512 0.888913
vt 0.102002 0.901310
vt 0.217538 0.815400
vt 0.217538 0.827348
vt 0.195641 0.839904
vt 0.193031 0.841401
vt 0.168525 0.864408
vt 0.144018 0.870491
vt 0.050381 0.700411
vt 0.061225 0.692066
vt 0.093975 0.692855
vt 0.095005 0.692879
vt 0.119512 0.717384
vt 0.144018 0.725281
vt 0.161755 0.741888
vt 0.168525 0.766392
vt 0.193031 0.790896
vt 0.217875 0.813845
vt 0.144018 0.879907
vt 0.144018 0.888913
vt 0.120727 0.906858
vt 0.236548 0.816447
vt 0.228600 0.815340
vt 0.217538 0.839904
vt 0.193031 0.864408
vt 0.168525 0.887962
vt 0.095170 0.690112
vt 0.118711 0.673494
vt 0.144018 0.717384
vt 0.170813 0.716590
vt 0.169780 0.728009
vt 0.168525 0.741888
vt 0.193031 0.766392
vt 0.224255 0.784419
vt 0.168525 0.888913
vt 0.143807 0.910467
vt 0.240026 0.839461
vt 0.236374 0.815297
vt 0.217538 0.864408
vt 0.171418 0.888913
vt 0.193031 0.888913
vt 0.075249 0.682037
vt 0.096325 0.670664
vt 0.105224 0.667041
vt 0.143533 0.688023
vt 0.171539 0.708568
vt 0.177668 0.714367
vt 0.194015 0.734749
vt 0.216375 0.767233
vt 0.227859 0.791460
vt 0.168525 0.911383
vt 0.241632 0.864805
vt 0.217538 0.888913
vt 0.193031 0.896017
vt 0.156461 0.696142
vt 0.184671 0.720991
vt 0.203982 0.746272
vt 0.193031 0.911383
vt 0.241234 0.888896
vt 0.217538 0.904072
vt 0.217538 0.911383
vt 0.237966 0.910787
vt 0.462394 0.842081
vt 0.453915 0.844868
vt 0.445344 0.815400
vt 0.450807 0.815493
vt 0.455702 0.851012
vt 0.445303 0.847699
vt 0.420837 0.839904
vt 0.420837 0.815400
vt 0.445344 0.802957
vt 0.465310 0.838190
vt 0.476852 0.815937
vt 0.424003 0.854700
vt 0.396331 0.839904
vt 0.396331 0.815400
vt 0.420837 0.793601
vt 0.440157 0.791056
vt 0.445344 0.790896
vt 0.489344 0.784447
vt 0.445344 0.864408
vt 0.429003 0.878066
vt 0.399475 0.862762
vt 0.396331 0.857324
vt 0.386258 0.839904
vt 0.372089 0.815400
vt 0.396331 0.796829
vt 0.420837 0.790896
vt 0.440087 0.790896
vt 0.441368 0.790896
vt 0.445344 0.790362
vt 0.401733 0.866667
vt 0.396331 0.863796
vt 0.371824 0.839904
vt 0.371824 0.815400
vt 0.371824 0.814942
vt 0.371824 0.800270
vt 0.396331 0.790896
vt 0.420837 0.766392
vt 0.429409 0.766392
vt 0.445344 0.766392
vt 0.473067 0.766065
vt 0.484011 0.769615
vt 0.419212 0.886681
vt 0.413621 0.887226
vt 0.396331 0.864408
vt 0.394467 0.864408
vt 0.371824 0.864408
vt 0.347318 0.839904
vt 0.347318 0.815400
vt 0.363977 0.801372
vt 0.371824 0.790896
vt 0.396331 0.766392
vt 0.420837 0.749125
vt 0.422056 0.749521
vt 0.445344 0.757074
vt 0.482694 0.765952
vt 0.414817 0.889295
vt 0.396331 0.888913
vt 0.371824 0.871851
vt 0.347318 0.864408
vt 0.322811 0.839904
vt 0.322811 0.815400
vt 0.347318 0.803712
vt 0.357920 0.790896
vt 0.371824 0.766392
vt 0.396331 0.741888
vt 0.398522 0.741888
vt 0.420837 0.746723
vt 0.445344 0.741888
vt 0.470974 0.741645
vt 0.406932 0.893985
vt 0.393540 0.899559
vt 0.391145 0.898102
vt 0.376043 0.888913
vt 0.371824 0.886207
vt 0.347318 0.870491
vt 0.357024 0.876716
vt 0.337405 0.864408
vt 0.322811 0.855454
vt 0.298305 0.839904
vt 0.298305 0.815400
vt 0.322811 0.807153
vt 0.347318 0.790896
vt 0.347318 0.772561
vt 0.347318 0.766392
vt 0.371824 0.741888
vt 0.396331 0.741177
vt 0.418730 0.741888
vt 0.420837 0.741888
vt 0.453914 0.716347
vt 0.463506 0.728554
vt 0.389334 0.901310
vt 0.371824 0.888913
vt 0.347318 0.879907
vt 0.322811 0.864408
vt 0.298305 0.841401
vt 0.295695 0.839904
vt 0.273798 0.827348
vt 0.273798 0.815400
vt 0.298305 0.810476
vt 0.322811 0.790896
vt 0.343750 0.766392
vt 0.347318 0.741888
vt 0.371824 0.733229
vt 0.396331 0.717384
vt 0.408051 0.717384
vt 0.420837 0.717384
vt 0.370609 0.906858
vt 0.347318 0.888913
vt 0.322811 0.887962
vt 0.298305 0.864408
vt 0.273798 0.839904
vt 0.254788 0.816447
vt 0.262736 0.815340
vt 0.273461 0.813845
vt 0.298305 0.790896
vt 0.322811 0.766392
vt 0.329581 0.741888
vt 0.347318 0.725281
vt 0.371824 0.717384
vt 0.396331 0.692879
vt 0.397361 0.692855
vt 0.430111 0.692066
vt 0.440955 0.700411
vt 0.347529 0.910467
vt 0.322811 0.888913
vt 0.319918 0.888913
vt 0.298305 0.888913
vt 0.273798 0.864408
vt 0.251310 0.839461
vt 0.254962 0.815297
vt 0.267081 0.784419
vt 0.298305 0.766392
vt 0.322811 0.741888
vt 0.321556 0.728009
vt 0.320523 0.716590
vt 0.347318 0.717384
vt 0.372625 0.673494
vt 0.396166 0.690112
vt 0.322811 0.911383
vt 0.298305 0.896017
vt 0.273798 0.888913
vt 0.249704 0.864805
vt 0.263477 0.791460
vt 0.274961 0.767233
vt 0.297321 0.734749
vt 0.313668 0.714367
vt 0.319797 0.708569
vt 0.347803 0.688023
vt 0.386112 0.667041
vt 0.395011 0.670664
vt 0.416087 0.682037
vt 0.298305 0.911383
vt 0.273798 0.904072
vt 0.250102 0.888896
vt 0.287354 0.746272
vt 0.306665 0.720991
vt 0.334875 0.696142
vt 0.273798 0.911383
vt 0.253370 0.910787
vt 0.717626 0.875017
vt 0.717725 0.869988
vt 0.720540 0.870044
vt 0.720440 0.875073
vt 0.717870 0.862695
vt 0.720685 0.862751
vt 0.718014 0.855403
vt 0.720829 0.855458
vt 0.718076 0.852275
vt 0.720891 0.852331
vt 0.512939 0.871782
vt 0.513063 0.878079
vt 0.510249 0.878135
vt 0.510124 0.871838
vt 0.443338 0.915374
vt 0.443441 0.920584
vt 0.440627 0.920640
vt 0.440523 0.915430
vt 0.838784 0.856354
vt 0.838865 0.852275
vt 0.841679 0.852331
vt 0.841599 0.856410
vt 0.838719 0.859608
vt 0.841534 0.859663
vt 0.838665 0.862335
vt 0.841480 0.862391
vt 0.838598 0.865732
vt 0.841413 0.865788
vt 0.838535 0.868907
vt 0.841350 0.868962
vt 0.838475 0.871914
vt 0.841290 0.871970
vt 0.838402 0.875615
vt 0.841217 0.875671
vt 0.838324 0.879557
vt 0.841139 0.879613
vt 0.838263 0.882616
vt 0.841078 0.882672
vt 0.841009 0.886156
vt 0.838194 0.886100
vt 0.838098 0.890980
vt 0.840913 0.891036
vt 0.838021 0.894876
vt 0.840835 0.894932
vt 0.837945 0.898663
vt 0.840760 0.898718
vt 0.449577 0.920914
vt 0.449687 0.915374
vt 0.452501 0.915430
vt 0.452392 0.920970
vt 0.868762 0.898993
vt 0.868862 0.904046
vt 0.865947 0.899049
vt 0.866047 0.904101
vt 0.868617 0.891700
vt 0.865802 0.891756
vt 0.865716 0.887385
vt 0.868531 0.887329
vt 0.865662 0.884658
vt 0.868477 0.884602
vt 0.868421 0.881777
vt 0.865606 0.881833
vt 0.868338 0.877601
vt 0.865523 0.877657
vt 0.868288 0.875081
vt 0.865473 0.875137
vt 0.868228 0.872061
vt 0.865413 0.872117
vt 0.868161 0.868653
vt 0.865346 0.868708
vt 0.868093 0.865255
vt 0.865278 0.865311
vt 0.868030 0.862060
vt 0.865215 0.862116
vt 0.865142 0.858447
vt 0.867957 0.858392
vt 0.865084 0.855486
vt 0.867899 0.855430
vt 0.867793 0.850085
vt 0.864978 0.850141
vt 0.519199 0.878101
vt 0.519324 0.871782
vt 0.522139 0.871838
vt 0.522014 0.878157
vt 0.693815 0.825499
vt 0.693978 0.833766
vt 0.691000 0.825554
vt 0.691164 0.833821
vt 0.693670 0.818206
vt 0.690855 0.818262
vt 0.693545 0.811887
vt 0.690730 0.811943
vt 0.476025 0.921401
vt 0.476144 0.915374
vt 0.478840 0.921457
vt 0.478959 0.915430
vt 0.774468 0.877369
vt 0.774607 0.870397
vt 0.777053 0.870445
vt 0.776915 0.877418
vt 0.774745 0.863425
vt 0.777191 0.863473
vt 0.774883 0.856452
vt 0.777329 0.856501
vt 0.774966 0.852276
vt 0.777412 0.852324
vt 0.469777 0.915374
vt 0.469890 0.921056
vt 0.467443 0.921105
vt 0.467331 0.915423
vt 0.572174 0.799966
vt 0.572322 0.807425
vt 0.569876 0.807473
vt 0.569728 0.800014
vt 0.727026 0.876181
vt 0.727135 0.870696
vt 0.729473 0.876230
vt 0.729581 0.870744
vt 0.727268 0.863968
vt 0.729715 0.864016
vt 0.727414 0.856624
vt 0.729860 0.856673
vt 0.727500 0.852275
vt 0.729946 0.852324
vt 0.684420 0.820687
vt 0.684595 0.829488
vt 0.681974 0.820736
vt 0.682149 0.829536
vt 0.681800 0.811935
vt 0.684246 0.811887
vt 0.461083 0.915374
vt 0.461196 0.921056
vt 0.458749 0.921105
vt 0.458637 0.915423
vt 0.783891 0.860385
vt 0.784052 0.852276
vt 0.786498 0.852324
vt 0.786338 0.860433
vt 0.783753 0.867357
vt 0.786199 0.867406
vt 0.783615 0.874330
vt 0.786061 0.874378
vt 0.783547 0.877748
vt 0.785994 0.877797
vt 0.538352 0.814625
vt 0.538492 0.821664
vt 0.536046 0.821713
vt 0.535906 0.814674
vt 0.175747 0.915374
vt 0.175822 0.919175
vt 0.173376 0.919223
vt 0.173300 0.915422
vt 0.801748 0.879159
vt 0.801881 0.872438
vt 0.804327 0.872486
vt 0.804194 0.879207
vt 0.802014 0.865717
vt 0.804460 0.865766
vt 0.802147 0.858996
vt 0.804593 0.859045
vt 0.802280 0.852275
vt 0.804727 0.852324
vt 0.496242 0.915374
vt 0.496362 0.921415
vt 0.493796 0.915423
vt 0.493915 0.921463
vt 0.487541 0.915374
vt 0.487660 0.921414
vt 0.485095 0.915422
vt 0.485214 0.921463
vt 0.553355 0.807334
vt 0.553501 0.799966
vt 0.555947 0.800014
vt 0.555801 0.807382
vt 0.795479 0.872438
vt 0.795612 0.879159
vt 0.793166 0.879207
vt 0.793033 0.872486
vt 0.795346 0.865717
vt 0.792900 0.865766
vt 0.795213 0.858996
vt 0.792767 0.859045
vt 0.795080 0.852275
vt 0.792633 0.852324
vt 0.544627 0.792328
vt 0.544773 0.784960
vt 0.547219 0.785008
vt 0.547073 0.792376
vt 0.810862 0.880302
vt 0.810915 0.877613
vt 0.813361 0.877662
vt 0.813308 0.880350
vt 0.811027 0.871951
vt 0.813474 0.871999
vt 0.811140 0.866289
vt 0.813586 0.866337
vt 0.811252 0.860626
vt 0.813698 0.860675
vt 0.811364 0.854964
vt 0.813810 0.855012
vt 0.811417 0.852275
vt 0.813863 0.852324
vt 0.598314 0.805278
vt 0.598374 0.808317
vt 0.595928 0.808365
vt 0.595868 0.805327
vt 0.598209 0.799966
vt 0.595762 0.800014
vt 0.607031 0.803791
vt 0.607121 0.808317
vt 0.604675 0.808365
vt 0.604585 0.803840
vt 0.606956 0.799966
vt 0.604509 0.800014
vt 0.199491 0.919287
vt 0.199568 0.915374
vt 0.202015 0.915422
vt 0.201937 0.919336
vt 0.216731 0.919375
vt 0.216811 0.915374
vt 0.219257 0.915423
vt 0.219178 0.919423
vt 0.904623 0.901046
vt 0.904735 0.906708
vt 0.902289 0.906757
vt 0.902177 0.901094
vt 0.904511 0.895384
vt 0.902065 0.895432
vt 0.904399 0.889721
vt 0.901953 0.889770
vt 0.904287 0.884059
vt 0.901840 0.884108
vt 0.904174 0.878397
vt 0.901728 0.878445
vt 0.904062 0.872735
vt 0.901616 0.872783
vt 0.903950 0.867072
vt 0.901504 0.867121
vt 0.903838 0.861410
vt 0.901392 0.861458
vt 0.903726 0.855748
vt 0.901279 0.855796
vt 0.903613 0.850085
vt 0.901167 0.850134
vt 0.621937 0.815378
vt 0.622018 0.811290
vt 0.624464 0.811339
vt 0.624383 0.815427
vt 0.622130 0.805628
vt 0.624576 0.805676
vt 0.622242 0.799966
vt 0.624689 0.800014
vt 0.630824 0.827387
vt 0.630936 0.821725
vt 0.633382 0.821773
vt 0.633270 0.827435
vt 0.631048 0.816062
vt 0.633494 0.816111
vt 0.631131 0.811887
vt 0.633577 0.811935
vt 0.675369 0.556999
vt 0.675940 0.598422
vt 0.668414 0.557095
vt 0.662032 0.598614
vt 0.674797 0.515577
vt 0.676511 0.639845
vt 0.662603 0.640036
vt 0.661460 0.557191
vt 0.660889 0.515769
vt 0.676797 0.660556
vt 0.662889 0.660748
vt 0.660318 0.474346
vt 0.674226 0.474154
vt 0.677082 0.681267
vt 0.663174 0.681459
vt 0.660032 0.453635
vt 0.673940 0.453443
vt 0.677254 0.693708
vt 0.663346 0.693900
vt 0.659747 0.432923
vt 0.673655 0.432732
vt 0.677363 0.701634
vt 0.663455 0.701825
vt 0.659575 0.420483
vt 0.673483 0.420291
vt 0.677511 0.712369
vt 0.663603 0.712560
vt 0.659466 0.412557
vt 0.673374 0.412365
vt 0.659318 0.401822
vt 0.673226 0.401630
vt 0.565444 0.584398
vt 0.566015 0.542975
vt 0.579352 0.584590
vt 0.572969 0.543071
vt 0.578781 0.626012
vt 0.580494 0.501745
vt 0.579923 0.543167
vt 0.564873 0.625821
vt 0.566586 0.501553
vt 0.578487 0.647322
vt 0.581066 0.460322
vt 0.564579 0.647131
vt 0.567158 0.460130
vt 0.578227 0.666139
vt 0.581360 0.439012
vt 0.564319 0.665947
vt 0.567451 0.438820
vt 0.564301 0.667243
vt 0.578209 0.667435
vt 0.581619 0.420195
vt 0.567711 0.420004
vt 0.567729 0.418708
vt 0.581637 0.418900
vt 0.587772 0.692124
vt 0.587944 0.679684
vt 0.592200 0.679743
vt 0.592028 0.692183
vt 0.588230 0.658934
vt 0.592486 0.658993
vt 0.588515 0.638261
vt 0.592771 0.638320
vt 0.589086 0.596839
vt 0.593343 0.596897
vt 0.589658 0.555416
vt 0.593914 0.555475
vt 0.594485 0.514052
vt 0.590229 0.513994
vt 0.590800 0.472571
vt 0.595056 0.472630
vt 0.591085 0.451898
vt 0.595341 0.451956
vt 0.591371 0.431148
vt 0.595628 0.431207
vt 0.591543 0.418708
vt 0.595799 0.418766
vt 0.609895 0.687314
vt 0.610067 0.699755
vt 0.605810 0.699813
vt 0.605639 0.687373
vt 0.610172 0.707385
vt 0.605916 0.707443
vt 0.609609 0.666587
vt 0.605353 0.666646
vt 0.609324 0.645891
vt 0.605068 0.645950
vt 0.608753 0.604469
vt 0.604496 0.604527
vt 0.603925 0.563105
vt 0.608181 0.563046
vt 0.607610 0.521624
vt 0.603354 0.521682
vt 0.602783 0.480260
vt 0.607039 0.480201
vt 0.602497 0.459564
vt 0.606753 0.459505
vt 0.602211 0.438837
vt 0.606467 0.438778
vt 0.602040 0.426397
vt 0.606296 0.426338
vt 0.601934 0.418766
vt 0.606191 0.418708
vt 0.551625 0.584398
vt 0.552196 0.542975
vt 0.556452 0.543034
vt 0.555881 0.584457
vt 0.552767 0.501553
vt 0.557024 0.501612
vt 0.555531 0.609865
vt 0.557374 0.476203
vt 0.551274 0.609807
vt 0.553118 0.476144
vt 0.555310 0.625879
vt 0.557595 0.460189
vt 0.551054 0.625821
vt 0.553339 0.460130
vt 0.550777 0.645903
vt 0.555033 0.645962
vt 0.553616 0.440048
vt 0.557872 0.440106
vt 0.550639 0.655889
vt 0.554895 0.655948
vt 0.553753 0.430062
vt 0.558009 0.430121
vt 0.554738 0.667302
vt 0.558166 0.418766
vt 0.550482 0.667243
vt 0.553910 0.418708
vt 0.514555 0.767386
vt 0.515126 0.808809
vt 0.510870 0.808868
vt 0.510298 0.767445
vt 0.515234 0.816675
vt 0.509727 0.726022
vt 0.513983 0.725964
vt 0.510978 0.816734
vt 0.513875 0.718098
vt 0.515697 0.850232
vt 0.509619 0.718156
vt 0.511441 0.850290
vt 0.513412 0.684541
vt 0.515938 0.867732
vt 0.509156 0.684600
vt 0.511682 0.867791
vt 0.513171 0.667041
vt 0.508915 0.667100
vt 0.299394 0.915374
vt 0.301147 0.915398
vt 0.301088 0.919654
vt 0.299335 0.919630
vt 0.318737 0.919630
vt 0.316136 0.919666
vt 0.316077 0.915410
vt 0.318678 0.915374
vt 0.283757 0.915398
vt 0.283698 0.919654
vt 0.281946 0.919630
vt 0.282004 0.915374
vt 0.307341 0.919666
vt 0.307282 0.915410
vt 0.309883 0.915374
vt 0.309942 0.919630
vt 0.549501 0.727225
vt 0.546686 0.727187
vt 0.546890 0.712354
vt 0.549705 0.712393
vt 0.549067 0.758715
vt 0.546251 0.758677
vt 0.546941 0.708692
vt 0.549756 0.708730
vt 0.548760 0.780968
vt 0.545945 0.780930
vt 0.547276 0.684385
vt 0.550091 0.684424
vt 0.547457 0.671293
vt 0.550272 0.671332
vt 0.534251 0.667080
vt 0.537066 0.667041
vt 0.537303 0.684227
vt 0.534488 0.684266
vt 0.537400 0.691268
vt 0.534585 0.691307
vt 0.537729 0.715105
vt 0.534914 0.715144
vt 0.537745 0.716255
vt 0.534930 0.716294
vt 0.538062 0.739269
vt 0.535247 0.739308
vt 0.538412 0.764613
vt 0.535596 0.764651
vt 0.538744 0.788704
vt 0.535929 0.788742
vt 0.539046 0.810595
vt 0.536231 0.810634
vt 0.768333 0.852295
vt 0.767995 0.876799
vt 0.766588 0.876780
vt 0.766926 0.852275
vt 0.562185 0.807428
vt 0.562082 0.799985
vt 0.563490 0.799966
vt 0.563592 0.807409
vt 0.503988 0.882991
vt 0.503905 0.889074
vt 0.502497 0.889054
vt 0.502581 0.882972
vt 0.528363 0.866069
vt 0.528274 0.859597
vt 0.529682 0.859578
vt 0.529771 0.866050
vt 0.338376 0.919630
vt 0.334692 0.919666
vt 0.334692 0.915410
vt 0.338376 0.915374
vt 0.328556 0.915374
vt 0.328556 0.919630
vt 0.324872 0.919666
vt 0.324872 0.915410
vn -0.019810 0.244420 0.969467
vn -0.019810 0.244420 0.969467
vn -0.019810 0.244420 0.969467
vn -0.019810 0.244420 0.969467
vn -0.019810 0.244420 0.969467
vn -0.019810 0.244420 0.969467
vn -0.019810 0.244420 0.969467
vn -0.019810 0.244420 0.969467
vn -0.019810 0.244420 0.969467
vn -0.019810 0.244420 0.969467
vn -0.019810 0.244420 0.969467
vn -0.019810 0.244420 0.969467
vn -0.019810 0.244420 0.969467
vn -0.019810 0.244420 0.969467
vn -0.019810 0.244420 0.969467
vn -0.019810 0.244420 0.969467
vn -0.019810 0.244420 0.969467
vn -0.019810 0.244420 0.969467
vn -0.019810 0.244420 0.969467
vn -0.019810 0.244420 0.969467
vn -0.019810 0.244420 0.969467
vn -0.019810 0.244420 0.969467
vn -0.019810 0.244420 0.969467
vn -0.019810 0.244420 0.969467
vn -0.019810 0.244420 0.969467
vn -0.019810 0.244420 0.969467
vn -0.019810 0.244420 0.969467
vn -0.019810 0.244420 0.969467
vn -0.019810 0.244420 0.969467
vn -0.019810 0.244420 0.969467
vn -0.019810 0.244420 0.969467
vn -0.019810 0.244420 0.969467
vn -0.019810 0.244420 0.969467
vn -0.019810 0.244420 0.969467
vn -0.019810 0.244420 0.969467
vn -0.019810 0.244420 0.969467
vn -0.019810 0.244420 0.969467
vn -0.019810 0.244420 0.969467
vn -0.019810 0.244420 0.969467
vn -0.019810 0.244420 0.969467
vn -0.019810 0.244420 0.969467
vn -0.019810 0.244420 0.969467
vn -0.019810 0.244420 0.969467
vn -0.019810 0.244420 0.969467
vn -0.019810 0.244420 0.969467
vn -0.019810 0.244420 0.969467
vn -0.019810 0.244420 0.969467
vn -0.019810 0.244420 0.969467
vn -0.019810 0.244420 0.969467
vn -0.019810 0.244420 0.969467
vn -0.019810 0.244420 0.969467
vn -0.019810 0.244420 0.969467
vn -0.019810 0.244420 0.969467
vn -0.019810 0.244420 0.969467
vn -0.019810 0.244420 0.969467
vn -0.019810 0.244420 0.969467
vn -0.019810 0.244420 0.969467
vn -0.019810 0.244420 0.969467
vn -0.019810 0.244420 0.969467
vn -0.019810 0.244420 0.969467
vn -0.019810 0.244420 0.969467
vn -0.019810 0.244420 0.969467
vn -0.019810 0.244420 0.969467
vn -0.019810 0.244420 0.969467
vn -0.019810 0.244420 0.969467
vn -0.019810 0.244420 0.969467
vn -0.019810 0.244420 0.969467
vn -0.019810 0.244420 0.969467
vn -0.019810 0.244420 0.969467
vn -0.019810 0.244420 0.969467
vn -0.019810 0.244420 0.969467
vn -0.019810 0.244420 0.969467
vn -0.019810 0.244420 0.969467
vn -0.019810 0.244420 0.969467
vn -0.019810 0.244420 0.969467
vn -0.019810 0.244420 0.969467
vn -0.019810 0.244420 0.969467
vn -0.019810 0.244420 0.969467
vn -0.019810 0.244420 0.969467
vn -0.019810 0.244420 0.969467
vn -0.019810 0.244420 0.969467
vn -0.019810 0.244420 0.969467
vn 0.019810 -0.244420 -0.969467
vn 0.019810 -0.244420 -0.969467
vn 0.019810 -0.244420 -0.969467
vn 0.019810 -0.244420 -0.969467
vn 0.019810 -0.244420 -0.969467
vn 0.019810 -0.244420 -0.969467
vn 0.019810 -0.244420 -0.969467
vn 0.019810 -0.244420 -0.969467
vn 0.019810 -0.244420 -0.969467
vn 0.019810 -0.244420 -0.969467
vn 0.019810 -0.244420 -0.969467
vn 0.019810 -0.244420 -0.969467
vn 0.019810 -0.244420 -0.969467
vn 0.019810 -0.244420 -0.969467
vn 0.019810 -0.244420 -0.969467
vn 0.019810 -0.244420 -0.969467
vn 0.019810 -0.244420 -0.969467
vn 0.019810 -0.244420 -0.969467
vn 0.019810 -0.244420 -0.969467
vn 0.019810 -0.244420 -0.969467
vn 0.019810 -0.244420 -0.969467
vn 0.019810 -0.244420 -0.969467
vn 0.019810 -0.244420 -0.969467
vn 0.019810 -0.244420 -0.969467
vn 0.019810 -0.244420 -0.969467
vn 0.019810 -0.244420 -0.969467
vn 0.019810 -0.244420 -0.969467
vn 0.019810 -0.244420 -0.969467
vn 0.019810 -0.244420 -0.969467
vn 0.019810 -0.244420 -0.969467
vn 0.019810 -0.244420 -0.969467
vn 0.019810 -0.244420 -0.969467
vn 0.019810 -0.244420 -0.969467
vn 0.019810 -0.244420 -0.969467
vn 0.019810 -0.244420 -0.969467
vn 0.019810 -0.244420 -0.969467
vn 0.019810 -0.244420 -0.969467
vn 0.019810 -0.244420 -0.969467
vn 0.019810 -0.244420 -0.969467
vn 0.019810 -0.244420 -0.969467
vn 0.019810 -0.244420 -0.969467
vn 0.019810 -0.244420 -0.969467
vn 0.019810 -0.244420 -0.969467
vn 0.019810 -0.244420 -0.969467
vn 0.019810 -0.244420 -0.969467
vn 0.019810 -0.244420 -0.969467
vn 0.019810 -0.244420 -0.969467
vn 0.019810 -0.244420 -0.969467
vn 0.019810 -0.244420 -0.969467
vn 0.019810 -0.244420 -0.969467
vn 0.019810 -0.244420 -0.969467
vn 0.019810 -0.244420 -0.969467
vn 0.019810 -0.244420 -0.969467
vn 0.019810 -0.244420 -0.969467
vn 0.019810 -0.244420 -0.969467
vn 0.019810 -0.244420 -0.969467
vn 0.019810 -0.244420 -0.969467
vn 0.019810 -0.244420 -0.969467
vn 0.019810 -0.244420 -0.969467
vn 0.019810 -0.244420 -0.969467
vn 0.019810 -0.244420 -0.969467
vn 0.019810 -0.244420 -0.969467
vn 0.019810 -0.244420 -0.969467
vn 0.019810 -0.244420 -0.969467
vn 0.019810 -0.244420 -0.969467
vn 0.019810 -0.244420 -0.969467
vn 0.019810 -0.244420 -0.969467
vn 0.019810 -0.244420 -0.969467
vn 0.019810 -0.244420 -0.969467
vn 0.019810 -0.244420 -0.969467
vn 0.019810 -0.244420 -0.969467
vn 0.019810 -0.244420 -0.969467
vn 0.019810 -0.244420 -0.969467
vn 0.019810 -0.244420 -0.969467
vn 0.019810 -0.244420 -0.969467
vn 0.019810 -0.244420 -0.969467
vn 0.019810 -0.244420 -0.969467
vn 0.019810 -0.244420 -0.969467
vn 0.019810 -0.244420 -0.969467
vn 0.019810 -0.244420 -0.969467
vn 0.019810 -0.244420 -0.969467
vn 0.019810 -0.244420 -0.969467
vn -0.089658 -0.966185 0.241760
vn -0.036716 -0.969181 0.243598
vn -0.036716 -0.969181 0.243598
vn -0.089658 -0.966185 0.241760
vn -0.396086 0.888400 -0.232078
vn -0.396086 0.888400 -0.232078
vn -0.396086 0.888400 -0.232078
vn -0.396086 0.888400 -0.232078
vn -0.985966 0.155993 -0.059479
vn -0.985966 0.155993 -0.059479
vn -0.985966 0.155993 -0.059479
vn -0.985966 0.155993 -0.059479
vn -0.000001 -0.969657 0.244468
vn -0.000001 -0.969657 0.244468
vn 0.005111 -0.969620 0.244563
vn 0.005112 -0.969620 0.244563
vn 0.028942 -0.969111 0.244922
vn 0.028943 -0.969111 0.244922
vn 0.992226 0.123965 -0.010980
vn 0.992226 0.123965 -0.010980
vn 0.992226 0.123965 -0.010980
vn 0.992226 0.123965 -0.010980
vn 0.357109 0.907425 -0.221480
vn 0.357110 0.907425 -0.221480
vn 0.357109 0.907425 -0.221480
vn 0.357110 0.907425 -0.221480
vn 0.023864 -0.969266 0.244857
vn 0.023864 -0.969266 0.244857
vn 0.023864 -0.969266 0.244857
vn 0.023864 -0.969266 0.244857
vn 0.999673 -0.010824 0.023156
vn 0.999777 -0.002247 0.020995
vn 0.999777 -0.002247 0.020995
vn 0.999673 -0.010824 0.023156
vn -0.803586 -0.580815 0.130015
vn -0.796792 -0.589578 0.132363
vn -0.796792 -0.589578 0.132363
vn -0.803586 -0.580815 0.130015
vn -0.998816 0.038264 -0.030059
vn -0.994663 0.093384 -0.043872
vn -0.994663 0.093384 -0.043872
vn -0.998816 0.038264 -0.030059
vn 0.975375 0.217763 -0.034974
vn 0.994371 0.105762 -0.006346
vn 0.994371 0.105762 -0.006346
vn 0.975375 0.217763 -0.034974
vn 0.999804 0.004843 0.019208
vn 0.999804 0.004843 0.019208
vn -0.796512 -0.589935 0.132458
vn -0.796512 -0.589935 0.132458
vn -0.999804 -0.004843 -0.019209
vn -0.999804 -0.004843 -0.019209
vn 0.999804 0.004843 0.019209
vn 0.999804 0.004843 0.019209
vn -0.792361 -0.595184 0.133866
vn -0.792361 -0.595184 0.133866
vn -0.778169 -0.612584 0.138543
vn -0.778169 -0.612584 0.138543
vn 0.999804 0.004843 0.019208
vn 0.999804 0.004843 0.019208
vn -0.999803 -0.006360 -0.018828
vn -0.999803 -0.006360 -0.018828
vn 0.999796 0.000968 0.020185
vn 0.999796 0.000968 0.020185
vn -0.757179 -0.636888 0.145098
vn -0.757179 -0.636888 0.145098
vn -0.742343 -0.653130 0.149496
vn -0.742343 -0.653130 0.149496
vn 0.786306 0.602709 -0.135887
vn 0.773477 0.618159 -0.140045
vn 0.773477 0.618159 -0.140045
vn 0.786306 0.602709 -0.135887
vn 0.999804 0.004843 0.019208
vn 0.999804 0.004843 0.019208
vn -0.998280 0.048671 -0.032669
vn -0.993315 0.105480 -0.046891
vn -0.993315 0.105480 -0.046891
vn -0.998280 0.048671 -0.032669
vn -0.999802 -0.006360 -0.018828
vn -0.999802 -0.006360 -0.018828
vn 0.999796 0.000968 0.020185
vn 0.999796 0.000968 0.020185
vn -0.755313 -0.638971 0.145662
vn -0.755313 -0.638971 0.145662
vn -0.774993 -0.616367 0.139562
vn -0.774993 -0.616367 0.139563
vn 0.761390 0.632142 -0.143815
vn 0.761390 0.632141 -0.143816
vn 0.804881 0.579121 -0.129560
vn 0.804881 0.579120 -0.129561
vn 0.999804 0.004843 0.019208
vn 0.999804 0.004843 0.019208
vn -0.999804 -0.004843 -0.019208
vn -0.999804 -0.004843 -0.019208
vn -0.999804 -0.004843 -0.019209
vn -0.999804 -0.004843 -0.019209
vn 0.999728 0.016757 0.016204
vn 0.999728 0.016757 0.016204
vn -0.766467 -0.626333 0.142249
vn -0.766467 -0.626333 0.142250
vn -0.790484 -0.597533 0.134497
vn -0.790484 -0.597533 0.134497
vn 0.777687 0.613160 -0.138698
vn 0.777687 0.613160 -0.138698
vn 0.768162 0.624373 -0.141720
vn 0.768162 0.624373 -0.141720
vn 0.999606 0.024134 0.014340
vn 0.999606 0.024134 0.014340
vn -0.999804 -0.004843 -0.019208
vn -0.999804 -0.004843 -0.019208
vn -0.999804 -0.004843 -0.019209
vn -0.999804 -0.004843 -0.019209
vn 0.999545 0.026904 0.013643
vn 0.999545 0.026904 0.013643
vn 0.811645 0.570143 -0.127159
vn 0.811645 0.570143 -0.127159
vn -0.758596 -0.635298 0.144667
vn -0.758596 -0.635298 0.144667
vn 0.999606 0.024134 0.014340
vn 0.999606 0.024134 0.014340
vn -0.999804 -0.004843 -0.019208
vn -0.999804 -0.004843 -0.019208
vn -0.994904 -0.100704 0.005060
vn -0.994904 -0.100704 0.005060
vn -0.689259 -0.705746 0.163845
vn -0.689259 -0.705746 0.163845
vn 0.708218 0.687867 -0.158951
vn 0.755314 0.638971 -0.145661
vn 0.755314 0.638971 -0.145661
vn 0.708218 0.687867 -0.158951
vn 0.821123 0.557186 -0.123698
vn 0.821123 0.557186 -0.123698
vn 0.993467 -0.104186 0.046568
vn 0.993467 -0.104186 0.046568
vn -0.997580 -0.069464 -0.002871
vn -0.997580 -0.069464 -0.002871
vn -0.967264 -0.250054 0.043279
vn -0.967264 -0.250054 0.043279
vn 0.846149 0.520620 -0.113965
vn 0.846149 0.520619 -0.113965
vn 0.961154 -0.262343 0.085784
vn 0.961154 -0.262343 0.085784
vn -0.984287 -0.174937 0.023993
vn -0.984287 -0.174937 0.023993
vn -0.301656 -0.925931 0.227279
vn -0.301656 -0.925931 0.227279
vn -0.301656 -0.925931 0.227279
vn -0.301656 -0.925931 0.227279
vn -0.024783 0.969239 -0.244869
vn -0.095913 0.964721 -0.245183
vn -0.024784 0.969239 -0.244869
vn -0.095915 0.964720 -0.245184
vn -0.981104 -0.191413 0.028208
vn -0.981104 -0.191413 0.028208
vn -0.981104 -0.191413 0.028208
vn -0.981104 -0.191413 0.028208
vn 0.030805 0.969346 -0.243760
vn 0.030805 0.969346 -0.243760
vn 0.796290 0.590217 -0.132533
vn 0.796291 0.590216 -0.132536
vn 0.132487 0.961748 -0.239768
vn 0.132486 0.961748 -0.239767
vn -0.359496 -0.906548 0.221211
vn -0.359496 -0.906548 0.221211
vn -0.359496 -0.906548 0.221211
vn -0.359496 -0.906548 0.221211
vn -0.021301 0.969334 -0.244822
vn -0.058793 0.967695 -0.245174
vn -0.021301 0.969334 -0.244822
vn -0.058792 0.967695 -0.245174
vn -0.999490 -0.029148 -0.013072
vn -0.999490 -0.029148 -0.013072
vn -0.999490 -0.029148 -0.013072
vn -0.999490 -0.029148 -0.013072
vn 0.000000 0.969657 -0.244468
vn 0.000000 0.969657 -0.244468
vn 0.264864 -0.933730 0.240821
vn 0.264865 -0.933730 0.240822
vn 0.264864 -0.933730 0.240821
vn 0.264866 -0.933730 0.240822
vn 0.992044 -0.115768 0.049456
vn 0.992044 -0.115768 0.049456
vn 0.992044 -0.115768 0.049456
vn 0.992044 -0.115768 0.049456
vn 0.000000 0.969657 -0.244468
vn 0.000000 0.969657 -0.244468
vn -0.019810 0.244420 0.969467
vn -0.019810 0.244420 0.969467
vn -0.019810 0.244420 0.969467
vn -0.019810 0.244420 0.969467
vn -0.019810 0.244420 0.969467
vn -0.019810 0.244420 0.969467
vn -0.019810 0.244420 0.969467
vn -0.019810 0.244420 0.969467
vn -0.019810 0.244420 0.969467
vn -0.019810 0.244420 0.969467
vn -0.019810 0.244420 0.969467
vn -0.019810 0.244420 0.969467
vn -0.019810 0.244420 0.969467
vn -0.019810 0.244420 0.969467
vn -0.019810 0.244420 0.969467
vn -0.019810 0.244420 0.969467
vn -0.019810 0.244420 0.969467
vn -0.019810 0.244420 0.969467
vn -0.019810 0.244420 0.969467
vn -0.019810 0.244420 0.969467
vn -0.019810 0.244420 0.969467
vn -0.019810 0.244420 0.969467
vn -0.019810 0.244420 0.969467
vn -0.019810 0.244420 0.969467
vn -0.019810 0.244420 0.969467
vn -0.019810 0.244420 0.969467
vn -0.019810 0.244420 0.969467
vn -0.019810 0.244420 0.969467
vn -0.019810 0.244420 0.969467
vn -0.019810 0.244420 0.969467
vn -0.019810 0.244420 0.969467
vn -0.019810 0.244420 0.969467
vn -0.019810 0.244420 0.969467
vn -0.019810 0.244420 0.969467
vn -0.019810 0.244420 0.969467
vn -0.019810 0.244420 0.969467
vn -0.019810 0.244420 0.969467
vn -0.019810 0.244420 0.969467
vn -0.019810 0.244420 0.969467
vn -0.019810 0.244420 0.969467
vn -0.019810 0.244420 0.969467
vn -0.019810 0.244420 0.969467
vn -0.019810 0.244420 0.969467
vn -0.019810 0.244420 0.969467
vn -0.019810 0.244420 0.969467
vn -0.019810 0.244420 0.969467
vn -0.019810 0.244420 0.969467
vn -0.019810 0.244420 0.969467
vn -0.019810 0.244420 0.969467
vn -0.019810 0.244420 0.969467
vn -0.019810 0.244420 0.969467
vn -0.019810 0.244420 0.969467
vn -0.019810 0.244420 0.969467
vn -0.019810 0.244420 0.969467
vn -0.019810 0.244420 0.969467
vn -0.019810 0.244420 0.969467
vn -0.019810 0.244420 0.969467
vn -0.019810 0.244420 0.969467
vn -0.019810 0.244420 0.969467
vn -0.019810 0.244420 0.969467
vn -0.019810 0.244420 0.969467
vn -0.019810 0.244420 0.969467
vn -0.019810 0.244420 0.969467
vn -0.019810 0.244420 0.969467
vn -0.019810 0.244420 0.969467
vn -0.019810 0.244420 0.969467
vn -0.019810 0.244420 0.969467
vn -0.019810 0.244420 0.969467
vn -0.019810 0.244420 0.969467
vn -0.019810 0.244420 0.969467
vn 0.019810 -0.244420 -0.969467
vn 0.019810 -0.244420 -0.969467
vn 0.019810 -0.244420 -0.969467
vn 0.019810 -0.244420 -0.969467
vn 0.019810 -0.244420 -0.969467
vn 0.019810 -0.244420 -0.969467
vn 0.019810 -0.244420 -0.969467
vn 0.019810 -0.244420 -0.969467
vn 0.019810 -0.244420 -0.969467
vn 0.019810 -0.244420 -0.969467
vn 0.019810 -0.244420 -0.969467
vn 0.019810 -0.244420 -0.969467
vn 0.019810 -0.244420 -0.969467
vn 0.019810 -0.244420 -0.969467
vn 0.019810 -0.244420 -0.969467
vn 0.019810 -0.244420 -0.969467
vn 0.019810 -0.244420 -0.969467
vn 0.019810 -0.244420 -0.969467
vn 0.019810 -0.244420 -0.969467
vn 0.019810 -0.244420 -0.969467
vn 0.019810 -0.244420 -0.969467
vn 0.019810 -0.244420 -0.969467
vn 0.019810 -0.244420 -0.969467
vn 0.019810 -0.244420 -0.969467
vn 0.019810 -0.244420 -0.969467
vn 0.019810 -0.244420 -0.969467
vn 0.019810 -0.244420 -0.969467
vn 0.019810 -0.244420 -0.969467
vn 0.019810 -0.244420 -0.969467
vn 0.019810 -0.244420 -0.969467
vn 0.019810 -0.244420 -0.969467
vn 0.019810 -0.244420 -0.969467
vn 0.019810 -0.244420 -0.969467
vn 0.019810 -0.244420 -0.969467
vn 0.019810 -0.244420 -0.969467
vn 0.019810 -0.244420 -0.969467
vn 0.019810 -0.244420 -0.969467
vn 0.019810 -0.244420 -0.969467
vn 0.019810 -0.244420 -0.969467
vn 0.019810 -0.244420 -0.969467
vn 0.019810 -0.244420 -0.969467
vn 0.019810 -0.244420 -0.969467
vn 0.019810 -0.244420 -0.969467
vn 0.019810 -0.244420 -0.969467
vn 0.019810 -0.244420 -0.969467
vn 0.019810 -0.244420 -0.969467
vn 0.019810 -0.244420 -0.969467
vn 0.019810 -0.244420 -0.969467
vn 0.019810 -0.244420 -0.969467
vn 0.019810 -0.244420 -0.969467
vn 0.019810 -0.244420 -0.969467
vn 0.019810 -0.244420 -0.969467
vn 0.019810 -0.244420 -0.969467
vn 0.019810 -0.244420 -0.969467
vn 0.019810 -0.244420 -0.969467
vn 0.019810 -0.244420 -0.969467
vn 0.019810 -0.244420 -0.969467
vn 0.019810 -0.244420 -0.969467
vn 0.019810 -0.244420 -0.969467
vn 0.019810 -0.244420 -0.969467
vn 0.019810 -0.244420 -0.969467
vn 0.019810 -0.244420 -0.969467
vn 0.019810 -0.244420 -0.969467
vn 0.019810 -0.244420 -0.969467
vn 0.019810 -0.244420 -0.969467
vn 0.019810 -0.244420 -0.969467
vn 0.019810 -0.244420 -0.969467
vn 0.019810 -0.244420 -0.969467
vn 0.019810 -0.244420 -0.969467
vn 0.019810 -0.244420 -0.969467
vn 0.000000 -0.969657 0.244468
vn 0.000001 -0.969657 0.244468
vn 0.000001 -0.969657 0.244468
vn 0.000000 -0.969657 0.244468
vn -0.273038 0.931477 -0.240421
vn -0.273038 0.931477 -0.240421
vn -0.273038 0.931477 -0.240421
vn -0.273038 0.931477 -0.240421
vn -0.998811 0.038368 -0.030083
vn -0.998811 0.038368 -0.030083
vn -0.998811 0.038368 -0.030083
vn -0.998811 0.038368 -0.030083
vn 0.000001 -0.969657 0.244468
vn 0.000001 -0.969657 0.244468
vn 0.000000 -0.969657 0.244468
vn 0.000000 -0.969657 0.244468
vn 0.000000 -0.969657 0.244468
vn 0.000000 -0.969657 0.244468
vn 0.999518 0.028010 0.013362
vn 0.999518 0.028010 0.013362
vn 0.999518 0.028010 0.013362
vn 0.999518 0.028010 0.013362
vn 0.441877 0.871955 -0.210805
vn 0.441877 0.871955 -0.210805
vn 0.441877 0.871955 -0.210805
vn 0.441877 0.871955 -0.210805
vn -0.949396 0.299405 -0.094885
vn -0.844452 0.515034 -0.147104
vn -0.844452 0.515035 -0.147104
vn -0.949396 0.299405 -0.094885
vn -0.752289 0.635035 -0.175475
vn -0.752289 0.635035 -0.175475
vn 0.954511 -0.283924 0.091087
vn 0.944876 -0.312396 0.098069
vn 0.944876 -0.312396 0.098069
vn 0.954511 -0.283924 0.091087
vn 0.937315 -0.332890 0.103083
vn 0.937314 -0.332890 0.103083
vn -0.926981 0.358800 -0.109402
vn -0.926981 0.358800 -0.109402
vn -0.923412 0.367268 -0.111463
vn -0.923412 0.367268 -0.111463
vn 0.114345 -0.962741 0.245061
vn 0.069229 -0.966995 0.245211
vn 0.114347 -0.962741 0.245061
vn 0.069229 -0.966995 0.245211
vn -0.021882 -0.969531 0.243989
vn -0.021883 -0.969531 0.243989
vn -0.000000 0.969657 -0.244468
vn -0.012217 0.969526 -0.244684
vn -0.000000 0.969657 -0.244468
vn -0.012217 0.969526 -0.244684
vn -0.913875 0.388858 -0.116713
vn -0.914500 0.387486 -0.116378
vn -0.914500 0.387486 -0.116378
vn -0.913875 0.388858 -0.116713
vn 0.994081 -0.098780 0.045217
vn 0.946613 -0.307477 0.096864
vn 0.946613 -0.307477 0.096864
vn 0.994081 -0.098780 0.045217
vn 0.901243 -0.415443 0.123157
vn 0.901243 -0.415443 0.123157
vn -0.938944 0.328594 -0.102031
vn -0.938944 0.328594 -0.102031
vn 0.911517 -0.393984 0.117956
vn 0.911517 -0.393984 0.117956
vn -0.945433 0.310829 -0.097685
vn -0.945433 0.310829 -0.097685
vn -0.930367 0.350548 -0.107391
vn -0.943074 0.317414 -0.099297
vn -0.943074 0.317414 -0.099297
vn -0.930367 0.350548 -0.107391
vn 0.885843 -0.445293 0.130368
vn 0.885843 -0.445293 0.130368
vn -0.876514 0.462220 -0.134444
vn -0.876514 0.462220 -0.134444
vn -0.858988 0.492025 -0.141600
vn -0.858988 0.492025 -0.141600
vn 0.998489 0.054542 0.006652
vn 0.998489 0.054542 0.006652
vn 0.998489 0.054542 0.006652
vn 0.998489 0.054542 0.006652
vn 0.273038 0.934121 -0.229929
vn 0.273038 0.934121 -0.229929
vn 0.273038 0.934121 -0.229929
vn 0.273038 0.934121 -0.229929
vn 0.033476 -0.968952 0.244974
vn 0.062174 -0.967480 0.245189
vn 0.062174 -0.967480 0.245189
vn 0.033476 -0.968952 0.244974
vn 0.000000 -0.969657 0.244468
vn 0.000000 -0.969657 0.244468
vn 0.012154 -0.969527 0.244683
vn 0.012154 -0.969527 0.244683
vn -0.360539 0.902670 -0.234946
vn -0.360539 0.902670 -0.234946
vn -0.360539 0.902670 -0.234946
vn -0.360539 0.902670 -0.234946
vn -0.999502 0.018997 -0.025213
vn -0.999502 0.018997 -0.025213
vn -0.999502 0.018997 -0.025213
vn -0.999502 0.018997 -0.025213
vn 0.036920 -0.968817 0.245010
vn 0.036920 -0.968817 0.245010
vn 0.823188 0.554301 -0.122928
vn 0.880636 0.463371 -0.098829
vn 0.880636 0.463371 -0.098829
vn 0.823188 0.554301 -0.122928
vn 0.949396 0.308603 -0.058404
vn 0.949396 0.308603 -0.058404
vn -0.932694 -0.353782 0.070136
vn -0.929685 -0.361236 0.072077
vn -0.929685 -0.361236 0.072077
vn -0.932694 -0.353782 0.070136
vn 0.926981 0.367781 -0.073782
vn 0.926981 0.367781 -0.073782
vn -0.935044 -0.347834 0.068589
vn -0.935044 -0.347835 0.068589
vn 0.923412 0.376214 -0.075981
vn 0.923412 0.376214 -0.075981
vn -0.055792 -0.968417 0.243015
vn -0.086787 -0.966418 0.241878
vn -0.055792 -0.968417 0.243015
vn -0.086788 -0.966418 0.241878
vn 0.012217 0.969644 -0.244215
vn 0.012217 0.969644 -0.244215
vn 0.914500 0.396345 -0.081239
vn 0.914500 0.396345 -0.081239
vn 0.913875 0.397712 -0.081596
vn 0.913875 0.397712 -0.081596
vn -0.946612 -0.316648 0.060490
vn -0.994081 -0.108411 0.007019
vn -0.994081 -0.108411 0.007019
vn -0.946612 -0.316648 0.060490
vn 0.938944 0.337690 -0.065951
vn 0.938944 0.337690 -0.065951
vn -0.901243 -0.424175 0.088526
vn -0.901243 -0.424175 0.088526
vn 0.945433 0.319988 -0.061356
vn 0.945433 0.319988 -0.061356
vn -0.911517 -0.402814 0.082931
vn -0.911517 -0.402814 0.082931
vn 0.943074 0.326551 -0.063059
vn 0.943074 0.326551 -0.063059
vn 0.940473 0.333614 -0.064893
vn 0.940473 0.333614 -0.064893
vn -0.885843 -0.453875 0.096329
vn -0.885843 -0.453875 0.096329
vn 0.937697 0.340972 -0.066805
vn 0.937697 0.340972 -0.066805
vn 0.119875 0.963243 -0.240401
vn 0.119875 0.963243 -0.240401
vn 0.119875 0.963243 -0.240401
vn 0.119875 0.963243 -0.240401
vn -0.019810 0.244420 0.969467
vn -0.019810 0.244420 0.969467
vn -0.019810 0.244420 0.969467
vn -0.019810 0.244420 0.969467
vn -0.019810 0.244420 0.969467
vn -0.019810 0.244420 0.969467
vn -0.019810 0.244420 0.969467
vn -0.019810 0.244420 0.969467
vn -0.019810 0.244420 0.969467
vn -0.019810 0.244420 0.969467
vn -0.019810 0.244420 0.969467
vn -0.019810 0.244420 0.969467
vn -0.019810 0.244420 0.969467
vn -0.019810 0.244420 0.969467
vn -0.019810 0.244420 0.969467
vn -0.019810 0.244420 0.969467
vn -0.019810 0.244420 0.969467
vn -0.019810 0.244420 0.969467
vn -0.019810 0.244420 0.969467
vn -0.019810 0.244420 0.969467
vn -0.019810 0.244420 0.969467
vn -0.019810 0.244420 0.969467
vn -0.019810 0.244420 0.969467
vn -0.019810 0.244420 0.969467
vn -0.019810 0.244420 0.969467
vn -0.019810 0.244420 0.969467
vn -0.019810 0.244420 0.969467
vn -0.019810 0.244420 0.969467
vn -0.019810 0.244420 0.969467
vn -0.019810 0.244420 0.969467
vn -0.019810 0.244420 0.969467
vn -0.019810 0.244420 0.969467
vn -0.019810 0.244420 0.969467
vn -0.019810 0.244420 0.969467
vn -0.019810 0.244420 0.969467
vn -0.019810 0.244420 0.969467
vn -0.019810 0.244420 0.969467
vn -0.019810 0.244420 0.969467
vn -0.019810 0.244420 0.969467
vn -0.019810 0.244420 0.969467
vn -0.019810 0.244420 0.969467
vn 0.019810 -0.244420 -0.969467
vn 0.019810 -0.244420 -0.969467
vn 0.019810 -0.244420 -0.969467
vn 0.019810 -0.244420 -0.969467
vn 0.019810 -0.244420 -0.969467
vn 0.019810 -0.244420 -0.969467
vn 0.019810 -0.244420 -0.969467
vn 0.019810 -0.244420 -0.969467
vn 0.019810 -0.244420 -0.969467
vn 0.019810 -0.244420 -0.969467
vn 0.019810 -0.244420 -0.969467
vn 0.019810 -0.244420 -0.969467
vn 0.019810 -0.244420 -0.969467
vn 0.019810 -0.244420 -0.969467
vn 0.019810 -0.244420 -0.969467
vn 0.019810 -0.244420 -0.969467
vn 0.019810 -0.244420 -0.969467
vn 0.019810 -0.244420 -0.969467
vn 0.019810 -0.244420 -0.969467
vn 0.019810 -0.244420 -0.969467
vn 0.019810 -0.244420 -0.969467
vn 0.019810 -0.244420 -0.969467
vn 0.019810 -0.244420 -0.969467
vn 0.019810 -0.244420 -0.969467
vn 0.019810 -0.244420 -0.969467
vn 0.019810 -0.244420 -0.969467
vn 0.019810 -0.244420 -0.969467
vn 0.019810 -0.244420 -0.969467
vn 0.019810 -0.244420 -0.969467
vn 0.019810 -0.244420 -0.969467
vn 0.019810 -0.244420 -0.969467
vn 0.019810 -0.244420 -0.969467
vn 0.019810 -0.244420 -0.969467
vn 0.019810 -0.244420 -0.969467
vn 0.019810 -0.244420 -0.969467
vn 0.019810 -0.244420 -0.969467
vn 0.019810 -0.244420 -0.969467
vn 0.019810 -0.244420 -0.969467
vn 0.019810 -0.244420 -0.969467
vn 0.019810 -0.244420 -0.969467
vn 0.019810 -0.244420 -0.969467
vn 0.000000 -0.969657 0.244468
vn 0.000000 -0.969657 0.244468
vn 0.000000 -0.969657 0.244468
vn 0.000000 -0.969657 0.244468
vn -0.279948 0.929515 -0.240067
vn -0.279947 0.929515 -0.240068
vn -0.279947 0.929515 -0.240067
vn -0.279946 0.929515 -0.240068
vn -0.963664 0.253682 -0.083649
vn -0.963664 0.253682 -0.083649
vn -0.963664 0.253682 -0.083649
vn -0.963664 0.253682 -0.083649
vn 0.000000 -0.969657 0.244468
vn 0.000000 -0.969657 0.244468
vn 0.000000 -0.969657 0.244468
vn 0.000000 -0.969657 0.244468
vn 0.000000 -0.969657 0.244468
vn 0.000000 -0.969657 0.244468
vn 0.963664 0.263017 -0.046621
vn 0.963664 0.263017 -0.046621
vn 0.963664 0.263017 -0.046621
vn 0.963664 0.263017 -0.046621
vn 0.279951 0.932225 -0.229312
vn 0.279947 0.932227 -0.229310
vn 0.279950 0.932226 -0.229311
vn 0.279946 0.932227 -0.229310
vn -0.998050 0.052573 -0.033648
vn -0.993447 0.104358 -0.046609
vn -0.993447 0.104358 -0.046609
vn -0.998050 0.052573 -0.033648
vn 0.993447 0.113982 -0.008440
vn 0.998050 0.062241 0.004700
vn 0.998050 0.062241 0.004700
vn 0.993447 0.113982 -0.008440
vn -0.999804 -0.004843 -0.019209
vn -0.999804 -0.004843 -0.019209
vn 0.999804 0.004843 0.019207
vn 0.999804 0.004843 0.019207
vn -0.999804 -0.004843 -0.019209
vn -0.999804 -0.004843 -0.019209
vn 0.999804 0.004843 0.019207
vn 0.999804 0.004843 0.019207
vn -0.999804 -0.004843 -0.019209
vn -0.999804 -0.004843 -0.019209
vn 0.999804 0.004843 0.019208
vn 0.999804 0.004843 0.019208
vn -0.999804 -0.004843 -0.019209
vn -0.999804 -0.004843 -0.019209
vn 0.999804 0.004843 0.019208
vn 0.999804 0.004843 0.019208
vn -0.999804 -0.004843 -0.019209
vn -0.999804 -0.004843 -0.019209
vn 0.999804 0.004843 0.019208
vn 0.999804 0.004843 0.019208
vn -0.999804 -0.004843 -0.019209
vn -0.999804 -0.004843 -0.019209
vn 0.999804 0.004843 0.019208
vn 0.999804 0.004843 0.019208
vn -0.999804 -0.004843 -0.019209
vn -0.999804 -0.004843 -0.019209
vn 0.999804 0.004843 0.019207
vn 0.999804 0.004843 0.019207
vn -0.251808 -0.939620 0.231750
vn -0.251808 -0.939620 0.231750
vn -0.251808 -0.939620 0.231750
vn -0.251808 -0.939620 0.231750
vn 0.000000 0.969657 -0.244468
vn 0.000000 0.969657 -0.244468
vn 0.000000 0.969657 -0.244468
vn 0.000000 0.969657 -0.244468
vn -0.989442 -0.144034 0.016095
vn -0.989442 -0.144034 0.016095
vn -0.989442 -0.144034 0.016095
vn -0.989442 -0.144034 0.016095
vn 0.000000 0.969657 -0.244468
vn 0.000000 0.969657 -0.244468
vn 0.000000 0.969657 -0.244468
vn 0.000000 0.969657 -0.244468
vn 0.251808 -0.937180 0.241425
vn 0.251808 -0.937180 0.241425
vn 0.251808 -0.937180 0.241425
vn 0.251808 -0.937180 0.241425
vn 0.989442 -0.134449 0.054116
vn 0.989442 -0.134449 0.054116
vn 0.989442 -0.134449 0.054116
vn 0.989442 -0.134449 0.054116
vn 0.000000 0.969657 -0.244468
vn 0.000000 0.969657 -0.244468
vn -0.019810 0.244420 0.969467
vn -0.019810 0.244420 0.969467
vn -0.019810 0.244420 0.969467
vn -0.019810 0.244420 0.969467
vn -0.019810 0.244420 0.969467
vn -0.019810 0.244420 0.969467
vn -0.019810 0.244420 0.969467
vn -0.019810 0.244420 0.969467
vn -0.019810 0.244420 0.969467
vn -0.019810 0.244420 0.969467
vn -0.019810 0.244420 0.969467
vn -0.019810 0.244420 0.969467
vn -0.019810 0.244420 0.969467
vn -0.019810 0.244420 0.969467
vn -0.019810 0.244420 0.969467
vn -0.019810 0.244420 0.969467
vn -0.019810 0.244420 0.969467
vn -0.019810 0.244420 0.969467
vn -0.019810 0.244420 0.969467
vn -0.019810 0.244420 0.969467
vn -0.019810 0.244420 0.969467
vn -0.019810 0.244420 0.969467
vn -0.019810 0.244420 0.969467
vn -0.019810 0.244420 0.969467
vn -0.019810 0.244420 0.969467
vn -0.019810 0.244420 0.969467
vn -0.019810 0.244420 0.969467
vn -0.019810 0.244420 0.969467
vn -0.019810 0.244420 0.969467
vn -0.019810 0.244420 0.969467
vn -0.019810 0.244420 0.969467
vn -0.019810 0.244420 0.969467
vn -0.019810 0.244420 0.969467
vn -0.019810 0.244420 0.969467
vn -0.019810 0.244420 0.969467
vn -0.019810 0.244420 0.969467
vn -0.019810 0.244420 0.969467
vn -0.019810 0.244420 0.969467
vn -0.019810 0.244420 0.969467
vn -0.019810 0.244420 0.969467
vn -0.019810 0.244420 0.969467
vn -0.019810 0.244420 0.969467
vn -0.019810 0.244420 0.969467
vn -0.019810 0.244420 0.969467
vn -0.019810 0.244420 0.969467
vn -0.019810 0.244420 0.969467
vn -0.019810 0.244420 0.969467
vn -0.019810 0.244420 0.969467
vn -0.019810 0.244420 0.969467
vn -0.019810 0.244420 0.969467
vn -0.019810 0.244420 0.969467
vn -0.019810 0.244420 0.969467
vn -0.019810 0.244420 0.969467
vn -0.019810 0.244420 0.969467
vn -0.019810 0.244420 0.969467
vn -0.019810 0.244420 0.969467
vn -0.019810 0.244420 0.969467
vn -0.019810 0.244420 0.969467
vn -0.019810 0.244420 0.969467
vn -0.019810 0.244420 0.969467
vn -0.019810 0.244420 0.969467
vn 0.019810 -0.244420 -0.969467
vn 0.019810 -0.244420 -0.969467
vn 0.019810 -0.244420 -0.969467
vn 0.019810 -0.244420 -0.969467
vn 0.019810 -0.244420 -0.969467
vn 0.019810 -0.244420 -0.969467
vn 0.019810 -0.244420 -0.969467
vn 0.019810 -0.244420 -0.969467
vn 0.019810 -0.244420 -0.969467
vn 0.019810 -0.244420 -0.969467
vn 0.019810 -0.244420 -0.969467
vn 0.019810 -0.244420 -0.969467
vn 0.019810 -0.244420 -0.969467
vn 0.019810 -0.244420 -0.969467
vn 0.019810 -0.244420 -0.969467
vn 0.019810 -0.244420 -0.969467
vn 0.019810 -0.244420 -0.969467
vn 0.019810 -0.244420 -0.969467
vn 0.019810 -0.244420 -0.969467
vn 0.019810 -0.244420 -0.969467
vn 0.019810 -0.244420 -0.969467
vn 0.019810 -0.244420 -0.969467
vn 0.019810 -0.244420 -0.969467
vn 0.019810 -0.244420 -0.969467
vn 0.019810 -0.244420 -0.969467
vn 0.019810 -0.244420 -0.969467
vn 0.019810 -0.244420 -0.969467
vn 0.019810 -0.244420 -0.969467
vn 0.019810 -0.244420 -0.969467
vn 0.019810 -0.244420 -0.969467
vn 0.019810 -0.244420 -0.969467
vn 0.019810 -0.244420 -0.969467
vn 0.019810 -0.244420 -0.969467
vn 0.019810 -0.244420 -0.969467
vn 0.019810 -0.244420 -0.969467
vn 0.019810 -0.244420 -0.969467
vn 0.019810 -0.244420 -0.969467
vn 0.019810 -0.244420 -0.969467
vn 0.019810 -0.244420 -0.969467
vn 0.019810 -0.244420 -0.969467
vn 0.019810 -0.244420 -0.969467
vn 0.019810 -0.244420 -0.969467
vn 0.019810 -0.244420 -0.969467
vn 0.019810 -0.244420 -0.969467
vn 0.019810 -0.244420 -0.969467
vn 0.019810 -0.244420 -0.969467
vn 0.019810 -0.244420 -0.969467
vn 0.019810 -0.244420 -0.969467
vn 0.019810 -0.244420 -0.969467
vn 0.019810 -0.244420 -0.969467
vn 0.019810 -0.244420 -0.969467
vn 0.019810 -0.244420 -0.969467
vn 0.019810 -0.244420 -0.969467
vn 0.019810 -0.244420 -0.969467
vn 0.019810 -0.244420 -0.969467
vn 0.019810 -0.244420 -0.969467
vn 0.019810 -0.244420 -0.969467
vn 0.019810 -0.244420 -0.969467
vn 0.019810 -0.244420 -0.969467
vn 0.019810 -0.244420 -0.969467
vn 0.019810 -0.244420 -0.969467
vn 0.091179 -0.965175 0.245201
vn 0.029465 -0.969094 0.244928
vn 0.029465 -0.969094 0.244928
vn 0.091179 -0.965175 0.245201
vn -0.345710 0.908171 -0.236031
vn -0.330912 0.913404 -0.237046
vn -0.330912 0.913404 -0.237046
vn -0.345710 0.908171 -0.236031
vn -0.999804 -0.004843 -0.019208
vn -0.999804 -0.004843 -0.019208
vn -0.999804 -0.004843 -0.019208
vn -0.999804 -0.004843 -0.019208
vn 0.000000 -0.969657 0.244468
vn 0.000000 -0.969657 0.244468
vn -0.354059 0.905105 -0.235429
vn -0.354059 0.905105 -0.235429
vn 0.000000 -0.969657 0.244468
vn 0.000000 -0.969657 0.244468
vn 0.000000 -0.969657 0.244468
vn 0.000000 -0.969657 0.244468
vn -0.006982 -0.969668 0.244328
vn -0.006982 -0.969668 0.244328
vn 0.311746 0.922826 -0.226289
vn 0.278391 0.932658 -0.229451
vn 0.278391 0.932658 -0.229451
vn 0.311746 0.922826 -0.226289
vn -0.021683 -0.969534 0.243994
vn -0.021683 -0.969534 0.243994
vn 0.999804 0.004843 0.019210
vn 0.999804 0.004843 0.019210
vn 0.999804 0.004843 0.019210
vn 0.999804 0.004843 0.019210
vn 0.349759 0.910083 -0.222299
vn 0.349759 0.910083 -0.222299
vn -0.999804 -0.004843 -0.019208
vn -0.999804 -0.004843 -0.019208
vn -0.999804 -0.004843 -0.019208
vn -0.999804 -0.004843 -0.019208
vn 0.999804 0.004844 0.019211
vn 0.999804 0.004844 0.019211
vn 0.999804 0.004844 0.019211
vn 0.999804 0.004844 0.019211
vn -0.999804 -0.004843 -0.019208
vn -0.999804 -0.004843 -0.019208
vn 0.999804 0.004844 0.019211
vn 0.999804 0.004844 0.019211
vn -0.999804 -0.004843 -0.019208
vn -0.999804 -0.004843 -0.019208
vn 0.999804 0.004844 0.019211
vn 0.999804 0.004844 0.019211
vn -0.999804 -0.004843 -0.019208
vn -0.999804 -0.004843 -0.019208
vn 0.999804 0.004843 0.019210
vn 0.999804 0.004843 0.019210
vn -0.999804 -0.004843 -0.019208
vn -0.999804 -0.004843 -0.019208
vn 0.999804 0.004843 0.019210
vn 0.999804 0.004843 0.019210
vn -0.999804 -0.004843 -0.019208
vn -0.999804 -0.004843 -0.019208
vn 0.999804 0.004844 0.019211
vn 0.999804 0.004844 0.019211
vn -0.999804 -0.004843 -0.019208
vn -0.999804 -0.004843 -0.019208
vn 0.999804 0.004843 0.019210
vn 0.999804 0.004843 0.019210
vn -0.044649 -0.968906 0.243366
vn -0.044649 -0.968906 0.243366
vn -0.044649 -0.968906 0.243366
vn -0.044649 -0.968906 0.243366
vn 0.913895 -0.388816 0.116698
vn 0.913895 -0.388816 0.116698
vn 0.913895 -0.388816 0.116698
vn 0.913895 -0.388816 0.116698
vn -0.999583 0.015532 -0.024342
vn -0.999185 0.029262 -0.027796
vn -0.999185 0.029262 -0.027796
vn -0.999583 0.015532 -0.024342
vn -0.999804 -0.004843 -0.019208
vn -0.999804 -0.004843 -0.019208
vn 0.999804 0.004843 0.019208
vn 0.999804 0.004843 0.019208
vn -0.065430 -0.967896 0.242687
vn -0.065430 -0.967896 0.242687
vn -0.065430 -0.967896 0.242687
vn -0.065430 -0.967896 0.242687
vn 0.999174 0.039245 0.010525
vn 0.999581 0.025324 0.014043
vn 0.999581 0.025324 0.014043
vn 0.999174 0.039245 0.010525
vn -0.911355 -0.403161 0.083024
vn -0.911355 -0.403161 0.083024
vn -0.911355 -0.403161 0.083024
vn -0.911355 -0.403161 0.083024
vn 0.000000 0.969657 -0.244468
vn 0.000000 0.969657 -0.244468
vn 0.000000 0.969657 -0.244468
vn 0.000000 0.969657 -0.244468
vn -0.999804 -0.004843 -0.019208
vn -0.999804 -0.004843 -0.019208
vn 0.409755 -0.882498 0.230865
vn 0.185084 -0.952001 0.243798
vn 0.185084 -0.952001 0.243798
vn 0.409755 -0.882498 0.230865
vn 0.000000 0.969657 -0.244468
vn 0.000000 0.969657 -0.244468
vn -0.000000 -0.969657 0.244468
vn 0.000000 -0.969657 0.244468
vn 0.000000 0.969657 -0.244468
vn 0.000000 0.969657 -0.244468
vn 0.000002 -0.969657 0.244468
vn 0.000002 -0.969657 0.244468
vn 0.000000 0.969657 -0.244468
vn 0.000000 0.969657 -0.244468
vn 0.000000 0.969657 -0.244468
vn 0.000000 0.969657 -0.244468
vn 0.000000 0.969657 -0.244468
vn 0.000000 0.969657 -0.244468
vn 0.000000 -0.969657 0.244468
vn 0.000001 -0.969657 0.244468
vn 0.000001 -0.969657 0.244468
vn 0.000000 -0.969657 0.244468
vn 0.000000 0.969657 -0.244468
vn 0.000000 0.969657 -0.244468
vn -0.183494 -0.954076 0.236790
vn -0.183494 -0.954076 0.236790
vn 0.000000 0.969657 -0.244468
vn 0.000000 0.969657 -0.244468
vn -0.402575 -0.889528 0.216039
vn -0.402575 -0.889528 0.216039
vn 0.000000 0.969657 -0.244468
vn 0.000000 0.969657 -0.244468
vn 0.999804 0.004844 0.019211
vn 0.999804 0.004844 0.019211
vn 0.000000 0.969657 -0.244468
vn 0.000000 0.969657 -0.244468
vn -0.013790 0.244445 0.969565
vn -0.013790 0.244445 0.969565
vn -0.013790 0.244445 0.969565
vn -0.013790 0.244445 0.969565
vn -0.013790 0.244445 0.969565
vn -0.013790 0.244445 0.969565
vn -0.013790 0.244445 0.969565
vn -0.013790 0.244445 0.969565
vn -0.013790 0.244445 0.969565
vn -0.013790 0.244445 0.969565
vn -0.013790 0.244445 0.969565
vn -0.013790 0.244445 0.969565
vn -0.013790 0.244445 0.969565
vn -0.013790 0.244445 0.969565
vn -0.013790 0.244445 0.969565
vn -0.013790 0.244445 0.969565
vn -0.013790 0.244445 0.969565
vn -0.013790 0.244445 0.969565
vn -0.013790 0.244445 0.969565
vn -0.013790 0.244445 0.969565
vn -0.013790 0.244445 0.969565
vn -0.013790 0.244445 0.969565
vn -0.013790 0.244445 0.969565
vn -0.013790 0.244445 0.969565
vn -0.013790 0.244445 0.969565
vn -0.013790 0.244445 0.969565
vn -0.013790 0.244445 0.969565
vn -0.013790 0.244445 0.969565
vn -0.013790 0.244445 0.969565
vn -0.013790 0.244445 0.969565
vn -0.013790 0.244445 0.969565
vn -0.013790 0.244445 0.969565
vn -0.013790 0.244445 0.969565
vn -0.013790 0.244445 0.969565
vn -0.013790 0.244445 0.969565
vn -0.013790 0.244445 0.969565
vn -0.013790 0.244445 0.969565
vn -0.013790 0.244445 0.969565
vn -0.013790 0.244445 0.969565
vn -0.013790 0.244445 0.969565
vn -0.013790 0.244445 0.969565
vn -0.013790 0.244445 0.969565
vn -0.013790 0.244445 0.969565
vn -0.013790 0.244445 0.969565
vn -0.013790 0.244445 0.969565
vn -0.013790 0.244445 0.969565
vn -0.013790 0.244445 0.969565
vn -0.013790 0.244445 0.969565
vn -0.013790 0.244445 0.969565
vn -0.013790 0.244445 0.969565
vn -0.013790 0.244445 0.969565
vn -0.013790 0.244445 0.969565
vn -0.013790 0.244445 0.969565
vn -0.013790 0.244445 0.969565
vn -0.013790 0.244445 0.969565
vn -0.013790 0.244445 0.969565
vn -0.013790 0.244445 0.969565
vn -0.013790 0.244445 0.969565
vn -0.013790 0.244445 0.969565
vn -0.013790 0.244445 0.969565
vn -0.013790 0.244445 0.969565
vn -0.013790 0.244445 0.969565
vn -0.013790 0.244445 0.969565
vn -0.013790 0.244445 0.969565
vn -0.013790 0.244445 0.969565
vn -0.013790 0.244445 0.969565
vn -0.013790 0.244445 0.969565
vn -0.013790 0.244445 0.969565
vn -0.013790 0.244445 0.969565
vn -0.013790 0.244445 0.969565
vn -0.013790 0.244445 0.969565
vn -0.013790 0.244445 0.969565
vn -0.013790 0.244445 0.969565
vn -0.013790 0.244445 0.969565
vn -0.013790 0.244445 0.969565
vn -0.013790 0.244445 0.969565
vn -0.013790 0.244445 0.969565
vn -0.013790 0.244445 0.969565
vn -0.013790 0.244445 0.969565
vn -0.013790 0.244445 0.969565
vn -0.013790 0.244445 0.969565
vn -0.013790 0.244445 0.969565
vn -0.013790 0.244445 0.969565
vn -0.013790 0.244445 0.969565
vn -0.013790 0.244445 0.969565
vn -0.013790 0.244445 0.969565
vn -0.013790 0.244445 0.969565
vn -0.013790 0.244445 0.969565
vn -0.013790 0.244445 0.969565
vn -0.013790 0.244445 0.969565
vn -0.013790 0.244445 0.969565
vn -0.013790 0.244445 0.969565
vn -0.013790 0.244445 0.969565
vn -0.013790 0.244445 0.969565
vn -0.013790 0.244445 0.969565
vn -0.013790 0.244445 0.969565
vn -0.013790 0.244445 0.969565
vn -0.013790 0.244445 0.969565
vn -0.013790 0.244445 0.969565
vn -0.013790 0.244445 0.969565
vn -0.013790 0.244445 0.969565
vn -0.013790 0.244445 0.969565
vn -0.013790 0.244445 0.969565
vn -0.013790 0.244445 0.969565
vn -0.013790 0.244445 0.969565
vn -0.013790 0.244445 0.969565
vn -0.013790 0.244445 0.969565
vn -0.013790 0.244445 0.969565
vn -0.013790 0.244445 0.969565
vn -0.013790 0.244445 0.969565
vn -0.013790 0.244445 0.969565
vn -0.013790 0.244445 0.969565
vn -0.013790 0.244445 0.969565
vn -0.013790 0.244445 0.969565
vn -0.013790 0.244445 0.969565
vn -0.013790 0.244445 0.969565
vn -0.013790 0.244445 0.969565
vn -0.013790 0.244445 0.969565
vn -0.013790 0.244445 0.969565
vn -0.013790 0.244445 0.969565
vn -0.013790 0.244445 0.969565
vn -0.013790 0.244445 0.969565
vn -0.013790 0.244445 0.969565
vn -0.013790 0.244445 0.969565
vn -0.013790 0.244445 0.969565
vn -0.013790 0.244445 0.969565
vn -0.013790 0.244445 0.969565
vn -0.013790 0.244445 0.969565
vn -0.013790 0.244445 0.969565
vn -0.013790 0.244445 0.969565
vn -0.013790 0.244445 0.969565
vn -0.013790 0.244445 0.969565
vn -0.013790 0.244445 0.969565
vn -0.013790 0.244445 0.969565
vn -0.013790 0.244445 0.969565
vn -0.013790 0.244445 0.969565
vn -0.013790 0.244445 0.969565
vn -0.013790 0.244445 0.969565
vn -0.013790 0.244445 0.969565
vn -0.013790 0.244445 0.969565
vn -0.013790 0.244445 0.969565
vn -0.013790 0.244445 0.969565
vn -0.013790 0.244445 0.969565
vn -0.013790 0.244445 0.969565
vn -0.013790 0.244445 0.969565
vn -0.013790 0.244445 0.969565
vn -0.013790 0.244445 0.969565
vn -0.013790 0.244445 0.969565
vn -0.013790 0.244445 0.969565
vn -0.013790 0.244445 0.969565
vn -0.013790 0.244445 0.969565
vn -0.013790 0.244445 0.969565
vn -0.013790 0.244445 0.969565
vn -0.013790 0.244445 0.969565
vn -0.013790 0.244445 0.969565
vn -0.013790 0.244445 0.969565
vn -0.013790 0.244445 0.969565
vn -0.013790 0.244445 0.969565
vn -0.013790 0.244445 0.969565
vn -0.013790 0.244445 0.969565
vn -0.013790 0.244445 0.969565
vn -0.013790 0.244445 0.969565
vn -0.013790 0.244445 0.969565
vn -0.013790 0.244445 0.969565
vn -0.013790 0.244445 0.969565
vn -0.013790 0.244445 0.969565
vn -0.013790 0.244445 0.969565
vn -0.013790 0.244445 0.969565
vn -0.013790 0.244445 0.969565
vn -0.013790 0.244445 0.969565
vn -0.013789 0.244444 0.969565
vn -0.013789 0.244444 0.969565
vn -0.013789 0.244444 0.969565
vn 0.013790 -0.244445 -0.969565
vn 0.013790 -0.244445 -0.969565
vn 0.013790 -0.244445 -0.969565
vn 0.013790 -0.244445 -0.969565
vn 0.013790 -0.244445 -0.969565
vn 0.013790 -0.244445 -0.969565
vn 0.013790 -0.244445 -0.969565
vn 0.013790 -0.244445 -0.969565
vn 0.013790 -0.244445 -0.969565
vn 0.013790 -0.244445 -0.969565
vn 0.013790 -0.244445 -0.969565
vn 0.013790 -0.244445 -0.969565
vn 0.013790 -0.244445 -0.969565
vn 0.013790 -0.244445 -0.969565
vn 0.013790 -0.244445 -0.969565
vn 0.013790 -0.244445 -0.969565
vn 0.013790 -0.244445 -0.969565
vn 0.013790 -0.244445 -0.969565
vn 0.013790 -0.244445 -0.969565
vn 0.013790 -0.244445 -0.969565
vn 0.013790 -0.244445 -0.969565
vn 0.013790 -0.244445 -0.969565
vn 0.013790 -0.244445 -0.969565
vn 0.013790 -0.244445 -0.969565
vn 0.013790 -0.244445 -0.969565
vn 0.013790 -0.244445 -0.969565
vn 0.013790 -0.244445 -0.969565
vn 0.013790 -0.244445 -0.969565
vn 0.013790 -0.244445 -0.969565
vn 0.013790 -0.244445 -0.969565
vn 0.013790 -0.244445 -0.969565
vn 0.013790 -0.244445 -0.969565
vn 0.013790 -0.244445 -0.969565
vn 0.013790 -0.244445 -0.969565
vn 0.013790 -0.244445 -0.969565
vn 0.013790 -0.244445 -0.969565
vn 0.013790 -0.244445 -0.969565
vn 0.013790 -0.244445 -0.969565
vn 0.013790 -0.244445 -0.969565
vn 0.013790 -0.244445 -0.969565
vn 0.013790 -0.244445 -0.969565
vn 0.013790 -0.244445 -0.969565
vn 0.013790 -0.244445 -0.969565
vn 0.013790 -0.244445 -0.969565
vn 0.013790 -0.244445 -0.969565
vn 0.013790 -0.244445 -0.969565
vn 0.013790 -0.244445 -0.969565
vn 0.013790 -0.244445 -0.969565
vn 0.013790 -0.244445 -0.969565
vn 0.013790 -0.244445 -0.969565
vn 0.013790 -0.244445 -0.969565
vn 0.013790 -0.244445 -0.969565
vn 0.013790 -0.244445 -0.969565
vn 0.013790 -0.244445 -0.969565
vn 0.013790 -0.244445 -0.969565
vn 0.013790 -0.244445 -0.969565
vn 0.013790 -0.244445 -0.969565
vn 0.013790 -0.244445 -0.969565
vn 0.013790 -0.244445 -0.969565
vn 0.013790 -0.244445 -0.969565
vn 0.013790 -0.244445 -0.969565
vn 0.013790 -0.244445 -0.969565
vn 0.013790 -0.244445 -0.969565
vn 0.013790 -0.244445 -0.969565
vn 0.013790 -0.244445 -0.969565
vn 0.013790 -0.244445 -0.969565
vn 0.013790 -0.244445 -0.969565
vn 0.013790 -0.244445 -0.969565
vn 0.013790 -0.244445 -0.969565
vn 0.013790 -0.244445 -0.969565
vn 0.013790 -0.244445 -0.969565
vn 0.013790 -0.244445 -0.969565
vn 0.013790 -0.244445 -0.969565
vn 0.013790 -0.244445 -0.969565
vn 0.013790 -0.244445 -0.969565
vn 0.013790 -0.244445 -0.969565
vn 0.013790 -0.244445 -0.969565
vn 0.013790 -0.244445 -0.969565
vn 0.013790 -0.244445 -0.969565
vn 0.013790 -0.244445 -0.969565
vn 0.013790 -0.244445 -0.969565
vn 0.013790 -0.244445 -0.969565
vn 0.013790 -0.244445 -0.969565
vn 0.013790 -0.244445 -0.969565
vn 0.013790 -0.244445 -0.969565
vn 0.013790 -0.244445 -0.969565
vn 0.013790 -0.244445 -0.969565
vn 0.013790 -0.244445 -0.969565
vn 0.013790 -0.244445 -0.969565
vn 0.013790 -0.244445 -0.969565
vn 0.013790 -0.244445 -0.969565
vn 0.013790 -0.244445 -0.969565
vn 0.013790 -0.244445 -0.969565
vn 0.013790 -0.244445 -0.969565
vn 0.013790 -0.244445 -0.969565
vn 0.013790 -0.244445 -0.969565
vn 0.013790 -0.244445 -0.969565
vn 0.013790 -0.244445 -0.969565
vn 0.013790 -0.244445 -0.969565
vn 0.013790 -0.244445 -0.969565
vn 0.013790 -0.244445 -0.969565
vn 0.013790 -0.244445 -0.969565
vn 0.013790 -0.244445 -0.969565
vn 0.013790 -0.244445 -0.969565
vn 0.013790 -0.244445 -0.969565
vn 0.013790 -0.244445 -0.969565
vn 0.013790 -0.244445 -0.969565
vn 0.013790 -0.244445 -0.969565
vn 0.013790 -0.244445 -0.969565
vn 0.013790 -0.244445 -0.969565
vn 0.013790 -0.244445 -0.969565
vn 0.013790 -0.244445 -0.969565
vn 0.013790 -0.244445 -0.969565
vn 0.013790 -0.244445 -0.969565
vn 0.013790 -0.244445 -0.969565
vn 0.013790 -0.244445 -0.969565
vn 0.013790 -0.244445 -0.969565
vn 0.013790 -0.244445 -0.969565
vn 0.013790 -0.244445 -0.969565
vn 0.013790 -0.244445 -0.969565
vn 0.013790 -0.244445 -0.969565
vn 0.013790 -0.244445 -0.969565
vn -0.943832 -0.323334 0.068095
vn -0.889878 -0.445197 0.099586
vn -0.889878 -0.445197 0.099586
vn -0.943832 -0.323334 0.068095
vn -0.852100 -0.510243 0.116523
vn -0.852100 -0.510243 0.116523
vn -0.000006 0.969657 -0.244468
vn -0.000002 0.969657 -0.244468
vn -0.000006 0.969657 -0.244468
vn -0.000002 0.969657 -0.244468
vn -0.000006 0.969657 -0.244468
vn 0.000000 0.969657 -0.244468
vn 0.000000 0.969657 -0.244468
vn -0.000000 0.969657 -0.244468
vn -0.000000 0.969657 -0.244468
vn -0.000000 0.969657 -0.244468
vn -0.000000 0.969657 -0.244468
vn 0.000000 0.969657 -0.244468
vn 0.000000 0.969657 -0.244468
vn 0.000000 0.969657 -0.244468
vn 0.000000 0.969657 -0.244468
vn 0.000000 0.969657 -0.244468
vn 0.000000 0.969657 -0.244468
vn -0.999905 -0.003371 -0.013370
vn -0.999905 -0.003371 -0.013371
vn -0.999905 -0.003371 -0.013371
vn -0.999905 -0.003371 -0.013370
vn -0.999905 -0.003371 -0.013371
vn -0.999905 -0.003371 -0.013371
vn -0.999905 -0.003371 -0.013371
vn -0.999905 -0.003371 -0.013371
vn -0.999905 -0.003371 -0.013371
vn -0.999905 -0.003371 -0.013371
vn -0.999905 -0.003371 -0.013371
vn -0.999905 -0.003371 -0.013371
vn -0.999905 -0.003371 -0.013371
vn -0.999905 -0.003371 -0.013371
vn -0.999905 -0.003371 -0.013371
vn -0.999905 -0.003371 -0.013371
vn -0.999090 -0.042498 -0.003495
vn -0.988041 -0.152257 0.024335
vn -0.988041 -0.152257 0.024335
vn -0.999090 -0.042498 -0.003495
vn -0.977652 -0.206729 0.038216
vn -0.977652 -0.206729 0.038216
vn -0.776644 -0.613356 0.143592
vn -0.718184 -0.677092 0.160493
vn -0.776644 -0.613356 0.143592
vn -0.718184 -0.677092 0.160493
vn -0.563435 -0.802957 0.194426
vn -0.435061 -0.874528 0.214296
vn -0.563435 -0.802957 0.194426
vn -0.439137 -0.872620 0.213757
vn -0.349698 -0.909603 0.224353
vn -0.349698 -0.909603 0.224353
vn -0.349699 -0.909602 0.224353
vn -0.000012 -0.969657 0.244468
vn -0.000012 -0.969657 0.244468
vn -0.000012 -0.969657 0.244468
vn -0.000012 -0.969657 0.244468
vn -0.999905 -0.003371 -0.013371
vn -0.999905 -0.003371 -0.013371
vn -0.999905 -0.003371 -0.013371
vn -0.999905 -0.003371 -0.013371
vn 0.000000 -0.969657 0.244468
vn 0.000000 -0.969657 0.244468
vn 0.000000 -0.969657 0.244468
vn 0.000000 -0.969657 0.244468
vn 0.000000 0.969657 -0.244468
vn 0.000000 0.969657 -0.244468
vn 0.000000 0.969657 -0.244468
vn 0.000000 0.969657 -0.244468
vn 0.000000 -0.969657 0.244468
vn 0.000000 -0.969657 0.244468
vn 0.000000 0.969657 -0.244468
vn 0.000000 0.969657 -0.244468
vn 0.000000 -0.969657 0.244468
vn 0.000002 -0.969657 0.244468
vn 0.000002 -0.969658 0.244467
vn 0.000000 -0.969657 0.244468
vn -0.000001 0.969658 -0.244468
vn 0.000000 0.969657 -0.244468
vn 0.000000 0.969657 -0.244468
vn -0.000001 0.969657 -0.244468
vn 0.000002 -0.969667 0.244429
vn 0.000001 -0.969668 0.244426
vn -0.000002 0.969660 -0.244459
vn -0.000002 0.969660 -0.244459
vn 0.870642 0.479785 -0.108580
vn 0.926930 0.366762 -0.079285
vn 0.926930 0.366762 -0.079285
vn 0.870642 0.479785 -0.108580
vn -0.407153 -0.886997 0.217859
vn -0.380003 -0.898179 0.221072
vn -0.380003 -0.898179 0.221072
vn -0.407153 -0.886997 0.217859
vn 0.369929 0.902105 -0.222169
vn 0.382240 0.897300 -0.220783
vn 0.382240 0.897300 -0.220783
vn 0.369929 0.902105 -0.222169
vn -0.518722 -0.830722 0.202061
vn -0.518722 -0.830722 0.202061
vn 0.552935 0.809772 -0.196294
vn 0.552936 0.809772 -0.196294
vn -0.676875 -0.715988 0.170886
vn -0.676875 -0.715988 0.170886
vn 0.629972 0.755130 -0.181420
vn 0.629972 0.755130 -0.181420
vn -0.768806 -0.622586 0.146030
vn -0.712188 -0.683023 0.162073
vn -0.712188 -0.683024 0.162073
vn -0.768806 -0.622586 0.146030
vn -0.837444 -0.532646 0.122375
vn -0.837444 -0.532646 0.122375
vn 0.999903 0.005157 0.012925
vn 0.999903 0.005157 0.012925
vn 0.999903 0.005157 0.012925
vn 0.999903 0.005157 0.012925
vn 0.816095 0.563028 -0.130342
vn 0.816095 0.563028 -0.130342
vn -0.999905 -0.003372 -0.013373
vn -0.999905 -0.003372 -0.013373
vn -0.999905 -0.003372 -0.013373
vn -0.999905 -0.003372 -0.013373
vn -0.935322 -0.345988 0.073928
vn -0.913276 -0.397872 0.087325
vn -0.913276 -0.397872 0.087325
vn -0.935322 -0.345988 0.073928
vn 0.000000 -0.969657 0.244468
vn 0.000000 -0.969657 0.244468
vn 0.000000 -0.969657 0.244468
vn 0.000000 -0.969657 0.244468
vn -0.976687 -0.211038 0.039314
vn -0.976687 -0.211038 0.039314
vn 0.957647 0.282141 -0.057512
vn 0.957647 0.282141 -0.057512
vn -0.998775 -0.049461 -0.001735
vn -0.998775 -0.049461 -0.001735
vn 0.996756 0.080260 -0.006057
vn 0.996756 0.080260 -0.006057
vn -0.999899 -0.006832 -0.012499
vn -0.999899 -0.006832 -0.012499
vn 0.999905 0.003372 0.013373
vn 0.999905 0.003372 0.013373
vn -0.999899 0.000090 -0.014244
vn -0.999899 0.000090 -0.014244
vn 0.999905 0.003372 0.013373
vn 0.999905 0.003372 0.013373
vn -0.999903 -0.001641 -0.013807
vn -0.999903 -0.001641 -0.013807
vn 0.999905 0.003371 0.013372
vn 0.999905 0.003371 0.013372
vn -0.999899 -0.006832 -0.012499
vn -0.999899 -0.006832 -0.012499
vn 0.999905 0.003371 0.013370
vn 0.999905 0.003371 0.013370
vn -0.999905 -0.002794 -0.013518
vn -0.999905 -0.002794 -0.013518
vn 0.999905 0.003371 0.013371
vn 0.999905 0.003371 0.013371
vn -0.999865 0.005280 -0.015554
vn -0.999865 0.005280 -0.015554
vn 0.999905 0.003372 0.013373
vn 0.999905 0.003372 0.013373
vn -0.999865 0.005279 -0.015555
vn -0.999865 0.005279 -0.015555
vn 0.000000 0.969657 -0.244468
vn 0.000000 0.969657 -0.244468
vn 0.725776 0.669434 -0.158455
vn 0.725776 0.669434 -0.158455
vn 0.000000 0.969657 -0.244468
vn 0.000000 0.969657 -0.244468
vn 0.000000 0.969657 -0.244468
vn 0.000000 0.969657 -0.244468
vn -0.883512 -0.457022 0.102656
vn -0.883512 -0.457022 0.102656
vn -0.883512 -0.457022 0.102656
vn -0.883512 -0.457022 0.102656
vn 0.816094 0.563029 -0.130344
vn 0.816094 0.563029 -0.130344
vn 0.816094 0.563029 -0.130344
vn 0.816094 0.563029 -0.130344
vn -0.013790 0.244445 0.969565
vn -0.013790 0.244445 0.969565
vn -0.013790 0.244445 0.969565
vn -0.013790 0.244445 0.969565
vn -0.013790 0.244445 0.969565
vn -0.013790 0.244445 0.969565
vn -0.013790 0.244445 0.969565
vn -0.013790 0.244445 0.969565
vn -0.013790 0.244445 0.969565
vn -0.013790 0.244445 0.969565
vn -0.013790 0.244445 0.969565
vn -0.013790 0.244445 0.969565
vn -0.013790 0.244445 0.969565
vn -0.013790 0.244445 0.969565
vn -0.013790 0.244445 0.969565
vn -0.013790 0.244445 0.969565
vn -0.013790 0.244445 0.969565
vn -0.013790 0.244445 0.969565
vn -0.013790 0.244445 0.969565
vn -0.013790 0.244445 0.969565
vn -0.013790 0.244445 0.969565
vn -0.013790 0.244445 0.969565
vn -0.013790 0.244445 0.969565
vn -0.013790 0.244445 0.969565
vn -0.013790 0.244445 0.969565
vn -0.013790 0.244445 0.969565
vn -0.013790 0.244445 0.969565
vn -0.013790 0.244445 0.969565
vn -0.013790 0.244445 0.969565
vn -0.013790 0.244445 0.969565
vn -0.013790 0.244445 0.969565
vn -0.013790 0.244445 0.969565
vn -0.013790 0.244445 0.969565
vn -0.013790 0.244445 0.969565
vn -0.013790 0.244445 0.969565
vn -0.013790 0.244445 0.969565
vn -0.013790 0.244445 0.969565
vn -0.013790 0.244445 0.969565
vn -0.013790 0.244445 0.969565
vn -0.013790 0.244445 0.969565
vn -0.013790 0.244445 0.969565
vn -0.013790 0.244445 0.969565
vn -0.013790 0.244445 0.969565
vn -0.013790 0.244445 0.969565
vn -0.013790 0.244445 0.969565
vn -0.013790 0.244445 0.969565
vn -0.013790 0.244445 0.969565
vn -0.013790 0.244445 0.969565
vn -0.013790 0.244445 0.969565
vn -0.013790 0.244445 0.969565
vn -0.013790 0.244445 0.969565
vn -0.013790 0.244445 0.969565
vn -0.013790 0.244445 0.969565
vn -0.013790 0.244445 0.969565
vn -0.013790 0.244445 0.969565
vn -0.013790 0.244445 0.969565
vn -0.013790 0.244445 0.969565
vn -0.013790 0.244445 0.969565
vn -0.013790 0.244445 0.969565
vn -0.013790 0.244445 0.969565
vn -0.013790 0.244445 0.969565
vn -0.013790 0.244445 0.969565
vn -0.013790 0.244445 0.969565
vn -0.013790 0.244445 0.969565
vn -0.013790 0.244445 0.969565
vn -0.013790 0.244445 0.969565
vn -0.013790 0.244445 0.969565
vn -0.013790 0.244445 0.969565
vn -0.013790 0.244445 0.969565
vn -0.013790 0.244445 0.969565
vn -0.013790 0.244445 0.969565
vn -0.013790 0.244445 0.969565
vn -0.013790 0.244445 0.969565
vn -0.013790 0.244445 0.969565
vn -0.013790 0.244445 0.969565
vn -0.013790 0.244445 0.969565
vn -0.013790 0.244445 0.969565
vn -0.013790 0.244445 0.969565
vn -0.013790 0.244445 0.969565
vn -0.013790 0.244445 0.969565
vn -0.013790 0.244445 0.969565
vn -0.013790 0.244445 0.969565
vn -0.013790 0.244445 0.969565
vn -0.013790 0.244445 0.969565
vn -0.013790 0.244445 0.969565
vn -0.013790 0.244445 0.969565
vn -0.013790 0.244445 0.969565
vn -0.013790 0.244445 0.969565
vn -0.013790 0.244445 0.969565
vn -0.013790 0.244445 0.969565
vn -0.013790 0.244445 0.969565
vn -0.013790 0.244445 0.969565
vn -0.013790 0.244445 0.969565
vn -0.013790 0.244445 0.969565
vn -0.013790 0.244445 0.969565
vn -0.013790 0.244445 0.969565
vn -0.013790 0.244445 0.969565
vn -0.013790 0.244445 0.969565
vn -0.013790 0.244445 0.969565
vn -0.013790 0.244445 0.969565
vn -0.013790 0.244445 0.969565
vn -0.013790 0.244445 0.969565
vn -0.013790 0.244445 0.969565
vn -0.013790 0.244445 0.969565
vn -0.013790 0.244445 0.969565
vn -0.013790 0.244445 0.969565
vn -0.013790 0.244445 0.969565
vn -0.013790 0.244445 0.969565
vn -0.013790 0.244445 0.969565
vn -0.013790 0.244445 0.969565
vn -0.013790 0.244445 0.969565
vn -0.013790 0.244445 0.969565
vn -0.013790 0.244445 0.969565
vn -0.013790 0.244445 0.969565
vn -0.013790 0.244445 0.969565
vn -0.013790 0.244445 0.969565
vn -0.013790 0.244445 0.969565
vn -0.013790 0.244445 0.969565
vn -0.013790 0.244445 0.969565
vn -0.013790 0.244445 0.969565
vn -0.013790 0.244445 0.969565
vn -0.013790 0.244445 0.969565
vn -0.013790 0.244445 0.969565
vn -0.013790 0.244445 0.969565
vn -0.013790 0.244445 0.969565
vn -0.013790 0.244445 0.969565
vn -0.013790 0.244445 0.969565
vn -0.013790 0.244445 0.969565
vn -0.013790 0.244445 0.969565
vn -0.013790 0.244445 0.969565
vn -0.013790 0.244445 0.969565
vn -0.013790 0.244445 0.969565
vn -0.013790 0.244445 0.969565
vn -0.013790 0.244445 0.969565
vn -0.013790 0.244445 0.969565
vn -0.013790 0.244445 0.969565
vn -0.013790 0.244445 0.969565
vn -0.013790 0.244445 0.969565
vn -0.013790 0.244445 0.969565
vn -0.013790 0.244445 0.969565
vn -0.013790 0.244445 0.969565
vn -0.013790 0.244445 0.969565
vn -0.013790 0.244445 0.969565
vn -0.013790 0.244445 0.969565
vn -0.013790 0.244444 0.969565
vn -0.013790 0.244445 0.969565
vn -0.013790 0.244445 0.969565
vn -0.013790 0.244445 0.969565
vn -0.013790 0.244445 0.969565
vn -0.013790 0.244445 0.969565
vn -0.013790 0.244445 0.969565
vn -0.013790 0.244445 0.969565
vn -0.013790 0.244445 0.969565
vn -0.013790 0.244445 0.969565
vn -0.013790 0.244445 0.969565
vn -0.013790 0.244445 0.969565
vn -0.013790 0.244445 0.969565
vn -0.013790 0.244445 0.969565
vn -0.013790 0.244445 0.969565
vn -0.013790 0.244445 0.969565
vn -0.013790 0.244445 0.969565
vn -0.013790 0.244445 0.969565
vn -0.013790 0.244445 0.969565
vn -0.013790 0.244445 0.969565
vn -0.013790 0.244445 0.969565
vn -0.013790 0.244445 0.969565
vn -0.013790 0.244445 0.969565
vn -0.013790 0.244445 0.969565
vn -0.013790 0.244445 0.969565
vn -0.013790 0.244444 0.969565
vn -0.013789 0.244445 0.969565
vn -0.013789 0.244445 0.969565
vn -0.013789 0.244445 0.969565
vn 0.013790 -0.244445 -0.969565
vn 0.013790 -0.244445 -0.969565
vn 0.013790 -0.244445 -0.969565
vn 0.013790 -0.244445 -0.969565
vn 0.013790 -0.244445 -0.969565
vn 0.013790 -0.244445 -0.969565
vn 0.013790 -0.244445 -0.969565
vn 0.013790 -0.244445 -0.969565
vn 0.013790 -0.244445 -0.969565
vn 0.013790 -0.244445 -0.969565
vn 0.013790 -0.244445 -0.969565
vn 0.013790 -0.244445 -0.969565
vn 0.013790 -0.244445 -0.969565
vn 0.013790 -0.244445 -0.969565
vn 0.013790 -0.244445 -0.969565
vn 0.013790 -0.244445 -0.969565
vn 0.013790 -0.244445 -0.969565
vn 0.013790 -0.244445 -0.969565
vn 0.013790 -0.244445 -0.969565
vn 0.013790 -0.244445 -0.969565
vn 0.013790 -0.244445 -0.969565
vn 0.013790 -0.244445 -0.969565
vn 0.013790 -0.244445 -0.969565
vn 0.013790 -0.244445 -0.969565
vn 0.013790 -0.244445 -0.969565
vn 0.013790 -0.244445 -0.969565
vn 0.013790 -0.244445 -0.969565
vn 0.013790 -0.244445 -0.969565
vn 0.013790 -0.244445 -0.969565
vn 0.013790 -0.244445 -0.969565
vn 0.013790 -0.244445 -0.969565
vn 0.013790 -0.244445 -0.969565
vn 0.013790 -0.244445 -0.969565
vn 0.013790 -0.244445 -0.969565
vn 0.013790 -0.244445 -0.969565
vn 0.013790 -0.244445 -0.969565
vn 0.013790 -0.244445 -0.969565
vn 0.013790 -0.244445 -0.969565
vn 0.013790 -0.244445 -0.969565
vn 0.013790 -0.244445 -0.969565
vn 0.013790 -0.244445 -0.969565
vn 0.013790 -0.244445 -0.969565
vn 0.013790 -0.244445 -0.969565
vn 0.013790 -0.244445 -0.969565
vn 0.013790 -0.244445 -0.969565
vn 0.013790 -0.244445 -0.969565
vn 0.013790 -0.244445 -0.969565
vn 0.013790 -0.244445 -0.969565
vn 0.013790 -0.244445 -0.969565
vn 0.013790 -0.244445 -0.969565
vn 0.013790 -0.244445 -0.969565
vn 0.013790 -0.244445 -0.969565
vn 0.013790 -0.244445 -0.969565
vn 0.013790 -0.244445 -0.969565
vn 0.013790 -0.244445 -0.969565
vn 0.013790 -0.244445 -0.969565
vn 0.013790 -0.244445 -0.969565
vn 0.013790 -0.244445 -0.969565
vn 0.013790 -0.244445 -0.969565
vn 0.013790 -0.244445 -0.969565
vn 0.013790 -0.244445 -0.969565
vn 0.013790 -0.244445 -0.969565
vn 0.013790 -0.244445 -0.969565
vn 0.013790 -0.244445 -0.969565
vn 0.013790 -0.244445 -0.969565
vn 0.013790 -0.244445 -0.969565
vn 0.013790 -0.244445 -0.969565
vn 0.013790 -0.244445 -0.969565
vn 0.013790 -0.244445 -0.969565
vn 0.013790 -0.244445 -0.969565
vn 0.013790 -0.244445 -0.969565
vn 0.013790 -0.244445 -0.969565
vn 0.013790 -0.244445 -0.969565
vn 0.013790 -0.244445 -0.969565
vn 0.013790 -0.244445 -0.969565
vn 0.013790 -0.244445 -0.969565
vn 0.013790 -0.244445 -0.969565
vn 0.013790 -0.244445 -0.969565
vn 0.013790 -0.244445 -0.969565
vn 0.013790 -0.244445 -0.969565
vn 0.013790 -0.244445 -0.969565
vn 0.013790 -0.244445 -0.969565
vn 0.013790 -0.244445 -0.969565
vn 0.013790 -0.244445 -0.969565
vn 0.013790 -0.244445 -0.969565
vn 0.013790 -0.244445 -0.969565
vn 0.013790 -0.244445 -0.969565
vn 0.013790 -0.244445 -0.969565
vn 0.013790 -0.244445 -0.969565
vn 0.013790 -0.244445 -0.969565
vn 0.013790 -0.244445 -0.969565
vn 0.013790 -0.244445 -0.969565
vn 0.013790 -0.244445 -0.969565
vn 0.013790 -0.244445 -0.969565
vn 0.013790 -0.244445 -0.969565
vn 0.013790 -0.244445 -0.969565
vn 0.013790 -0.244445 -0.969565
vn 0.013790 -0.244445 -0.969565
vn 0.013790 -0.244445 -0.969565
vn 0.013790 -0.244445 -0.969565
vn 0.013790 -0.244445 -0.969565
vn 0.013790 -0.244445 -0.969565
vn 0.013790 -0.244445 -0.969565
vn 0.013790 -0.244445 -0.969565
vn 0.013790 -0.244445 -0.969565
vn 0.013790 -0.244445 -0.969565
vn 0.013790 -0.244445 -0.969565
vn 0.013790 -0.244445 -0.969565
vn 0.013790 -0.244445 -0.969565
vn 0.013790 -0.244445 -0.969565
vn 0.013790 -0.244445 -0.969565
vn 0.013790 -0.244445 -0.969565
vn 0.013790 -0.244445 -0.969565
vn 0.013790 -0.244445 -0.969565
vn 0.013790 -0.244445 -0.969565
vn 0.013790 -0.244445 -0.969565
vn 0.013790 -0.244445 -0.969565
vn 0.013790 -0.244445 -0.969565
vn 0.013790 -0.244445 -0.969565
vn 0.013790 -0.244445 -0.969565
vn 0.013790 -0.244445 -0.969565
vn 0.013790 -0.244445 -0.969565
vn 0.943832 -0.316970 0.093337
vn 0.943832 -0.316970 0.093337
vn 0.889878 -0.439197 0.123385
vn 0.889878 -0.439197 0.123385
vn 0.852100 -0.504498 0.139311
vn 0.852100 -0.504498 0.139311
vn 0.000006 0.969657 -0.244468
vn 0.000006 0.969657 -0.244468
vn 0.000002 0.969657 -0.244468
vn 0.000002 0.969657 -0.244468
vn 0.000006 0.969657 -0.244468
vn -0.000000 0.969657 -0.244468
vn -0.000000 0.969657 -0.244468
vn -0.000000 0.969657 -0.244468
vn -0.000000 0.969657 -0.244468
vn -0.000000 0.969657 -0.244468
vn -0.000000 0.969657 -0.244468
vn -0.000000 0.969657 -0.244468
vn -0.000000 0.969657 -0.244468
vn 0.000001 0.969657 -0.244468
vn 0.000001 0.969657 -0.244468
vn 0.000001 0.969657 -0.244468
vn 0.000001 0.969657 -0.244468
vn 0.999905 0.003371 0.013371
vn 0.999905 0.003371 0.013371
vn 0.999905 0.003371 0.013371
vn 0.999905 0.003371 0.013371
vn 0.999905 0.003371 0.013371
vn 0.999905 0.003371 0.013371
vn 0.999905 0.003371 0.013371
vn 0.999905 0.003371 0.013371
vn 0.999905 0.003371 0.013371
vn 0.999905 0.003371 0.013371
vn 0.999905 0.003371 0.013371
vn 0.999905 0.003371 0.013371
vn 0.999905 0.003371 0.013371
vn 0.999905 0.003371 0.013371
vn 0.999905 0.003371 0.013371
vn 0.999905 0.003371 0.013371
vn 0.999090 -0.035762 0.023226
vn 0.999090 -0.035762 0.023226
vn 0.988041 -0.145595 0.050759
vn 0.988041 -0.145595 0.050759
vn 0.977652 -0.200137 0.064362
vn 0.977652 -0.200137 0.064362
vn 0.776644 -0.608120 0.164363
vn 0.776644 -0.608119 0.164363
vn 0.718184 -0.672249 0.179701
vn 0.718184 -0.672249 0.179701
vn 0.563434 -0.799158 0.209495
vn 0.563435 -0.799158 0.209495
vn 0.435061 -0.871594 0.225932
vn 0.439138 -0.869659 0.225502
vn 0.349698 -0.907245 0.233706
vn 0.349698 -0.907245 0.233706
vn 0.349699 -0.907244 0.233706
vn 0.000002 -0.969657 0.244468
vn 0.000002 -0.969657 0.244468
vn 0.000002 -0.969657 0.244468
vn 0.000002 -0.969657 0.244468
vn 0.999905 0.003371 0.013371
vn 0.999905 0.003371 0.013371
vn 0.999905 0.003371 0.013371
vn 0.999905 0.003371 0.013371
vn -0.000000 -0.969657 0.244468
vn -0.000000 -0.969657 0.244468
vn 0.000000 -0.969657 0.244468
vn 0.000000 -0.969657 0.244468
vn -0.000000 0.969657 -0.244468
vn -0.000000 0.969657 -0.244468
vn -0.000000 0.969657 -0.244468
vn -0.000000 0.969657 -0.244468
vn -0.000000 -0.969657 0.244468
vn -0.000000 -0.969657 0.244468
vn 0.000000 0.969657 -0.244468
vn 0.000000 0.969657 -0.244468
vn -0.000000 -0.969657 0.244468
vn -0.000000 -0.969657 0.244468
vn -0.000002 -0.969658 0.244467
vn -0.000002 -0.969657 0.244468
vn 0.000001 0.969658 -0.244468
vn 0.000001 0.969657 -0.244468
vn 0.000000 0.969657 -0.244468
vn 0.000000 0.969657 -0.244468
vn -0.000001 -0.969667 0.244429
vn -0.000001 -0.969668 0.244426
vn 0.000002 0.969660 -0.244459
vn 0.000002 0.969660 -0.244459
vn -0.870642 0.473914 -0.131866
vn -0.870642 0.473914 -0.131866
vn -0.926930 0.360512 -0.104076
vn -0.926930 0.360512 -0.104076
vn 0.407153 -0.884252 0.228749
vn 0.407153 -0.884251 0.228749
vn 0.380002 -0.895616 0.231235
vn 0.380002 -0.895616 0.231235
vn -0.369929 0.899611 -0.232062
vn -0.369929 0.899611 -0.232062
vn -0.382240 0.894723 -0.231006
vn -0.382240 0.894723 -0.231006
vn 0.518721 -0.827224 0.215936
vn 0.518721 -0.827224 0.215935
vn -0.552935 0.806044 -0.211083
vn -0.552935 0.806044 -0.211083
vn 0.676875 -0.711423 0.188991
vn 0.676875 -0.711423 0.188991
vn -0.629972 0.750882 -0.198272
vn -0.629972 0.750882 -0.198271
vn 0.768806 -0.617402 0.166593
vn 0.768806 -0.617402 0.166593
vn 0.712188 -0.678221 0.181122
vn 0.712188 -0.678221 0.181122
vn 0.837444 -0.526998 0.144775
vn 0.837444 -0.526998 0.144775
vn -0.999903 -0.001586 -0.013820
vn -0.999903 -0.001586 -0.013820
vn -0.999903 -0.001586 -0.013820
vn -0.999903 -0.001586 -0.013820
vn -0.816095 0.557525 -0.152169
vn -0.816095 0.557525 -0.152169
vn 0.999905 0.003371 0.013371
vn 0.999905 0.003371 0.013371
vn 0.999905 0.003371 0.013371
vn 0.999905 0.003371 0.013371
vn 0.935322 -0.339681 0.098944
vn 0.935322 -0.339681 0.098944
vn 0.913276 -0.391714 0.111749
vn 0.913276 -0.391714 0.111749
vn -0.000001 -0.969657 0.244468
vn -0.000001 -0.969657 0.244468
vn -0.000001 -0.969657 0.244468
vn -0.000001 -0.969657 0.244468
vn 0.976687 -0.204452 0.065437
vn 0.976687 -0.204452 0.065437
vn -0.957647 0.275684 -0.083125
vn -0.957647 0.275684 -0.083125
vn 0.998775 -0.042727 0.024976
vn 0.998775 -0.042727 0.024976
vn -0.996756 0.073539 -0.032718
vn -0.996756 0.073539 -0.032718
vn 0.999899 -0.000090 0.014243
vn 0.999899 -0.000090 0.014243
vn -0.999905 -0.003372 -0.013373
vn -0.999905 -0.003372 -0.013373
vn 0.999899 0.006832 0.012498
vn 0.999899 0.006832 0.012498
vn -0.999905 -0.003372 -0.013373
vn -0.999905 -0.003372 -0.013373
vn 0.999903 0.005102 0.012935
vn 0.999903 0.005102 0.012935
vn -0.999905 -0.003372 -0.013373
vn -0.999905 -0.003372 -0.013373
vn 0.999899 -0.000090 0.014244
vn 0.999899 -0.000090 0.014244
vn -0.999905 -0.003372 -0.013373
vn -0.999905 -0.003372 -0.013373
vn 0.999905 0.003948 0.013225
vn 0.999905 0.003948 0.013225
vn -0.999905 -0.003372 -0.013373
vn -0.999905 -0.003372 -0.013373
vn 0.999865 0.012023 0.011189
vn 0.999865 0.012023 0.011189
vn -0.999905 -0.003372 -0.013373
vn -0.999905 -0.003372 -0.013373
vn 0.999865 0.012021 0.011189
vn 0.999865 0.012021 0.011189
vn -0.000000 0.969657 -0.244468
vn -0.000000 0.969657 -0.244468
vn -0.725776 0.664540 -0.177864
vn -0.725776 0.664541 -0.177863
vn 0.000001 0.969657 -0.244468
vn 0.000001 0.969657 -0.244468
vn 0.000001 0.969657 -0.244468
vn 0.000001 0.969657 -0.244468
vn 0.883512 -0.451064 0.126287
vn 0.883512 -0.451064 0.126287
vn 0.883512 -0.451064 0.126287
vn 0.883512 -0.451064 0.126287
vn -0.816093 0.557526 -0.152173
vn -0.816093 0.557526 -0.152173
vn -0.816093 0.557526 -0.152173
vn -0.816093 0.557526 -0.152173
vn 0.013790 -0.244445 -0.969565
vn 0.013790 -0.244445 -0.969565
vn 0.013790 -0.244445 -0.969565
vn 0.013790 -0.244445 -0.969565
vn 0.013790 -0.244445 -0.969565
vn 0.013790 -0.244445 -0.969565
vn 0.013790 -0.244445 -0.969565
vn 0.013790 -0.244445 -0.969565
vn 0.013790 -0.244445 -0.969565
vn 0.013790 -0.244445 -0.969565
vn 0.013790 -0.244445 -0.969565
vn 0.013790 -0.244445 -0.969565
vn 0.013790 -0.244445 -0.969565
vn 0.013790 -0.244445 -0.969565
vn 0.013790 -0.244445 -0.969565
vn 0.013790 -0.244445 -0.969565
vn 0.013790 -0.244445 -0.969565
vn 0.013790 -0.244445 -0.969565
vn 0.013790 -0.244445 -0.969565
vn 0.013790 -0.244445 -0.969565
vn 0.013790 -0.244445 -0.969565
vn 0.013790 -0.244445 -0.969565
vn 0.013790 -0.244445 -0.969565
vn 0.013790 -0.244445 -0.969565
vn 0.013790 -0.244445 -0.969565
vn 0.013790 -0.244445 -0.969565
vn 0.013790 -0.244445 -0.969565
vn 0.013790 -0.244445 -0.969565
vn 0.013790 -0.244445 -0.969565
vn 0.013790 -0.244445 -0.969565
vn 0.013790 -0.244445 -0.969565
vn 0.013790 -0.244445 -0.969565
vn 0.013790 -0.244445 -0.969565
vn 0.013790 -0.244445 -0.969565
vn 0.013790 -0.244445 -0.969565
vn 0.013790 -0.244445 -0.969565
vn 0.013790 -0.244445 -0.969565
vn 0.013790 -0.244445 -0.969565
vn 0.013790 -0.244445 -0.969565
vn 0.013790 -0.244445 -0.969565
vn 0.013790 -0.244445 -0.969565
vn 0.013790 -0.244445 -0.969565
vn 0.013790 -0.244445 -0.969565
vn 0.013790 -0.244445 -0.969565
vn 0.013790 -0.244445 -0.969565
vn 0.013790 -0.244445 -0.969565
vn 0.013790 -0.244445 -0.969565
vn 0.013790 -0.244445 -0.969565
vn 0.013790 -0.244445 -0.969565
vn 0.013790 -0.244445 -0.969565
vn 0.013790 -0.244445 -0.969565
vn 0.013790 -0.244445 -0.969565
vn 0.013790 -0.244445 -0.969565
vn 0.013790 -0.244445 -0.969565
vn 0.013790 -0.244445 -0.969565
vn 0.013790 -0.244445 -0.969565
vn 0.013790 -0.244445 -0.969565
vn 0.013790 -0.244445 -0.969565
vn 0.013790 -0.244445 -0.969565
vn 0.013790 -0.244445 -0.969565
vn 0.013790 -0.244445 -0.969565
vn 0.013790 -0.244445 -0.969565
vn 0.013790 -0.244445 -0.969565
vn 0.013790 -0.244445 -0.969565
vn 0.013790 -0.244445 -0.969565
vn 0.013790 -0.244445 -0.969565
vn 0.013790 -0.244445 -0.969565
vn 0.013790 -0.244445 -0.969565
vn 0.013790 -0.244445 -0.969565
vn 0.013790 -0.244445 -0.969565
vn 0.013790 -0.244445 -0.969565
vn 0.013790 -0.244445 -0.969565
vn 0.013790 -0.244445 -0.969565
vn 0.013790 -0.244445 -0.969565
vn 0.013790 -0.244445 -0.969565
vn 0.013790 -0.244445 -0.969565
vn 0.013790 -0.244445 -0.969565
vn 0.013790 -0.244445 -0.969565
vn 0.013790 -0.244445 -0.969565
vn 0.013790 -0.244445 -0.969565
vn 0.013790 -0.244445 -0.969565
vn 0.013790 -0.244445 -0.969565
vn 0.013790 -0.244445 -0.969565
vn 0.013790 -0.244445 -0.969565
vn 0.013790 -0.244445 -0.969565
vn 0.013790 -0.244445 -0.969565
vn 0.013790 -0.244445 -0.969565
vn 0.013790 -0.244445 -0.969565
vn 0.013790 -0.244445 -0.969565
vn 0.013790 -0.244445 -0.969565
vn 0.013790 -0.244445 -0.969565
vn 0.013790 -0.244445 -0.969565
vn 0.013790 -0.244445 -0.969565
vn 0.013790 -0.244445 -0.969565
vn 0.013790 -0.244445 -0.969565
vn 0.013790 -0.244445 -0.969565
vn 0.013790 -0.244445 -0.969565
vn 0.013790 -0.244445 -0.969565
vn 0.013790 -0.244445 -0.969565
vn 0.013790 -0.244445 -0.969565
vn 0.013790 -0.244445 -0.969565
vn 0.013790 -0.244445 -0.969565
vn 0.013790 -0.244445 -0.969565
vn 0.013790 -0.244445 -0.969565
vn 0.013790 -0.244445 -0.969565
vn 0.013790 -0.244445 -0.969565
vn 0.013790 -0.244445 -0.969565
vn 0.013790 -0.244445 -0.969565
vn 0.013790 -0.244445 -0.969565
vn 0.013790 -0.244445 -0.969565
vn 0.013790 -0.244445 -0.969565
vn 0.013790 -0.244445 -0.969565
vn 0.013790 -0.244445 -0.969565
vn 0.013790 -0.244445 -0.969565
vn 0.013790 -0.244445 -0.969565
vn 0.013790 -0.244445 -0.969565
vn 0.013790 -0.244445 -0.969565
vn 0.013790 -0.244445 -0.969565
vn 0.013790 -0.244445 -0.969565
vn 0.013790 -0.244445 -0.969565
vn 0.013790 -0.244445 -0.969565
vn 0.013790 -0.244445 -0.969565
vn 0.013790 -0.244445 -0.969565
vn 0.013790 -0.244445 -0.969565
vn 0.013790 -0.244445 -0.969565
vn 0.013790 -0.244445 -0.969565
vn 0.013790 -0.244445 -0.969565
vn 0.013790 -0.244445 -0.969565
vn 0.013790 -0.244445 -0.969565
vn 0.013790 -0.244445 -0.969565
vn 0.013790 -0.244445 -0.969565
vn 0.013790 -0.244445 -0.969565
vn 0.013790 -0.244445 -0.969565
vn 0.013790 -0.244445 -0.969565
vn 0.013790 -0.244445 -0.969565
vn 0.013790 -0.244445 -0.969565
vn 0.013790 -0.244445 -0.969565
vn 0.013790 -0.244445 -0.969565
vn 0.013790 -0.244445 -0.969565
vn 0.013790 -0.244445 -0.969565
vn 0.013790 -0.244445 -0.969565
vn 0.013790 -0.244445 -0.969565
vn 0.013790 -0.244445 -0.969565
vn 0.013790 -0.244445 -0.969565
vn 0.013790 -0.244445 -0.969565
vn 0.013790 -0.244445 -0.969565
vn 0.013790 -0.244445 -0.969565
vn 0.013790 -0.244445 -0.969565
vn 0.013790 -0.244445 -0.969565
vn 0.013790 -0.244445 -0.969565
vn 0.013790 -0.244445 -0.969565
vn 0.013790 -0.244445 -0.969565
vn 0.013790 -0.244445 -0.969565
vn 0.013790 -0.244445 -0.969565
vn 0.013790 -0.244445 -0.969565
vn 0.013790 -0.244445 -0.969565
vn 0.013790 -0.244445 -0.969565
vn 0.013790 -0.244445 -0.969565
vn 0.013790 -0.244445 -0.969565
vn 0.013790 -0.244445 -0.969565
vn -0.013790 0.244445 0.969565
vn -0.013790 0.244445 0.969565
vn -0.013790 0.244445 0.969565
vn -0.013790 0.244445 0.969565
vn -0.013790 0.244445 0.969565
vn -0.013790 0.244445 0.969565
vn -0.013790 0.244445 0.969565
vn -0.013790 0.244445 0.969565
vn -0.013790 0.244445 0.969565
vn -0.013790 0.244445 0.969565
vn -0.013790 0.244445 0.969565
vn -0.013790 0.244445 0.969565
vn -0.013790 0.244445 0.969565
vn -0.013790 0.244445 0.969565
vn -0.013790 0.244445 0.969565
vn -0.013790 0.244445 0.969565
vn -0.013790 0.244445 0.969565
vn -0.013790 0.244445 0.969565
vn -0.013790 0.244445 0.969565
vn -0.013790 0.244445 0.969565
vn -0.013790 0.244445 0.969565
vn -0.013790 0.244445 0.969565
vn -0.013790 0.244445 0.969565
vn -0.013790 0.244445 0.969565
vn -0.013790 0.244445 0.969565
vn -0.013790 0.244445 0.969565
vn -0.013790 0.244445 0.969565
vn -0.013790 0.244445 0.969565
vn -0.013790 0.244445 0.969565
vn -0.013790 0.244445 0.969565
vn -0.013790 0.244445 0.969565
vn -0.013790 0.244445 0.969565
vn -0.013790 0.244445 0.969565
vn -0.013790 0.244445 0.969565
vn -0.013790 0.244445 0.969565
vn -0.013790 0.244445 0.969565
vn -0.013790 0.244445 0.969565
vn -0.013790 0.244445 0.969565
vn -0.013790 0.244445 0.969565
vn -0.013790 0.244445 0.969565
vn -0.013790 0.244445 0.969565
vn -0.013790 0.244445 0.969565
vn -0.013790 0.244445 0.969565
vn -0.013790 0.244445 0.969565
vn -0.013790 0.244445 0.969565
vn -0.013790 0.244445 0.969565
vn -0.013790 0.244445 0.969565
vn -0.013790 0.244445 0.969565
vn -0.013790 0.244445 0.969565
vn -0.013790 0.244445 0.969565
vn -0.013790 0.244445 0.969565
vn -0.013790 0.244445 0.969565
vn -0.013790 0.244445 0.969565
vn -0.013790 0.244445 0.969565
vn -0.013790 0.244445 0.969565
vn -0.013790 0.244445 0.969565
vn -0.013790 0.244445 0.969565
vn -0.013790 0.244445 0.969565
vn -0.013790 0.244445 0.969565
vn -0.013790 0.244445 0.969565
vn -0.013790 0.244445 0.969565
vn -0.013790 0.244445 0.969565
vn -0.013790 0.244445 0.969565
vn -0.013790 0.244445 0.969565
vn -0.013790 0.244445 0.969565
vn -0.013790 0.244445 0.969565
vn -0.013790 0.244445 0.969565
vn -0.013790 0.244445 0.969565
vn -0.013790 0.244445 0.969565
vn -0.013790 0.244445 0.969565
vn -0.013790 0.244445 0.969565
vn -0.013790 0.244445 0.969565
vn -0.013790 0.244445 0.969565
vn -0.013790 0.244445 0.969565
vn -0.013790 0.244445 0.969565
vn -0.013790 0.244445 0.969565
vn -0.013790 0.244445 0.969565
vn -0.013790 0.244445 0.969565
vn -0.013790 0.244445 0.969565
vn -0.013790 0.244445 0.969565
vn -0.013790 0.244445 0.969565
vn -0.013790 0.244445 0.969565
vn -0.013790 0.244445 0.969565
vn -0.013790 0.244445 0.969565
vn -0.013790 0.244445 0.969565
vn -0.013790 0.244445 0.969565
vn -0.013790 0.244445 0.969565
vn -0.013790 0.244445 0.969565
vn -0.013790 0.244445 0.969565
vn -0.013790 0.244445 0.969565
vn -0.013790 0.244445 0.969565
vn -0.013790 0.244445 0.969565
vn -0.013790 0.244445 0.969565
vn -0.013790 0.244445 0.969565
vn -0.013790 0.244445 0.969565
vn -0.013790 0.244445 0.969565
vn -0.013790 0.244445 0.969565
vn -0.013790 0.244445 0.969565
vn -0.013790 0.244445 0.969565
vn -0.013790 0.244445 0.969565
vn -0.013790 0.244445 0.969565
vn -0.013790 0.244445 0.969565
vn -0.013790 0.244445 0.969565
vn -0.013790 0.244445 0.969565
vn -0.013790 0.244445 0.969565
vn -0.013790 0.244445 0.969565
vn -0.013790 0.244445 0.969565
vn -0.013790 0.244445 0.969565
vn -0.013790 0.244445 0.969565
vn -0.013790 0.244445 0.969565
vn -0.013790 0.244445 0.969565
vn -0.013790 0.244445 0.969565
vn -0.013790 0.244445 0.969565
vn -0.013790 0.244445 0.969565
vn -0.013790 0.244445 0.969565
vn -0.013790 0.244445 0.969565
vn -0.013790 0.244445 0.969565
vn -0.013790 0.244445 0.969565
vn -0.013790 0.244445 0.969565
vn -0.013790 0.244445 0.969565
vn -0.013790 0.244445 0.969565
vn -0.013790 0.244445 0.969565
vn -0.013790 0.244445 0.969565
vn -0.013790 0.244445 0.969565
vn -0.013790 0.244445 0.969565
vn -0.013790 0.244445 0.969565
vn -0.013790 0.244445 0.969565
vn -0.013790 0.244445 0.969565
vn -0.013790 0.244445 0.969565
vn -0.013790 0.244445 0.969565
vn -0.013790 0.244445 0.969565
vn -0.013790 0.244445 0.969565
vn -0.013790 0.244445 0.969565
vn -0.013790 0.244445 0.969565
vn -0.013790 0.244445 0.969565
vn -0.013790 0.244445 0.969565
vn -0.013790 0.244445 0.969565
vn -0.013790 0.244445 0.969565
vn -0.013790 0.244445 0.969565
vn -0.013790 0.244445 0.969565
vn -0.013790 0.244445 0.969565
vn -0.013790 0.244445 0.969565
vn -0.013790 0.244445 0.969565
vn -0.013790 0.244445 0.969565
vn -0.013790 0.244445 0.969565
vn -0.013790 0.244445 0.969565
vn -0.013790 0.244445 0.969565
vn -0.013790 0.244445 0.969565
vn -0.013790 0.244445 0.969565
vn -0.013790 0.244445 0.969565
vn -0.013790 0.244445 0.969565
vn -0.013790 0.244445 0.969565
vn -0.013790 0.244445 0.969565
vn -0.013790 0.244445 0.969565
vn -0.013790 0.244445 0.969565
vn -0.013790 0.244445 0.969565
vn -0.013790 0.244445 0.969565
vn -0.013790 0.244445 0.969565
vn -0.013790 0.244445 0.969565
vn 0.338315 -0.911328 0.234574
vn 0.338315 -0.911328 0.234574
vn 0.338315 -0.911328 0.234574
vn 0.338315 -0.911328 0.234574
vn 0.495414 -0.840603 0.218977
vn 0.495414 -0.840603 0.218977
vn 0.495414 -0.840603 0.218977
vn 0.495414 -0.840603 0.218977
vn 0.617755 -0.760383 0.200490
vn 0.617755 -0.760383 0.200490
vn 0.617755 -0.760383 0.200490
vn 0.617755 -0.760383 0.200490
vn 0.630819 -0.750213 0.198114
vn 0.630819 -0.750212 0.198114
vn 0.630819 -0.750213 0.198114
vn 0.630819 -0.750212 0.198114
vn 0.792410 -0.588713 0.159696
vn 0.792410 -0.588713 0.159696
vn 0.792410 -0.588713 0.159696
vn 0.792410 -0.588713 0.159696
vn -0.923103 -0.375793 0.081611
vn -0.923103 -0.375793 0.081611
vn -0.923103 -0.375793 0.081611
vn -0.923103 -0.375793 0.081611
vn -0.750667 -0.643087 0.151455
vn -0.750667 -0.643087 0.151455
vn -0.750667 -0.643087 0.151455
vn -0.750667 -0.643087 0.151455
vn -0.958702 -0.278715 0.056635
vn -0.958702 -0.278715 0.056635
vn -0.958702 -0.278715 0.056635
vn -0.958702 -0.278715 0.056635
vn 0.901952 0.421600 -0.093462
vn 0.901952 0.421600 -0.093462
vn 0.901952 0.421600 -0.093462
vn 0.901952 0.421600 -0.093462
vn -0.987902 -0.153126 0.024552
vn -0.987902 -0.153126 0.024552
vn -0.987902 -0.153126 0.024552
vn -0.987902 -0.153126 0.024552
vn 0.862928 0.492767 -0.111962
vn 0.862929 0.492767 -0.111962
vn 0.862928 0.492767 -0.111962
vn 0.862929 0.492767 -0.111962
vn -0.999219 -0.039275 -0.004310
vn -0.999219 -0.039275 -0.004310
vn -0.999219 -0.039275 -0.004310
vn -0.999219 -0.039275 -0.004310
vn 0.846748 0.518582 -0.118699
vn 0.846748 0.518582 -0.118699
vn 0.846748 0.518582 -0.118699
vn 0.846748 0.518582 -0.118699
vn 0.771579 0.619347 -0.145174
vn 0.771579 0.619347 -0.145174
vn 0.771579 0.619347 -0.145174
vn 0.771579 0.619347 -0.145174
vn 0.416712 0.882843 -0.216654
vn 0.416712 0.882843 -0.216654
vn 0.416712 0.882843 -0.216654
vn 0.416712 0.882843 -0.216654
vn 0.654114 0.735598 -0.176155
vn 0.654114 0.735598 -0.176155
vn 0.654114 0.735598 -0.176155
vn 0.654114 0.735598 -0.176155
vn 0.508868 0.836412 -0.203637
vn 0.508868 0.836412 -0.203637
vn 0.508868 0.836412 -0.203637
vn 0.508868 0.836412 -0.203637
vn -0.147619 0.958534 -0.243764
vn -0.147619 0.958534 -0.243764
vn -0.147619 0.958534 -0.243764
vn -0.147619 0.958534 -0.243764
vn -0.016519 0.969469 -0.244655
vn -0.016519 0.969469 -0.244655
vn -0.016519 0.969469 -0.244655
vn -0.016519 0.969469 -0.244655
vn 0.063242 0.967929 -0.243133
vn 0.063242 0.967929 -0.243133
vn 0.063242 0.967929 -0.243133
vn 0.063242 0.967929 -0.243133
vn 0.149412 0.959275 -0.239725
vn 0.149412 0.959275 -0.239725
vn 0.149412 0.959275 -0.239725
vn 0.149412 0.959275 -0.239725
vn 0.455538 0.864719 -0.211532
vn 0.455538 0.864719 -0.211532
vn 0.455538 0.864719 -0.211532
vn 0.455538 0.864719 -0.211532
vn 0.336338 0.914290 -0.225725
vn 0.336338 0.914290 -0.225725
vn 0.336338 0.914290 -0.225725
vn 0.336338 0.914290 -0.225725
vn -0.859350 -0.498635 0.113491
vn -0.859350 -0.498635 0.113491
vn -0.859350 -0.498635 0.113491
vn -0.859350 -0.498635 0.113491
vn 0.149406 0.959276 -0.239726
vn 0.149406 0.959276 -0.239726
vn 0.149406 0.959276 -0.239726
vn 0.149406 0.959276 -0.239726
vn 0.338311 -0.911329 0.234574
vn 0.338311 -0.911329 0.234574
vn 0.338311 -0.911329 0.234574
vn 0.338311 -0.911329 0.234574
vn 0.434229 -0.871987 0.226019
vn 0.434229 -0.871987 0.226019
vn 0.434229 -0.871987 0.226019
vn 0.434229 -0.871987 0.226019
vn 0.726385 0.668812 -0.158289
vn 0.726385 0.668812 -0.158289
vn 0.726385 0.668812 -0.158289
vn 0.726385 0.668812 -0.158289
vn 0.726385 0.668812 -0.158288
vn 0.726385 0.668812 -0.158288
vn 0.726385 0.668812 -0.158288
vn 0.726385 0.668812 -0.158288
vn 0.561708 0.804091 -0.194737
vn 0.561707 0.804091 -0.194737
vn 0.561708 0.804091 -0.194737
vn 0.561707 0.804091 -0.194737
vn -0.859351 -0.498634 0.113491
vn -0.859351 -0.498634 0.113491
vn -0.859351 -0.498634 0.113491
vn -0.859351 -0.498634 0.113491
vn -0.923104 -0.375791 0.081612
vn -0.923104 -0.375791 0.081612
vn -0.923104 -0.375791 0.081612
vn -0.923104 -0.375791 0.081612
vn -0.999480 0.024897 -0.020493
vn -0.999480 0.024897 -0.020493
vn -0.999480 0.024897 -0.020493
vn -0.999480 0.024897 -0.020493
vn -0.999905 -0.003372 -0.013373
vn -0.999905 -0.003372 -0.013373
vn -0.999905 -0.003372 -0.013373
vn -0.999905 -0.003372 -0.013373
vn -0.999905 -0.003371 -0.013370
vn -0.999905 -0.003371 -0.013370
vn -0.999905 -0.003371 -0.013370
vn -0.999905 -0.003371 -0.013370
vn -0.611611 -0.769171 0.185224
vn -0.611611 -0.769171 0.185224
vn -0.611611 -0.769171 0.185224
vn -0.611611 -0.769171 0.185224
vn -0.767196 -0.624453 0.146524
vn -0.767196 -0.624453 0.146524
vn -0.767195 -0.624453 0.146524
vn -0.767196 -0.624453 0.146524
vn -0.599515 -0.778058 0.187637
vn -0.599515 -0.778058 0.187637
vn -0.599515 -0.778058 0.187637
vn -0.599515 -0.778058 0.187637
vn -0.460372 -0.862320 0.210858
vn -0.460372 -0.862320 0.210858
vn -0.460372 -0.862320 0.210858
vn -0.460372 -0.862320 0.210858
vn -0.599516 -0.778057 0.187636
vn -0.599516 -0.778057 0.187636
vn -0.599516 -0.778057 0.187636
vn -0.599516 -0.778057 0.187636
vn -0.368668 -0.902585 0.222314
vn -0.368668 -0.902585 0.222314
vn -0.368668 -0.902585 0.222314
vn -0.368668 -0.902585 0.222314
vn 0.813291 -0.561356 0.153095
vn 0.813291 -0.561356 0.153095
vn 0.813291 -0.561356 0.153095
vn 0.813291 -0.561356 0.153095
vn 0.879949 -0.457536 0.127870
vn 0.879949 -0.457536 0.127870
vn 0.879949 -0.457536 0.127870
vn 0.879949 -0.457536 0.127870
vn 0.926089 -0.362524 0.104569
vn 0.926089 -0.362524 0.104569
vn 0.926089 -0.362524 0.104569
vn 0.926089 -0.362524 0.104569
vn -0.013790 0.244445 0.969565
vn -0.013790 0.244445 0.969565
vn -0.013790 0.244445 0.969565
vn -0.013790 0.244445 0.969565
vn -0.013790 0.244445 0.969565
vn -0.013790 0.244445 0.969565
vn -0.013790 0.244445 0.969565
vn -0.013790 0.244445 0.969565
vn -0.013790 0.244445 0.969565
vn -0.013790 0.244445 0.969565
vn -0.013790 0.244445 0.969565
vn -0.013790 0.244445 0.969565
vn -0.013790 0.244445 0.969565
vn -0.013790 0.244445 0.969565
vn -0.013790 0.244445 0.969565
vn -0.013790 0.244445 0.969565
vn -0.013790 0.244445 0.969565
vn -0.013790 0.244445 0.969565
vn -0.013790 0.244445 0.969565
vn -0.013790 0.244445 0.969565
vn -0.013790 0.244445 0.969565
vn -0.013790 0.244445 0.969565
vn -0.013790 0.244445 0.969565
vn -0.013790 0.244445 0.969565
vn -0.013790 0.244445 0.969565
vn -0.013790 0.244445 0.969565
vn -0.013790 0.244445 0.969565
vn -0.013790 0.244445 0.969565
vn -0.013790 0.244445 0.969565
vn -0.013790 0.244445 0.969565
vn -0.013790 0.244445 0.969565
vn -0.013790 0.244445 0.969565
vn -0.013790 0.244445 0.969565
vn -0.013790 0.244445 0.969565
vn -0.013790 0.244445 0.969565
vn -0.013790 0.244445 0.969565
vn -0.013790 0.244445 0.969565
vn -0.013790 0.244445 0.969565
vn -0.013790 0.244445 0.969565
vn -0.013790 0.244445 0.969565
vn -0.013790 0.244445 0.969565
vn -0.013790 0.244445 0.969565
vn -0.013790 0.244445 0.969565
vn -0.013790 0.244445 0.969565
vn -0.013790 0.244445 0.969565
vn -0.013790 0.244445 0.969565
vn -0.013790 0.244445 0.969565
vn -0.013790 0.244445 0.969565
vn -0.013790 0.244445 0.969565
vn -0.013790 0.244445 0.969565
vn -0.013790 0.244445 0.969565
vn -0.013790 0.244445 0.969565
vn -0.013790 0.244445 0.969565
vn -0.013790 0.244445 0.969565
vn -0.013790 0.244445 0.969565
vn -0.013790 0.244445 0.969565
vn -0.013790 0.244445 0.969565
vn -0.013790 0.244445 0.969565
vn -0.013790 0.244445 0.969565
vn -0.013790 0.244445 0.969565
vn -0.013790 0.244445 0.969565
vn -0.013790 0.244445 0.969565
vn -0.013790 0.244445 0.969565
vn -0.013790 0.244445 0.969565
vn -0.013790 0.244445 0.969565
vn -0.013790 0.244445 0.969565
vn -0.013790 0.244445 0.969565
vn -0.013790 0.244445 0.969565
vn -0.013790 0.244445 0.969565
vn -0.013790 0.244445 0.969565
vn -0.013790 0.244445 0.969565
vn -0.013790 0.244445 0.969565
vn -0.013790 0.244445 0.969565
vn -0.013790 0.244445 0.969565
vn -0.013790 0.244445 0.969565
vn -0.013790 0.244445 0.969565
vn -0.013790 0.244445 0.969565
vn -0.013790 0.244445 0.969565
vn -0.013790 0.244445 0.969565
vn -0.013790 0.244445 0.969565
vn -0.013790 0.244445 0.969565
vn -0.013790 0.244445 0.969565
vn -0.013790 0.244445 0.969565
vn -0.013790 0.244445 0.969565
vn -0.013790 0.244445 0.969565
vn -0.013790 0.244445 0.969565
vn -0.013790 0.244445 0.969565
vn -0.013790 0.244445 0.969565
vn -0.013790 0.244445 0.969565
vn -0.013790 0.244445 0.969565
vn -0.013790 0.244445 0.969565
vn -0.013790 0.244445 0.969565
vn -0.013790 0.244445 0.969565
vn -0.013790 0.244445 0.969565
vn -0.013790 0.244445 0.969565
vn -0.013790 0.244445 0.969565
vn -0.013790 0.244445 0.969565
vn -0.013790 0.244445 0.969565
vn -0.013790 0.244445 0.969565
vn -0.013790 0.244445 0.969565
vn -0.013790 0.244445 0.969565
vn -0.013790 0.244445 0.969565
vn -0.013790 0.244445 0.969565
vn -0.013790 0.244445 0.969565
vn -0.013790 0.244445 0.969565
vn -0.013790 0.244445 0.969565
vn -0.013790 0.244445 0.969565
vn -0.013790 0.244445 0.969565
vn -0.013790 0.244445 0.969565
vn -0.013790 0.244445 0.969565
vn -0.013790 0.244445 0.969565
vn -0.013790 0.244445 0.969565
vn -0.013790 0.244445 0.969565
vn -0.013790 0.244445 0.969565
vn -0.013790 0.244445 0.969565
vn -0.013790 0.244445 0.969565
vn -0.013790 0.244445 0.969565
vn -0.013790 0.244445 0.969565
vn -0.013790 0.244445 0.969565
vn -0.013790 0.244445 0.969565
vn -0.013790 0.244445 0.969565
vn -0.013790 0.244445 0.969565
vn -0.013790 0.244445 0.969565
vn -0.013790 0.244445 0.969565
vn -0.013790 0.244445 0.969565
vn -0.013790 0.244445 0.969565
vn -0.013790 0.244445 0.969565
vn -0.013790 0.244445 0.969565
vn -0.013790 0.244445 0.969565
vn -0.013790 0.244445 0.969565
vn -0.013790 0.244445 0.969565
vn -0.013790 0.244445 0.969565
vn -0.013790 0.244445 0.969565
vn -0.013790 0.244445 0.969565
vn -0.013790 0.244445 0.969565
vn -0.013790 0.244445 0.969565
vn -0.013790 0.244445 0.969565
vn -0.013790 0.244445 0.969565
vn -0.013790 0.244445 0.969565
vn -0.013790 0.244445 0.969565
vn -0.013790 0.244445 0.969565
vn -0.013790 0.244445 0.969565
vn -0.013790 0.244445 0.969565
vn -0.013790 0.244445 0.969565
vn -0.013790 0.244445 0.969565
vn -0.013790 0.244445 0.969565
vn -0.013790 0.244445 0.969565
vn -0.013790 0.244445 0.969565
vn -0.013790 0.244445 0.969565
vn -0.013790 0.244445 0.969565
vn -0.013790 0.244445 0.969565
vn -0.013790 0.244445 0.969565
vn -0.013790 0.244445 0.969565
vn -0.013790 0.244445 0.969565
vn -0.013790 0.244445 0.969565
vn -0.013790 0.244445 0.969565
vn -0.013790 0.244445 0.969565
vn -0.013790 0.244445 0.969565
vn -0.013790 0.244445 0.969565
vn -0.013790 0.244445 0.969565
vn 0.013790 -0.244445 -0.969565
vn 0.013790 -0.244445 -0.969565
vn 0.013790 -0.244445 -0.969565
vn 0.013790 -0.244445 -0.969565
vn 0.013790 -0.244445 -0.969565
vn 0.013790 -0.244445 -0.969565
vn 0.013790 -0.244445 -0.969565
vn 0.013790 -0.244445 -0.969565
vn 0.013790 -0.244445 -0.969565
vn 0.013790 -0.244445 -0.969565
vn 0.013790 -0.244445 -0.969565
vn 0.013790 -0.244445 -0.969565
vn 0.013790 -0.244445 -0.969565
vn 0.013790 -0.244445 -0.969565
vn 0.013790 -0.244445 -0.969565
vn 0.013790 -0.244445 -0.969565
vn 0.013790 -0.244445 -0.969565
vn 0.013790 -0.244445 -0.969565
vn 0.013790 -0.244445 -0.969565
vn 0.013790 -0.244445 -0.969565
vn 0.013790 -0.244445 -0.969565
vn 0.013790 -0.244445 -0.969565
vn 0.013790 -0.244445 -0.969565
vn 0.013790 -0.244445 -0.969565
vn 0.013790 -0.244445 -0.969565
vn 0.013790 -0.244445 -0.969565
vn 0.013790 -0.244445 -0.969565
vn 0.013790 -0.244445 -0.969565
vn 0.013790 -0.244445 -0.969565
vn 0.013790 -0.244445 -0.969565
vn 0.013790 -0.244445 -0.969565
vn 0.013790 -0.244445 -0.969565
vn 0.013790 -0.244445 -0.969565
vn 0.013790 -0.244445 -0.969565
vn 0.013790 -0.244445 -0.969565
vn 0.013790 -0.244445 -0.969565
vn 0.013790 -0.244445 -0.969565
vn 0.013790 -0.244445 -0.969565
vn 0.013790 -0.244445 -0.969565
vn 0.013790 -0.244445 -0.969565
vn 0.013790 -0.244445 -0.969565
vn 0.013790 -0.244445 -0.969565
vn 0.013790 -0.244445 -0.969565
vn 0.013790 -0.244445 -0.969565
vn 0.013790 -0.244445 -0.969565
vn 0.013790 -0.244445 -0.969565
vn 0.013790 -0.244445 -0.969565
vn 0.013790 -0.244445 -0.969565
vn 0.013790 -0.244445 -0.969565
vn 0.013790 -0.244445 -0.969565
vn 0.013790 -0.244445 -0.969565
vn 0.013790 -0.244445 -0.969565
vn 0.013790 -0.244445 -0.969565
vn 0.013790 -0.244445 -0.969565
vn 0.013790 -0.244445 -0.969565
vn 0.013790 -0.244445 -0.969565
vn 0.013790 -0.244445 -0.969565
vn 0.013790 -0.244445 -0.969565
vn 0.013790 -0.244445 -0.969565
vn 0.013790 -0.244445 -0.969565
vn 0.013790 -0.244445 -0.969565
vn 0.013790 -0.244445 -0.969565
vn 0.013790 -0.244445 -0.969565
vn 0.013790 -0.244445 -0.969565
vn 0.013790 -0.244445 -0.969565
vn 0.013790 -0.244445 -0.969565
vn 0.013790 -0.244445 -0.969565
vn 0.013790 -0.244445 -0.969565
vn 0.013790 -0.244445 -0.969565
vn 0.013790 -0.244445 -0.969565
vn 0.013790 -0.244445 -0.969565
vn 0.013790 -0.244445 -0.969565
vn 0.013790 -0.244445 -0.969565
vn 0.013790 -0.244445 -0.969565
vn 0.013790 -0.244445 -0.969565
vn 0.013790 -0.244445 -0.969565
vn 0.013790 -0.244445 -0.969565
vn 0.013790 -0.244445 -0.969565
vn 0.013790 -0.244445 -0.969565
vn 0.013790 -0.244445 -0.969565
vn 0.013790 -0.244445 -0.969565
vn 0.013790 -0.244445 -0.969565
vn 0.013790 -0.244445 -0.969565
vn 0.013790 -0.244445 -0.969565
vn 0.013790 -0.244445 -0.969565
vn 0.013790 -0.244445 -0.969565
vn 0.013790 -0.244445 -0.969565
vn 0.013790 -0.244445 -0.969565
vn 0.013790 -0.244445 -0.969565
vn 0.013790 -0.244445 -0.969565
vn 0.013790 -0.244445 -0.969565
vn 0.013790 -0.244445 -0.969565
vn 0.013790 -0.244445 -0.969565
vn 0.013790 -0.244445 -0.969565
vn 0.013790 -0.244445 -0.969565
vn 0.013790 -0.244445 -0.969565
vn 0.013790 -0.244445 -0.969565
vn 0.013790 -0.244445 -0.969565
vn 0.013790 -0.244445 -0.969565
vn 0.013790 -0.244445 -0.969565
vn 0.013790 -0.244445 -0.969565
vn 0.013790 -0.244445 -0.969565
vn 0.013790 -0.244445 -0.969565
vn 0.013790 -0.244445 -0.969565
vn 0.013790 -0.244445 -0.969565
vn 0.013790 -0.244445 -0.969565
vn 0.013790 -0.244445 -0.969565
vn 0.013790 -0.244445 -0.969565
vn 0.013790 -0.244445 -0.969565
vn 0.013790 -0.244445 -0.969565
vn 0.013790 -0.244445 -0.969565
vn 0.013790 -0.244445 -0.969565
vn 0.013790 -0.244445 -0.969565
vn 0.013790 -0.244445 -0.969565
vn 0.013790 -0.244445 -0.969565
vn 0.013790 -0.244445 -0.969565
vn 0.013790 -0.244445 -0.969565
vn 0.013790 -0.244445 -0.969565
vn 0.013790 -0.244445 -0.969565
vn 0.013790 -0.244445 -0.969565
vn 0.013790 -0.244445 -0.969565
vn 0.013790 -0.244445 -0.969565
vn 0.013790 -0.244445 -0.969565
vn 0.013790 -0.244445 -0.969565
vn 0.013790 -0.244445 -0.969565
vn 0.013790 -0.244445 -0.969565
vn 0.013790 -0.244445 -0.969565
vn 0.013790 -0.244445 -0.969565
vn 0.013790 -0.244445 -0.969565
vn 0.013790 -0.244445 -0.969565
vn 0.013790 -0.244445 -0.969565
vn 0.013790 -0.244445 -0.969565
vn 0.013790 -0.244445 -0.969565
vn 0.013790 -0.244445 -0.969565
vn 0.013790 -0.244445 -0.969565
vn 0.013790 -0.244445 -0.969565
vn 0.013790 -0.244445 -0.969565
vn 0.013790 -0.244445 -0.969565
vn 0.013790 -0.244445 -0.969565
vn 0.013790 -0.244445 -0.969565
vn 0.013790 -0.244445 -0.969565
vn 0.013790 -0.244445 -0.969565
vn 0.013790 -0.244445 -0.969565
vn 0.013790 -0.244445 -0.969565
vn 0.013790 -0.244445 -0.969565
vn 0.013790 -0.244445 -0.969565
vn 0.013790 -0.244445 -0.969565
vn 0.013790 -0.244445 -0.969565
vn 0.013790 -0.244445 -0.969565
vn 0.013790 -0.244445 -0.969565
vn 0.013790 -0.244445 -0.969565
vn 0.013790 -0.244445 -0.969565
vn 0.013790 -0.244445 -0.969565
vn 0.013790 -0.244445 -0.969565
vn 0.013790 -0.244445 -0.969565
vn 0.013790 -0.244445 -0.969565
vn 0.013790 -0.244445 -0.969565
vn 0.013790 -0.244445 -0.969565
vn 0.013790 -0.244445 -0.969565
vn 0.000000 0.000000 0.000000
vn 0.000000 0.000000 0.000000
vn 0.000000 0.000000 0.000000
vn 0.000000 0.000000 0.000000
vn 0.000000 0.000000 0.000000
vn 0.000000 0.000000 0.000000
vn 0.000000 0.000000 0.000000
vn 0.000000 0.000000 0.000000
vn 0.000000 0.000000 0.000000
vn 0.000000 0.000000 0.000000
vn 0.000000 0.000000 0.000000
vn 0.000000 0.000000 0.000000
vn 0.000000 0.000000 0.000000
vn 0.000000 0.000000 0.000000
vn 0.000000 0.000000 0.000000
vn 0.000000 0.000000 0.000000
vn 0.000000 0.000000 0.000000
vn 0.000000 0.000000 0.000000
vn 0.000000 0.000000 0.000000
vn 0.000000 0.000000 0.000000
vn 0.000000 0.000000 0.000000
vn 0.000000 0.000000 0.000000
vn 0.000000 0.000000 0.000000
vn 0.000000 0.000000 0.000000
vn 0.000000 0.000000 0.000000
vn 0.000000 0.000000 0.000000
vn 0.000000 0.000000 0.000000
vn 0.000000 0.000000 0.000000
vn 0.000000 0.000000 0.000000
vn 0.000000 0.000000 0.000000
vn 0.000000 0.000000 0.000000
vn 0.000000 0.000000 0.000000
vn 0.000000 0.000000 0.000000
vn 0.000000 0.000000 0.000000
vn 0.000000 0.000000 0.000000
vn 0.000000 0.000000 0.000000
vn 0.000000 0.000000 0.000000
vn 0.000000 0.000000 0.000000
vn 0.000000 0.000000 0.000000
vn 0.000000 0.000000 0.000000
vn 0.000000 0.000000 0.000000
vn 0.000000 0.000000 0.000000
vn 0.000000 0.000000 0.000000
vn 0.000000 0.000000 0.000000
vn 0.000000 0.000000 0.000000
vn 0.000000 0.000000 0.000000
vn 0.000000 0.000000 0.000000
vn 0.000000 0.000000 0.000000
vn 0.000000 0.000000 0.000000
vn 0.000000 0.000000 0.000000
vn 0.000000 0.000000 0.000000
vn 0.000000 0.000000 0.000000
vn 0.000000 0.000000 0.000000
vn 0.000000 0.000000 0.000000
vn 0.000000 0.000000 0.000000
vn 0.000000 0.000000 0.000000
vn 0.000000 0.000000 0.000000
vn 0.000000 0.000000 0.000000
vn 0.000000 0.000000 0.000000
vn 0.000000 0.000000 0.000000
vn 0.000000 0.000000 0.000000
vn 0.000000 0.000000 0.000000
vn 0.000000 0.000000 0.000000
vn 0.000000 0.000000 0.000000
vn 0.000000 0.000000 0.000000
vn 0.000000 0.000000 0.000000
vn 0.000000 0.000000 0.000000
vn 0.000000 0.000000 0.000000
vn 0.000000 0.000000 0.000000
vn 0.000000 0.000000 0.000000
vn 0.000000 0.000000 0.000000
vn 0.000000 0.000000 0.000000
vn 0.000000 0.000000 0.000000
vn 0.000000 0.000000 0.000000
vn 0.000000 0.000000 0.000000
vn 0.000000 0.000000 0.000000
vn 0.000000 0.000000 0.000000
vn 0.000000 0.000000 0.000000
vn 0.000000 0.000000 0.000000
vn 0.000000 0.000000 0.000000
vn 0.000000 0.000000 0.000000
vn 0.000000 0.000000 0.000000
vn 0.000000 0.000000 0.000000
vn 0.000000 0.000000 0.000000
vn 0.000000 0.000000 0.000000
vn 0.000000 0.000000 0.000000
vn 0.000000 0.000000 0.000000
vn 0.000000 0.000000 0.000000
vn 0.000000 0.000000 0.000000
vn 0.000000 0.000000 0.000000
vn 0.000000 0.000000 0.000000
vn 0.000000 0.000000 0.000000
vn 0.000000 0.000000 0.000000
vn 0.000000 0.000000 0.000000
vn 0.000000 0.000000 0.000000
vn 0.000000 0.000000 0.000000
vn 0.000000 0.000000 0.000000
vn 0.000000 0.000000 0.000000
vn 0.000000 0.000000 0.000000
vn 0.000000 0.000000 0.000000
vn 0.000000 0.000000 0.000000
vn 0.000000 0.000000 0.000000
vn 0.000000 0.000000 0.000000
vn 0.000000 0.000000 0.000000
vn 0.000000 0.000000 0.000000
vn 0.000000 0.000000 0.000000
vn 0.000000 0.000000 0.000000
vn 0.000000 0.000000 0.000000
vn 0.000000 0.000000 0.000000
vn 0.000000 0.000000 0.000000
vn 0.000000 0.000000 0.000000
vn 0.000000 0.000000 0.000000
vn 0.000000 0.000000 0.000000
vn 0.000000 0.000000 0.000000
vn 0.000000 0.000000 0.000000
vn 0.000000 0.000000 0.000000
vn 0.000000 0.000000 0.000000
vn 0.000000 0.000000 0.000000
vn 0.000000 0.000000 0.000000
vn 0.000000 0.000000 0.000000
vn 0.000000 0.000000 0.000000
vn 0.000000 0.000000 0.000000
vn 0.000000 0.000000 0.000000
vn 0.000000 0.000000 0.000000
vn 0.000000 0.000000 0.000000
vn 0.000000 0.000000 0.000000
vn 0.000000 0.000000 0.000000
vn 0.000000 0.000000 0.000000
vn 0.000000 0.000000 0.000000
vn 0.000000 0.000000 0.000000
vn 0.000000 0.000000 0.000000
vn 0.000000 0.000000 0.000000
vn 0.000000 0.000000 0.000000
vn 0.000000 0.000000 0.000000
vn 0.000000 0.000000 0.000000
vn 0.000000 0.000000 0.000000
vn 0.000000 0.000000 0.000000
vn 0.000000 0.000000 0.000000
vn 0.000000 0.000000 0.000000
vn 0.000000 0.000000 0.000000
vn 0.000000 0.000000 0.000000
vn 0.000000 0.000000 0.000000
vn 0.000000 0.000000 0.000000
vn 0.000000 0.000000 0.000000
vn 0.000000 0.000000 0.000000
vn 0.000000 0.000000 0.000000
vn 0.000000 0.000000 0.000000
vn 0.000000 0.000000 0.000000
vn 0.000000 0.000000 0.000000
vn 0.000000 0.000000 0.000000
vn 0.000000 0.000000 0.000000
vn 0.000000 0.000000 0.000000
vn 0.000000 0.000000 0.000000
vn 0.000000 0.000000 0.000000
vn 0.000000 0.000000 0.000000
vn 0.000000 0.000000 0.000000
vn 0.000000 0.000000 0.000000
vn 0.000000 0.000000 0.000000
vn 0.000000 0.000000 0.000000
vn 0.000000 0.000000 0.000000
vn 0.000000 0.000000 0.000000
vn 0.000000 0.000000 0.000000
vn 0.000000 0.000000 0.000000
vn 0.000000 0.000000 0.000000
vn 0.000000 0.000000 0.000000
vn 0.000000 0.000000 0.000000
vn 0.000000 0.000000 0.000000
vn 0.000000 0.000000 0.000000
vn 0.000000 0.000000 0.000000
vn 0.000000 0.000000 0.000000
vn 0.000000 0.000000 0.000000
vn 0.000000 0.000000 0.000000
vn 0.000000 0.000000 0.000000
vn 0.000000 0.000000 0.000000
vn 0.000000 0.000000 0.000000
vn 0.000000 0.000000 0.000000
vn -0.500493 0.837758 -0.218331
vn -0.500493 0.837758 -0.218331
vn -0.500493 0.837758 -0.218331
vn -0.500493 0.837758 -0.218331
vn 0.841664 -0.520658 0.143237
vn 0.841664 -0.520658 0.143237
vn 0.841664 -0.520658 0.143237
vn 0.841664 -0.520658 0.143237
vn -0.999905 -0.003371 -0.013370
vn -0.999905 -0.003371 -0.013370
vn -0.999905 -0.003371 -0.013370
vn -0.999905 -0.003371 -0.013370
vn 0.000000 -0.969657 0.244468
vn 0.000000 -0.969657 0.244468
vn 0.000000 -0.969657 0.244468
vn 0.000000 -0.969657 0.244468
vn 0.000000 0.969657 -0.244468
vn 0.000000 0.969657 -0.244468
vn 0.000000 0.969657 -0.244468
vn 0.000000 0.969657 -0.244468
vn 0.999905 0.003370 0.013366
vn 0.999593 0.027597 0.007254
vn 0.999593 0.027597 0.007254
vn 0.999905 0.003370 0.013366
vn 0.000000 -0.969657 0.244468
vn 0.000000 -0.969657 0.244468
vn 0.000000 -0.969657 0.244468
vn 0.000000 -0.969657 0.244468
vn -0.999905 -0.003371 -0.013371
vn -0.999905 -0.003371 -0.013371
vn -0.999905 -0.003371 -0.013371
vn -0.999905 -0.003371 -0.013371
vn 0.000000 0.969657 -0.244468
vn 0.000000 0.969657 -0.244468
vn 0.000000 0.969657 -0.244468
vn 0.000000 0.969657 -0.244468
vn 0.949898 0.306014 -0.063640
vn 0.949898 0.306014 -0.063640
vn 0.949898 0.306014 -0.063640
vn 0.949898 0.306014 -0.063640
vn 0.949899 0.306009 -0.063644
vn 0.949899 0.306009 -0.063644
s 1
g N3
usemtl aiStandardSurface1SG
f 83/647/1 84/648/2 85/649/3 86/650/4
f 84/648/2 87/651/5 88/652/6 85/649/3
f 87/651/5 89/653/7 90/654/8 88/652/6
f 89/653/7 91/657/9 92/658/10 90/654/8
f 93/711/11 94/712/12 95/708/13 96/707/14
f 85/649/3 88/652/6 97/655/15 98/656/16
f 88/652/6 90/654/8 99/659/17 97/655/15
f 96/707/14 95/708/13 100/705/18 101/704/19
f 98/656/16 97/655/15 102/660/20 103/661/21
f 97/655/15 99/659/17 104/662/22 102/660/20
f 105/703/23 101/704/19 106/702/24 107/701/25
f 101/704/19 100/705/18 108/706/26 106/702/24
f 103/661/21 102/660/20 109/663/27 110/664/28
f 102/660/20 104/662/22 111/665/29 109/663/27
f 112/700/30 107/701/25 113/699/31 114/697/32
f 107/701/25 106/702/24 113/699/31
f 106/702/24 108/706/26 115/709/33 116/710/34
f 110/664/28 109/663/27 117/666/35 118/667/36
f 109/663/27 111/665/29 119/668/37 117/666/35
f 120/696/38 114/697/32 121/694/39 122/693/40
f 113/699/31 123/698/41 114/697/32
f 114/697/32 123/698/41 121/694/39
f 116/710/34 115/709/33 124/713/42 125/714/43
f 118/667/36 117/666/35 126/669/44 127/670/45
f 117/666/35 119/668/37 128/671/46 126/669/44
f 129/692/47 122/693/40 130/691/48 131/690/49
f 122/693/40 121/694/39 132/695/50 130/691/48
f 125/714/43 124/713/42 133/715/51 134/716/52
f 127/670/45 126/669/44 135/672/53 136/673/54
f 126/669/44 128/671/46 137/674/55 135/672/53
f 131/690/49 130/691/48 138/685/56 139/680/57
f 134/716/52 133/715/51 140/717/58 141/718/59
f 136/673/54 135/672/53 142/675/60 143/676/61
f 135/672/53 137/674/55 144/677/62 142/675/60
f 137/674/55 139/680/57 145/681/63 144/677/62
f 139/680/57 138/685/56 146/686/64 145/681/63
f 141/718/59 140/717/58 147/719/65 148/720/66
f 143/676/61 142/675/60 149/678/67 150/679/68
f 142/675/60 144/677/62 151/682/69 149/678/67
f 148/720/66 147/719/65 152/721/70 153/722/71
f 154/688/72 150/679/68 155/684/73 156/689/74
f 150/679/68 149/678/67 157/683/75 155/684/73
f 149/678/67 151/682/69 158/687/76 157/683/75
f 159/727/77 153/722/71 160/724/78 161/728/79
f 153/722/71 152/721/70 162/723/80 160/724/78
f 152/721/70 163/725/81 164/726/82 162/723/80
s 4
f 1/729/83 8/730/84 9/731/85 2/732/86
f 2/732/86 9/731/85 10/733/87 3/734/88
f 3/734/88 10/733/87 11/737/89 4/738/90
f 4/738/90 11/737/89 12/742/91 5/743/92
f 6/795/93 13/791/94 14/792/95 7/796/96
f 9/731/85 15/735/97 16/736/98 10/733/87
f 10/733/87 16/736/98 17/741/99 11/737/89
f 13/791/94 19/786/100 20/788/101 14/792/95
f 15/735/97 21/739/102 22/740/103 16/736/98
f 16/736/98 22/740/103 23/746/104 17/741/99
f 18/785/105 25/783/106 26/784/107 19/786/100
f 19/786/100 26/784/107 27/787/108 20/788/101
f 21/739/102 28/744/109 29/745/110 22/740/103
f 22/740/103 29/745/110 30/749/111 23/746/104
f 24/782/112 32/779/113 33/781/114 25/783/106
f 25/783/106 33/781/114 26/784/107
f 26/784/107 34/789/115 35/790/116 27/787/108
f 28/744/109 36/747/117 37/748/118 29/745/110
f 29/745/110 37/748/118 38/752/119 30/749/111
f 31/778/120 40/775/121 41/777/122 32/779/113
f 41/777/122 42/780/123 32/779/113
f 32/779/113 42/780/123 33/781/114
f 34/789/115 43/793/124 44/794/125 35/790/116
f 36/747/117 45/750/126 46/751/127 37/748/118
f 37/748/118 46/751/127 47/755/128 38/752/119
f 39/774/129 48/772/130 49/773/131 40/775/121
f 40/775/121 49/773/131 50/776/132 41/777/122
f 43/793/124 51/797/133 52/798/134 44/794/125
f 45/750/126 53/753/135 54/754/136 46/751/127
f 46/751/127 54/754/136 55/758/137 47/755/128
f 48/772/130 56/766/138 57/771/139 49/773/131
f 51/797/133 58/799/140 59/800/141 52/798/134
f 53/753/135 60/756/142 61/757/143 54/754/136
f 54/754/136 61/757/143 62/761/144 55/758/137
f 55/758/137 62/761/144 63/765/145 56/766/138
f 56/766/138 63/765/145 64/770/146 57/771/139
f 58/799/140 65/801/147 66/802/148 59/800/141
f 60/756/142 68/759/149 69/760/150 61/757/143
f 61/757/143 69/760/150 70/764/151 62/761/144
f 65/801/147 72/803/152 73/804/153 66/802/148
f 67/767/154 75/768/155 76/762/156 68/759/149
f 68/759/149 76/762/156 77/763/157 69/760/150
f 69/760/150 77/763/157 78/769/158 70/764/151
f 71/807/159 79/808/160 80/805/161 72/803/152
f 72/803/152 80/805/161 81/806/162 73/804/153
f 73/804/153 81/806/162 82/809/163 74/810/164
s 10
f 1/2334/165 2/2335/166 84/2336/167 83/2337/168
s off
f 9/2344/169 8/2345/170 86/2346/171 85/2347/172
f 8/89/173 1/90/174 83/91/175 86/92/176
s 10
f 2/2335/166 3/2338/177 87/2339/178 84/2336/167
f 3/2338/177 4/2340/179 89/2341/180 87/2339/178
f 4/2340/179 5/2342/181 89/2341/180
f 89/2341/180 5/2342/181 91/2343/182
s off
f 5/93/183 12/94/184 92/95/185 91/96/186
f 12/2348/187 11/2349/188 90/2350/189 92/2351/190
f 6/2352/191 7/2353/192 94/2354/193 93/2355/194
s 11
f 7/97/195 14/98/196 95/99/197 94/100/198
s 12
f 13/2356/199 6/2352/200 93/2355/201 96/2357/202
s 13
f 15/117/203 9/118/204 85/119/205 98/120/206
s 14
f 11/135/207 17/136/208 99/137/209 90/138/210
s 11
f 14/98/196 20/101/211 100/102/212 95/99/197
s 12
f 19/2358/213 13/2356/199 96/2357/202 101/2359/214
s 13
f 21/121/215 15/117/203 98/120/206 103/122/216
s 14
f 17/136/208 23/139/217 104/140/218 99/137/209
s 12
f 18/2360/219 19/2358/213 101/2359/214 105/2361/220
f 25/2362/221 18/2360/219 105/2361/220 107/2363/222
s 11
f 20/101/211 27/103/223 108/104/224 100/102/212
s 13
f 28/123/225 21/121/215 103/122/216 110/124/226
s 14
f 23/139/217 30/141/227 111/142/228 104/140/218
s 12
f 24/2364/229 25/2362/221 107/2363/222 112/2365/230
f 32/2366/231 24/2364/229 112/2365/230 114/2367/232
s 15
f 26/2412/233 33/2411/234 113/2410/235 106/2413/236
s 11
f 27/103/223 35/105/237 115/106/238 108/104/224
s 16
f 34/149/239 26/150/240 106/151/241 116/152/242
s 13
f 36/125/243 28/123/225 110/124/226 118/126/244
s 14
f 30/141/227 38/143/245 119/144/246 111/142/228
s 12
f 31/2368/247 32/2366/231 114/2367/232 120/2369/248
f 40/2370/249 31/2368/247 120/2369/248 122/2371/250
s 15
f 33/2411/234 42/2409/251 113/2410/235
f 113/2410/235 42/2409/251 123/2408/252
f 42/2409/251 41/2406/253 123/2408/252
f 123/2408/252 41/2406/253 121/2407/254
s 11
f 35/105/237 44/107/255 124/108/256 115/106/238
s 16
f 43/153/257 34/149/239 116/152/242 125/154/258
s 13
f 45/127/259 36/125/243 118/126/244 127/128/260
s 14
f 38/143/245 47/145/261 128/146/262 119/144/246
s 12
f 39/2373/263 40/2370/249 129/2372/264
f 129/2372/264 40/2370/249 122/2371/250
f 48/2374/265 39/2373/263 129/2372/264 131/2375/266
s 15
f 41/2406/253 50/2404/267 132/2405/268 121/2407/254
f 50/2404/267 49/2402/269 130/2403/270 132/2405/268
s 11
f 44/107/255 52/109/271 133/110/272 124/108/256
s 16
f 51/155/273 43/153/257 125/154/258 134/156/274
s 13
f 53/129/275 45/127/259 127/128/260 136/130/276
s 14
f 47/145/261 55/147/277 137/148/278 128/146/262
s 15
f 49/2402/269 57/2400/279 138/2401/280 130/2403/270
s 12
f 56/2376/281 48/2374/265 131/2375/266 139/2377/282
s 11
f 52/109/271 59/111/283 140/112/284 133/110/272
s 16
f 58/157/285 51/155/273 134/156/274 141/158/286
s 13
f 60/131/287 53/129/275 136/130/276 143/132/288
s 12
f 55/2378/289 56/2376/281 139/2377/282 137/2379/290
s 15
f 63/2396/291 62/2394/292 144/2395/293 145/2397/294
f 57/2400/279 64/2398/295 146/2399/296 138/2401/280
f 64/2398/295 63/2396/291 145/2397/294 146/2399/296
s 11
f 59/111/283 66/113/297 147/114/298 140/112/284
s 16
f 65/159/299 58/157/285 141/158/286 148/160/300
s 13
f 68/133/301 60/131/287 143/132/288 150/134/302
s 15
f 62/2394/292 70/2393/303 151/2392/304 144/2395/293
s 11
f 66/113/297 73/115/305 152/116/306 147/114/298
s 16
f 72/161/307 65/159/299 148/160/300 153/162/308
s off
f 67/2380/309 68/2381/310 150/2382/311 154/2383/312
s 18
f 76/2384/313 75/2385/314 155/2386/315
f 155/2386/315 75/2385/314 156/2387/316
s off
f 75/163/317 67/164/318 154/165/319 156/166/320
s 18
f 77/2388/321 76/2384/313 155/2386/315 157/2389/322
s 15
f 70/2393/303 78/2391/323 151/2392/304
f 151/2392/304 78/2391/323 158/2390/324
s 18
f 78/2391/325 77/2388/321 158/2390/326
f 158/2390/326 77/2388/321 157/2389/322
s off
f 71/2414/327 72/2415/328 153/2416/329 159/2417/330
s 19
f 80/2418/331 79/2419/332 160/2420/333
f 160/2420/333 79/2419/332 161/2421/334
s off
f 79/167/335 71/168/336 159/169/337 161/170/338
s 19
f 81/2422/339 80/2418/331 160/2420/333 162/2423/340
s 20
f 73/2426/341 74/2427/342 152/2428/343
f 152/2428/343 74/2427/342 163/2429/344
s off
f 74/171/345 82/172/346 164/173/347 163/174/348
s 19
f 82/2424/349 81/2422/339 162/2423/340 164/2425/350
s 21
f 229/811/351 230/812/352 231/813/353 232/814/354
f 230/812/352 233/815/355 234/816/356 231/813/353
f 233/815/355 235/817/357 236/818/358 234/816/356
f 235/817/357 237/821/359 238/822/360 236/818/358
f 231/813/353 234/816/356 239/819/361 240/820/362
f 234/816/356 236/818/358 241/823/363 239/819/361
f 239/819/361 241/823/363 242/824/364 243/825/365
f 243/825/365 242/824/364 244/826/366 245/827/367
f 242/824/364 246/828/368 247/829/369 244/826/366
f 246/828/368 248/832/370 249/833/371 247/829/369
f 245/827/367 244/826/366 250/830/372 251/831/373
f 244/826/366 247/829/369 252/834/374 250/830/372
f 250/830/372 252/834/374 253/837/375 254/838/376
f 254/838/376 253/837/375 255/841/377 256/842/378
f 256/842/378 255/841/377 257/847/379 258/848/380
f 255/841/377 259/854/381 260/855/382 257/847/379
f 257/847/379 260/855/382 261/861/383 262/862/384
f 262/862/384 261/861/383 263/869/385
s 22
f 264/873/386 265/874/387 266/863/388 267/870/389
f 267/870/389 266/863/388 268/856/390 269/865/391
f 269/865/391 268/856/390 270/857/392 271/866/393
f 271/866/393 270/857/392 272/871/394 273/872/395
f 266/863/388 274/864/396 275/850/397 268/856/390
f 268/856/390 275/850/397 276/851/398 270/857/392
f 275/850/397 277/843/399 278/839/400 276/851/398
f 277/843/399 279/844/401 280/840/402 278/839/400
f 278/839/400 280/840/402 281/836/403 282/835/404
f 282/835/404 281/836/403 249/833/405 248/832/406
f 279/844/401 283/849/407 284/845/408 280/840/402
f 280/840/402 284/845/408 285/846/409 281/836/403
f 284/845/408 286/852/410 287/853/411 285/846/409
f 286/852/410 288/858/412 289/859/413 287/853/411
f 288/858/412 290/867/414 291/860/415 289/859/413
f 289/859/413 291/860/415 260/855/416 259/854/417
f 291/860/415 292/868/418 261/861/419 260/855/416
f 292/868/418 263/869/420 261/861/419
s 23
f 165/875/421 170/876/422 171/877/423 166/878/424
f 166/878/424 171/877/423 172/879/425 167/880/426
f 167/880/426 172/879/425 173/883/427 168/884/428
f 168/884/428 173/883/427 174/886/429 169/887/430
f 171/877/423 175/881/431 176/882/432 172/879/425
f 172/879/425 176/882/432 177/885/433 173/883/427
f 176/882/432 178/888/434 179/889/435 177/885/433
f 178/888/434 182/890/436 183/891/437 179/889/435
f 179/889/435 183/891/437 184/894/438 180/895/439
f 180/895/439 184/894/438 185/897/440 181/898/441
f 182/890/436 186/892/442 187/893/443 183/891/437
f 183/891/437 187/893/443 188/896/444 184/894/438
f 187/893/443 189/899/445 190/900/446 188/896/444
f 189/899/445 191/903/447 192/904/448 190/900/446
f 191/903/447 194/907/449 195/908/450 192/904/448
f 192/904/448 195/908/450 196/913/451 193/914/452
f 195/908/450 197/920/453 198/921/454 196/913/451
f 197/920/453 199/927/455 198/921/454
s 24
f 200/937/456 201/936/457 206/932/458 205/938/459
f 201/936/457 202/930/460 207/925/461 206/932/458
f 202/930/460 203/931/462 208/926/463 207/925/461
f 203/931/462 204/934/464 209/935/465 208/926/463
f 206/932/458 207/925/461 211/918/466 210/933/467
f 207/925/461 208/926/463 212/919/468 211/918/466
f 211/918/466 212/919/468 214/905/469 213/911/470
f 213/911/470 214/905/469 217/906/471 216/912/472
f 214/905/469 215/901/473 218/902/474 217/906/471
f 215/901/473 181/898/475 185/897/476 218/902/474
f 216/912/472 217/906/471 220/910/477 219/917/478
f 217/906/471 218/902/474 221/909/479 220/910/477
f 220/910/477 221/909/479 223/915/480 222/916/481
f 222/916/481 223/915/480 225/922/482 224/924/483
f 224/924/483 225/922/482 227/923/484 226/929/485
f 225/922/482 193/914/486 196/913/487 227/923/484
f 227/923/484 196/913/487 198/921/488 228/928/489
f 228/928/489 198/921/488 199/927/490
s 25
f 165/2430/491 166/2431/492 230/2432/493 229/2433/494
s off
f 171/2440/495 170/2441/496 232/2442/497 231/2443/498
f 170/175/499 165/176/500 229/177/501 232/178/502
s 25
f 166/2431/492 167/2434/503 233/2435/504 230/2432/493
f 167/2434/503 168/2436/505 235/2437/506 233/2435/504
f 168/2436/505 169/2438/507 237/2439/508 235/2437/506
s off
f 169/179/509 174/180/510 238/181/511 237/182/512
f 174/2444/513 173/2445/514 236/2446/515 238/2447/516
s 26
f 176/183/517 175/184/518 240/185/519 239/186/520
f 175/184/518 171/187/521 231/188/522 240/185/519
s 27
f 173/209/523 177/210/524 241/211/525 236/212/526
f 177/210/524 179/213/527 242/214/528 241/211/525
s 26
f 178/189/529 176/183/517 239/186/520 243/190/530
f 182/191/531 178/189/529 243/190/530 245/192/532
s 28
f 179/2448/533 180/2449/534 242/2450/535
f 242/2450/535 180/2449/534 246/2451/536
f 180/2449/534 181/2452/537 246/2451/536
f 246/2451/536 181/2452/537 248/2453/538
s 29
f 185/2458/539 184/2459/540 249/2460/541
f 249/2460/541 184/2459/540 247/2461/542
s 26
f 187/195/543 186/193/544 251/194/545 250/196/546
f 186/193/544 182/191/531 245/192/532 251/194/545
s 30
f 184/215/547 188/216/548 252/217/549 247/218/550
f 188/216/548 190/219/551 253/220/552 252/217/549
s 26
f 189/197/553 187/195/543 250/196/546 254/198/554
s 30
f 190/219/551 192/221/555 255/222/556 253/220/552
s 26
f 191/199/557 189/197/553 254/198/554 256/200/558
f 195/203/559 194/201/560 258/202/561 257/204/562
f 194/201/560 191/199/557 256/200/558 258/202/561
s 30
f 192/221/555 193/223/563 259/224/564 255/222/556
s 26
f 197/205/565 195/203/559 257/204/562 262/206/566
f 199/207/567 197/205/565 262/206/566 263/208/568
s off
f 200/225/569 205/226/570 265/227/571 264/228/572
f 205/2464/573 206/2465/574 266/2466/575 265/2467/576
s 31
f 201/2468/577 200/2469/578 264/2470/579 267/2471/580
f 202/2472/581 201/2468/577 267/2471/580 269/2473/582
f 203/2474/583 202/2472/581 269/2473/582 271/2475/584
s off
f 208/2478/585 209/2479/586 272/2480/587 270/2481/588
f 209/229/589 204/230/590 273/231/591 272/232/592
s 31
f 204/2476/593 203/2474/583 271/2475/584 273/2477/594
s 32
f 206/239/595 210/233/596 274/236/597 266/240/598
f 210/233/596 211/234/599 275/235/600 274/236/597
s 33
f 212/257/601 208/258/602 270/259/603 276/260/604
s 32
f 211/234/599 213/237/605 277/238/606 275/235/600
s 33
f 214/261/607 212/257/601 276/260/604 278/262/608
s 32
f 213/237/605 216/241/609 279/242/610 277/238/606
s 28
f 215/2454/611 214/2456/612 282/2455/613
f 282/2455/613 214/2456/612 278/2457/614
s 29
f 218/2463/615 185/2458/539 281/2462/616
f 281/2462/616 185/2458/539 249/2460/541
s 28
f 181/2452/537 215/2454/611 282/2455/613 248/2453/538
s 32
f 216/241/609 219/243/617 283/244/618 279/242/610
f 219/243/617 220/245/619 284/246/620 283/244/618
s 35
f 221/263/621 218/264/622 281/265/623 285/266/624
s 32
f 220/245/619 222/247/625 286/248/626 284/246/620
s 35
f 223/267/627 221/263/621 285/266/624 287/268/628
s 32
f 222/247/625 224/249/629 288/250/630 286/248/626
s 35
f 225/269/631 223/267/627 287/268/628 289/270/632
s 32
f 224/249/629 226/251/633 290/252/634 288/250/630
f 226/251/633 227/253/635 291/254/636 290/252/634
s 35
f 193/271/637 225/269/631 289/270/632 259/272/638
s 32
f 227/253/635 228/255/639 292/256/640 291/254/636
s off
f 228/2482/641 199/2483/642 263/2484/643 292/2485/644
s 36
f 334/939/645 335/940/646 336/941/647 337/942/648
f 335/940/646 338/943/649 339/944/650 336/941/647
f 338/943/649 340/945/651 341/946/652 339/944/650
f 340/945/651 342/949/653 343/950/654 341/946/652
f 336/941/647 339/944/650 344/947/655 345/948/656
f 339/944/650 341/946/652 346/951/657 344/947/655
f 345/948/656 344/947/655 347/952/658 348/953/659
f 344/947/655 346/951/657 349/954/660 347/952/658
f 348/953/659 347/952/658 350/955/661 351/956/662
f 347/952/658 349/954/660 352/957/663 350/955/661
f 351/956/662 350/955/661 353/958/664 354/959/665
f 350/955/661 352/957/663 355/960/666 353/958/664
f 354/959/665 353/958/664 356/961/667 357/962/668
f 353/958/664 355/960/666 358/963/669 356/961/667
f 357/962/668 356/961/667 359/964/670 360/965/671
f 356/961/667 358/963/669 361/966/672 359/964/670
f 360/965/671 359/964/670 362/967/673 363/968/674
f 359/964/670 361/966/672 364/969/675 362/967/673
f 363/968/674 362/967/673 365/970/676 366/971/677
f 362/967/673 364/969/675 367/972/678 365/970/676
f 368/976/679 366/971/677 369/974/680 370/977/681
f 366/971/677 365/970/676 371/973/682 369/974/680
f 365/970/676 367/972/678 372/975/683 371/973/682
f 367/972/678 373/978/684 374/979/685 372/975/683
s 37
f 293/980/686 298/981/687 299/982/688 294/983/689
f 294/983/689 299/982/688 300/984/690 295/985/691
f 295/985/691 300/984/690 301/988/692 296/989/693
f 296/989/693 301/988/692 302/993/694 297/994/695
f 299/982/688 303/986/696 304/987/697 300/984/690
f 300/984/690 304/987/697 305/992/698 301/988/692
f 303/986/696 306/990/699 307/991/700 304/987/697
f 304/987/697 307/991/700 308/997/701 305/992/698
f 306/990/699 309/995/702 310/996/703 307/991/700
f 307/991/700 310/996/703 311/1000/704 308/997/701
f 309/995/702 312/998/705 313/999/706 310/996/703
f 310/996/703 313/999/706 314/1003/707 311/1000/704
f 312/998/705 315/1001/708 316/1002/709 313/999/706
f 313/999/706 316/1002/709 317/1006/710 314/1003/707
f 315/1001/708 318/1004/711 319/1005/712 316/1002/709
f 316/1002/709 319/1005/712 320/1009/713 317/1006/710
f 318/1004/711 321/1007/714 322/1008/715 319/1005/712
f 319/1005/712 322/1008/715 323/1012/716 320/1009/713
f 321/1007/714 325/1010/717 326/1011/718 322/1008/715
f 322/1008/715 326/1011/718 327/1015/719 323/1012/716
f 324/1016/720 329/1017/721 330/1013/722 325/1010/717
f 325/1010/717 330/1013/722 331/1014/723 326/1011/718
f 326/1011/718 331/1014/723 332/1018/724 327/1015/719
f 327/1015/719 332/1018/724 333/1019/725 328/1020/726
s 38
f 293/2486/727 294/2487/728 335/2488/729 334/2489/730
s 39
f 299/2496/731 298/2497/732 336/2498/733
f 336/2498/733 298/2497/732 337/2499/734
s off
f 298/273/735 293/274/736 334/275/737 337/276/738
s 38
f 294/2487/728 295/2490/739 338/2491/740 335/2488/729
f 295/2490/739 296/2492/741 340/2493/742 338/2491/740
f 296/2492/741 297/2494/743 342/2495/744 340/2493/742
s off
f 297/277/745 302/278/746 343/279/747 342/280/748
s 40
f 302/2500/749 301/2501/750 343/2502/751
f 343/2502/751 301/2501/750 341/2503/752
s 41
f 303/281/753 299/282/754 336/283/755 345/284/756
s 42
f 301/299/757 305/300/758 346/301/759 341/302/760
s 41
f 306/285/761 303/281/753 345/284/756 348/286/762
s 42
f 305/300/758 308/303/763 349/304/764 346/301/759
s 41
f 309/287/765 306/285/761 348/286/762 351/288/766
s 42
f 308/303/763 311/305/767 352/306/768 349/304/764
s 41
f 312/289/769 309/287/765 351/288/766 354/290/770
s 42
f 311/305/767 314/307/771 355/308/772 352/306/768
s 41
f 315/291/773 312/289/769 354/290/770 357/292/774
s 42
f 314/307/771 317/309/775 358/310/776 355/308/772
s 41
f 318/293/777 315/291/773 357/292/774 360/294/778
s 42
f 317/309/775 320/311/779 361/312/780 358/310/776
s 41
f 321/295/781 318/293/777 360/294/778 363/296/782
s 42
f 320/311/779 323/313/783 364/314/784 361/312/780
s 41
f 325/297/785 321/295/781 363/296/782 366/298/786
s 42
f 323/313/783 327/315/787 367/316/788 364/314/784
s off
f 324/2504/789 325/2505/790 366/2506/791 368/2507/792
s 43
f 330/2508/793 329/2509/794 370/2510/795 369/2511/796
s off
f 329/317/797 324/318/798 368/319/799 370/320/800
s 43
f 331/2512/801 330/2508/793 369/2511/796 371/2513/802
f 332/2514/803 331/2512/801 371/2513/802 372/2515/804
s off
f 327/2518/805 328/2519/806 373/2520/807 367/2521/808
f 328/321/809 333/322/810 374/323/811 373/324/812
s 43
f 333/2516/813 332/2514/803 372/2515/804 374/2517/814
s 44
f 436/1021/815 437/1022/816 438/1023/817 439/1024/818
f 437/1022/816 440/1025/819 441/1026/820 438/1023/817
f 440/1025/819 442/1027/821 443/1028/822 441/1026/820
f 442/1027/821 444/1029/823 445/1030/824 443/1028/822
f 444/1029/823 446/1033/825 447/1034/826 445/1030/824
f 446/1033/825 448/1038/827 449/1039/828 447/1034/826
f 441/1026/820 443/1028/822 450/1031/829 451/1032/830
f 443/1028/822 445/1030/824 452/1035/831 450/1031/829
f 451/1032/830 450/1031/829 453/1036/832 454/1037/833
f 450/1031/829 452/1035/831 455/1040/834 453/1036/832
f 454/1037/833 453/1036/832 456/1041/835 457/1042/836
f 453/1036/832 455/1040/834 458/1043/837 456/1041/835
f 457/1042/836 456/1041/835 459/1044/838 460/1045/839
f 456/1041/835 458/1043/837 461/1046/840 459/1044/838
f 460/1045/839 459/1044/838 462/1047/841 463/1048/842
f 459/1044/838 461/1046/840 464/1049/843 462/1047/841
f 463/1048/842 462/1047/841 465/1050/844 466/1051/845
f 462/1047/841 464/1049/843 467/1052/846 465/1050/844
f 466/1051/845 465/1050/844 468/1053/847 469/1054/848
f 465/1050/844 467/1052/846 470/1055/849 468/1053/847
f 471/1078/850 472/1079/851 473/1070/852 474/1074/853
f 469/1054/848 468/1053/847 475/1056/854 476/1057/855
f 468/1053/847 470/1055/849 477/1058/856 475/1056/854
f 478/1080/857 479/1081/858 480/1076/859 481/1072/860
f 474/1074/853 473/1070/852 482/1071/861 483/1075/862
f 473/1070/852 484/1066/863 485/1067/864 482/1071/861
f 484/1066/863 486/1062/865 487/1063/866 485/1067/864
f 486/1062/865 476/1057/855 488/1060/867 487/1063/866
f 476/1057/855 475/1056/854 489/1059/868 488/1060/867
f 475/1056/854 477/1058/856 490/1061/869 489/1059/868
f 477/1058/856 491/1064/870 492/1065/871 490/1061/869
f 491/1064/870 493/1068/872 494/1069/873 492/1065/871
f 493/1068/872 481/1072/860 495/1073/874 494/1069/873
f 481/1072/860 480/1076/859 496/1077/875 495/1073/874
s 47
f 375/1082/876 382/1083/877 383/1084/878 376/1085/879
f 376/1085/879 383/1084/878 384/1086/880 377/1087/881
f 377/1087/881 384/1086/880 385/1088/882 378/1089/883
f 378/1089/883 385/1088/882 386/1092/884 379/1093/885
f 379/1093/885 386/1092/884 387/1097/886 380/1098/887
f 380/1098/887 387/1097/886 388/1102/888 381/1103/889
f 384/1086/880 389/1090/890 390/1091/891 385/1088/882
f 385/1088/882 390/1091/891 391/1096/892 386/1092/884
f 389/1090/890 392/1094/893 393/1095/894 390/1091/891
f 390/1091/891 393/1095/894 394/1101/895 391/1096/892
f 392/1094/893 395/1099/896 396/1100/897 393/1095/894
f 393/1095/894 396/1100/897 397/1106/898 394/1101/895
f 395/1099/896 398/1104/899 399/1105/900 396/1100/897
f 396/1100/897 399/1105/900 400/1109/901 397/1106/898
f 398/1104/899 401/1107/902 402/1108/903 399/1105/900
f 399/1105/900 402/1108/903 403/1112/904 400/1109/901
f 401/1107/902 404/1110/905 405/1111/906 402/1108/903
f 402/1108/903 405/1111/906 406/1115/907 403/1112/904
f 404/1110/905 409/1113/908 410/1114/909 405/1111/906
f 405/1111/906 410/1114/909 411/1118/910 406/1115/907
f 407/1137/911 414/1133/912 415/1129/913 408/1138/914
f 409/1113/908 418/1116/915 419/1117/916 410/1114/909
f 410/1114/909 419/1117/916 420/1121/917 411/1118/910
f 412/1141/918 423/1136/919 424/1140/920 413/1142/921
f 414/1133/912 425/1134/922 426/1130/923 415/1129/913
f 415/1129/913 426/1130/923 427/1126/924 416/1125/925
f 416/1125/925 427/1126/924 428/1123/926 417/1122/927
f 417/1122/927 428/1123/926 429/1119/928 418/1116/915
f 418/1116/915 429/1119/928 430/1120/929 419/1117/916
f 419/1117/916 430/1120/929 431/1124/930 420/1121/917
f 420/1121/917 431/1124/930 432/1127/931 421/1128/932
f 421/1128/932 432/1127/931 433/1131/933 422/1132/934
f 422/1132/934 433/1131/933 434/1135/935 423/1136/919
f 423/1136/919 434/1135/935 435/1139/936 424/1140/920
s 50
f 375/2522/937 376/2523/938 437/2524/939 436/2525/940
s 51
f 383/2536/941 382/2537/942 439/2538/943 438/2539/944
s off
f 382/325/945 375/326/946 436/327/947 439/328/948
s 50
f 376/2523/938 377/2526/949 440/2527/950 437/2524/939
s 51
f 384/2540/951 383/2536/941 438/2539/944 441/2541/952
s 50
f 377/2526/949 378/2528/953 442/2529/954 440/2527/950
f 378/2528/953 379/2530/955 444/2531/956 442/2529/954
f 379/2530/955 380/2532/957 446/2533/958 444/2531/956
s 52
f 387/2542/959 386/2543/960 445/2544/961 447/2545/962
s 50
f 380/2532/957 381/2534/963 448/2535/964 446/2533/958
s off
f 381/329/965 388/330/966 449/331/967 448/332/968
s 52
f 388/2546/969 387/2542/959 447/2545/962 449/2547/970
s 53
f 389/333/971 384/334/972 441/335/973 451/336/974
s 54
f 386/351/975 391/352/976 452/353/977 445/354/978
s 53
f 392/337/979 389/333/971 451/336/974 454/338/980
s 54
f 391/352/976 394/355/981 455/356/982 452/353/977
s 53
f 395/339/983 392/337/979 454/338/980 457/340/984
s 54
f 394/355/981 397/357/985 458/358/986 455/356/982
s 53
f 398/341/987 395/339/983 457/340/984 460/342/988
s 54
f 397/357/985 400/359/989 461/360/990 458/358/986
s 53
f 401/343/991 398/341/987 460/342/988 463/344/992
s 54
f 400/359/989 403/361/993 464/362/994 461/360/990
s 53
f 404/345/995 401/343/991 463/344/992 466/346/996
s 54
f 403/361/993 406/363/997 467/364/998 464/362/994
s 53
f 409/347/999 404/345/995 466/346/996 469/348/1000
s 54
f 406/363/997 411/365/1001 470/366/1002 467/364/998
s off
f 407/2548/1003 408/2549/1004 472/2550/1005 471/2551/1006
f 408/369/1007 415/370/1008 473/371/1009 472/372/1010
s 55
f 414/373/1011 407/374/1012 471/375/1013 474/376/1014
s 53
f 418/349/1015 409/347/999 469/348/1000 476/350/1016
s 54
f 411/365/1001 420/367/1017 477/368/1018 470/366/1002
s off
f 412/2552/1019 413/2553/1020 479/2554/1021 478/2555/1022
s 56
f 413/379/1023 424/380/1024 480/381/1025 479/382/1026
s off
f 423/385/1027 412/386/1028 478/387/1029 481/388/1030
s 57
f 426/2556/1031 425/2557/1032 483/2558/1033 482/2559/1034
s 55
f 425/377/1035 414/373/1011 474/376/1014 483/378/1036
s 58
f 415/2578/1037 416/2579/1038 484/2580/1039 473/2581/1040
s 57
f 427/2560/1041 426/2556/1031 482/2559/1034 485/2561/1042
s 58
f 416/2579/1038 417/2582/1043 486/2583/1044 484/2580/1039
s 57
f 428/2562/1045 427/2560/1041 485/2561/1042 487/2563/1046
s 58
f 417/2582/1043 418/2584/1047 476/2585/1048 486/2583/1044
s 57
f 429/2564/1049 428/2562/1045 487/2563/1046 488/2565/1050
f 430/2566/1051 429/2564/1049 488/2565/1050 489/2567/1052
f 431/2568/1053 430/2566/1051 489/2567/1052 490/2569/1054
s 59
f 420/2586/1055 421/2587/1056 491/2588/1057 477/2589/1058
s 57
f 432/2570/1059 431/2568/1053 490/2569/1054 492/2571/1060
s 59
f 421/2587/1056 422/2590/1061 493/2591/1062 491/2588/1057
s 57
f 433/2572/1063 432/2570/1059 492/2571/1060 494/2573/1064
s 59
f 422/2590/1061 423/2592/1065 481/2593/1066 493/2591/1062
s 57
f 434/2574/1067 433/2572/1063 494/2573/1064 495/2575/1068
s 56
f 424/380/1024 435/383/1069 496/384/1070 480/381/1025
s 57
f 435/2576/1071 434/2574/1067 495/2575/1068 496/2577/1072
s 60
f 619/1143/1073 620/1144/1074 621/1145/1075
f 620/1144/1074 622/1146/1076 623/1147/1077 621/1145/1075
f 624/1162/1078 625/1152/1079 626/1157/1080
f 621/1145/1075 627/1148/1081 619/1143/1073
f 619/1143/1073 627/1148/1081 625/1152/1079
f 625/1152/1079 627/1148/1081 626/1157/1080
f 621/1145/1075 623/1147/1077 628/1151/1082 627/1148/1081
s 62
f 629/1268/1083 630/1269/1084 631/1270/1085 632/1271/1086
s 60
f 633/1188/1087 634/1189/1088 635/1177/1089 636/1176/1090
f 637/1161/1091 638/1156/1092 639/1160/1093 640/1169/1094
f 638/1156/1092 641/1155/1095 642/1159/1096 639/1160/1093
f 643/1219/1097 644/1207/1098 645/1198/1099 646/1217/1100
f 647/1187/1101 648/1206/1102 645/1198/1099
f 645/1198/1099 648/1206/1102 646/1217/1100
f 649/1175/1103 650/1168/1104 651/1174/1105 652/1186/1106
f 650/1168/1104 653/1167/1107 654/1173/1108 651/1174/1105
f 655/1230/1109 643/1219/1097 646/1217/1100 656/1218/1110
f 646/1217/1100 648/1206/1102 657/1205/1111 656/1218/1110
f 652/1186/1106 651/1174/1105 658/1185/1112 659/1197/1113
f 651/1174/1105 654/1173/1108 660/1184/1114 658/1185/1112
f 661/1241/1115 655/1230/1109 656/1218/1110 662/1229/1116
f 656/1218/1110 657/1205/1111 663/1216/1117 662/1229/1116
f 659/1197/1113 658/1185/1112 664/1196/1118 665/1204/1119
f 658/1185/1112 660/1184/1114 666/1195/1120 664/1196/1118
f 667/1250/1121 661/1241/1115 662/1229/1116 668/1240/1122
f 662/1229/1116 663/1216/1117 669/1239/1123 668/1240/1122
f 665/1204/1119 664/1196/1118 670/1203/1124 671/1215/1125
f 664/1196/1118 666/1195/1120 672/1202/1126 670/1203/1124
f 673/1257/1127 667/1250/1121 668/1240/1122 674/1255/1128
f 669/1239/1123 675/1238/1129 668/1240/1122
f 668/1240/1122 675/1238/1129 674/1255/1128
f 671/1215/1125 670/1203/1124 676/1214/1130 677/1228/1131
f 670/1203/1124 672/1202/1126 678/1213/1132 676/1214/1130
f 679/1263/1133 673/1257/1127 674/1255/1128 680/1256/1134
f 674/1255/1128 675/1238/1129 681/1249/1135 680/1256/1134
f 677/1228/1131 676/1214/1130 682/1227/1136 683/1237/1137
f 676/1214/1130 678/1213/1132 684/1226/1138 682/1227/1136
f 685/1266/1139 679/1263/1133 680/1256/1134 686/1262/1140
f 680/1256/1134 681/1249/1135 687/1254/1141 686/1262/1140
f 683/1237/1137 682/1227/1136 688/1236/1142 689/1248/1143
f 682/1227/1136 684/1226/1138 690/1235/1144 688/1236/1142
f 644/1207/1098 633/1188/1087 645/1198/1099
f 633/1188/1087 636/1176/1090 647/1187/1101 645/1198/1099
f 640/1169/1094 639/1160/1093 650/1168/1104 649/1175/1103
f 639/1160/1093 642/1159/1096 653/1167/1107 650/1168/1104
s 62
f 630/1269/1084 691/1272/1145 692/1273/1146 631/1270/1085
s 60
f 634/1189/1088 693/1178/1147 635/1177/1089
f 626/1157/1080 627/1148/1081 638/1156/1092 637/1161/1091
f 627/1148/1081 628/1151/1082 641/1155/1095 638/1156/1092
s 62
f 694/1333/1148 695/1337/1149 696/1338/1150 697/1334/1151
f 698/1330/1152 694/1333/1148 697/1334/1151 699/1327/1153
f 700/1318/1154 701/1322/1155 702/1323/1156 703/1319/1157
f 704/1315/1158 705/1314/1159 700/1318/1154 703/1319/1157
s 68
f 743/1366/1160 744/1367/1161 745/1368/1162 746/1369/1163
f 745/1368/1162 747/1372/1164 748/1373/1165 746/1369/1163
f 750/1376/1166 749/1380/1167 751/1381/1168 752/1377/1169
f 749/1380/1167 753/1384/1170 754/1385/1171 751/1381/1168
s 62
f 706/1309/1172 707/1308/1173 708/1311/1174 709/1312/1175
f 711/1306/1176 710/1305/1177 707/1308/1173 706/1309/1172
f 712/1302/1178 713/1301/1179 710/1305/1177 711/1306/1176
f 714/1298/1180 715/1297/1181 713/1301/1179 712/1302/1178
f 716/1294/1182 717/1293/1183 715/1297/1181 714/1298/1180
f 718/1290/1184 719/1289/1185 717/1293/1183 716/1294/1182
f 720/1287/1186 721/1283/1187 719/1289/1185 718/1290/1184
f 724/1279/1188 721/1283/1187 723/1278/1189
f 723/1278/1189 721/1283/1187 722/1285/1190
f 722/1285/1190 721/1283/1187 720/1287/1186
f 723/1278/1189 725/1274/1191 726/1275/1192 724/1279/1188
f 725/1274/1191 629/1268/1083 632/1271/1086 726/1275/1192
s 68
f 755/1407/1193 756/1410/1194 757/1403/1195
s 62
f 691/1272/1145 728/1276/1196 729/1277/1197 692/1273/1146
f 728/1276/1196 730/1281/1198 731/1282/1199 729/1277/1197
f 732/1286/1200 733/1288/1201 734/1284/1202
f 732/1286/1200 735/1291/1203 736/1292/1204 733/1288/1201
f 735/1291/1203 737/1295/1205 738/1296/1206 736/1292/1204
s 68
f 759/1441/1207 758/1444/1208 760/1445/1209 761/1442/1210
f 762/1437/1211 759/1441/1207 761/1442/1210 763/1439/1212
f 764/1434/1213 762/1437/1211 765/1431/1214
f 765/1431/1214 762/1437/1211 763/1439/1212
f 767/1416/1215 766/1425/1216 768/1422/1217
f 768/1422/1217 770/1419/1218 767/1416/1215
f 770/1419/1218 756/1410/1194 767/1416/1215
f 755/1407/1193 769/1413/1219 756/1410/1194
f 769/1413/1219 767/1416/1215 756/1410/1194
s off
f 771/1456/1220 769/1457/1221 755/1458/1222
s 68
f 772/1402/1223 771/1406/1224 755/1407/1193 757/1403/1195
f 773/1398/1225 772/1402/1223 757/1403/1195 774/1399/1226
f 775/1394/1227 773/1398/1225 774/1399/1226 776/1395/1228
f 777/1390/1229 775/1394/1227 776/1395/1228 778/1391/1230
f 779/1386/1231 777/1390/1229 778/1391/1230 780/1387/1232
f 781/1382/1233 779/1386/1231 780/1387/1232 782/1383/1234
f 783/1378/1235 781/1382/1233 782/1383/1234 784/1379/1236
f 785/1374/1237 783/1378/1235 784/1379/1236 786/1375/1238
f 787/1371/1239 785/1374/1237 786/1375/1238 744/1367/1161
f 788/1370/1240 787/1371/1239 744/1367/1161 743/1366/1160
s 62
f 708/1311/1174 707/1308/1173 705/1314/1159 704/1315/1158
f 740/1280/1241 728/1276/1196 691/1272/1145
f 731/1282/1199 730/1281/1198 734/1284/1202
f 734/1284/1202 730/1281/1198 732/1286/1200
s 68
f 764/1434/1213 765/1431/1214 766/1425/1216
f 768/1422/1217 766/1425/1216 789/1428/1242
f 766/1425/1216 765/1431/1214 789/1428/1242
s off
f 768/1459/1243 789/1460/1244 770/1461/1245
s 60
f 635/1177/1089 693/1178/1147 637/1161/1091
f 626/1157/1080 637/1161/1091 624/1162/1078
f 693/1178/1147 624/1162/1078 637/1161/1091
f 636/1176/1090 635/1177/1089 637/1161/1091 640/1169/1094
f 647/1187/1101 636/1176/1090 640/1169/1094 649/1175/1103
f 648/1206/1102 647/1187/1101 652/1186/1106
f 652/1186/1106 647/1187/1101 649/1175/1103
f 657/1205/1111 648/1206/1102 652/1186/1106 659/1197/1113
f 663/1216/1117 657/1205/1111 659/1197/1113 665/1204/1119
f 669/1239/1123 663/1216/1117 671/1215/1125
f 671/1215/1125 663/1216/1117 665/1204/1119
f 675/1238/1129 669/1239/1123 671/1215/1125 677/1228/1131
f 681/1249/1135 675/1238/1129 677/1228/1131 683/1237/1137
f 687/1254/1141 681/1249/1135 683/1237/1137 689/1248/1143
s 68
f 748/1373/1165 747/1372/1164 750/1376/1166 752/1377/1169
s 62
f 702/1323/1156 701/1322/1155 699/1327/1153
f 699/1327/1153 701/1322/1155 698/1330/1152
s 76
f 573/1462/1246 498/1463/1247 574/1464/1248
f 574/1464/1248 498/1463/1247 499/1466/1249 575/1467/1250
f 571/1487/1251 501/1478/1252 572/1470/1253
f 501/1478/1252 502/1465/1254 572/1470/1253
f 498/1463/1247 573/1462/1246 502/1465/1254
f 572/1470/1253 502/1465/1254 573/1462/1246
f 498/1463/1247 502/1465/1254 503/1471/1255 499/1466/1249
f 597/1547/1256 583/1548/1257 582/1531/1258 598/1530/1259
f 504/1519/1260 608/1507/1261 607/1508/1262 570/1520/1263
f 547/1486/1264 505/1494/1265 506/1488/1266 548/1479/1267
f 548/1479/1267 506/1488/1266 507/1489/1268 549/1480/1269
f 568/1566/1270 508/1550/1271 542/1534/1272 569/1551/1273
f 542/1534/1272 508/1550/1271 610/1533/1274 609/1518/1275
f 543/1509/1276 509/1521/1277 510/1510/1278 544/1495/1279
f 544/1495/1279 510/1510/1278 511/1511/1280 545/1496/1281
f 567/1583/1282 513/1565/1283 508/1550/1271 568/1566/1270
f 508/1550/1271 513/1565/1283 611/1549/1284 610/1533/1274
f 509/1521/1277 514/1536/1285 515/1522/1286 510/1510/1278
f 510/1510/1278 515/1522/1286 516/1523/1287 511/1511/1280
f 566/1597/1288 518/1582/1289 513/1565/1283 567/1583/1282
f 513/1565/1283 518/1582/1289 612/1564/1290 611/1549/1284
f 514/1536/1285 519/1552/1291 520/1537/1292 515/1522/1286
f 515/1522/1286 520/1537/1292 521/1538/1293 516/1523/1287
f 565/1611/1294 523/1596/1295 518/1582/1289 566/1597/1288
f 518/1582/1289 523/1596/1295 613/1581/1296 612/1564/1290
f 519/1552/1291 524/1567/1297 525/1553/1298 520/1537/1292
f 520/1537/1292 525/1553/1298 526/1554/1299 521/1538/1293
f 564/1626/1300 528/1610/1301 523/1596/1295 565/1611/1294
f 523/1596/1295 528/1610/1301 614/1595/1302 613/1581/1296
f 524/1567/1297 529/1584/1303 530/1568/1304 525/1553/1298
f 525/1553/1298 530/1568/1304 531/1569/1305 526/1554/1299
f 563/1640/1306 533/1625/1307 528/1610/1301 564/1626/1300
f 528/1610/1301 533/1625/1307 615/1609/1308 614/1595/1302
f 529/1584/1303 534/1598/1309 535/1585/1310 530/1568/1304
f 530/1568/1304 535/1585/1310 536/1586/1311 531/1569/1305
f 562/1655/1312 553/1639/1313 533/1625/1307 563/1640/1306
f 533/1625/1307 553/1639/1313 616/1624/1314 615/1609/1308
f 534/1598/1309 552/1613/1315 551/1599/1316 535/1585/1310
f 535/1585/1310 551/1599/1316 550/1600/1317 536/1586/1311
f 569/1551/1273 542/1534/1272 504/1519/1260
f 504/1519/1260 542/1534/1272 609/1518/1275 608/1507/1261
f 505/1494/1265 543/1509/1276 544/1495/1279 506/1488/1266
f 506/1488/1266 544/1495/1279 545/1496/1281 507/1489/1268
f 598/1530/1259 582/1531/1258 581/1517/1318 599/1516/1319
f 570/1520/1263 607/1508/1262 606/1506/1320
f 501/1478/1252 547/1486/1264 548/1479/1267 502/1465/1254
f 502/1465/1254 548/1479/1267 549/1480/1269 503/1471/1255
f 558/1614/1321 540/1630/1322 541/1631/1323 559/1615/1324
f 557/1629/1325 539/1643/1326 540/1630/1322 558/1614/1321
f 556/1654/1327 538/1664/1328 618/1653/1329 617/1638/1330
f 560/1673/1331 538/1664/1328 556/1654/1327 561/1665/1332
f 561/1665/1332 556/1654/1327 553/1639/1313 562/1655/1312
f 553/1639/1313 556/1654/1327 617/1638/1330 616/1624/1314
f 552/1613/1315 557/1629/1325 558/1614/1321 551/1599/1316
f 551/1599/1316 558/1614/1321 559/1615/1324 550/1600/1317
f 555/1681/1333 537/1685/1334 593/1680/1335 592/1674/1336
f 554/1675/1337 555/1681/1333 592/1674/1336 591/1666/1338
f 532/1667/1339 554/1675/1337 591/1666/1338 590/1656/1340
f 527/1657/1341 532/1667/1339 590/1656/1340 589/1641/1342
f 522/1642/1343 527/1657/1341 589/1641/1342 588/1627/1344
f 517/1628/1345 522/1642/1343 588/1627/1344 587/1612/1346
f 512/1623/1347 517/1628/1345 587/1612/1346 586/1594/1348
f 512/1623/1347 586/1594/1348 594/1608/1349
f 585/1580/1350 595/1579/1351 586/1594/1348
f 594/1608/1349 586/1594/1348 595/1579/1351
f 595/1579/1351 585/1580/1350 584/1563/1352 596/1562/1353
f 596/1562/1353 584/1563/1352 583/1548/1257 597/1547/1256
f 546/1535/1354 504/1519/1260 570/1520/1263
f 599/1516/1319 581/1517/1318 580/1504/1355 600/1503/1356
f 600/1503/1356 580/1504/1355 604/1485/1357 603/1493/1358
f 497/1476/1359 579/1475/1360 578/1468/1361
f 497/1476/1359 578/1468/1361 577/1469/1362 601/1477/1363
f 601/1477/1363 577/1469/1362 576/1474/1364 602/1484/1365
f 577/1469/1362 574/1464/1248 575/1467/1250 576/1474/1364
f 578/1468/1361 573/1462/1246 574/1464/1248 577/1469/1362
f 579/1475/1360 572/1470/1253 573/1462/1246 578/1468/1361
f 580/1504/1355 605/1505/1366 604/1485/1357
f 546/1535/1354 570/1520/1263 581/1517/1318
f 581/1517/1318 570/1520/1263 580/1504/1355
f 605/1505/1366 580/1504/1355 606/1506/1320
f 570/1520/1263 606/1506/1320 580/1504/1355
f 582/1531/1258 546/1535/1354 581/1517/1318
f 583/1548/1257 504/1519/1260 546/1535/1354 582/1531/1258
f 584/1563/1352 569/1551/1273 504/1519/1260 583/1548/1257
f 585/1580/1350 568/1566/1270 569/1551/1273 584/1563/1352
f 586/1594/1348 567/1583/1282 568/1566/1270 585/1580/1350
f 587/1612/1346 566/1597/1288 567/1583/1282 586/1594/1348
f 588/1627/1344 565/1611/1294 566/1597/1288 587/1612/1346
f 589/1641/1342 564/1626/1300 565/1611/1294 588/1627/1344
f 590/1656/1340 563/1640/1306 564/1626/1300 589/1641/1342
f 591/1666/1338 562/1655/1312 563/1640/1306 590/1656/1340
f 592/1674/1336 561/1665/1332 562/1655/1312 591/1666/1338
f 593/1680/1335 560/1673/1331 561/1665/1332 592/1674/1336
f 500/1532/1367 599/1516/1319 600/1503/1356
f 604/1485/1357 579/1475/1360 497/1476/1359 603/1493/1358
f 579/1475/1360 604/1485/1357 572/1470/1253
f 605/1505/1366 571/1487/1251 604/1485/1357
f 571/1487/1251 572/1470/1253 604/1485/1357
f 606/1506/1320 571/1487/1251 605/1505/1366
f 607/1508/1262 547/1486/1264 606/1506/1320
f 501/1478/1252 571/1487/1251 547/1486/1264
f 547/1486/1264 571/1487/1251 606/1506/1320
f 608/1507/1261 505/1494/1265 547/1486/1264 607/1508/1262
f 609/1518/1275 543/1509/1276 505/1494/1265 608/1507/1261
f 610/1533/1274 509/1521/1277 543/1509/1276 609/1518/1275
f 611/1549/1284 514/1536/1285 509/1521/1277 610/1533/1274
f 612/1564/1290 519/1552/1291 514/1536/1285 611/1549/1284
f 613/1581/1296 524/1567/1297 519/1552/1291 612/1564/1290
f 614/1595/1302 529/1584/1303 524/1567/1297 613/1581/1296
f 615/1609/1308 534/1598/1309 529/1584/1303 614/1595/1302
f 616/1624/1314 552/1613/1315 534/1598/1309 615/1609/1308
f 617/1638/1330 557/1629/1325 552/1613/1315 616/1624/1314
f 618/1653/1329 539/1643/1326 557/1629/1325 617/1638/1330
s 84
f 597/389/1368 598/390/1369 630/391/1370 629/392/1371
f 598/390/1369 599/393/1372 691/394/1373 630/391/1370
s 85
f 541/2594/1374 540/2595/1375 742/2596/1376
f 540/2595/1375 697/2597/1377 742/2596/1376
f 697/2597/1377 696/2601/1378 742/2596/1376
f 540/2595/1375 539/2599/1379 699/2600/1380 697/2597/1377
f 618/2603/1381 538/2607/1382 703/2608/1383 702/2604/1384
f 538/2607/1382 560/2611/1385 704/2612/1386 703/2608/1383
f 593/2615/1387 537/2619/1388 709/2620/1389 708/2616/1390
s 84
f 537/417/1391 555/415/1392 706/416/1393 709/418/1394
f 555/415/1392 554/413/1395 711/414/1396 706/416/1393
f 554/413/1395 532/411/1397 712/412/1398 711/414/1396
f 532/411/1397 527/409/1399 714/410/1400 712/412/1398
f 527/409/1399 522/407/1401 716/408/1402 714/410/1400
f 522/407/1401 517/405/1403 718/406/1404 716/408/1402
f 517/405/1403 512/403/1405 720/404/1406 718/406/1404
f 594/401/1407 595/399/1408 723/400/1409 722/402/1410
f 512/403/1405 594/401/1407 722/402/1410 720/404/1406
f 595/399/1408 596/395/1411 725/396/1412 723/400/1409
f 596/395/1411 597/389/1368 629/392/1371 725/396/1412
s 89
f 600/2640/1413 603/2636/1414 728/2638/1415
f 728/2638/1415 603/2636/1414 730/2634/1416
f 497/2632/1417 601/2625/1418 732/2629/1419
f 732/2629/1419 601/2625/1418 735/2627/1420
f 601/2625/1418 602/2626/1421 735/2627/1420
f 602/2626/1421 741/2628/1422 735/2627/1420
f 741/2628/1422 737/2631/1423 735/2627/1420
s 85
f 560/2611/1385 593/2615/1387 708/2616/1390 704/2612/1386
s off
f 500/2642/1424 600/2640/1425 728/2638/1426 740/2643/1427
f 599/393/1428 500/397/1429 740/398/1430 691/394/1431
s 89
f 603/2636/1414 497/2632/1417 730/2634/1416
f 730/2634/1416 497/2632/1417 732/2629/1419
s 85
f 539/2599/1379 618/2603/1381 702/2604/1384 699/2600/1380
s 91
f 685/2648/1432 686/2649/1433 745/2650/1434 744/2651/1435
s 92
f 700/2670/1436 705/2671/1437 743/2672/1438 746/2673/1439
s 91
f 686/2649/1433 687/2652/1440 747/2653/1441 745/2650/1434
s 92
f 701/2676/1442 700/2670/1436 746/2673/1439 748/2677/1443
s 91
f 689/2654/1444 688/2656/1445 749/2657/1446 750/2655/1447
s 92
f 694/2680/1448 698/2678/1449 752/2679/1450 751/2681/1451
s 91
f 688/2656/1445 690/2658/1452 749/2657/1446
f 749/2657/1446 690/2658/1452 753/2659/1453
s 92
f 695/2683/1454 694/2680/1448 754/2682/1455
f 754/2682/1455 694/2680/1448 751/2681/1451
s 94
f 634/419/1456 633/420/1457 757/421/1458 756/422/1459
s 95
f 736/2696/1460 738/2697/1461 758/2698/1462 759/2699/1463
s 96
f 622/2722/1464 620/2723/1465 761/2724/1466 760/2725/1467
s 95
f 733/2704/1468 736/2696/1460 762/2702/1469
f 762/2702/1469 736/2696/1460 759/2699/1463
s 96
f 620/2723/1465 619/2726/1470 761/2724/1466
f 761/2724/1466 619/2726/1470 763/2729/1471
s 95
f 734/2708/1472 733/2704/1468 764/2706/1473
f 764/2706/1473 733/2704/1468 762/2702/1469
s 96
f 619/2726/1470 625/2731/1474 763/2729/1471
f 763/2729/1471 625/2731/1474 765/2733/1475
s 95
f 729/2714/1476 731/2710/1477 766/2711/1478 767/2715/1479
f 692/2720/1480 729/2714/1476 769/2718/1481
f 769/2718/1481 729/2714/1476 767/2715/1479
s off
f 739/441/1482 693/442/1483 770/443/1484 768/444/1485
s 94
f 693/425/1486 634/419/1456 756/422/1459 770/426/1487
s off
f 727/445/1488 692/446/1489 769/447/1490 755/448/1491
s 97
f 632/449/1492 631/450/1493 771/451/1494 772/452/1495
s off
f 631/2740/1496 727/2741/1497 755/2742/1498 771/2743/1499
s 97
f 726/453/1500 632/449/1492 772/452/1495 773/454/1501
s 94
f 633/420/1457 644/423/1502 774/424/1503 757/421/1458
s 97
f 724/455/1504 726/453/1500 773/454/1501 775/456/1505
s 94
f 644/423/1502 643/427/1506 776/428/1507 774/424/1503
s 97
f 721/457/1508 724/455/1504 775/456/1505 777/458/1509
s 94
f 643/427/1506 655/429/1510 778/430/1511 776/428/1507
s 97
f 719/459/1512 721/457/1508 777/458/1509 779/460/1513
s 94
f 655/429/1510 661/431/1514 780/432/1515 778/430/1511
s 97
f 717/461/1516 719/459/1512 779/460/1513 781/462/1517
s 94
f 661/431/1514 667/433/1518 782/434/1519 780/432/1515
s 97
f 715/463/1520 717/461/1516 781/462/1517 783/464/1521
s 94
f 667/433/1518 673/435/1522 784/436/1523 782/434/1519
s 97
f 713/465/1524 715/463/1520 783/464/1521 785/466/1525
s 94
f 673/435/1522 679/437/1526 786/438/1527 784/436/1523
s 97
f 710/467/1528 713/465/1524 785/466/1525 787/468/1529
s 94
f 679/437/1526 685/439/1530 744/440/1531 786/438/1527
s 97
f 707/469/1532 710/467/1528 787/468/1529 788/470/1533
s 92
f 705/2671/1437 707/2674/1534 788/2675/1535 743/2672/1438
s 95
f 731/2710/1477 734/2708/1472 764/2706/1473 766/2711/1478
s 96
f 625/2731/1474 624/2735/1536 765/2733/1475
f 765/2733/1475 624/2735/1536 789/2737/1537
s off
f 624/2744/1538 739/2745/1539 768/2746/1540 789/2747/1541
s 91
f 687/2652/1440 689/2654/1444 750/2655/1447 747/2653/1441
s 92
f 698/2678/1449 701/2676/1442 748/2677/1443 752/2679/1450
s off
f 631/471/1542 692/472/1543 769/473/1544 771/474/1545
f 770/2804/1546 789/2805/1547 624/2806/1548 693/2807/1549
s 98
f 895/1153/1550 897/1150/1551 896/1149/1552
f 896/1149/1552 897/1150/1551 623/1147/1553 622/1146/1554
f 898/1170/1555 900/1164/1556 899/1163/1557
f 900/1164/1556 901/1154/1558 899/1163/1557
f 897/1150/1551 895/1153/1550 901/1154/1558
f 899/1163/1557 901/1154/1558 895/1153/1550
f 897/1150/1551 901/1154/1558 628/1151/1559 623/1147/1553
s 100
f 902/1328/1560 905/1329/1561 904/1325/1562 903/1324/1563
s 98
f 906/1191/1564 909/1180/1565 908/1181/1566 907/1192/1567
f 910/1165/1568 913/1171/1569 912/1166/1570 911/1158/1571
f 911/1158/1571 912/1166/1570 642/1159/1572 641/1155/1573
f 914/1220/1574 917/1221/1575 916/1199/1576 915/1209/1577
f 917/1221/1575 919/1208/1578 916/1199/1576
f 916/1199/1576 919/1208/1578 918/1190/1579
f 920/1182/1580 923/1193/1581 922/1183/1582 921/1172/1583
f 921/1172/1583 922/1183/1582 654/1173/1584 653/1167/1585
f 924/1231/1586 925/1223/1587 917/1221/1575 914/1220/1574
f 917/1221/1575 925/1223/1587 926/1210/1588 919/1208/1578
f 923/1193/1581 928/1200/1589 927/1194/1590 922/1183/1582
f 922/1183/1582 927/1194/1590 660/1184/1591 654/1173/1584
f 929/1242/1592 930/1232/1593 925/1223/1587 924/1231/1586
f 925/1223/1587 930/1232/1593 931/1222/1594 926/1210/1588
f 928/1200/1589 933/1211/1595 932/1201/1596 927/1194/1590
f 927/1194/1590 932/1201/1596 666/1195/1597 660/1184/1591
f 934/1251/1598 935/1244/1599 930/1232/1593 929/1242/1592
f 930/1232/1593 935/1244/1599 936/1243/1600 931/1222/1594
f 933/1211/1595 938/1224/1601 937/1212/1602 932/1201/1596
f 932/1201/1596 937/1212/1602 672/1202/1603 666/1195/1597
f 939/1258/1604 940/1259/1605 935/1244/1599 934/1251/1598
f 940/1259/1605 941/1245/1606 935/1244/1599
f 935/1244/1599 941/1245/1606 936/1243/1600
f 938/1224/1601 943/1233/1607 942/1225/1608 937/1212/1602
f 937/1212/1602 942/1225/1608 678/1213/1609 672/1202/1603
f 944/1264/1610 945/1261/1611 940/1259/1605 939/1258/1604
f 940/1259/1605 945/1261/1611 946/1252/1612 941/1245/1606
f 943/1233/1607 948/1246/1613 947/1234/1614 942/1225/1608
f 942/1225/1608 947/1234/1614 684/1226/1615 678/1213/1609
f 949/1267/1616 950/1265/1617 945/1261/1611 944/1264/1610
f 945/1261/1611 950/1265/1617 951/1260/1618 946/1252/1612
f 948/1246/1613 953/1253/1619 952/1247/1620 947/1234/1614
f 947/1234/1614 952/1247/1620 690/1235/1621 684/1226/1615
f 915/1209/1577 916/1199/1576 906/1191/1564
f 906/1191/1564 916/1199/1576 918/1190/1579 909/1180/1565
f 913/1171/1569 920/1182/1580 921/1172/1583 912/1166/1570
f 912/1166/1570 921/1172/1583 653/1167/1585 642/1159/1572
s 100
f 903/1324/1563 904/1325/1562 955/1321/1622 954/1320/1623
s 98
f 907/1192/1567 908/1181/1566 956/1179/1624
f 900/1164/1556 910/1165/1568 911/1158/1571 901/1154/1558
f 901/1154/1558 911/1158/1571 641/1155/1573 628/1151/1559
s 100
f 957/1340/1625 958/1341/1626 696/1338/1627 695/1337/1628
f 959/1343/1629 960/1344/1630 958/1341/1626 957/1340/1625
f 961/1352/1631 964/1353/1632 963/1349/1633 962/1346/1634
f 965/1356/1635 964/1353/1632 961/1352/1631 966/1357/1636
s 106
f 1000/1404/1637 1003/1401/1638 1002/1400/1639 1001/1405/1640
f 1002/1400/1639 1003/1401/1638 1005/1396/1641 1004/1397/1642
f 1007/1392/1643 1009/1393/1644 1008/1389/1645 1006/1388/1646
f 1006/1388/1646 1008/1389/1645 754/1385/1647 753/1384/1648
s 100
f 967/1364/1649 970/1365/1650 969/1360/1651 968/1361/1652
f 972/1362/1653 967/1364/1649 968/1361/1652 971/1363/1654
f 973/1358/1655 972/1362/1653 971/1363/1654 974/1359/1656
f 975/1354/1657 973/1358/1655 974/1359/1656 976/1355/1658
f 977/1350/1659 975/1354/1657 976/1355/1658 978/1351/1660
f 979/1347/1661 977/1350/1659 978/1351/1660 980/1348/1662
f 981/1345/1663 979/1347/1661 980/1348/1662 982/1339/1664
f 981/1345/1663 982/1339/1664 983/1342/1665
f 985/1336/1666 984/1335/1667 982/1339/1664
f 983/1342/1665 982/1339/1664 984/1335/1667
f 984/1335/1667 985/1336/1666 987/1332/1668 986/1331/1669
f 986/1331/1669 987/1332/1668 905/1329/1561 902/1328/1560
s 106
f 1010/1435/1670 1012/1432/1671 1011/1438/1672
s 100
f 954/1320/1623 955/1321/1622 990/1317/1673 989/1316/1674
f 989/1316/1674 990/1317/1673 992/1313/1675 991/1310/1676
f 993/1303/1677 995/1307/1678 994/1304/1679
f 993/1303/1677 994/1304/1679 997/1300/1680 996/1299/1681
f 996/1299/1681 997/1300/1680 738/1296/1682 737/1295/1683
s 106
f 1013/1447/1684 1014/1448/1685 760/1445/1686 758/1444/1687
f 1015/1450/1688 1016/1451/1689 1014/1448/1685 1013/1447/1684
f 1017/1455/1690 1018/1453/1691 1015/1450/1688
f 1015/1450/1688 1018/1453/1691 1016/1451/1689
f 1020/1443/1692 1021/1449/1693 1019/1452/1694
f 1010/1435/1670 1011/1438/1672 1022/1440/1695
f 1022/1440/1695 1011/1438/1672 1020/1443/1692
f 1021/1449/1693 1020/1443/1692 1023/1446/1696
f 1011/1438/1672 1023/1446/1696 1020/1443/1692
s off
f 1024/1689/1697 1010/1690/1698 1022/1691/1699
s 106
f 1025/1433/1700 1012/1432/1671 1010/1435/1670 1024/1436/1701
f 1026/1430/1702 1027/1429/1703 1012/1432/1671 1025/1433/1700
f 1028/1427/1704 1029/1426/1705 1027/1429/1703 1026/1430/1702
f 1030/1424/1706 1031/1423/1707 1029/1426/1705 1028/1427/1704
f 1032/1421/1708 1033/1420/1709 1031/1423/1707 1030/1424/1706
f 1034/1418/1710 1035/1417/1711 1033/1420/1709 1032/1421/1708
f 1036/1415/1712 1037/1414/1713 1035/1417/1711 1034/1418/1710
f 1038/1412/1714 1039/1411/1715 1037/1414/1713 1036/1415/1712
f 1040/1409/1716 1001/1405/1640 1039/1411/1715 1038/1412/1714
f 1041/1408/1717 1000/1404/1637 1001/1405/1640 1040/1409/1716
s 100
f 969/1360/1651 965/1356/1635 966/1357/1636 968/1361/1652
f 999/1326/1718 954/1320/1623 989/1316/1674
f 992/1313/1675 995/1307/1678 991/1310/1676
f 991/1310/1676 995/1307/1678 993/1303/1677
s 106
f 1017/1455/1690 1019/1452/1694 1018/1453/1691
f 1021/1449/1693 1042/1454/1719 1019/1452/1694
f 1042/1454/1719 1018/1453/1691 1019/1452/1694
s off
f 1023/1692/1720 1042/1693/1721 1021/1694/1722
s 98
f 908/1181/1566 910/1165/1568 956/1179/1624
f 900/1164/1556 898/1170/1555 910/1165/1568
f 910/1165/1568 898/1170/1555 956/1179/1624
f 909/1180/1565 913/1171/1569 910/1165/1568 908/1181/1566
f 918/1190/1579 920/1182/1580 913/1171/1569 909/1180/1565
f 919/1208/1578 923/1193/1581 918/1190/1579
f 918/1190/1579 923/1193/1581 920/1182/1580
f 926/1210/1588 928/1200/1589 923/1193/1581 919/1208/1578
f 931/1222/1594 933/1211/1595 928/1200/1589 926/1210/1588
f 936/1243/1600 938/1224/1601 931/1222/1594
f 931/1222/1594 938/1224/1601 933/1211/1595
f 941/1245/1606 943/1233/1607 938/1224/1601 936/1243/1600
f 946/1252/1612 948/1246/1613 943/1233/1607 941/1245/1606
f 951/1260/1618 953/1253/1619 948/1246/1613 946/1252/1612
s 106
f 1005/1396/1641 1009/1393/1644 1007/1392/1643 1004/1397/1642
s 100
f 963/1349/1633 960/1344/1630 962/1346/1634
f 962/1346/1634 960/1344/1630 959/1343/1629
s 113
f 852/1483/1723 853/1472/1724 791/1473/1725
f 853/1472/1724 575/1467/1726 499/1466/1727 791/1473/1725
f 850/1514/1728 851/1500/1729 793/1498/1730
f 791/1473/1725 794/1481/1731 852/1483/1723
f 852/1483/1723 794/1481/1731 851/1500/1729
f 851/1500/1729 794/1481/1731 793/1498/1730
f 791/1473/1725 499/1466/1727 503/1471/1732 794/1481/1731
f 874/1593/1733 875/1578/1734 859/1576/1735 860/1575/1736
f 795/1542/1737 849/1543/1738 883/1527/1739 884/1526/1740
f 829/1499/1741 830/1490/1742 797/1497/1743 796/1513/1744
f 830/1490/1742 549/1480/1745 507/1489/1746 797/1497/1743
f 847/1591/1747 848/1574/1748 825/1558/1749 798/1573/1750
f 825/1558/1749 885/1541/1751 886/1557/1752 798/1573/1750
f 826/1525/1753 827/1512/1754 800/1524/1755 799/1540/1756
f 827/1512/1754 545/1496/1757 511/1511/1758 800/1524/1755
f 846/1605/1759 847/1591/1747 798/1573/1750 802/1590/1760
f 798/1573/1750 886/1557/1752 887/1572/1761 802/1590/1760
f 799/1540/1756 800/1524/1755 804/1539/1762 803/1556/1763
f 800/1524/1755 511/1511/1758 516/1523/1764 804/1539/1762
f 845/1620/1765 846/1605/1759 802/1590/1760 806/1604/1766
f 802/1590/1760 887/1572/1761 888/1589/1767 806/1604/1766
f 803/1556/1763 804/1539/1762 808/1555/1768 807/1571/1769
f 804/1539/1762 516/1523/1764 521/1538/1770 808/1555/1768
f 844/1636/1771 845/1620/1765 806/1604/1766 810/1619/1772
f 806/1604/1766 888/1589/1767 889/1603/1773 810/1619/1772
f 807/1571/1769 808/1555/1768 812/1570/1774 811/1588/1775
f 808/1555/1768 521/1538/1770 526/1554/1776 812/1570/1774
f 843/1648/1777 844/1636/1771 810/1619/1772 814/1635/1778
f 810/1619/1772 889/1603/1773 890/1618/1779 814/1635/1778
f 811/1588/1775 812/1570/1774 816/1587/1780 815/1602/1781
f 812/1570/1774 526/1554/1776 531/1569/1782 816/1587/1780
f 842/1661/1783 843/1648/1777 814/1635/1778 818/1647/1784
f 814/1635/1778 890/1618/1779 891/1634/1785 818/1647/1784
f 815/1602/1781 816/1587/1780 820/1601/1786 819/1617/1787
f 816/1587/1780 531/1569/1782 536/1586/1788 820/1601/1786
f 841/1670/1789 842/1661/1783 818/1647/1784 833/1660/1790
f 818/1647/1784 891/1634/1785 892/1646/1791 833/1660/1790
f 819/1617/1787 820/1601/1786 831/1616/1792 832/1633/1793
f 820/1601/1786 536/1586/1788 550/1600/1794 831/1616/1792
f 848/1574/1748 795/1542/1737 825/1558/1749
f 795/1542/1737 884/1526/1740 885/1541/1751 825/1558/1749
f 796/1513/1744 797/1497/1743 827/1512/1754 826/1525/1753
f 797/1497/1743 507/1489/1746 545/1496/1757 827/1512/1754
f 875/1578/1734 876/1560/1795 858/1561/1796 859/1576/1735
f 849/1543/1738 882/1528/1797 883/1527/1739
f 793/1498/1730 794/1481/1731 830/1490/1742 829/1499/1741
f 794/1481/1731 503/1471/1732 549/1480/1745 830/1490/1742
f 838/1632/1798 559/1615/1799 541/1631/1800 824/1644/1801
f 837/1645/1802 838/1632/1798 824/1644/1801 823/1658/1803
f 836/1669/1804 893/1659/1805 894/1668/1806 822/1676/1807
f 839/1682/1808 840/1677/1809 836/1669/1804 822/1676/1807
f 840/1677/1809 841/1670/1789 833/1660/1790 836/1669/1804
f 833/1660/1790 892/1646/1791 893/1659/1805 836/1669/1804
f 832/1633/1793 831/1616/1792 838/1632/1798 837/1645/1802
f 831/1616/1792 550/1600/1794 559/1615/1799 838/1632/1798
f 835/1687/1810 869/1683/1811 870/1686/1812 821/1688/1813
f 834/1684/1814 868/1678/1815 869/1683/1811 835/1687/1810
f 817/1679/1816 867/1671/1817 868/1678/1815 834/1684/1814
f 813/1672/1818 866/1662/1819 867/1671/1817 817/1679/1816
f 809/1663/1820 865/1649/1821 866/1662/1819 813/1672/1818
f 805/1651/1822 864/1637/1823 865/1649/1821 809/1663/1820
f 801/1650/1824 863/1621/1825 864/1637/1823 805/1651/1822
f 862/1606/1826 863/1621/1825 872/1622/1827
f 872/1622/1827 863/1621/1825 871/1652/1828
f 871/1652/1828 863/1621/1825 801/1650/1824
f 872/1622/1827 873/1607/1829 861/1592/1830 862/1606/1826
f 873/1607/1829 874/1593/1733 860/1575/1736 861/1592/1830
f 828/1559/1831 849/1543/1738 795/1542/1737
f 876/1560/1795 877/1545/1832 857/1546/1833 858/1561/1796
f 877/1545/1832 879/1529/1834 880/1515/1835 857/1546/1833
f 790/1501/1836 855/1492/1837 856/1502/1838
f 790/1501/1836 878/1491/1839 854/1482/1840 855/1492/1837
f 878/1491/1839 602/1484/1841 576/1474/1842 854/1482/1840
f 854/1482/1840 576/1474/1842 575/1467/1726 853/1472/1724
f 855/1492/1837 854/1482/1840 853/1472/1724 852/1483/1723
f 856/1502/1838 855/1492/1837 852/1483/1723 851/1500/1729
f 857/1546/1833 880/1515/1835 881/1544/1843
f 881/1544/1843 882/1528/1797 857/1546/1833
f 882/1528/1797 849/1543/1738 857/1546/1833
f 828/1559/1831 858/1561/1796 849/1543/1738
f 858/1561/1796 857/1546/1833 849/1543/1738
f 859/1576/1735 858/1561/1796 828/1559/1831
f 860/1575/1736 859/1576/1735 828/1559/1831 795/1542/1737
f 861/1592/1830 860/1575/1736 795/1542/1737 848/1574/1748
f 862/1606/1826 861/1592/1830 848/1574/1748 847/1591/1747
f 863/1621/1825 862/1606/1826 847/1591/1747 846/1605/1759
f 864/1637/1823 863/1621/1825 846/1605/1759 845/1620/1765
f 865/1649/1821 864/1637/1823 845/1620/1765 844/1636/1771
f 866/1662/1819 865/1649/1821 844/1636/1771 843/1648/1777
f 867/1671/1817 866/1662/1819 843/1648/1777 842/1661/1783
f 868/1678/1815 867/1671/1817 842/1661/1783 841/1670/1789
f 869/1683/1811 868/1678/1815 841/1670/1789 840/1677/1809
f 870/1686/1812 869/1683/1811 840/1677/1809 839/1682/1808
f 792/1577/1844 877/1545/1832 876/1560/1795
f 880/1515/1835 879/1529/1834 790/1501/1836 856/1502/1838
f 856/1502/1838 851/1500/1729 880/1515/1835
f 881/1544/1843 880/1515/1835 850/1514/1728
f 880/1515/1835 851/1500/1729 850/1514/1728
f 882/1528/1797 881/1544/1843 850/1514/1728
f 883/1527/1739 882/1528/1797 829/1499/1741
f 793/1498/1730 829/1499/1741 850/1514/1728
f 882/1528/1797 850/1514/1728 829/1499/1741
f 884/1526/1740 883/1527/1739 829/1499/1741 796/1513/1744
f 885/1541/1751 884/1526/1740 796/1513/1744 826/1525/1753
f 886/1557/1752 885/1541/1751 826/1525/1753 799/1540/1756
f 887/1572/1761 886/1557/1752 799/1540/1756 803/1556/1763
f 888/1589/1767 887/1572/1761 803/1556/1763 807/1571/1769
f 889/1603/1773 888/1589/1767 807/1571/1769 811/1588/1775
f 890/1618/1779 889/1603/1773 811/1588/1775 815/1602/1781
f 891/1634/1785 890/1618/1779 815/1602/1781 819/1617/1787
f 892/1646/1791 891/1634/1785 819/1617/1787 832/1633/1793
f 893/1659/1805 892/1646/1791 832/1633/1793 837/1645/1802
f 894/1668/1806 893/1659/1805 837/1645/1802 823/1658/1803
s 120
f 874/475/1845 902/476/1846 903/477/1847 875/478/1848
f 875/478/1848 903/477/1847 954/481/1849 876/482/1850
s 121
f 541/2594/1851 742/2596/1852 824/2598/1853
f 824/2598/1853 742/2596/1852 958/2602/1854
f 742/2596/1852 696/2601/1855 958/2602/1854
f 824/2598/1853 958/2602/1854 960/2605/1856 823/2606/1857
f 894/2610/1858 963/2609/1859 964/2613/1860 822/2614/1861
f 822/2614/1861 964/2613/1860 965/2617/1862 839/2618/1863
f 870/2622/1864 969/2621/1865 970/2623/1866 821/2624/1867
s 120
f 821/503/1868 970/504/1869 967/502/1870 835/501/1871
f 835/501/1871 967/502/1870 972/500/1872 834/499/1873
f 834/499/1873 972/500/1872 973/498/1874 817/497/1875
f 817/497/1875 973/498/1874 975/496/1876 813/495/1877
f 813/495/1877 975/496/1876 977/494/1878 809/493/1879
f 809/493/1879 977/494/1878 979/492/1880 805/491/1881
f 805/491/1881 979/492/1880 981/490/1882 801/489/1883
f 871/487/1884 983/488/1885 984/484/1886 872/483/1887
f 801/489/1883 981/490/1882 983/488/1885 871/487/1884
f 872/483/1887 984/484/1886 986/480/1888 873/479/1889
f 873/479/1889 986/480/1888 902/476/1846 874/475/1845
s 123
f 877/2645/1890 989/2644/1891 879/2641/1892
f 879/2641/1892 989/2644/1891 991/2639/1893
f 790/2637/1894 993/2635/1895 878/2633/1896
f 878/2633/1896 993/2635/1895 996/2630/1897
f 878/2633/1896 996/2630/1897 602/2626/1898
f 602/2626/1898 996/2630/1897 741/2628/1899
f 996/2630/1897 737/2631/1900 741/2628/1899
s 121
f 839/2618/1863 965/2617/1862 969/2621/1865 870/2622/1864
s off
f 792/2646/1901 999/2647/1902 989/2644/1903 877/2645/1904
f 876/482/1905 954/481/1906 999/485/1907 792/486/1908
s 123
f 879/2641/1892 991/2639/1893 790/2637/1894
f 790/2637/1894 991/2639/1893 993/2635/1895
s 121
f 823/2606/1857 960/2605/1856 963/2609/1859 894/2610/1858
s 125
f 949/2668/1909 1001/2669/1910 1002/2667/1911 950/2666/1912
s 126
f 961/2691/1913 1003/2690/1914 1000/2692/1915 966/2693/1916
s 125
f 950/2666/1912 1002/2667/1911 1004/2665/1917 951/2664/1918
s 126
f 962/2689/1919 1005/2688/1920 1003/2690/1914 961/2691/1913
s 125
f 953/2662/1921 1007/2663/1922 1006/2660/1923 952/2661/1924
s 126
f 957/2684/1925 1008/2685/1926 1009/2686/1927 959/2687/1928
s 125
f 952/2661/1924 1006/2660/1923 690/2658/1929
f 690/2658/1929 1006/2660/1923 753/2659/1930
s 126
f 695/2683/1931 754/2682/1932 957/2684/1925
f 957/2684/1925 754/2682/1932 1008/2685/1926
s 128
f 907/505/1933 1011/506/1934 1012/507/1935 906/508/1936
s 129
f 997/2700/1937 1013/2701/1938 758/2698/1939 738/2697/1940
s 130
f 622/2722/1941 760/2725/1942 1014/2727/1943 896/2728/1944
s 129
f 994/2705/1945 1015/2703/1946 997/2700/1937
f 997/2700/1937 1015/2703/1946 1013/2701/1938
s 130
f 896/2728/1944 1014/2727/1943 895/2730/1947
f 895/2730/1947 1014/2727/1943 1016/2732/1948
s 129
f 995/2709/1949 1017/2707/1950 994/2705/1945
f 994/2705/1945 1017/2707/1950 1015/2703/1946
s 130
f 895/2730/1947 1016/2732/1948 899/2734/1951
f 899/2734/1951 1016/2732/1948 1018/2736/1952
s 129
f 990/2716/1953 1020/2717/1954 1019/2713/1955 992/2712/1956
f 955/2721/1957 1022/2719/1958 990/2716/1953
f 990/2716/1953 1022/2719/1958 1020/2717/1954
s off
f 998/527/1959 1021/528/1960 1023/529/1961 956/530/1962
s 128
f 956/509/1963 1023/510/1964 1011/506/1934 907/505/1933
s off
f 988/531/1965 1010/532/1966 1022/533/1967 955/534/1968
s 134
f 905/535/1969 1025/536/1970 1024/537/1971 904/538/1972
s off
f 904/2748/1973 1024/2749/1974 1010/2750/1975 988/2751/1976
s 134
f 987/539/1977 1026/540/1978 1025/536/1970 905/535/1969
s 128
f 906/508/1936 1012/507/1935 1027/511/1979 915/512/1980
s 134
f 985/541/1981 1028/542/1982 1026/540/1978 987/539/1977
s 128
f 915/512/1980 1027/511/1979 1029/513/1983 914/514/1984
s 134
f 982/543/1985 1030/544/1986 1028/542/1982 985/541/1981
s 128
f 914/514/1984 1029/513/1983 1031/515/1987 924/516/1988
s 134
f 980/545/1989 1032/546/1990 1030/544/1986 982/543/1985
s 128
f 924/516/1988 1031/515/1987 1033/517/1991 929/518/1992
s 134
f 978/547/1993 1034/548/1994 1032/546/1990 980/545/1989
s 128
f 929/518/1992 1033/517/1991 1035/519/1995 934/520/1996
s 134
f 976/549/1997 1036/550/1998 1034/548/1994 978/547/1993
s 128
f 934/520/1996 1035/519/1995 1037/521/1999 939/522/2000
s 134
f 974/551/2001 1038/552/2002 1036/550/1998 976/549/1997
s 128
f 939/522/2000 1037/521/1999 1039/523/2003 944/524/2004
s 134
f 971/553/2005 1040/554/2006 1038/552/2002 974/551/2001
s 128
f 944/524/2004 1039/523/2003 1001/525/2007 949/526/2008
s 134
f 968/555/2009 1041/556/2010 1040/554/2006 971/553/2005
s 126
f 966/2693/1916 1000/2692/1915 1041/2694/2011 968/2695/2012
s 129
f 992/2712/1956 1019/2713/1955 1017/2707/1950 995/2709/1949
s 130
f 899/2734/1951 1018/2736/1952 898/2738/2013
f 898/2738/2013 1018/2736/1952 1042/2739/2014
s off
f 898/2752/2015 1042/2753/2016 1021/2754/2017 998/2755/2018
s 125
f 951/2664/1918 1004/2665/1917 1007/2663/1922 953/2662/1921
s 126
f 959/2687/1928 1009/2686/1927 1005/2688/1920 962/2689/1919
s off
f 904/557/2019 1024/558/2020 1022/559/2021 955/560/2022
f 898/2808/2023 1042/2809/2024 1023/2810/2025 956/2811/2026
s 135
f 1362/1695/2027 1361/1696/2028 1363/1697/2029 1364/1698/2030
f 1364/1698/2030 1363/1697/2029 1365/1703/2031
f 1367/1712/2032 1366/1723/2033 1368/1733/2034 1369/1734/2035 1370/1735/2036
f 1369/1734/2035 1368/1733/2034 1371/1746/2037
f 1372/1762/2038 1373/1761/2039 1374/1781/2040 1375/1782/2041
f 1376/1706/2042 1377/1701/2043 1378/1700/2044
f 1378/1700/2044 1377/1701/2043 1379/1702/2045 1363/1697/2029 1361/1696/2028
f 1380/1709/2046 1381/1720/2047 1382/1721/2048 1383/1710/2049
f 1382/1721/2048 1381/1720/2047 1384/1731/2050 1385/1732/2051
f 1385/1732/2051 1384/1731/2050 1386/1744/2052 1387/1745/2053
f 1373/1761/2039 1388/1780/2054 1389/1799/2055 1374/1781/2040
f 1374/1781/2040 1389/1799/2055 1390/1816/2056 1391/1817/2057
f 1392/1764/2058 1393/1783/2059 1394/1765/2060
f 1395/1736/2061 1396/1737/2062 1397/1724/2063 1398/1714/2064
f 1400/1715/2065 1399/1716/2066 1401/1707/2067 1377/1701/2043 1376/1706/2042
f 1377/1701/2043 1401/1707/2067 1402/1708/2068 1379/1702/2045
f 1403/1719/2069 1404/1730/2070 1381/1720/2047 1380/1709/2046
f 1381/1720/2047 1404/1730/2070 1405/1743/2071 1384/1731/2050
f 1384/1731/2050 1405/1743/2071 1406/1758/2072 1407/1759/2073 1386/1744/2052
f 1407/1759/2073 1406/1758/2072 1408/1778/2074
f 1409/1798/2075 1410/1797/2076 1411/1814/2077 1412/1815/2078
f 1412/1815/2078 1411/1814/2077 1413/1832/2079
f 1393/1783/2059 1414/1800/2080 1415/1784/2081 1416/1766/2082 1394/1765/2060
f 1416/1766/2082 1415/1784/2081 1417/1767/2083
f 1418/1717/2084 1401/1707/2067 1399/1716/2066
f 1401/1707/2067 1418/1717/2084 1419/1718/2085 1402/1708/2068
f 1420/1729/2086 1421/1742/2087 1404/1730/2070 1403/1719/2069
f 1404/1730/2070 1421/1742/2087 1422/1757/2088 1405/1743/2071
f 1405/1743/2071 1422/1757/2088 1423/1777/2089 1406/1758/2072
f 1406/1758/2072 1423/1777/2089 1424/1796/2090 1408/1778/2074
f 1410/1797/2076 1425/1813/2091 1426/1831/2092 1411/1814/2077
f 1411/1814/2077 1426/1831/2092 1427/1843/2093 1413/1832/2079
f 1414/1800/2080 1428/1818/2094 1429/1801/2095 1415/1784/2081
f 1430/1802/2096 1431/1786/2097 1432/1785/2098
f 1433/1751/2099 1434/1752/2100 1435/1739/2101 1436/1726/2102
f 1436/1726/2102 1435/1739/2101 1437/1740/2103 1438/1727/2104
f 1439/1756/2105 1421/1742/2087 1420/1729/2086 1440/1741/2106
f 1421/1742/2087 1439/1756/2105 1441/1775/2107 1442/1776/2108 1422/1757/2088
f 1422/1757/2088 1442/1776/2108 1443/1795/2109 1423/1777/2089
f 1423/1777/2089 1443/1795/2109 1444/1812/2110 1424/1796/2090
f 1425/1813/2091 1445/1830/2111 1446/1842/2112 1426/1831/2092
f 1428/1818/2094 1447/1833/2113 1448/1819/2114 1429/1801/2095
f 1449/1803/2115 1450/1787/2116 1451/1769/2117 1431/1786/2097 1430/1802/2096
f 1451/1769/2117 1450/1787/2116 1452/1770/2118
f 1435/1739/2101 1453/1753/2119 1454/1754/2120 1437/1740/2103
f 1455/1773/2121 1456/1793/2122 1457/1774/2123 1458/1755/2124
f 1459/1794/2125 1442/1776/2108 1441/1775/2107
f 1442/1776/2108 1459/1794/2125 1460/1811/2126 1443/1795/2109
f 1443/1795/2109 1460/1811/2126 1461/1828/2127 1462/1829/2128 1444/1812/2110
f 1445/1830/2111 1463/1841/2129 1464/1851/2130 1446/1842/2112
f 1465/1834/2131 1466/1821/2132 1467/1820/2133
f 1467/1820/2133 1466/1821/2132 1468/1804/2134 1450/1787/2116 1449/1803/2115
f 1450/1787/2116 1468/1804/2134 1469/1788/2135 1452/1770/2118
f 1453/1753/2119 1470/1771/2136 1471/1772/2137 1454/1754/2120
f 1472/1792/2138 1473/1809/2139 1456/1793/2122 1455/1773/2121
f 1456/1793/2122 1473/1809/2139 1474/1826/2140 1475/1810/2141
f 1475/1810/2141 1474/1826/2140 1476/1839/2142 1477/1827/2143
f 1478/1840/2144 1462/1829/2128 1461/1828/2127
f 1479/1847/2145 1480/1835/2146 1466/1821/2132 1465/1834/2131
f 1466/1821/2132 1480/1835/2146 1481/1822/2147 1468/1804/2134
f 1468/1804/2134 1481/1822/2147 1482/1805/2148 1483/1789/2149 1469/1788/2135
f 1483/1789/2149 1482/1805/2148 1484/1790/2150
f 1485/1808/2151 1486/1825/2152 1473/1809/2139 1472/1792/2138
f 1473/1809/2139 1486/1825/2152 1487/1838/2153 1474/1826/2140
f 1474/1826/2140 1487/1838/2153 1488/1849/2154 1476/1839/2142
f 1489/1853/2155 1490/1848/2156 1480/1835/2146 1479/1847/2145
f 1480/1835/2146 1490/1848/2156 1491/1836/2157 1481/1822/2147
f 1481/1822/2147 1491/1836/2157 1492/1823/2158 1482/1805/2148
f 1482/1805/2148 1492/1823/2158 1493/1806/2159 1484/1790/2150
f 1494/1807/2160 1495/1824/2161 1496/1837/2162 1486/1825/2152 1485/1808/2151
f 1396/1737/2062 1395/1736/2061 1497/1748/2163
f 1416/1766/2082 1498/1749/2164 1394/1765/2060
f 1499/1768/2165 1433/1751/2166 1500/1750/2167
f 1451/1769/2117 1434/1752/2100 1431/1786/2097
f 1434/1752/2100 1451/1769/2117 1452/1770/2118 1453/1753/2119 1435/1739/2101
f 1469/1788/2135 1470/1771/2136 1453/1753/2119 1452/1770/2118
f 1483/1789/2149 1470/1771/2136 1469/1788/2135
f 1470/1771/2136 1483/1789/2149 1484/1790/2150 1501/1791/2168 1471/1772/2137
f 1493/1806/2159 1495/1824/2161 1494/1807/2160
f 1493/1806/2159 1494/1807/2160 1501/1791/2168 1484/1790/2150
f 1501/1791/2168 1494/1807/2160 1485/1808/2151
f 1471/1772/2137 1501/1791/2168 1485/1808/2151 1472/1792/2138
f 1454/1754/2120 1471/1772/2137 1472/1792/2138 1455/1773/2121
f 1437/1740/2103 1454/1754/2120 1455/1773/2121 1458/1755/2124
f 1440/1741/2106 1420/1729/2086 1502/1728/2169
f 1402/1708/2068 1419/1718/2085 1502/1728/2169 1420/1729/2086 1403/1719/2069
f 1379/1702/2045 1402/1708/2068 1403/1719/2069 1380/1709/2046
f 1363/1697/2029 1379/1702/2045 1380/1709/2046 1383/1710/2049 1365/1703/2031
f 1503/1711/2170 1504/1722/2171 1366/1723/2033
f 1367/1712/2032 1503/1711/2170 1366/1723/2033
f 1369/1734/2035 1505/1747/2172 1370/1735/2036
f 1505/1747/2172 1369/1734/2035 1371/1746/2037 1373/1761/2039 1372/1762/2038
f 1386/1744/2052 1506/1760/2173 1387/1745/2053
f 1407/1759/2073 1507/1779/2174 1506/1760/2173 1386/1744/2052
f 1507/1779/2174 1407/1759/2073 1408/1778/2074 1410/1797/2076 1409/1798/2075
f 1424/1796/2090 1425/1813/2091 1410/1797/2076 1408/1778/2074
f 1444/1812/2110 1445/1830/2111 1425/1813/2091 1424/1796/2090
f 1462/1829/2128 1463/1841/2129 1445/1830/2111 1444/1812/2110
f 1478/1840/2144 1463/1841/2129 1462/1829/2128
f 1477/1827/2143 1476/1839/2142 1508/1850/2175 1478/1840/2144 1461/1828/2127
f 1460/1811/2126 1477/1827/2143 1461/1828/2127
f 1459/1794/2125 1475/1810/2141 1477/1827/2143 1460/1811/2126
f 1457/1774/2123 1456/1793/2122 1475/1810/2141 1459/1794/2125 1441/1775/2107
f 1439/1756/2105 1457/1774/2123 1441/1775/2107
f 1458/1755/2124 1457/1774/2123 1439/1756/2105 1440/1741/2106
f 1438/1727/2104 1437/1740/2103 1458/1755/2124 1440/1741/2106 1502/1728/2169
f 1419/1718/2085 1438/1727/2104 1502/1728/2169
f 1418/1717/2084 1436/1726/2102 1438/1727/2104 1419/1718/2085
f 1509/1725/2176 1399/1716/2066 1400/1715/2065
f 1396/1737/2062 1498/1749/2164 1510/1738/2177 1397/1724/2063
f 1511/1763/2178 1392/1764/2058 1394/1765/2060 1498/1749/2164 1396/1737/2062 1497/1748/2163
f 1512/1852/2179 1489/1853/2155 1479/1847/2145
f 1513/1846/2180 1512/1852/2179 1479/1847/2145 1465/1834/2131
f 1447/1833/2113 1513/1846/2180 1465/1834/2131 1467/1820/2133 1448/1819/2114
f 1448/1819/2114 1467/1820/2133 1449/1803/2115
f 1429/1801/2095 1448/1819/2114 1449/1803/2115 1430/1802/2096
f 1415/1784/2081 1429/1801/2095 1430/1802/2096 1432/1785/2098 1417/1767/2083
f 1499/1768/2165 1417/1767/2083 1432/1785/2098
f 1498/1749/2164 1416/1766/2082 1417/1767/2083 1499/1768/2165 1500/1750/2167 1510/1738/2177
f 1510/1738/2177 1500/1750/2167 1509/1725/2176
f 1397/1724/2063 1510/1738/2177 1509/1725/2176 1400/1715/2065
f 1398/1714/2064 1397/1724/2063 1400/1715/2065 1376/1706/2042
f 1514/1713/2181 1398/1714/2064 1376/1706/2042 1378/1700/2044 1515/1699/2182
f 1515/1699/2182 1378/1700/2044 1361/1696/2028
f 1362/1695/2027 1515/1699/2182 1361/1696/2028
f 1516/1704/2183 1362/1695/2027 1364/1698/2030 1517/1705/2184
f 1517/1705/2184 1364/1698/2030 1365/1703/2031 1503/1711/2170 1367/1712/2032
f 1383/1710/2049 1504/1722/2171 1503/1711/2170 1365/1703/2031
f 1382/1721/2048 1504/1722/2171 1383/1710/2049
f 1504/1722/2171 1382/1721/2048 1385/1732/2051 1368/1733/2034 1366/1723/2033
f 1368/1733/2034 1385/1732/2051 1387/1745/2053 1371/1746/2037
f 1506/1760/2173 1388/1780/2054 1373/1761/2039 1371/1746/2037 1387/1745/2053
f 1507/1779/2174 1388/1780/2054 1506/1760/2173
f 1388/1780/2054 1507/1779/2174 1409/1798/2075 1389/1799/2055
f 1389/1799/2055 1409/1798/2075 1412/1815/2078 1390/1816/2056
f 1390/1816/2056 1412/1815/2078 1413/1832/2079 1518/1844/2185 1519/1845/2186
f 1427/1843/2093 1518/1844/2185 1413/1832/2079
s 145
f 1520/1854/2187 1521/1855/2188 1522/1856/2189 1523/1857/2190
f 1521/1855/2188 1524/1860/2191 1522/1856/2189
f 1525/1865/2192 1526/1883/2193 1527/1884/2194 1528/1885/2195 1529/1872/2196
f 1527/1884/2194 1530/1896/2197 1528/1885/2195
f 1531/1909/2198 1532/1923/2199 1533/1924/2200 1534/1910/2201
f 1535/1871/2202 1536/1861/2203 1537/1863/2204
f 1536/1861/2203 1523/1857/2190 1522/1856/2189 1538/1862/2205 1537/1863/2204
f 1539/1868/2206 1540/1867/2207 1541/1874/2208 1542/1875/2209
f 1541/1874/2208 1543/1886/2210 1544/1887/2211 1542/1875/2209
f 1543/1886/2210 1545/1897/2212 1546/1898/2213 1544/1887/2211
f 1534/1910/2201 1533/1924/2200 1547/1944/2214 1548/1925/2215
f 1533/1924/2200 1549/1960/2216 1550/1961/2217 1547/1944/2214
f 1551/1937/2218 1552/1936/2219 1553/1953/2220
f 1554/1903/2221 1555/1878/2222 1556/1891/2223 1557/1904/2224
f 1558/1881/2225 1535/1871/2202 1537/1863/2204 1559/1870/2226 1560/1882/2227
f 1537/1863/2204 1538/1862/2205 1561/1869/2228 1559/1870/2226
f 1562/1876/2229 1539/1868/2206 1542/1875/2209 1563/1888/2230
f 1542/1875/2209 1544/1887/2211 1564/1899/2231 1563/1888/2230
f 1544/1887/2211 1546/1898/2213 1565/1912/2232 1566/1913/2233 1564/1899/2231
f 1565/1912/2232 1567/1927/2234 1566/1913/2233
f 1568/1945/2235 1569/1962/2236 1570/1963/2237 1571/1946/2238
f 1569/1962/2236 1572/1977/2239 1570/1963/2237
f 1553/1953/2220 1552/1936/2219 1573/1934/2240 1574/1952/2241 1575/1971/2242
f 1573/1934/2240 1576/1933/2243 1574/1952/2241
f 1577/2013/2244 1560/2014/2227 1559/2015/2226
f 1559/1870/2226 1561/1869/2228 1578/1879/2245 1577/1880/2244
f 1579/1889/2246 1562/1876/2229 1563/1888/2230 1580/1900/2247
f 1563/1888/2230 1564/1899/2231 1581/1914/2248 1580/1900/2247
f 1564/1899/2231 1566/1913/2233 1582/1928/2249 1581/1914/2248
f 1566/1913/2233 1567/1927/2234 1583/1947/2250 1582/1928/2249
f 1571/1946/2238 1570/1963/2237 1584/1978/2251 1585/1964/2252
f 1570/1963/2237 1572/1977/2239 1586/1994/2253 1584/1978/2251
f 1575/1971/2242 1574/1952/2241 1587/1970/2254 1588/1986/2255
f 1589/1959/2256 1590/1943/2257 1591/1942/2258
f 1592/1908/2259 1593/1893/2260 1594/1906/2261 1595/1921/2262
f 1593/1893/2260 1596/1892/2263 1597/1905/2264 1594/1906/2261
f 1598/1915/2265 1599/1901/2266 1579/1889/2246 1580/1900/2247
f 1580/1900/2247 1581/1914/2248 1600/1929/2267 1601/1930/2268 1598/1915/2265
f 1581/1914/2248 1582/1928/2249 1602/1948/2269 1600/1929/2267
f 1582/1928/2249 1583/1947/2250 1603/1965/2270 1602/1948/2269
f 1585/1964/2252 1584/1978/2251 1604/1995/2271 1605/1979/2272
f 1588/1986/2255 1587/1970/2254 1606/1985/2273 1607/2001/2274
f 1608/1976/2275 1589/1959/2256 1591/1942/2258 1609/1941/2276 1610/1958/2277
f 1609/1941/2276 1611/1940/2278 1610/1958/2277
f 1594/1906/2261 1597/1905/2264 1612/1919/2279 1613/1920/2280
f 1614/1932/2281 1615/1916/2282 1616/1931/2283 1617/1950/2284
f 1618/1949/2285 1601/1930/2268 1600/1929/2267
f 1600/1929/2267 1602/1948/2269 1619/1966/2286 1618/1949/2285
f 1602/1948/2269 1603/1965/2270 1620/1980/2287 1621/1981/2288 1619/1966/2286
f 1605/1979/2272 1604/1995/2271 1622/2005/2289 1623/1996/2290
f 1624/2004/2291 1625/1990/2292 1626/1991/2293
f 1625/1990/2292 1608/1976/2275 1610/1958/2277 1627/1975/2294 1626/1991/2293
f 1610/1958/2277 1611/1940/2278 1628/1957/2295 1627/1975/2294
f 1613/1920/2280 1612/1919/2279 1629/1938/2296 1630/1939/2297
f 1631/1951/2298 1614/1932/2281 1617/1950/2284 1632/1968/2299
f 1617/1950/2284 1633/1967/2300 1634/1983/2301 1632/1968/2299
f 1633/1967/2300 1635/1982/2302 1636/1998/2303 1634/1983/2301
f 1637/1997/2304 1621/1981/2288 1620/1980/2287
f 1638/2010/2305 1624/2004/2291 1626/1991/2293 1639/2003/2306
f 1626/1991/2293 1627/1975/2294 1640/1989/2307 1639/2003/2306
f 1627/1975/2294 1628/1957/2295 1641/1956/2308 1642/1974/2309 1640/1989/2307
f 1641/1956/2308 1643/1955/2310 1642/1974/2309
f 1644/1969/2311 1631/1951/2298 1632/1968/2299 1645/1984/2312
f 1632/1968/2299 1634/1983/2301 1646/1999/2313 1645/1984/2312
f 1634/1983/2301 1636/1998/2303 1647/2007/2314 1646/1999/2313
f 1648/2012/2315 1638/2010/2305 1639/2003/2306 1649/2009/2316
f 1639/2003/2306 1640/1989/2307 1650/2002/2317 1649/2009/2316
f 1640/1989/2307 1642/1974/2309 1651/1987/2318 1650/2002/2317
f 1642/1974/2309 1643/1955/2310 1652/1972/2319 1651/1987/2318
f 1653/1973/2320 1644/1969/2311 1645/1984/2312 1654/2000/2321 1655/1988/2322
f 1557/1904/2224 1656/1918/2323 1554/1903/2221
f 1573/1934/2240 1552/1936/2219 1657/1917/2324
f 1658/1922/2325 1659/1907/2326 1592/1908/2259
f 1591/1942/2258 1590/1943/2257 1658/1922/2325 1592/1908/2259 1595/1921/2262
f 1609/1941/2276 1591/1942/2258 1595/1921/2262
f 1595/1921/2262 1594/1906/2261 1613/1920/2280 1611/1940/2278 1609/1941/2276
f 1628/1957/2295 1611/1940/2278 1613/1920/2280 1630/1939/2297
f 1641/1956/2308 1628/1957/2295 1630/1939/2297
f 1630/1939/2297 1629/1938/2296 1660/1954/2327 1643/1955/2310 1641/1956/2308
f 1652/1972/2319 1653/1973/2320 1655/1988/2322
f 1652/1972/2319 1643/1955/2310 1660/1954/2327 1653/1973/2320
f 1660/1954/2327 1644/1969/2311 1653/1973/2320
f 1629/1938/2296 1631/1951/2298 1644/1969/2311 1660/1954/2327
f 1612/1919/2279 1614/1932/2281 1631/1951/2298 1629/1938/2296
f 1597/1905/2264 1615/1916/2282 1614/1932/2281 1612/1919/2279
f 1599/1901/2266 1661/1890/2328 1579/1889/2246
f 1561/1869/2228 1562/1876/2229 1579/1889/2246 1661/1890/2328 1578/1879/2245
f 1538/1862/2205 1539/1868/2206 1562/1876/2229 1561/1869/2228
f 1522/1856/2189 1524/1860/2191 1540/1867/2207 1539/1868/2206 1538/1862/2205
f 1662/1866/2329 1529/1872/2196 1663/1873/2330
f 1525/1865/2192 1529/1872/2196 1662/1866/2329
f 1527/1884/2194 1526/1883/2193 1664/1895/2331
f 1664/1895/2331 1531/1909/2198 1534/1910/2201 1530/1896/2197 1527/1884/2194
f 1546/1898/2213 1545/1897/2212 1665/1911/2332
f 1565/1912/2232 1546/1898/2213 1665/1911/2332 1666/1926/2333
f 1666/1926/2333 1568/1945/2235 1571/1946/2238 1567/1927/2234 1565/1912/2232
f 1583/1947/2250 1567/1927/2234 1571/1946/2238 1585/1964/2252
f 1603/1965/2270 1583/1947/2250 1585/1964/2252 1605/1979/2272
f 1620/1980/2287 1603/1965/2270 1605/1979/2272 1623/1996/2290
f 1637/1997/2304 1620/1980/2287 1623/1996/2290
f 1635/1982/2302 1621/1981/2288 1637/1997/2304 1667/2006/2334 1636/1998/2303
f 1619/1966/2286 1621/1981/2288 1635/1982/2302
f 1618/1949/2285 1619/1966/2286 1635/1982/2302 1633/1967/2300
f 1616/1931/2283 1601/1930/2268 1618/1949/2285 1633/1967/2300 1617/1950/2284
f 1598/1915/2265 1601/1930/2268 1616/1931/2283
f 1615/1916/2282 1599/1901/2266 1598/1915/2265 1616/1931/2283
f 1596/1892/2263 1661/1890/2328 1599/1901/2266 1615/1916/2282 1597/1905/2264
f 1578/1879/2245 1661/1890/2328 1596/1892/2263
f 1577/1880/2244 1578/1879/2245 1596/1892/2263 1593/1893/2260
f 1659/1907/2326 1668/1894/2335 1560/1882/2227 1577/1880/2244 1593/1893/2260 1592/1908/2259
f 1668/1894/2335 1558/1881/2225 1560/1882/2227
f 1557/1904/2224 1556/1891/2223 1669/1902/2336 1657/1917/2324
f 1670/1935/2337 1656/1918/2323 1557/1904/2224 1657/1917/2324 1552/1936/2219 1551/1937/2218
f 1671/2011/2338 1638/2010/2305 1648/2012/2315
f 1672/2008/2339 1624/2004/2291 1638/2010/2305 1671/2011/2338
f 1607/2001/2274 1606/1985/2273 1625/1990/2292 1624/2004/2291 1672/2008/2339
f 1606/1985/2273 1608/1976/2275 1625/1990/2292
f 1587/1970/2254 1589/1959/2256 1608/1976/2275 1606/1985/2273
f 1574/1952/2241 1576/1933/2243 1590/1943/2257 1589/1959/2256 1587/1970/2254
f 1658/1922/2325 1590/1943/2257 1576/1933/2243
f 1657/1917/2324 1669/1902/2336 1659/1907/2326 1658/1922/2325 1576/1933/2243 1573/1934/2240
f 1669/1902/2336 1668/1894/2335 1659/1907/2326
f 1556/1891/2223 1558/1881/2225 1668/1894/2335 1669/1902/2336
f 1555/1878/2222 1535/1871/2202 1558/1881/2225 1556/1891/2223
f 1673/1877/2340 1674/1864/2341 1536/1861/2203 1535/1871/2202 1555/1878/2222
f 1674/1864/2341 1523/1857/2190 1536/1861/2203
f 1520/1854/2187 1523/1857/2190 1674/1864/2341
f 1675/1858/2342 1676/1859/2343 1521/1855/2188 1520/1854/2187
f 1676/1859/2343 1525/1865/2192 1662/1866/2329 1524/1860/2191 1521/1855/2188
f 1540/1867/2207 1524/1860/2191 1662/1866/2329 1663/1873/2330
f 1541/1874/2208 1540/1867/2207 1663/1873/2330
f 1663/1873/2330 1529/1872/2196 1528/1885/2195 1543/1886/2210 1541/1874/2208
f 1528/1885/2195 1530/1896/2197 1545/1897/2212 1543/1886/2210
f 1665/1911/2332 1545/1897/2212 1530/1896/2197 1534/1910/2201 1548/1925/2215
f 1666/1926/2333 1665/1911/2332 1548/1925/2215
f 1548/1925/2215 1547/1944/2214 1568/1945/2235 1666/1926/2333
f 1547/1944/2214 1550/1961/2217 1569/1962/2236 1568/1945/2235
f 1550/1961/2217 1677/1992/2344 1678/1993/2345 1572/1977/2239 1569/1962/2236
f 1586/1994/2253 1572/1977/2239 1678/1993/2345
s off
f 1525/2756/2346 1367/2757/2347 1370/2758/2348 1526/2759/2349
f 1531/2767/2350 1372/2766/2351 1375/2768/2352 1532/2769/2353
f 1532/617/2354 1375/618/2355 1374/614/2356 1533/613/2357
f 1533/613/2358 1374/614/2359 1391/610/2360 1549/609/2361
f 1549/609/2362 1391/610/2363 1390/606/2364 1550/605/2365
f 1553/561/2366 1393/562/2367 1392/563/2368 1551/564/2369
f 1554/576/2370 1395/575/2371 1398/579/2372 1555/580/2373
f 1575/565/2374 1414/566/2375 1393/562/2376 1553/561/2377
f 1586/593/2378 1427/594/2379 1426/595/2380 1584/596/2381
f 1588/569/2382 1428/570/2383 1414/566/2384 1575/565/2385
f 1584/596/2386 1426/595/2387 1446/599/2388 1604/600/2389
f 1607/573/2390 1447/574/2391 1428/570/2392 1588/569/2393
f 1604/600/2394 1446/599/2395 1464/603/2396 1622/604/2397
f 1622/604/2398 1464/603/2399 1463/607/2400 1623/608/2401
f 1646/2770/2402 1487/2771/2403 1486/2772/2404 1645/2773/2405
f 1636/620/2406 1476/619/2407 1488/621/2408 1647/622/2409
f 1647/622/2410 1488/621/2411 1487/623/2412 1646/624/2413
f 1649/2785/2414 1490/2784/2415 1489/2786/2416 1648/2787/2417
f 1650/2783/2418 1491/2782/2419 1490/2784/2420 1649/2785/2421
f 1651/2781/2422 1492/2780/2423 1491/2782/2424 1650/2783/2425
f 1652/2779/2426 1493/2778/2427 1492/2780/2428 1651/2781/2429
f 1645/2773/2430 1486/2772/2431 1496/2774/2432 1654/2775/2433
f 1654/2775/2434 1496/2774/2435 1495/2776/2436 1655/2777/2437
f 1656/572/2438 1497/571/2439 1395/575/2440 1554/576/2441
f 1655/2777/2442 1495/2776/2443 1493/2778/2444 1652/2779/2445
f 1526/2759/2446 1370/2758/2447 1505/2762/2448 1664/2763/2449
f 1664/2763/2450 1505/2762/2451 1372/2766/2452 1531/2767/2453
f 1623/608/2454 1463/607/2455 1478/611/2456 1637/612/2457
f 1637/612/2458 1478/611/2459 1508/615/2460 1667/616/2461
f 1667/616/2462 1508/615/2463 1476/619/2464 1636/620/2465
f 1670/568/2466 1511/567/2467 1497/571/2468 1656/572/2469
f 1551/564/2470 1392/563/2471 1511/567/2472 1670/568/2473
f 1648/585/2474 1489/586/2475 1512/582/2476 1671/581/2477
f 1671/581/2478 1512/582/2479 1513/578/2480 1672/577/2481
f 1672/577/2482 1513/578/2483 1447/574/2484 1607/573/2485
f 1673/584/2486 1514/583/2487 1515/587/2488 1674/588/2489
f 1555/580/2490 1398/579/2491 1514/583/2492 1673/584/2493
f 1674/588/2494 1515/587/2495 1362/589/2496 1520/590/2497
f 1675/2764/2498 1516/2765/2499 1517/2761/2500 1676/2760/2501
f 1520/590/2502 1362/589/2503 1516/591/2504 1675/592/2505
f 1676/2760/2506 1517/2761/2507 1367/2757/2508 1525/2756/2509
f 1550/605/2510 1390/606/2511 1519/602/2512 1677/601/2513
f 1677/601/2514 1519/602/2515 1518/598/2516 1678/597/2517
f 1678/597/2518 1518/598/2519 1427/594/2520 1586/593/2521
s 151
f 1202/2016/2522 1203/2017/2523 1204/2018/2524 1205/2019/2525
f 1203/2017/2523 1206/2022/2526 1204/2018/2524
f 1207/2027/2527 1208/2045/2528 1209/2046/2529 1210/2047/2530 1211/2034/2531
f 1209/2046/2529 1212/2058/2532 1210/2047/2530
f 1213/2069/2533 1214/2084/2534 1215/2085/2535 1216/2070/2536
f 1217/2033/2537 1218/2023/2538 1219/2025/2539
f 1218/2023/2538 1205/2019/2525 1204/2018/2524 1220/2024/2540 1219/2025/2539
f 1221/2030/2541 1222/2029/2542 1223/2036/2543 1224/2037/2544
f 1223/2036/2543 1225/2048/2545 1226/2049/2546 1224/2037/2544
f 1225/2048/2545 1227/2059/2547 1228/2060/2548 1226/2049/2546
f 1216/2070/2536 1215/2085/2535 1229/2104/2549 1230/2086/2550
f 1215/2085/2535 1231/2121/2551 1232/2122/2552 1229/2104/2549
f 1233/2099/2553 1234/2098/2554 1235/2114/2555
f 1236/2065/2556 1237/2040/2557 1238/2053/2558 1239/2066/2559
f 1240/2043/2560 1217/2033/2537 1219/2025/2539 1241/2032/2561 1242/2044/2562
f 1219/2025/2539 1220/2024/2540 1243/2031/2563 1241/2032/2561
f 1244/2038/2564 1221/2030/2541 1224/2037/2544 1245/2050/2565
f 1224/2037/2544 1226/2049/2546 1246/2061/2566 1245/2050/2565
f 1226/2049/2546 1228/2060/2548 1247/2072/2567 1248/2073/2568 1246/2061/2566
f 1247/2072/2567 1249/2088/2569 1248/2073/2568
f 1250/2105/2570 1251/2123/2571 1252/2124/2572 1253/2106/2573
f 1251/2123/2571 1254/2139/2574 1252/2124/2572
f 1235/2114/2555 1234/2098/2554 1255/2096/2575 1256/2113/2576 1257/2133/2577
f 1255/2096/2575 1258/2095/2578 1256/2113/2576
f 1259/2042/2579 1242/2044/2562 1241/2032/2561
f 1241/2032/2561 1243/2031/2563 1260/2041/2580 1259/2042/2579
f 1261/2051/2581 1244/2038/2564 1245/2050/2565 1262/2062/2582
f 1245/2050/2565 1246/2061/2566 1263/2074/2583 1262/2062/2582
f 1246/2061/2566 1248/2073/2568 1264/2089/2584 1263/2074/2583
f 1248/2073/2568 1249/2088/2569 1265/2107/2585 1264/2089/2584
f 1253/2106/2573 1252/2124/2572 1266/2140/2586 1267/2125/2587
f 1252/2124/2572 1254/2139/2574 1268/2156/2588 1266/2140/2586
f 1257/2133/2577 1256/2113/2576 1269/2132/2589 1270/2148/2590
f 1271/2131/2591 1272/2112/2592 1273/2120/2593
f 1274/2082/2594 1275/2055/2595 1276/2068/2596 1277/2083/2597
f 1275/2055/2595 1278/2054/2598 1279/2067/2599 1276/2068/2596
f 1280/2075/2600 1281/2063/2601 1261/2051/2581 1262/2062/2582
f 1262/2062/2582 1263/2074/2583 1282/2090/2602 1283/2091/2603 1280/2075/2600
f 1263/2074/2583 1264/2089/2584 1284/2108/2604 1282/2090/2602
f 1264/2089/2584 1265/2107/2585 1285/2126/2605 1284/2108/2604
f 1267/2125/2587 1266/2140/2586 1286/2157/2606 1287/2141/2607
f 1270/2148/2590 1269/2132/2589 1288/2147/2608 1289/2163/2609
f 1290/2138/2610 1271/2131/2591 1273/2120/2593 1291/2103/2611 1292/2119/2612
f 1291/2103/2611 1293/2102/2613 1292/2119/2612
f 1276/2068/2596 1279/2067/2599 1294/2080/2614 1295/2081/2615
f 1296/2093/2616 1297/2076/2617 1298/2092/2618 1299/2110/2619
f 1300/2109/2620 1283/2091/2603 1282/2090/2602
f 1282/2090/2602 1284/2108/2604 1301/2127/2621 1300/2109/2620
f 1284/2108/2604 1285/2126/2605 1302/2142/2622 1303/2143/2623 1301/2127/2621
f 1287/2141/2607 1286/2157/2606 1304/2167/2624 1305/2158/2625
f 1306/2166/2626 1307/2152/2627 1308/2153/2628
f 1307/2152/2627 1290/2138/2610 1292/2119/2612 1309/2137/2629 1308/2153/2628
f 1292/2119/2612 1293/2102/2613 1310/2118/2630 1309/2137/2629
f 1295/2081/2615 1294/2080/2614 1311/2100/2631 1312/2101/2632
f 1313/2111/2633 1296/2093/2616 1299/2110/2619 1314/2129/2634
f 1299/2110/2619 1315/2128/2635 1316/2145/2636 1314/2129/2634
f 1315/2128/2635 1317/2144/2637 1318/2160/2638 1316/2145/2636
f 1319/2159/2639 1303/2143/2623 1302/2142/2622
f 1320/2172/2640 1306/2166/2626 1308/2153/2628 1321/2165/2641
f 1308/2153/2628 1309/2137/2629 1322/2151/2642 1321/2165/2641
f 1309/2137/2629 1310/2118/2630 1323/2117/2643 1324/2136/2644 1322/2151/2642
f 1323/2117/2643 1325/2116/2645 1324/2136/2644
f 1326/2130/2646 1313/2111/2633 1314/2129/2634 1327/2146/2647
f 1314/2129/2634 1316/2145/2636 1328/2161/2648 1327/2146/2647
f 1316/2145/2636 1318/2160/2638 1329/2169/2649 1328/2161/2648
f 1330/2174/2650 1320/2172/2640 1321/2165/2641 1331/2171/2651
f 1321/2165/2641 1322/2151/2642 1332/2164/2652 1331/2171/2651
f 1322/2151/2642 1324/2136/2644 1333/2149/2653 1332/2164/2652
f 1324/2136/2644 1325/2116/2645 1334/2134/2654 1333/2149/2653
f 1335/2135/2655 1326/2130/2646 1327/2146/2647 1336/2162/2656 1337/2150/2657
f 1239/2066/2559 1338/2079/2658 1236/2065/2556
f 1255/2096/2575 1234/2098/2554 1339/2078/2659
f 1340/2094/2660 1341/2077/2661 1274/2082/2662
f 1291/2103/2611 1273/2120/2593 1277/2083/2597
f 1277/2083/2597 1276/2068/2596 1295/2081/2615 1293/2102/2613 1291/2103/2611
f 1310/2118/2630 1293/2102/2613 1295/2081/2615 1312/2101/2632
f 1323/2117/2643 1310/2118/2630 1312/2101/2632
f 1312/2101/2632 1311/2100/2631 1342/2115/2663 1325/2116/2645 1323/2117/2643
f 1334/2134/2654 1335/2135/2655 1337/2150/2657
f 1334/2134/2654 1325/2116/2645 1342/2115/2663 1335/2135/2655
f 1342/2115/2663 1326/2130/2646 1335/2135/2655
f 1311/2100/2631 1313/2111/2633 1326/2130/2646 1342/2115/2663
f 1294/2080/2614 1296/2093/2616 1313/2111/2633 1311/2100/2631
f 1279/2067/2599 1297/2076/2617 1296/2093/2616 1294/2080/2614
f 1281/2063/2601 1343/2052/2664 1261/2051/2581
f 1243/2031/2563 1244/2038/2564 1261/2051/2581 1343/2052/2664 1260/2041/2580
f 1220/2024/2540 1221/2030/2541 1244/2038/2564 1243/2031/2563
f 1204/2018/2524 1206/2022/2526 1222/2029/2542 1221/2030/2541 1220/2024/2540
f 1344/2028/2665 1211/2034/2531 1345/2035/2666
f 1207/2027/2527 1211/2034/2531 1344/2028/2665
f 1209/2046/2529 1208/2045/2528 1346/2057/2667
f 1346/2057/2667 1213/2069/2533 1216/2070/2536 1212/2058/2532 1209/2046/2529
f 1228/2060/2548 1227/2059/2547 1347/2071/2668
f 1247/2072/2567 1228/2060/2548 1347/2071/2668 1348/2087/2669
f 1348/2087/2669 1250/2105/2570 1253/2106/2573 1249/2088/2569 1247/2072/2567
f 1265/2107/2585 1249/2088/2569 1253/2106/2573 1267/2125/2587
f 1285/2126/2605 1265/2107/2585 1267/2125/2587 1287/2141/2607
f 1302/2142/2622 1285/2126/2605 1287/2141/2607 1305/2158/2625
f 1319/2159/2639 1302/2142/2622 1305/2158/2625
f 1317/2144/2637 1303/2143/2623 1319/2159/2639 1349/2168/2670 1318/2160/2638
f 1301/2127/2621 1303/2143/2623 1317/2144/2637
f 1300/2109/2620 1301/2127/2621 1317/2144/2637 1315/2128/2635
f 1298/2092/2618 1283/2091/2603 1300/2109/2620 1315/2128/2635 1299/2110/2619
f 1280/2075/2600 1283/2091/2603 1298/2092/2618
f 1297/2076/2617 1281/2063/2601 1280/2075/2600 1298/2092/2618
f 1278/2054/2598 1343/2052/2664 1281/2063/2601 1297/2076/2617 1279/2067/2599
f 1260/2041/2580 1343/2052/2664 1278/2054/2598
f 1259/2042/2579 1260/2041/2580 1278/2054/2598 1275/2055/2595
f 1350/2056/2671 1240/2043/2560 1242/2044/2562
f 1239/2066/2559 1238/2053/2558 1351/2064/2672 1339/2078/2659
f 1352/2097/2673 1338/2079/2658 1239/2066/2559 1339/2078/2659 1234/2098/2554 1233/2099/2553
f 1353/2173/2674 1320/2172/2640 1330/2174/2650
f 1354/2170/2675 1306/2166/2626 1320/2172/2640 1353/2173/2674
f 1289/2163/2609 1288/2147/2608 1307/2152/2627 1306/2166/2626 1354/2170/2675
f 1288/2147/2608 1290/2138/2610 1307/2152/2627
f 1269/2132/2589 1271/2131/2591 1290/2138/2610 1288/2147/2608
f 1256/2113/2576 1258/2095/2578 1272/2112/2592 1271/2131/2591 1269/2132/2589
f 1340/2094/2660 1272/2112/2592 1258/2095/2578
f 1339/2078/2659 1351/2064/2672 1341/2077/2661 1340/2094/2660 1258/2095/2578 1255/2096/2575
f 1351/2064/2672 1350/2056/2671 1341/2077/2661
f 1238/2053/2558 1240/2043/2560 1350/2056/2671 1351/2064/2672
f 1237/2040/2557 1217/2033/2537 1240/2043/2560 1238/2053/2558
f 1355/2039/2676 1356/2026/2677 1218/2023/2538 1217/2033/2537 1237/2040/2557
f 1356/2026/2677 1205/2019/2525 1218/2023/2538
f 1202/2016/2522 1205/2019/2525 1356/2026/2677
f 1357/2020/2678 1358/2021/2679 1203/2017/2523 1202/2016/2522
f 1358/2021/2679 1207/2027/2527 1344/2028/2665 1206/2022/2526 1203/2017/2523
f 1222/2029/2542 1206/2022/2526 1344/2028/2665 1345/2035/2666
f 1223/2036/2543 1222/2029/2542 1345/2035/2666
f 1345/2035/2666 1211/2034/2531 1210/2047/2530 1225/2048/2545 1223/2036/2543
f 1210/2047/2530 1212/2058/2532 1227/2059/2547 1225/2048/2545
f 1347/2071/2668 1227/2059/2547 1212/2058/2532 1216/2070/2536 1230/2086/2550
f 1348/2087/2669 1347/2071/2668 1230/2086/2550
f 1230/2086/2550 1229/2104/2549 1250/2105/2570 1348/2087/2669
f 1229/2104/2549 1232/2122/2552 1251/2123/2571 1250/2105/2570
f 1232/2122/2552 1359/2154/2680 1360/2155/2681 1254/2139/2574 1251/2123/2571
f 1268/2156/2588 1254/2139/2574 1360/2155/2681
s 158
f 1190/2175/2682 1189/2176/2683 1051/2177/2684 1191/2178/2685
f 1191/2178/2685 1051/2177/2684 1192/2183/2686
f 1045/2192/2687 1153/2203/2688 1053/2213/2689 1155/2214/2690 1154/2215/2691
f 1155/2214/2690 1053/2213/2689 1156/2228/2692
f 1047/2243/2693 1054/2242/2694 1055/2263/2695 1048/2264/2696
f 1187/2186/2697 1060/2181/2698 1188/2180/2699
f 1188/2180/2699 1060/2181/2698 1061/2182/2700 1051/2177/2684 1189/2176/2683
f 1151/2189/2701 1062/2200/2702 1194/2201/2703 1193/2190/2704
f 1194/2201/2703 1062/2200/2702 1063/2211/2705 1195/2212/2706
f 1195/2212/2706 1063/2211/2705 1157/2226/2707 1196/2227/2708
f 1054/2242/2694 1064/2262/2709 1065/2280/2710 1055/2263/2695
f 1055/2263/2695 1065/2280/2710 1066/2296/2711 1056/2297/2712
f 1133/2245/2713 1068/2265/2714 1134/2246/2715
f 1058/2216/2716 1175/2217/2717 1174/2204/2718 1059/2194/2719
f 1186/2195/2720 1173/2196/2721 1071/2187/2722 1060/2181/2698 1187/2186/2697
f 1060/2181/2698 1071/2187/2722 1072/2188/2723 1061/2182/2700
f 1150/2199/2724 1073/2210/2725 1062/2200/2702 1151/2189/2701
f 1062/2200/2702 1073/2210/2725 1074/2225/2726 1063/2211/2705
f 1063/2211/2705 1074/2225/2726 1075/2239/2727 1158/2240/2728 1157/2226/2707
f 1158/2240/2728 1075/2239/2727 1159/2260/2729
f 1199/2279/2730 1076/2278/2731 1077/2294/2732 1200/2295/2733
f 1200/2295/2733 1077/2294/2732 1201/2312/2734
f 1068/2265/2714 1079/2281/2735 1080/2266/2736 1135/2247/2737 1134/2246/2715
f 1135/2247/2737 1080/2266/2736 1136/2248/2738
f 1172/2197/2739 1071/2187/2722 1173/2196/2721
f 1071/2187/2722 1172/2197/2739 1171/2198/2740 1072/2188/2723
f 1149/2209/2741 1084/2224/2742 1073/2210/2725 1150/2199/2724
f 1073/2210/2725 1084/2224/2742 1085/2238/2743 1074/2225/2726
f 1074/2225/2726 1085/2238/2743 1086/2259/2744 1075/2239/2727
f 1075/2239/2727 1086/2259/2744 1160/2277/2745 1159/2260/2729
f 1076/2278/2731 1087/2293/2746 1088/2311/2747 1077/2294/2732
f 1077/2294/2732 1088/2311/2747 1089/2323/2748 1201/2312/2734
f 1079/2281/2735 1090/2298/2749 1091/2282/2750 1080/2266/2736
f 1181/2267/2751 1137/2249/2752 1182/2250/2753
f 1081/2220/2754 1092/2233/2755 1093/2221/2756 1082/2206/2757
f 1082/2206/2757 1093/2221/2756 1094/2222/2758 1083/2207/2759
f 1168/2237/2760 1084/2224/2742 1149/2209/2741 1169/2223/2761
f 1084/2224/2742 1168/2237/2760 1167/2257/2762 1096/2258/2763 1085/2238/2743
f 1085/2238/2743 1096/2258/2763 1097/2276/2764 1086/2259/2744
f 1086/2259/2744 1097/2276/2764 1161/2292/2765 1160/2277/2745
f 1087/2293/2746 1098/2310/2766 1099/2322/2767 1088/2311/2747
f 1090/2298/2749 1100/2313/2768 1101/2299/2769 1091/2282/2750
f 1180/2283/2770 1102/2268/2771 1138/2251/2772 1137/2249/2752 1181/2267/2751
f 1138/2251/2772 1102/2268/2771 1139/2252/2773
f 1093/2221/2756 1103/2234/2774 1104/2235/2775 1094/2222/2758
f 1147/2255/2776 1105/2274/2777 1095/2256/2778 1148/2236/2779
f 1166/2275/2780 1096/2258/2763 1167/2257/2762
f 1096/2258/2763 1166/2275/2780 1165/2291/2781 1097/2276/2764
f 1097/2276/2764 1165/2291/2781 1164/2308/2782 1162/2309/2783 1161/2292/2765
f 1098/2310/2766 1108/2321/2784 1109/2331/2785 1099/2322/2767
f 1178/2314/2786 1111/2301/2787 1179/2300/2788
f 1179/2300/2788 1111/2301/2787 1112/2284/2789 1102/2268/2771 1180/2283/2770
f 1102/2268/2771 1112/2284/2789 1140/2269/2790 1139/2252/2773
f 1103/2234/2774 1113/2253/2791 1114/2254/2792 1104/2235/2775
f 1146/2273/2793 1115/2289/2794 1105/2274/2777 1147/2255/2776
f 1105/2274/2777 1115/2289/2794 1116/2306/2795 1106/2290/2796
f 1106/2290/2796 1116/2306/2795 1117/2319/2797 1107/2307/2798
f 1163/2320/2799 1162/2309/2783 1164/2308/2782
f 1177/2327/2800 1120/2315/2801 1111/2301/2787 1178/2314/2786
f 1111/2301/2787 1120/2315/2801 1121/2302/2802 1112/2284/2789
f 1112/2284/2789 1121/2302/2802 1122/2285/2803 1141/2270/2804 1140/2269/2790
f 1141/2270/2804 1122/2285/2803 1142/2271/2805
f 1145/2288/2806 1124/2305/2807 1115/2289/2794 1146/2273/2793
f 1115/2289/2794 1124/2305/2807 1125/2318/2808 1116/2306/2795
f 1116/2306/2795 1125/2318/2808 1126/2329/2809 1117/2319/2797
f 1127/2333/2810 1128/2328/2811 1120/2315/2801 1177/2327/2800
f 1120/2315/2801 1128/2328/2811 1129/2316/2812 1121/2302/2802
f 1121/2302/2802 1129/2316/2812 1130/2303/2813 1122/2285/2803
f 1122/2285/2803 1130/2303/2813 1143/2286/2814 1142/2271/2805
f 1144/2287/2815 1131/2304/2816 1132/2317/2817 1124/2305/2807 1145/2288/2806
f 1175/2217/2717 1058/2216/2716 1176/2230/2818
f 1135/2247/2737 1069/2231/2819 1134/2246/2715
f 1183/2232/2820 1081/2220/2754 1184/2219/2821
f 1137/2249/2752 1092/2233/2755 1081/2220/2754 1183/2232/2820 1182/2250/2753
f 1138/2251/2772 1092/2233/2755 1137/2249/2752
f 1092/2233/2755 1138/2251/2772 1139/2252/2773 1103/2234/2774 1093/2221/2756
f 1140/2269/2790 1113/2253/2791 1103/2234/2774 1139/2252/2773
f 1141/2270/2804 1113/2253/2791 1140/2269/2790
f 1113/2253/2791 1141/2270/2804 1142/2271/2805 1123/2272/2822 1114/2254/2792
f 1143/2286/2814 1131/2304/2816 1144/2287/2815
f 1143/2286/2814 1144/2287/2815 1123/2272/2822 1142/2271/2805
f 1123/2272/2822 1144/2287/2815 1145/2288/2806
f 1114/2254/2792 1123/2272/2822 1145/2288/2806 1146/2273/2793
f 1104/2235/2775 1114/2254/2792 1146/2273/2793 1147/2255/2776
f 1094/2222/2758 1104/2235/2775 1147/2255/2776 1148/2236/2779
f 1169/2223/2761 1149/2209/2741 1170/2208/2823
f 1072/2188/2723 1171/2198/2740 1170/2208/2823 1149/2209/2741 1150/2199/2724
f 1061/2182/2700 1072/2188/2723 1150/2199/2724 1151/2189/2701
f 1051/2177/2684 1061/2182/2700 1151/2189/2701 1193/2190/2704 1192/2183/2686
f 1052/2191/2824 1152/2202/2825 1153/2203/2688
f 1045/2192/2687 1052/2191/2824 1153/2203/2688
f 1155/2214/2690 1046/2229/2826 1154/2215/2691
f 1046/2229/2826 1155/2214/2690 1156/2228/2692 1054/2242/2694 1047/2243/2693
f 1157/2226/2707 1197/2241/2827 1196/2227/2708
f 1158/2240/2728 1198/2261/2828 1197/2241/2827 1157/2226/2707
f 1198/2261/2828 1158/2240/2728 1159/2260/2729 1076/2278/2731 1199/2279/2730
f 1160/2277/2745 1087/2293/2746 1076/2278/2731 1159/2260/2729
f 1161/2292/2765 1098/2310/2766 1087/2293/2746 1160/2277/2745
f 1162/2309/2783 1108/2321/2784 1098/2310/2766 1161/2292/2765
f 1163/2320/2799 1108/2321/2784 1162/2309/2783
f 1107/2307/2798 1117/2319/2797 1118/2330/2829 1163/2320/2799 1164/2308/2782
f 1165/2291/2781 1107/2307/2798 1164/2308/2782
f 1166/2275/2780 1106/2290/2796 1107/2307/2798 1165/2291/2781
f 1095/2256/2778 1105/2274/2777 1106/2290/2796 1166/2275/2780 1167/2257/2762
f 1168/2237/2760 1095/2256/2778 1167/2257/2762
f 1148/2236/2779 1095/2256/2778 1168/2237/2760 1169/2223/2761
f 1083/2207/2759 1094/2222/2758 1148/2236/2779 1169/2223/2761 1170/2208/2823
f 1171/2198/2740 1083/2207/2759 1170/2208/2823
f 1172/2197/2739 1082/2206/2757 1083/2207/2759 1171/2198/2740
f 1184/2219/2821 1081/2220/2754 1082/2206/2757 1172/2197/2739 1173/2196/2721 1185/2205/2830
f 1185/2205/2830 1173/2196/2721 1186/2195/2720
f 1175/2217/2717 1069/2231/2819 1070/2218/2831 1174/2204/2718
f 1057/2244/2832 1133/2245/2713 1134/2246/2715 1069/2231/2819 1175/2217/2717 1176/2230/2818
f 1119/2332/2833 1127/2333/2810 1177/2327/2800
f 1110/2326/2834 1119/2332/2833 1177/2327/2800 1178/2314/2786
f 1100/2313/2768 1110/2326/2834 1178/2314/2786 1179/2300/2788 1101/2299/2769
f 1101/2299/2769 1179/2300/2788 1180/2283/2770
f 1091/2282/2750 1101/2299/2769 1180/2283/2770 1181/2267/2751
f 1080/2266/2736 1091/2282/2750 1181/2267/2751 1182/2250/2753 1136/2248/2738
f 1183/2232/2820 1136/2248/2738 1182/2250/2753
f 1069/2231/2819 1135/2247/2737 1136/2248/2738 1183/2232/2820 1184/2219/2821 1070/2218/2831
f 1070/2218/2831 1184/2219/2821 1185/2205/2830
f 1174/2204/2718 1070/2218/2831 1185/2205/2830 1186/2195/2720
f 1059/2194/2719 1174/2204/2718 1186/2195/2720 1187/2186/2697
f 1049/2193/2835 1059/2194/2719 1187/2186/2697 1188/2180/2699 1050/2179/2836
f 1050/2179/2836 1188/2180/2699 1189/2176/2683
f 1190/2175/2682 1050/2179/2836 1189/2176/2683
f 1043/2184/2837 1190/2175/2682 1191/2178/2685 1044/2185/2838
f 1044/2185/2838 1191/2178/2685 1192/2183/2686 1052/2191/2824 1045/2192/2687
f 1193/2190/2704 1152/2202/2825 1052/2191/2824 1192/2183/2686
f 1194/2201/2703 1152/2202/2825 1193/2190/2704
f 1152/2202/2825 1194/2201/2703 1195/2212/2706 1053/2213/2689 1153/2203/2688
f 1053/2213/2689 1195/2212/2706 1196/2227/2708 1156/2228/2692
f 1197/2241/2827 1064/2262/2709 1054/2242/2694 1156/2228/2692 1196/2227/2708
f 1198/2261/2828 1064/2262/2709 1197/2241/2827
f 1064/2262/2709 1198/2261/2828 1199/2279/2730 1065/2280/2710
f 1065/2280/2710 1199/2279/2730 1200/2295/2733 1066/2296/2711
f 1066/2296/2711 1200/2295/2733 1201/2312/2734 1078/2324/2839 1067/2325/2840
f 1089/2323/2748 1078/2324/2839 1201/2312/2734
s off
f 1045/1/2841 1154/2/2842 1208/3/2843 1207/4/2844
f 1047/5/2845 1048/6/2846 1214/7/2847 1213/8/2848
f 1048/6/2849 1055/9/2850 1215/10/2851 1214/7/2852
f 1055/9/2853 1056/11/2854 1231/12/2855 1215/10/2856
f 1056/11/2857 1066/13/2858 1232/14/2859 1231/12/2860
f 1068/15/2861 1133/16/2862 1233/17/2863 1235/18/2864
f 1058/19/2865 1059/20/2866 1237/21/2867 1236/22/2868
f 1079/23/2869 1068/15/2870 1235/18/2871 1257/24/2872
f 1089/25/2873 1088/26/2874 1266/27/2875 1268/28/2876
f 1090/29/2877 1079/23/2878 1257/24/2879 1270/30/2880
f 1088/26/2881 1099/31/2882 1286/32/2883 1266/27/2884
f 1100/33/2885 1090/29/2886 1270/30/2887 1289/34/2888
f 1099/31/2889 1109/35/2890 1304/36/2891 1286/32/2892
f 1109/35/2893 1108/37/2894 1305/38/2895 1304/36/2896
f 1125/39/2897 1124/40/2898 1327/41/2899 1328/42/2900
f 1117/43/2901 1126/44/2902 1329/45/2903 1318/46/2904
f 1126/44/2905 1125/39/2906 1328/42/2907 1329/45/2908
f 1128/47/2909 1127/48/2910 1330/49/2911 1331/50/2912
f 1129/51/2913 1128/47/2914 1331/50/2915 1332/52/2916
f 1130/53/2917 1129/51/2918 1332/52/2919 1333/54/2920
f 1143/55/2921 1130/53/2922 1333/54/2923 1334/56/2924
f 1124/40/2925 1132/57/2926 1336/58/2927 1327/41/2928
f 1132/57/2929 1131/59/2930 1337/60/2931 1336/58/2932
f 1176/61/2933 1058/19/2934 1236/22/2935 1338/62/2936
f 1131/59/2937 1143/55/2938 1334/56/2939 1337/60/2940
f 1154/2/2941 1046/63/2942 1346/64/2943 1208/3/2944
f 1046/63/2945 1047/5/2946 1213/8/2947 1346/64/2948
f 1108/37/2949 1163/65/2950 1319/66/2951 1305/38/2952
f 1163/65/2953 1118/67/2954 1349/68/2955 1319/66/2956
f 1118/67/2957 1117/43/2958 1318/46/2959 1349/68/2960
f 1057/69/2961 1176/61/2962 1338/62/2963 1352/70/2964
f 1133/16/2965 1057/69/2966 1352/70/2967 1233/17/2968
f 1127/48/2969 1119/71/2970 1353/72/2971 1330/49/2972
f 1119/71/2973 1110/73/2974 1354/74/2975 1353/72/2976
f 1110/73/2977 1100/33/2978 1289/34/2979 1354/74/2980
f 1049/75/2981 1050/76/2982 1356/77/2983 1355/78/2984
f 1059/20/2985 1049/75/2986 1355/78/2987 1237/21/2988
f 1050/76/2989 1190/79/2990 1202/80/2991 1356/77/2992
f 1043/81/2993 1044/82/2994 1358/83/2995 1357/84/2996
f 1190/79/2997 1043/81/2998 1357/84/2999 1202/80/3000
f 1044/82/3001 1045/1/3002 1207/4/3003 1358/83/3004
f 1066/13/3005 1067/85/3006 1359/86/3007 1232/14/3008
f 1067/85/3009 1078/87/3010 1360/88/3011 1359/86/3012
f 1078/87/3013 1089/25/3014 1268/28/3015 1360/88/3016
f 1242/639/3017 1259/635/3018 1418/638/3019 1399/640/3020
f 1273/645/3021 1272/641/3022 1432/644/3023 1431/646/3024
f 1274/625/3025 1277/626/3026 1434/627/3027 1433/628/3028
f 1275/2788/3029 1274/2789/3030 1433/2790/3031 1436/2791/3032
f 1340/2792/3033 1274/2793/3034 1433/2794/3035 1499/2795/3036
s 167
f 1274/629/3037 1341/630/3038 1500/631/3039 1433/632/3040
s off
f 1277/2796/3041 1273/2797/3042 1431/2798/3043 1434/2799/3044
f 1259/635/3045 1275/636/3046 1436/637/3047 1418/638/3048
f 1350/2800/3049 1242/2801/3050 1399/2802/3051 1509/2803/3052
f 1272/641/3053 1340/642/3054 1499/643/3055 1432/644/3056
s 167
f 1341/630/3038 1350/633/3057 1509/634/3058 1500/631/3039
